ISO-10303-21;
HEADER;
FILE_DESCRIPTION (( 'STEP AP214' ),
    '1' );
FILE_NAME ('Base Plate.STEP',
    '2026-04-30T16:20:53',
    ( '' ),
    ( '' ),
    'SwSTEP 2.0',
    'SolidWorks 2022',
    '' );
FILE_SCHEMA (( 'AUTOMOTIVE_DESIGN' ));
ENDSEC;

DATA;
#1 = CARTESIAN_POINT ( 'NONE',  ( -10.86907470772098705, 4.500000000000000888, 57.87608041695239081 ) ) ;
#2 = EDGE_CURVE ( 'NONE', #1076, #159, #1081, .T. ) ;
#3 = DIRECTION ( 'NONE',  ( -0.000000000000000000, -1.000000000000000000, -0.000000000000000000 ) ) ;
#4 = DIRECTION ( 'NONE',  ( -0.000000000000000000, -1.000000000000000000, -0.000000000000000000 ) ) ;
#5 = ADVANCED_FACE ( 'NONE', ( #12 ), #484, .F. ) ;
#6 = DIRECTION ( 'NONE',  ( -0.000000000000000000, -1.000000000000000000, -0.000000000000000000 ) ) ;
#7 = ORIENTED_EDGE ( 'NONE', *, *, #575, .F. ) ;
#8 = DIRECTION ( 'NONE',  ( 0.000000000000000000, 0.000000000000000000, 1.000000000000000000 ) ) ;
#9 = ORIENTED_EDGE ( 'NONE', *, *, #337, .T. ) ;
#10 =( NAMED_UNIT ( * ) SI_UNIT ( $, .STERADIAN. ) SOLID_ANGLE_UNIT ( ) );
#11 = CARTESIAN_POINT ( 'NONE',  ( -15.57427385868438563, 4.500000000000000888, 56.87608041695239081 ) ) ;
#12 = FACE_OUTER_BOUND ( 'NONE', #857, .T. ) ;
#13 = CARTESIAN_POINT ( 'NONE',  ( -15.57427385868438563, 4.500000000000000888, 56.87608041695239081 ) ) ;
#14 = ORIENTED_EDGE ( 'NONE', *, *, #1468, .F. ) ;
#15 = EDGE_CURVE ( 'NONE', #614, #1543, #229, .T. ) ;
#16 = CARTESIAN_POINT ( 'NONE',  ( 16.13092529227900229, 4.500000000000000888, 27.67608041695238441 ) ) ;
#17 = EDGE_LOOP ( 'NONE', ( #1252, #1135, #1558, #1104 ) ) ;
#18 = APPLICATION_PROTOCOL_DEFINITION ( 'draft international standard', 'automotive_design', 1998, #415 ) ;
#19 = AXIS2_PLACEMENT_3D ( 'NONE', #823, #860, #234 ) ;
#20 = DIRECTION ( 'NONE',  ( -1.261435711112880913E-16, -0.000000000000000000, -1.000000000000000000 ) ) ;
#21 = AXIS2_PLACEMENT_3D ( 'NONE', #361, #986, #244 ) ;
#22 = FACE_BOUND ( 'NONE', #639, .T. ) ;
#23 = CIRCLE ( 'NONE', #936, 10.99999999999999289 ) ;
#24 = PRESENTATION_LAYER_ASSIGNMENT (  '', '', ( #177 ) ) ;
#25 = VECTOR ( 'NONE', #79, 1000.000000000000000 ) ;
#26 = CARTESIAN_POINT ( 'NONE',  ( 11.63092529227899696, -1.500000000000000000, -55.00548546092866076 ) ) ;
#27 = ORIENTED_EDGE ( 'NONE', *, *, #1359, .F. ) ;
#28 = ADVANCED_FACE ( 'NONE', ( #1451 ), #1232, .F. ) ;
#29 = EDGE_CURVE ( 'NONE', #62, #143, #1576, .T. ) ;
#30 = FACE_OUTER_BOUND ( 'NONE', #791, .T. ) ;
#31 = ORIENTED_EDGE ( 'NONE', *, *, #2, .F. ) ;
#32 = CYLINDRICAL_SURFACE ( 'NONE', #1220, 4.000000000000000888 ) ;
#33 = CARTESIAN_POINT ( 'NONE',  ( 35.13092529227901650, 4.500000000000000888, 26.03456553773649773 ) ) ;
#34 = VERTEX_POINT ( 'NONE', #846 ) ;
#35 = DIRECTION ( 'NONE',  ( -0.000000000000000000, -1.000000000000000000, -0.000000000000000000 ) ) ;
#36 = ORIENTED_EDGE ( 'NONE', *, *, #980, .F. ) ;
#37 = CYLINDRICAL_SURFACE ( 'NONE', #1242, 3.000000000000002665 ) ;
#38 = ORIENTED_EDGE ( 'NONE', *, *, #1426, .T. ) ;
#39 = CARTESIAN_POINT ( 'NONE',  ( -40.35477980328512615, 4.500000000000000888, 29.09133160484974923 ) ) ;
#40 = VERTEX_POINT ( 'NONE', #141 ) ;
#41 = EDGE_CURVE ( 'NONE', #418, #688, #977, .T. ) ;
#42 = CARTESIAN_POINT ( 'NONE',  ( 27.35714654708508320, -1.500000000000000000, -2.251168494396869946 ) ) ;
#43 = PRESENTATION_LAYER_ASSIGNMENT (  '', '', ( #1315 ) ) ;
#44 = CIRCLE ( 'NONE', #21, 4.000000000000000888 ) ;
#45 = ADVANCED_FACE ( 'NONE', ( #1567 ), #465, .F. ) ;
#46 = AXIS2_PLACEMENT_3D ( 'NONE', #16, #262, #871 ) ;
#47 = CARTESIAN_POINT ( 'NONE',  ( 16.13092529227900584, 4.500000000000000888, 44.67608041695238086 ) ) ;
#48 = ORIENTED_EDGE ( 'NONE', *, *, #1295, .T. ) ;
#49 = CIRCLE ( 'NONE', #295, 2.999999999999997335 ) ;
#50 = AXIS2_PLACEMENT_3D ( 'NONE', #917, #663, #828 ) ;
#51 = CIRCLE ( 'NONE', #939, 11.00000000000000000 ) ;
#52 = CARTESIAN_POINT ( 'NONE',  ( 13.13092529227901295, 4.500000000000000888, 54.87608041695239081 ) ) ;
#53 = EDGE_LOOP ( 'NONE', ( #1293, #1401, #210, #839 ) ) ;
#54 = DIRECTION ( 'NONE',  ( -0.000000000000000000, -1.000000000000000000, -0.000000000000000000 ) ) ;
#55 = ADVANCED_FACE ( 'NONE', ( #953 ), #1438, .F. ) ;
#56 = ORIENTED_EDGE ( 'NONE', *, *, #460, .T. ) ;
#57 = EDGE_CURVE ( 'NONE', #1076, #183, #1286, .T. ) ;
#58 = CARTESIAN_POINT ( 'NONE',  ( 24.44143409434096981, 4.500000000000000888, 5.160853492693973976 ) ) ;
#59 = VERTEX_POINT ( 'NONE', #1214 ) ;
#60 = CARTESIAN_POINT ( 'NONE',  ( -10.86907470772098705, 4.500000000000000888, 54.87608041695239081 ) ) ;
#61 = CARTESIAN_POINT ( 'NONE',  ( 25.55092529227901110, 4.500000000000000888, 1.317804015820430497 ) ) ;
#62 = VERTEX_POINT ( 'NONE', #1106 ) ;
#63 = ADVANCED_FACE ( 'NONE', ( #1342, #496, #252, #1091, #984, #135, #969, #387, #1361, #22 ), #881, .T. ) ;
#64 = DIRECTION ( 'NONE',  ( 0.000000000000000000, 0.000000000000000000, 1.000000000000000000 ) ) ;
#65 = EDGE_LOOP ( 'NONE', ( #215, #546, #83, #922 ) ) ;
#66 = DIRECTION ( 'NONE',  ( -0.000000000000000000, -1.000000000000000000, -0.000000000000000000 ) ) ;
#67 = CARTESIAN_POINT ( 'NONE',  ( 13.13092529227901295, -1.500000000000000000, 54.87608041695239081 ) ) ;
#68 = ORIENTED_EDGE ( 'NONE', *, *, #309, .F. ) ;
#69 = AXIS2_PLACEMENT_3D ( 'NONE', #1284, #821, #804 ) ;
#70 = VECTOR ( 'NONE', #966, 1000.000000000000000 ) ;
#71 = FACE_BOUND ( 'NONE', #1485, .T. ) ;
#72 = AXIS2_PLACEMENT_3D ( 'NONE', #1397, #541, #456 ) ;
#73 = AXIS2_PLACEMENT_3D ( 'NONE', #107, #955, #909 ) ;
#74 = ADVANCED_FACE ( 'NONE', ( #1240 ), #626, .F. ) ;
#75 = VECTOR ( 'NONE', #332, 1000.000000000000000 ) ;
#76 = FACE_OUTER_BOUND ( 'NONE', #533, .T. ) ;
#77 = ORIENTED_EDGE ( 'NONE', *, *, #768, .T. ) ;
#78 = DIRECTION ( 'NONE',  ( 0.000000000000000000, 0.000000000000000000, 1.000000000000000000 ) ) ;
#79 = DIRECTION ( 'NONE',  ( -0.000000000000000000, -1.000000000000000000, -0.000000000000000000 ) ) ;
#80 = CARTESIAN_POINT ( 'NONE',  ( 17.63630103536228688, -1.500000000000000000, 56.87608041695239081 ) ) ;
#81 = ORIENTED_EDGE ( 'NONE', *, *, #1582, .F. ) ;
#82 = LINE ( 'NONE', #562, #960 ) ;
#83 = ORIENTED_EDGE ( 'NONE', *, *, #41, .T. ) ;
#84 = DIRECTION ( 'NONE',  ( 0.000000000000000000, 0.000000000000000000, 1.000000000000000000 ) ) ;
#85 = EDGE_CURVE ( 'NONE', #965, #595, #578, .T. ) ;
#86 = CARTESIAN_POINT ( 'NONE',  ( -14.46547811456014010, 4.500000000000000888, -55.12391958304759498 ) ) ;
#87 = VERTEX_POINT ( 'NONE', #205 ) ;
#88 = DIRECTION ( 'NONE',  ( 0.000000000000000000, 0.000000000000000000, -1.000000000000000000 ) ) ;
#89 = CARTESIAN_POINT ( 'NONE',  ( -25.43188250024879693, 4.500000000000000888, 27.67608041695238441 ) ) ;
#90 = CARTESIAN_POINT ( 'NONE',  ( -25.86907470772099416, -1.500000000000000000, -13.22391958304761062 ) ) ;
#91 = ADVANCED_FACE ( 'NONE', ( #211 ), #553, .F. ) ;
#92 = DIRECTION ( 'NONE',  ( 0.000000000000000000, 1.000000000000000000, 0.000000000000000000 ) ) ;
#93 = ORIENTED_EDGE ( 'NONE', *, *, #1139, .F. ) ;
#94 = CARTESIAN_POINT ( 'NONE',  ( -15.31439487110415776, 4.500000000000000888, -16.22391958304761062 ) ) ;
#95 = AXIS2_PLACEMENT_3D ( 'NONE', #1274, #913, #78 ) ;
#96 = VECTOR ( 'NONE', #303, 1000.000000000000000 ) ;
#97 = VECTOR ( 'NONE', #1094, 1000.000000000000000 ) ;
#98 = CIRCLE ( 'NONE', #1014, 27.00000000000000355 ) ;
#99 = DIRECTION ( 'NONE',  ( -0.000000000000000000, -0.000000000000000000, 1.000000000000000000 ) ) ;
#100 = AXIS2_PLACEMENT_3D ( 'NONE', #338, #1340, #599 ) ;
#101 = ORIENTED_EDGE ( 'NONE', *, *, #729, .F. ) ;
#102 = CARTESIAN_POINT ( 'NONE',  ( -10.86907470772098705, 4.500000000000000888, 51.87608041695239081 ) ) ;
#103 = DIRECTION ( 'NONE',  ( -0.000000000000000000, -1.000000000000000000, -0.000000000000000000 ) ) ;
#104 = ORIENTED_EDGE ( 'NONE', *, *, #898, .T. ) ;
#105 = ADVANCED_FACE ( 'NONE', ( #1432 ), #334, .T. ) ;
#106 = CARTESIAN_POINT ( 'NONE',  ( -25.43188250024879693, 4.500000000000000888, 27.67608041695238441 ) ) ;
#107 = CARTESIAN_POINT ( 'NONE',  ( -10.86907470772098705, 4.500000000000000888, 54.87608041695239081 ) ) ;
#108 = EDGE_CURVE ( 'NONE', #362, #843, #576, .T. ) ;
#109 = CARTESIAN_POINT ( 'NONE',  ( -25.86907470772099416, 4.500000000000000888, -16.22391958304761062 ) ) ;
#110 = EDGE_LOOP ( 'NONE', ( #1111, #420, #1149, #364 ) ) ;
#111 = CARTESIAN_POINT ( 'NONE',  ( 24.44143409434096981, 4.500000000000000888, 5.160853492693973976 ) ) ;
#112 = VERTEX_POINT ( 'NONE', #700 ) ;
#113 = DIRECTION ( 'NONE',  ( 0.000000000000000000, 1.000000000000000000, 0.000000000000000000 ) ) ;
#114 = ORIENTED_EDGE ( 'NONE', *, *, #1480, .F. ) ;
#115 = EDGE_CURVE ( 'NONE', #1570, #889, #916, .T. ) ;
#116 = DIRECTION ( 'NONE',  ( -1.261435711112880913E-16, -0.000000000000000000, -1.000000000000000000 ) ) ;
#117 = EDGE_LOOP ( 'NONE', ( #1573, #36, #1309, #358 ) ) ;
#118 = CARTESIAN_POINT ( 'NONE',  ( 11.63092529227899696, 4.500000000000000888, -58.00548546092866786 ) ) ;
#119 = CARTESIAN_POINT ( 'NONE',  ( -25.86907470772099416, 4.500000000000000888, -13.22391958304761062 ) ) ;
#120 = CARTESIAN_POINT ( 'NONE',  ( 16.13092529227900229, 4.500000000000000888, 27.67608041695238441 ) ) ;
#121 = VERTEX_POINT ( 'NONE', #220 ) ;
#122 = CIRCLE ( 'NONE', #1090, 10.97275108865074245 ) ;
#123 = AXIS2_PLACEMENT_3D ( 'NONE', #240, #829, #956 ) ;
#124 = DIRECTION ( 'NONE',  ( 1.000000000000000000, 0.000000000000000000, -0.000000000000000000 ) ) ;
#125 = ORIENTED_EDGE ( 'NONE', *, *, #879, .T. ) ;
#126 = CIRCLE ( 'NONE', #1344, 5.999999999999994671 ) ;
#127 = VECTOR ( 'NONE', #284, 1000.000000000000000 ) ;
#128 = CARTESIAN_POINT ( 'NONE',  ( -16.65047860398489377, 4.500000000000000888, 27.67608041695238441 ) ) ;
#129 = ORIENTED_EDGE ( 'NONE', *, *, #1338, .T. ) ;
#130 = DIRECTION ( 'NONE',  ( 0.000000000000000000, 1.000000000000000000, 0.000000000000000000 ) ) ;
#131 = ORIENTED_EDGE ( 'NONE', *, *, #230, .T. ) ;
#132 = DIRECTION ( 'NONE',  ( 0.000000000000000000, 0.000000000000000000, 1.000000000000000000 ) ) ;
#133 = EDGE_CURVE ( 'NONE', #1031, #1478, #827, .T. ) ;
#134 = CARTESIAN_POINT ( 'NONE',  ( -41.29188250024878926, 4.500000000000000888, 25.87153799362128836 ) ) ;
#135 = FACE_BOUND ( 'NONE', #176, .T. ) ;
#136 = DIRECTION ( 'NONE',  ( -0.000000000000000000, -1.000000000000000000, -0.000000000000000000 ) ) ;
#137 = ORIENTED_EDGE ( 'NONE', *, *, #421, .T. ) ;
#138 = DIRECTION ( 'NONE',  ( -0.000000000000000000, -1.000000000000000000, -0.000000000000000000 ) ) ;
#139 = ORIENTED_EDGE ( 'NONE', *, *, #1329, .F. ) ;
#140 = LINE ( 'NONE', #991, #127 ) ;
#141 = CARTESIAN_POINT ( 'NONE',  ( 17.54792004802064298, 4.500000000000000888, -10.22391958304761417 ) ) ;
#142 = CARTESIAN_POINT ( 'NONE',  ( -15.31439487110415776, 4.500000000000000888, -16.22391958304761062 ) ) ;
#143 = VERTEX_POINT ( 'NONE', #1307 ) ;
#144 = DIRECTION ( 'NONE',  ( 0.000000000000000000, 0.000000000000000000, 1.000000000000000000 ) ) ;
#145 = ORIENTED_EDGE ( 'NONE', *, *, #154, .T. ) ;
#146 = VECTOR ( 'NONE', #354, 1000.000000000000000 ) ;
#147 = VECTOR ( 'NONE', #1281, 1000.000000000000000 ) ;
#148 = DIRECTION ( 'NONE',  ( -0.000000000000000000, -1.000000000000000000, -0.000000000000000000 ) ) ;
#149 = VECTOR ( 'NONE', #1110, 1000.000000000000000 ) ;
#150 = VECTOR ( 'NONE', #937, 1000.000000000000000 ) ;
#151 =( NAMED_UNIT ( * ) SI_UNIT ( $, .STERADIAN. ) SOLID_ANGLE_UNIT ( ) );
#152 = ORIENTED_EDGE ( 'NONE', *, *, #957, .F. ) ;
#153 = VECTOR ( 'NONE', #617, 1000.000000000000000 ) ;
#154 = EDGE_CURVE ( 'NONE', #671, #1084, #1367, .T. ) ;
#155 = CARTESIAN_POINT ( 'NONE',  ( -25.86907470772099416, 4.500000000000000888, -16.22391958304760706 ) ) ;
#156 = ORIENTED_EDGE ( 'NONE', *, *, #289, .T. ) ;
#157 = LINE ( 'NONE', #409, #250 ) ;
#158 = SURFACE_SIDE_STYLE ('',( #266 ) ) ;
#159 = VERTEX_POINT ( 'NONE', #1425 ) ;
#160 = EDGE_CURVE ( 'NONE', #1587, #595, #189, .T. ) ;
#161 = DIRECTION ( 'NONE',  ( 1.055752450943286467E-16, -0.000000000000000000, 1.000000000000000000 ) ) ;
#162 = VERTEX_POINT ( 'NONE', #1549 ) ;
#163 = CARTESIAN_POINT ( 'NONE',  ( 16.13092529227900229, -1.500000000000000000, 10.67608041695238263 ) ) ;
#164 = CARTESIAN_POINT ( 'NONE',  ( 28.13092529227900584, 4.500000000000000888, -16.22391958304761417 ) ) ;
#165 = ORIENTED_EDGE ( 'NONE', *, *, #1303, .F. ) ;
#166 = CARTESIAN_POINT ( 'NONE',  ( 28.13092529227900584, -1.500000000000000000, -13.22391958304761417 ) ) ;
#167 = ORIENTED_EDGE ( 'NONE', *, *, #1560, .F. ) ;
#168 = EDGE_CURVE ( 'NONE', #34, #492, #1178, .T. ) ;
#169 = CARTESIAN_POINT ( 'NONE',  ( -7.869074707720991491, 4.500000000000000888, 27.67608041695238441 ) ) ;
#170 = ADVANCED_FACE ( 'NONE', ( #327, #947, #923, #1040, #451, #71, #1559, #1301, #1294, #710 ), #940, .F. ) ;
#171 = VECTOR ( 'NONE', #1175, 1000.000000000000000 ) ;
#172 = VECTOR ( 'NONE', #6, 1000.000000000000000 ) ;
#173 = CIRCLE ( 'NONE', #962, 24.00000000000000355 ) ;
#174 = FACE_OUTER_BOUND ( 'NONE', #117, .T. ) ;
#175 = ORIENTED_EDGE ( 'NONE', *, *, #133, .F. ) ;
#176 = EDGE_LOOP ( 'NONE', ( #1407, #720 ) ) ;
#177 = STYLED_ITEM ( 'NONE', ( #1000 ), #408 ) ;
#178 = CARTESIAN_POINT ( 'NONE',  ( -41.29188250024878926, -1.500000000000000000, 25.87153799362128836 ) ) ;
#179 = ORIENTED_EDGE ( 'NONE', *, *, #1234, .T. ) ;
#180 = LINE ( 'NONE', #1049, #1522 ) ;
#181 = EDGE_CURVE ( 'NONE', #362, #143, #1032, .T. ) ;
#182 = LINE ( 'NONE', #1275, #657 ) ;
#183 = VERTEX_POINT ( 'NONE', #929 ) ;
#184 = CARTESIAN_POINT ( 'NONE',  ( -9.369074707721004813, -1.500000000000000000, -58.00548546092866786 ) ) ;
#185 = ORIENTED_EDGE ( 'NONE', *, *, #1385, .T. ) ;
#186 = CARTESIAN_POINT ( 'NONE',  ( -25.86907470772099416, 4.500000000000000888, -13.22391958304761062 ) ) ;
#187 = DIRECTION ( 'NONE',  ( 1.269138026879196405E-16, 0.000000000000000000, 1.000000000000000000 ) ) ;
#188 = EDGE_LOOP ( 'NONE', ( #360, #1052, #1263, #1164 ) ) ;
#189 = LINE ( 'NONE', #435, #523 ) ;
#190 = CARTESIAN_POINT ( 'NONE',  ( -14.46547811456014010, 4.500000000000000888, -55.12391958304759498 ) ) ;
#191 = ORIENTED_EDGE ( 'NONE', *, *, #847, .T. ) ;
#192 = PLANE ( 'NONE',  #1162 ) ;
#193 = CARTESIAN_POINT ( 'NONE',  ( 11.63092529227899696, -1.500000000000000000, -55.00548546092866076 ) ) ;
#194 = ORIENTED_EDGE ( 'NONE', *, *, #528, .T. ) ;
#195 = AXIS2_PLACEMENT_3D ( 'NONE', #734, #130, #231 ) ;
#196 = AXIS2_PLACEMENT_3D ( 'NONE', #511, #493, #8 ) ;
#197 = LINE ( 'NONE', #1399, #247 ) ;
#198 = AXIS2_PLACEMENT_3D ( 'NONE', #1282, #550, #819 ) ;
#199 = EDGE_CURVE ( 'NONE', #87, #1533, #197, .T. ) ;
#200 = ORIENTED_EDGE ( 'NONE', *, *, #1586, .T. ) ;
#201 = CARTESIAN_POINT ( 'NONE',  ( 13.13092529227901295, -1.500000000000000000, 51.87608041695239081 ) ) ;
#202 = DIRECTION ( 'NONE',  ( -0.000000000000000000, -1.000000000000000000, -0.000000000000000000 ) ) ;
#203 = CARTESIAN_POINT ( 'NONE',  ( -39.99714574997886274, 4.500000000000000888, -32.52549915119040946 ) ) ;
#204 = VERTEX_POINT ( 'NONE', #1172 ) ;
#205 = CARTESIAN_POINT ( 'NONE',  ( 25.89018455153827247, 4.500000000000000888, -23.99327801021422601 ) ) ;
#206 = EDGE_LOOP ( 'NONE', ( #1194, #1048 ) ) ;
#207 = EDGE_CURVE ( 'NONE', #915, #826, #82, .T. ) ;
#208 = CARTESIAN_POINT ( 'NONE',  ( -25.43188250024879693, -1.500000000000000000, -2.259881575670417586 ) ) ;
#209 = DIRECTION ( 'NONE',  ( 0.000000000000000000, 1.000000000000000000, -0.000000000000000000 ) ) ;
#210 = ORIENTED_EDGE ( 'NONE', *, *, #363, .F. ) ;
#211 = FACE_OUTER_BOUND ( 'NONE', #1123, .T. ) ;
#212 = ORIENTED_EDGE ( 'NONE', *, *, #528, .F. ) ;
#213 = EDGE_CURVE ( 'NONE', #693, #674, #122, .T. ) ;
#214 = CARTESIAN_POINT ( 'NONE',  ( -10.86907470772098705, -1.500000000000000000, 54.87608041695239081 ) ) ;
#215 = ORIENTED_EDGE ( 'NONE', *, *, #328, .F. ) ;
#216 = FACE_OUTER_BOUND ( 'NONE', #494, .T. ) ;
#217 = EDGE_CURVE ( 'NONE', #121, #688, #1341, .T. ) ;
#218 = DIRECTION ( 'NONE',  ( -0.000000000000000000, -1.000000000000000000, -0.000000000000000000 ) ) ;
#219 = ORIENTED_EDGE ( 'NONE', *, *, #1277, .F. ) ;
#220 = CARTESIAN_POINT ( 'NONE',  ( 28.13092529227900584, -1.500000000000000000, -10.22391958304761772 ) ) ;
#221 = LINE ( 'NONE', #297, #1035 ) ;
#222 = AXIS2_PLACEMENT_3D ( 'NONE', #801, #1511, #679 ) ;
#223 = EDGE_LOOP ( 'NONE', ( #191, #175, #883, #1085 ) ) ;
#224 =( GEOMETRIC_REPRESENTATION_CONTEXT ( 3 ) GLOBAL_UNCERTAINTY_ASSIGNED_CONTEXT ( ( #235 ) ) GLOBAL_UNIT_ASSIGNED_CONTEXT ( ( #559, #1070, #1044 ) ) REPRESENTATION_CONTEXT ( 'NONE', 'WORKASPACE' ) );
#225 = DIRECTION ( 'NONE',  ( 0.000000000000000000, 1.000000000000000000, 0.000000000000000000 ) ) ;
#226 = VECTOR ( 'NONE', #218, 1000.000000000000000 ) ;
#227 = CARTESIAN_POINT ( 'NONE',  ( -39.99714574997886274, 4.500000000000000888, -32.52549915119040946 ) ) ;
#228 = LINE ( 'NONE', #725, #554 ) ;
#229 = LINE ( 'NONE', #835, #988 ) ;
#230 = EDGE_CURVE ( 'NONE', #418, #581, #292, .T. ) ;
#231 = DIRECTION ( 'NONE',  ( 0.000000000000000000, 0.000000000000000000, 1.000000000000000000 ) ) ;
#232 = ORIENTED_EDGE ( 'NONE', *, *, #392, .F. ) ;
#233 = ORIENTED_EDGE ( 'NONE', *, *, #629, .F. ) ;
#234 = DIRECTION ( 'NONE',  ( 0.000000000000000000, 0.000000000000000000, -1.000000000000000000 ) ) ;
#235 = UNCERTAINTY_MEASURE_WITH_UNIT (LENGTH_MEASURE( 1.000000000000000082E-05 ), #559, 'distance_accuracy_value', 'NONE');
#236 = DIRECTION ( 'NONE',  ( 0.000000000000000000, 1.000000000000000000, 0.000000000000000000 ) ) ;
#237 = ORIENTED_EDGE ( 'NONE', *, *, #949, .F. ) ;
#238 = DIRECTION ( 'NONE',  ( -0.000000000000000000, -0.000000000000000000, 1.000000000000000000 ) ) ;
#239 = ORIENTED_EDGE ( 'NONE', *, *, #432, .T. ) ;
#240 = CARTESIAN_POINT ( 'NONE',  ( 16.13092529227900229, -1.500000000000000000, 27.67608041695238441 ) ) ;
#241 = PRODUCT_CONTEXT ( 'NONE', #1233, 'mechanical' ) ;
#242 = CYLINDRICAL_SURFACE ( 'NONE', #1479, 8.781403896263903164 ) ;
#243 = DIRECTION ( 'NONE',  ( 0.4933917819034832619, -0.000000000000000000, -0.8698071910200015910 ) ) ;
#244 = DIRECTION ( 'NONE',  ( 0.000000000000000000, 0.000000000000000000, 1.000000000000000000 ) ) ;
#245 = ORIENTED_EDGE ( 'NONE', *, *, #57, .T. ) ;
#246 = EDGE_CURVE ( 'NONE', #812, #826, #1459, .T. ) ;
#247 = VECTOR ( 'NONE', #686, 1000.000000000000000 ) ;
#248 = AXIS2_PLACEMENT_3D ( 'NONE', #1494, #1134, #144 ) ;
#249 = DIRECTION ( 'NONE',  ( 1.000000000000000000, 0.000000000000000000, -1.269138026879196405E-16 ) ) ;
#250 = VECTOR ( 'NONE', #525, 1000.000000000000000 ) ;
#251 = CARTESIAN_POINT ( 'NONE',  ( 28.13092529227900584, 4.500000000000000888, -13.22391958304761417 ) ) ;
#252 = FACE_BOUND ( 'NONE', #333, .T. ) ;
#253 = DIRECTION ( 'NONE',  ( 1.000000000000000000, 0.000000000000000000, 0.000000000000000000 ) ) ;
#254 = EDGE_LOOP ( 'NONE', ( #754, #838, #101, #1405 ) ) ;
#255 = PLANE ( 'NONE',  #632 ) ;
#256 = ORIENTED_EDGE ( 'NONE', *, *, #1098, .T. ) ;
#257 = EDGE_CURVE ( 'NONE', #183, #594, #1319, .T. ) ;
#258 = CARTESIAN_POINT ( 'NONE',  ( 40.02067867414259439, -1.500000000000000000, -32.45045463710622613 ) ) ;
#259 = CARTESIAN_POINT ( 'NONE',  ( 16.13092529227900229, 4.500000000000000888, 27.67608041695238441 ) ) ;
#260 = DIRECTION ( 'NONE',  ( 0.000000000000000000, 1.000000000000000000, 0.000000000000000000 ) ) ;
#261 = ORIENTED_EDGE ( 'NONE', *, *, #564, .F. ) ;
#262 = DIRECTION ( 'NONE',  ( 0.000000000000000000, 1.000000000000000000, 0.000000000000000000 ) ) ;
#263 = EDGE_LOOP ( 'NONE', ( #1457, #515, #288, #556 ) ) ;
#264 = DIRECTION ( 'NONE',  ( -0.000000000000000000, -1.000000000000000000, -0.000000000000000000 ) ) ;
#265 = CARTESIAN_POINT ( 'NONE',  ( -14.46547811456014010, -1.500000000000000000, -55.12391958304759498 ) ) ;
#266 = SURFACE_STYLE_FILL_AREA ( #1126 ) ;
#267 = EDGE_LOOP ( 'NONE', ( #1222, #715, #1441, #430 ) ) ;
#268 = DIRECTION ( 'NONE',  ( -0.000000000000000000, -1.000000000000000000, -0.000000000000000000 ) ) ;
#269 = ORIENTED_EDGE ( 'NONE', *, *, #1211, .T. ) ;
#270 = VECTOR ( 'NONE', #1157, 1000.000000000000000 ) ;
#271 = DIRECTION ( 'NONE',  ( -0.000000000000000000, -1.000000000000000000, -0.000000000000000000 ) ) ;
#272 = AXIS2_PLACEMENT_3D ( 'NONE', #661, #1512, #1389 ) ;
#273 = CIRCLE ( 'NONE', #1447, 5.999999999999998224 ) ;
#274 = AXIS2_PLACEMENT_3D ( 'NONE', #1509, #1386, #287 ) ;
#275 = ORIENTED_EDGE ( 'NONE', *, *, #858, .F. ) ;
#276 = EDGE_CURVE ( 'NONE', #183, #1041, #1452, .T. ) ;
#277 = PLANE ( 'NONE',  #1368 ) ;
#278 = ORIENTED_EDGE ( 'NONE', *, *, #319, .T. ) ;
#279 = CARTESIAN_POINT ( 'NONE',  ( 27.35714654708508320, 4.500000000000000888, -2.251168494396869946 ) ) ;
#280 = VERTEX_POINT ( 'NONE', #1439 ) ;
#281 = EDGE_CURVE ( 'NONE', #594, #1072, #837, .T. ) ;
#282 = CARTESIAN_POINT ( 'NONE',  ( 16.13092529227900584, -1.500000000000000000, 44.67608041695238086 ) ) ;
#283 = ORIENTED_EDGE ( 'NONE', *, *, #1548, .F. ) ;
#284 = DIRECTION ( 'NONE',  ( -1.000000000000000000, -0.000000000000000000, -0.000000000000000000 ) ) ;
#285 = ORIENTED_EDGE ( 'NONE', *, *, #655, .T. ) ;
#286 = ORIENTED_EDGE ( 'NONE', *, *, #997, .T. ) ;
#287 = DIRECTION ( 'NONE',  ( 0.000000000000000000, 0.000000000000000000, 1.000000000000000000 ) ) ;
#288 = ORIENTED_EDGE ( 'NONE', *, *, #1020, .T. ) ;
#289 = EDGE_CURVE ( 'NONE', #1370, #614, #613, .T. ) ;
#290 = CARTESIAN_POINT ( 'NONE',  ( -9.369074707721004813, 4.500000000000000888, -58.00548546092866786 ) ) ;
#291 = AXIS2_PLACEMENT_3D ( 'NONE', #730, #1221, #597 ) ;
#292 = CIRCLE ( 'NONE', #1118, 2.999999999999997335 ) ;
#293 = CARTESIAN_POINT ( 'NONE',  ( 1.130925292279002958, -1.500000000000000000, -40.22391958304761062 ) ) ;
#294 = ORIENTED_EDGE ( 'NONE', *, *, #168, .T. ) ;
#295 = AXIS2_PLACEMENT_3D ( 'NONE', #325, #1423, #1176 ) ;
#296 = CIRCLE ( 'NONE', #1096, 3.000000000000002665 ) ;
#297 = CARTESIAN_POINT ( 'NONE',  ( 21.42495515533564543, -1.500000000000000000, -58.60103215881406413 ) ) ;
#298 = ORIENTED_EDGE ( 'NONE', *, *, #1448, .T. ) ;
#299 = EDGE_CURVE ( 'NONE', #1513, #628, #1579, .T. ) ;
#300 = CARTESIAN_POINT ( 'NONE',  ( 41.13092529227900229, 4.500000000000000888, -28.97334206133970014 ) ) ;
#301 = CARTESIAN_POINT ( 'NONE',  ( -20.63717116172067279, -1.500000000000000000, 60.09587402818082325 ) ) ;
#302 = ORIENTED_EDGE ( 'NONE', *, *, #1466, .T. ) ;
#303 = DIRECTION ( 'NONE',  ( -0.000000000000000000, -1.000000000000000000, -0.000000000000000000 ) ) ;
#304 = LINE ( 'NONE', #467, #739 ) ;
#305 = ORIENTED_EDGE ( 'NONE', *, *, #1413, .F. ) ;
#306 = CYLINDRICAL_SURFACE ( 'NONE', #222, 3.000000000000002665 ) ;
#307 = CYLINDRICAL_SURFACE ( 'NONE', #892, 2.999999999999995559 ) ;
#308 = EDGE_LOOP ( 'NONE', ( #1529, #721 ) ) ;
#309 = EDGE_CURVE ( 'NONE', #1355, #905, #44, .T. ) ;
#310 = DIRECTION ( 'NONE',  ( -1.000000000000000000, 0.000000000000000000, -0.000000000000000000 ) ) ;
#311 = ORIENTED_EDGE ( 'NONE', *, *, #246, .T. ) ;
#312 = CYLINDRICAL_SURFACE ( 'NONE', #1215, 5.999999999999994671 ) ;
#313 = DIRECTION ( 'NONE',  ( -0.000000000000000000, -1.000000000000000000, -0.000000000000000000 ) ) ;
#314 = DIRECTION ( 'NONE',  ( -0.000000000000000000, -1.000000000000000000, -0.000000000000000000 ) ) ;
#315 = AXIS2_PLACEMENT_3D ( 'NONE', #1471, #1124, #998 ) ;
#316 = ORIENTED_EDGE ( 'NONE', *, *, #655, .F. ) ;
#317 = AXIS2_PLACEMENT_3D ( 'NONE', #214, #1454, #703 ) ;
#318 = DIRECTION ( 'NONE',  ( -0.000000000000000000, -1.000000000000000000, -0.000000000000000000 ) ) ;
#319 = EDGE_CURVE ( 'NONE', #34, #693, #1416, .T. ) ;
#320 = CIRCLE ( 'NONE', #1554, 3.000000000000002665 ) ;
#321 = VECTOR ( 'NONE', #20, 1000.000000000000000 ) ;
#322 = EDGE_LOOP ( 'NONE', ( #1589, #486, #1186, #695 ) ) ;
#323 = LINE ( 'NONE', #290, #450 ) ;
#324 = FILL_AREA_STYLE ('',( #1422 ) ) ;
#325 = CARTESIAN_POINT ( 'NONE',  ( -25.86907470772099416, -1.500000000000000000, -13.22391958304761062 ) ) ;
#326 = ORIENTED_EDGE ( 'NONE', *, *, #15, .F. ) ;
#327 = FACE_BOUND ( 'NONE', #820, .T. ) ;
#328 = EDGE_CURVE ( 'NONE', #581, #121, #368, .T. ) ;
#329 = EDGE_CURVE ( 'NONE', #112, #1177, #1226, .T. ) ;
#330 = DIRECTION ( 'NONE',  ( 0.000000000000000000, 1.000000000000000000, 0.000000000000000000 ) ) ;
#331 = CYLINDRICAL_SURFACE ( 'NONE', #660, 24.00000000000000000 ) ;
#332 = DIRECTION ( 'NONE',  ( 1.000000000000000000, 0.000000000000000000, 0.000000000000000000 ) ) ;
#333 = EDGE_LOOP ( 'NONE', ( #1109, #1424 ) ) ;
#334 = PLANE ( 'NONE',  #865 ) ;
#335 = CYLINDRICAL_SURFACE ( 'NONE', #50, 2.999999999999999112 ) ;
#336 = CARTESIAN_POINT ( 'NONE',  ( -15.31439487110415776, 4.500000000000000888, -10.22391958304761417 ) ) ;
#337 = EDGE_CURVE ( 'NONE', #40, #280, #491, .T. ) ;
#338 = CARTESIAN_POINT ( 'NONE',  ( -10.86907470772098705, 4.500000000000000888, 54.87608041695239081 ) ) ;
#339 = CARTESIAN_POINT ( 'NONE',  ( 40.34976843839901051, 4.500000000000000888, 28.99491622915741473 ) ) ;
#340 = FACE_OUTER_BOUND ( 'NONE', #1470, .T. ) ;
#341 = DIRECTION ( 'NONE',  ( -0.000000000000000000, -1.000000000000000000, -0.000000000000000000 ) ) ;
#342 = AXIS2_PLACEMENT_3D ( 'NONE', #1464, #862, #961 ) ;
#343 = CIRCLE ( 'NONE', #1247, 3.000000000000002665 ) ;
#344 = VERTEX_POINT ( 'NONE', #380 ) ;
#345 = CIRCLE ( 'NONE', #1246, 5.999999999999998224 ) ;
#346 = CIRCLE ( 'NONE', #274, 5.999999999999998224 ) ;
#347 = CARTESIAN_POINT ( 'NONE',  ( 41.13092529227900229, 4.500000000000000888, -28.97334206133970014 ) ) ;
#348 = CIRCLE ( 'NONE', #1502, 11.00000000000000000 ) ;
#349 = ORIENTED_EDGE ( 'NONE', *, *, #329, .F. ) ;
#350 = DIRECTION ( 'NONE',  ( 0.000000000000000000, 0.000000000000000000, 1.000000000000000000 ) ) ;
#351 = ADVANCED_FACE ( 'NONE', ( #340 ), #1108, .T. ) ;
#352 = CARTESIAN_POINT ( 'NONE',  ( -39.99714574997886274, -1.500000000000000000, -32.52549915119040946 ) ) ;
#353 = EDGE_LOOP ( 'NONE', ( #1547, #1012, #859, #1474 ) ) ;
#354 = DIRECTION ( 'NONE',  ( -0.000000000000000000, -1.000000000000000000, -0.000000000000000000 ) ) ;
#355 = ORIENTED_EDGE ( 'NONE', *, *, #774, .F. ) ;
#356 = ORIENTED_EDGE ( 'NONE', *, *, #648, .F. ) ;
#357 = CARTESIAN_POINT ( 'NONE',  ( 13.13092529227901295, 4.500000000000000888, 57.87608041695239081 ) ) ;
#358 = ORIENTED_EDGE ( 'NONE', *, *, #15, .T. ) ;
#359 = CARTESIAN_POINT ( 'NONE',  ( -23.63942162524903523, 4.500000000000000888, -23.96775100323051078 ) ) ;
#360 = ORIENTED_EDGE ( 'NONE', *, *, #928, .F. ) ;
#361 = CARTESIAN_POINT ( 'NONE',  ( 25.55092529227901110, -1.500000000000000000, 1.317804015820430497 ) ) ;
#362 = VERTEX_POINT ( 'NONE', #1354 ) ;
#363 = EDGE_CURVE ( 'NONE', #965, #1393, #1056, .T. ) ;
#364 = ORIENTED_EDGE ( 'NONE', *, *, #1329, .T. ) ;
#365 = CARTESIAN_POINT ( 'NONE',  ( -25.43188250024879693, -1.500000000000000000, 27.67608041695238441 ) ) ;
#366 = CYLINDRICAL_SURFACE ( 'NONE', #895, 27.00000000000000355 ) ;
#367 = ORIENTED_EDGE ( 'NONE', *, *, #616, .T. ) ;
#368 = LINE ( 'NONE', #875, #172 ) ;
#369 = VERTEX_POINT ( 'NONE', #497 ) ;
#370 = EDGE_CURVE ( 'NONE', #581, #418, #604, .T. ) ;
#371 = AXIS2_PLACEMENT_3D ( 'NONE', #1402, #66, #1420 ) ;
#372 = CLOSED_SHELL ( 'NONE', ( #5, #1415, #91, #1050, #351, #689, #822, #45, #544, #170, #63, #1396, #74, #1378, #1120, #1515, #1230, #722, #1245, #448, #55, #439, #1148, #970, #482, #490, #1128, #941, #28, #1488, #1053, #1530, #856, #1571, #1351, #950, #1043, #687, #1403, #903, #911, #697, #784, #105, #1348 ) ) ;
#373 = AXIS2_PLACEMENT_3D ( 'NONE', #516, #1357, #899 ) ;
#374 = DIRECTION ( 'NONE',  ( -0.000000000000000000, -1.000000000000000000, -0.000000000000000000 ) ) ;
#375 = EDGE_LOOP ( 'NONE', ( #996, #1398, #237, #910 ) ) ;
#376 = AXIS2_PLACEMENT_3D ( 'NONE', #1203, #113, #1577 ) ;
#377 = AXIS2_PLACEMENT_3D ( 'NONE', #588, #1033, #413 ) ;
#378 = FACE_OUTER_BOUND ( 'NONE', #411, .T. ) ;
#379 = ORIENTED_EDGE ( 'NONE', *, *, #199, .F. ) ;
#380 = CARTESIAN_POINT ( 'NONE',  ( -41.29188250024879636, 4.500000000000000888, -28.80253020816391185 ) ) ;
#381 = EDGE_LOOP ( 'NONE', ( #542, #219 ) ) ;
#382 = EDGE_CURVE ( 'NONE', #204, #1296, #1165, .T. ) ;
#383 = DIRECTION ( 'NONE',  ( -0.000000000000000000, -1.000000000000000000, -0.000000000000000000 ) ) ;
#384 = VERTEX_POINT ( 'NONE', #593 ) ;
#385 = EDGE_CURVE ( 'NONE', #1393, #505, #473, .T. ) ;
#386 = DIRECTION ( 'NONE',  ( 0.000000000000000000, 1.000000000000000000, 0.000000000000000000 ) ) ;
#387 = FACE_BOUND ( 'NONE', #206, .T. ) ;
#388 = FILL_AREA_STYLE_COLOUR ( '', #1526 ) ;
#389 = EDGE_LOOP ( 'NONE', ( #539, #1244, #1276, #1260, #261, #1317, #1095, #1384 ) ) ;
#390 = CARTESIAN_POINT ( 'NONE',  ( -41.29188250024879636, 4.500000000000000888, -28.80253020816391185 ) ) ;
#391 = VERTEX_POINT ( 'NONE', #1588 ) ;
#392 = EDGE_CURVE ( 'NONE', #1504, #1587, #452, .T. ) ;
#393 = DIRECTION ( 'NONE',  ( -0.000000000000000000, -1.000000000000000000, -0.000000000000000000 ) ) ;
#394 = DIRECTION ( 'NONE',  ( 0.000000000000000000, 0.000000000000000000, 1.000000000000000000 ) ) ;
#395 = ORIENTED_EDGE ( 'NONE', *, *, #309, .T. ) ;
#396 = CARTESIAN_POINT ( 'NONE',  ( 28.13092529227900584, 4.500000000000000888, -13.22391958304761417 ) ) ;
#397 = VERTEX_POINT ( 'NONE', #1243 ) ;
#398 = AXIS2_PLACEMENT_3D ( 'NONE', #120, #586, #620 ) ;
#399 = AXIS2_PLACEMENT_3D ( 'NONE', #1537, #806, #1152 ) ;
#400 = DIRECTION ( 'NONE',  ( 0.000000000000000000, 0.000000000000000000, -1.000000000000000000 ) ) ;
#401 = AXIS2_PLACEMENT_3D ( 'NONE', #1006, #638, #535 ) ;
#402 = AXIS2_PLACEMENT_3D ( 'NONE', #880, #886, #400 ) ;
#403 = CYLINDRICAL_SURFACE ( 'NONE', #1265, 5.999999999999998224 ) ;
#404 = EDGE_LOOP ( 'NONE', ( #68, #621, #1541, #443 ) ) ;
#405 = PRODUCT ( 'Base Plate', 'Base Plate', '', ( #241 ) ) ;
#406 = CARTESIAN_POINT ( 'NONE',  ( -9.369074707721004813, 4.500000000000000888, -52.00548546092866076 ) ) ;
#407 = ORIENTED_EDGE ( 'NONE', *, *, #213, .T. ) ;
#408 = MANIFOLD_SOLID_BREP ( 'Ölçek1', #372 ) ;
#409 = CARTESIAN_POINT ( 'NONE',  ( 11.63092529227899696, 4.500000000000000888, -52.00548546092866076 ) ) ;
#410 = CARTESIAN_POINT ( 'NONE',  ( 11.63092529227899696, -1.500000000000000000, -58.00548546092866786 ) ) ;
#411 = EDGE_LOOP ( 'NONE', ( #283, #355, #407, #749 ) ) ;
#412 = EDGE_CURVE ( 'NONE', #1227, #436, #867, .T. ) ;
#413 = DIRECTION ( 'NONE',  ( 0.000000000000000000, 0.000000000000000000, 1.000000000000000000 ) ) ;
#414 = ORIENTED_EDGE ( 'NONE', *, *, #788, .F. ) ;
#415 = APPLICATION_CONTEXT ( 'automotive_design' ) ;
#416 = FACE_OUTER_BOUND ( 'NONE', #699, .T. ) ;
#417 = DIRECTION ( 'NONE',  ( 0.000000000000000000, 1.000000000000000000, 0.000000000000000000 ) ) ;
#418 = VERTEX_POINT ( 'NONE', #164 ) ;
#419 = DIRECTION ( 'NONE',  ( -0.000000000000000000, -1.000000000000000000, -0.000000000000000000 ) ) ;
#420 = ORIENTED_EDGE ( 'NONE', *, *, #676, .F. ) ;
#421 = EDGE_CURVE ( 'NONE', #924, #561, #519, .T. ) ;
#422 = DIRECTION ( 'NONE',  ( 0.000000000000000000, 0.000000000000000000, -1.000000000000000000 ) ) ;
#423 = AXIS2_PLACEMENT_3D ( 'NONE', #431, #565, #84 ) ;
#424 = VECTOR ( 'NONE', #4, 1000.000000000000000 ) ;
#425 = DIRECTION ( 'NONE',  ( 0.000000000000000000, 0.000000000000000000, -1.000000000000000000 ) ) ;
#426 = EDGE_LOOP ( 'NONE', ( #1418, #1271, #938, #1455 ) ) ;
#427 = CIRCLE ( 'NONE', #1583, 16.99999999999999645 ) ;
#428 = DIRECTION ( 'NONE',  ( 0.000000000000000000, 0.000000000000000000, -1.000000000000000000 ) ) ;
#429 = CARTESIAN_POINT ( 'NONE',  ( -14.46547811456011523, -1.500000000000000000, -61.12391958304759498 ) ) ;
#430 = ORIENTED_EDGE ( 'NONE', *, *, #676, .T. ) ;
#431 = CARTESIAN_POINT ( 'NONE',  ( 1.130925292279002958, 4.500000000000000888, -13.22391958304761239 ) ) ;
#432 = EDGE_CURVE ( 'NONE', #645, #1204, #1419, .T. ) ;
#433 = CARTESIAN_POINT ( 'NONE',  ( 13.13092529227901295, 4.500000000000000888, 51.87608041695239081 ) ) ;
#434 = VERTEX_POINT ( 'NONE', #772 ) ;
#435 = CARTESIAN_POINT ( 'NONE',  ( -40.35477980328513326, -1.500000000000000000, 29.09133160484975633 ) ) ;
#436 = VERTEX_POINT ( 'NONE', #410 ) ;
#437 = CYLINDRICAL_SURFACE ( 'NONE', #985, 10.97275108865074245 ) ;
#438 = DIRECTION ( 'NONE',  ( 0.000000000000000000, 1.000000000000000000, -0.000000000000000000 ) ) ;
#439 = ADVANCED_FACE ( 'NONE', ( #1383 ), #403, .T. ) ;
#440 = CARTESIAN_POINT ( 'NONE',  ( 16.53520177347200715, -1.500000000000000000, -61.12391958304759498 ) ) ;
#441 = EDGE_LOOP ( 'NONE', ( #1141, #1535 ) ) ;
#442 = CARTESIAN_POINT ( 'NONE',  ( 1.130925292279002958, 4.500000000000000888, -40.22391958304761062 ) ) ;
#443 = ORIENTED_EDGE ( 'NONE', *, *, #831, .T. ) ;
#444 = DIRECTION ( 'NONE',  ( -1.000000000000000000, -0.000000000000000000, 1.055752450943286591E-16 ) ) ;
#445 = APPLICATION_PROTOCOL_DEFINITION ( 'draft international standard', 'automotive_design', 1998, #1233 ) ;
#446 = DIRECTION ( 'NONE',  ( -0.6204948238377417935, -0.000000000000000000, 0.7842105416216806901 ) ) ;
#447 = ORIENTED_EDGE ( 'NONE', *, *, #510, .F. ) ;
#448 = ADVANCED_FACE ( 'NONE', ( #1018 ), #1251, .T. ) ;
#449 = VECTOR ( 'NONE', #1523, 1000.000000000000000 ) ;
#450 = VECTOR ( 'NONE', #1269, 1000.000000000000000 ) ;
#451 = FACE_OUTER_BOUND ( 'NONE', #872, .T. ) ;
#452 = CIRCLE ( 'NONE', #526, 6.000000000000008882 ) ;
#453 = CIRCLE ( 'NONE', #1192, 8.781403896263899611 ) ;
#454 = FACE_OUTER_BOUND ( 'NONE', #110, .T. ) ;
#455 = LINE ( 'NONE', #227, #813 ) ;
#456 = DIRECTION ( 'NONE',  ( 0.000000000000000000, 0.000000000000000000, 1.000000000000000000 ) ) ;
#457 = VERTEX_POINT ( 'NONE', #47 ) ;
#458 = CARTESIAN_POINT ( 'NONE',  ( -35.29188250024879636, -1.500000000000000000, -28.80253020816394027 ) ) ;
#459 = DIRECTION ( 'NONE',  ( -0.000000000000000000, -1.000000000000000000, -0.000000000000000000 ) ) ;
#460 = EDGE_CURVE ( 'NONE', #1156, #1436, #1119, .T. ) ;
#461 = ORIENTED_EDGE ( 'NONE', *, *, #567, .F. ) ;
#462 = CARTESIAN_POINT ( 'NONE',  ( 13.13092529227901295, 4.500000000000000888, 51.87608041695239081 ) ) ;
#463 = FACE_OUTER_BOUND ( 'NONE', #1229, .T. ) ;
#464 = DIRECTION ( 'NONE',  ( 0.5366322685380732205, 0.000000000000000000, 0.8438162171727212613 ) ) ;
#465 = CYLINDRICAL_SURFACE ( 'NONE', #342, 17.00000000000000000 ) ;
#466 = DIRECTION ( 'NONE',  ( 0.000000000000000000, 1.000000000000000000, 0.000000000000000000 ) ) ;
#467 = CARTESIAN_POINT ( 'NONE',  ( -15.57427385868435366, -1.500000000000000000, 62.87608041695239081 ) ) ;
#468 = ORIENTED_EDGE ( 'NONE', *, *, #382, .F. ) ;
#469 = CARTESIAN_POINT ( 'NONE',  ( -41.29188250024879636, 4.500000000000000888, -28.80253020816391540 ) ) ;
#470 = DIRECTION ( 'NONE',  ( 0.000000000000000000, 1.000000000000000000, 0.000000000000000000 ) ) ;
#471 = DIRECTION ( 'NONE',  ( 0.000000000000000000, 1.000000000000000000, -0.000000000000000000 ) ) ;
#472 = CARTESIAN_POINT ( 'NONE',  ( 28.13092529227900584, 4.500000000000000888, -16.22391958304761417 ) ) ;
#473 = LINE ( 'NONE', #727, #97 ) ;
#474 = ORIENTED_EDGE ( 'NONE', *, *, #777, .F. ) ;
#475 = VECTOR ( 'NONE', #1248, 1000.000000000000000 ) ;
#476 = MECHANICAL_DESIGN_GEOMETRIC_PRESENTATION_REPRESENTATION (  '', ( #177 ), #683 ) ;
#477 = CIRCLE ( 'NONE', #377, 10.97275108865074245 ) ;
#478 = ORIENTED_EDGE ( 'NONE', *, *, #1223, .T. ) ;
#479 = AXIS2_PLACEMENT_3D ( 'NONE', #1325, #236, #1207 ) ;
#480 = AXIS2_PLACEMENT_3D ( 'NONE', #1181, #1565, #1189 ) ;
#481 = LINE ( 'NONE', #469, #70 ) ;
#482 = ADVANCED_FACE ( 'NONE', ( #1500 ), #530, .F. ) ;
#483 = CARTESIAN_POINT ( 'NONE',  ( -9.369074707721004813, 4.500000000000000888, -52.00548546092866076 ) ) ;
#484 = CYLINDRICAL_SURFACE ( 'NONE', #890, 27.00000000000000355 ) ;
#485 = CARTESIAN_POINT ( 'NONE',  ( -35.29188250024878926, -1.500000000000000000, 25.87153799362131323 ) ) ;
#486 = ORIENTED_EDGE ( 'NONE', *, *, #421, .F. ) ;
#487 = LINE ( 'NONE', #365, #1417 ) ;
#488 = CARTESIAN_POINT ( 'NONE',  ( 40.02067867414259439, 4.500000000000000888, -32.45045463710622613 ) ) ;
#489 = DIRECTION ( 'NONE',  ( 0.000000000000000000, 0.000000000000000000, -1.000000000000000000 ) ) ;
#490 = ADVANCED_FACE ( 'NONE', ( #174 ), #1506, .T. ) ;
#491 = LINE ( 'NONE', #978, #654 ) ;
#492 = VERTEX_POINT ( 'NONE', #293 ) ;
#493 = DIRECTION ( 'NONE',  ( 0.000000000000000000, 1.000000000000000000, 0.000000000000000000 ) ) ;
#494 = EDGE_LOOP ( 'NONE', ( #522, #653, #1022, #9 ) ) ;
#495 = DIRECTION ( 'NONE',  ( 0.000000000000000000, 0.000000000000000000, -1.000000000000000000 ) ) ;
#496 = FACE_BOUND ( 'NONE', #592, .T. ) ;
#497 = CARTESIAN_POINT ( 'NONE',  ( 41.13092529227900940, -1.500000000000000000, 26.03456553773647286 ) ) ;
#498 = EDGE_CURVE ( 'NONE', #674, #812, #1235, .T. ) ;
#499 = ORIENTED_EDGE ( 'NONE', *, *, #1458, .T. ) ;
#500 = EDGE_CURVE ( 'NONE', #924, #1370, #1059, .T. ) ;
#501 = CIRCLE ( 'NONE', #524, 3.000000000000002665 ) ;
#502 = VECTOR ( 'NONE', #971, 1000.000000000000000 ) ;
#503 = VECTOR ( 'NONE', #904, 1000.000000000000000 ) ;
#504 = LINE ( 'NONE', #1481, #1166 ) ;
#505 = VERTEX_POINT ( 'NONE', #1030 ) ;
#506 = AXIS2_PLACEMENT_3D ( 'NONE', #926, #667, #1158 ) ;
#507 = CYLINDRICAL_SURFACE ( 'NONE', #764, 10.97275108865074245 ) ;
#508 = DIRECTION ( 'NONE',  ( 0.000000000000000000, -0.000000000000000000, -1.000000000000000000 ) ) ;
#509 = ORIENTED_EDGE ( 'NONE', *, *, #788, .T. ) ;
#510 = EDGE_CURVE ( 'NONE', #889, #1358, #427, .T. ) ;
#511 = CARTESIAN_POINT ( 'NONE',  ( 13.13092529227901295, 4.500000000000000888, 54.87608041695239081 ) ) ;
#512 = ORIENTED_EDGE ( 'NONE', *, *, #276, .F. ) ;
#513 = CYLINDRICAL_SURFACE ( 'NONE', #402, 3.000000000000002665 ) ;
#514 = DIRECTION ( 'NONE',  ( 0.000000000000000000, 1.000000000000000000, 0.000000000000000000 ) ) ;
#515 = ORIENTED_EDGE ( 'NONE', *, *, #777, .T. ) ;
#516 = CARTESIAN_POINT ( 'NONE',  ( -35.29188250024878926, 4.500000000000000888, 25.87153799362131323 ) ) ;
#517 = VERTEX_POINT ( 'NONE', #203 ) ;
#518 = CARTESIAN_POINT ( 'NONE',  ( -15.31439487110415776, -1.500000000000000000, -16.22391958304761062 ) ) ;
#519 = LINE ( 'NONE', #766, #989 ) ;
#520 = VERTEX_POINT ( 'NONE', #440 ) ;
#521 = DIRECTION ( 'NONE',  ( 0.000000000000000000, 0.000000000000000000, -1.000000000000000000 ) ) ;
#522 = ORIENTED_EDGE ( 'NONE', *, *, #879, .F. ) ;
#523 = VECTOR ( 'NONE', #694, 1000.000000000000114 ) ;
#524 = AXIS2_PLACEMENT_3D ( 'NONE', #1206, #330, #951 ) ;
#525 = DIRECTION ( 'NONE',  ( -0.000000000000000000, -1.000000000000000000, -0.000000000000000000 ) ) ;
#526 = AXIS2_PLACEMENT_3D ( 'NONE', #485, #417, #888 ) ;
#527 = VECTOR ( 'NONE', #1193, 1000.000000000000000 ) ;
#528 = EDGE_CURVE ( 'NONE', #492, #634, #1371, .T. ) ;
#529 = AXIS2_PLACEMENT_3D ( 'NONE', #538, #792, #1272 ) ;
#530 = PLANE ( 'NONE',  #738 ) ;
#531 = ORIENTED_EDGE ( 'NONE', *, *, #299, .F. ) ;
#532 = CYLINDRICAL_SURFACE ( 'NONE', #1525, 3.000000000000002665 ) ;
#533 = EDGE_LOOP ( 'NONE', ( #1019, #104, #800, #1273 ) ) ;
#534 = CARTESIAN_POINT ( 'NONE',  ( 28.13092529227900584, 4.500000000000000888, -13.22391958304761417 ) ) ;
#535 = DIRECTION ( 'NONE',  ( 0.000000000000000000, 0.000000000000000000, 1.000000000000000000 ) ) ;
#536 = ORIENTED_EDGE ( 'NONE', *, *, #743, .F. ) ;
#537 = EDGE_CURVE ( 'NONE', #668, #162, #49, .T. ) ;
#538 = CARTESIAN_POINT ( 'NONE',  ( 16.13092529227900229, 4.500000000000000888, 27.67608041695238441 ) ) ;
#539 = ORIENTED_EDGE ( 'NONE', *, *, #616, .F. ) ;
#540 = LINE ( 'NONE', #1297, #270 ) ;
#541 = DIRECTION ( 'NONE',  ( -0.000000000000000000, -1.000000000000000000, -0.000000000000000000 ) ) ;
#542 = ORIENTED_EDGE ( 'NONE', *, *, #432, .F. ) ;
#543 = CARTESIAN_POINT ( 'NONE',  ( 16.13092529227900229, 4.500000000000000888, 10.67608041695238263 ) ) ;
#544 = ADVANCED_FACE ( 'NONE', ( #790 ), #307, .F. ) ;
#545 = DIRECTION ( 'NONE',  ( 0.000000000000000000, 1.000000000000000000, 0.000000000000000000 ) ) ;
#546 = ORIENTED_EDGE ( 'NONE', *, *, #370, .T. ) ;
#547 = LINE ( 'NONE', #690, #171 ) ;
#548 = AXIS2_PLACEMENT_3D ( 'NONE', #582, #590, #1322 ) ;
#549 = VECTOR ( 'NONE', #446, 1000.000000000000227 ) ;
#550 = DIRECTION ( 'NONE',  ( -0.000000000000000000, -1.000000000000000000, -0.000000000000000000 ) ) ;
#551 = ORIENTED_EDGE ( 'NONE', *, *, #328, .T. ) ;
#552 = AXIS2_PLACEMENT_3D ( 'NONE', #807, #1574, #1313 ) ;
#553 = CYLINDRICAL_SURFACE ( 'NONE', #1142, 3.000000000000002665 ) ;
#554 = VECTOR ( 'NONE', #464, 1000.000000000000114 ) ;
#555 = DIRECTION ( 'NONE',  ( 1.000000000000000000, 0.000000000000000000, 0.000000000000000000 ) ) ;
#556 = ORIENTED_EDGE ( 'NONE', *, *, #750, .F. ) ;
#557 = EDGE_CURVE ( 'NONE', #773, #1328, #1191, .T. ) ;
#558 = DIRECTION ( 'NONE',  ( 0.000000000000000000, 0.000000000000000000, -1.000000000000000000 ) ) ;
#559 =( LENGTH_UNIT ( ) NAMED_UNIT ( * ) SI_UNIT ( .MILLI., .METRE. ) );
#560 = DIRECTION ( 'NONE',  ( 0.000000000000000000, 0.000000000000000000, -1.000000000000000000 ) ) ;
#561 = VERTEX_POINT ( 'NONE', #1045 ) ;
#562 = CARTESIAN_POINT ( 'NONE',  ( 17.54792004802065009, 4.500000000000000888, -16.22391958304761772 ) ) ;
#563 = EDGE_LOOP ( 'NONE', ( #414, #1001, #982, #1320 ) ) ;
#564 = EDGE_CURVE ( 'NONE', #40, #1076, #1557, .T. ) ;
#565 = DIRECTION ( 'NONE',  ( 0.000000000000000000, 1.000000000000000000, 0.000000000000000000 ) ) ;
#566 = CYLINDRICAL_SURFACE ( 'NONE', #552, 6.000000000000005329 ) ;
#567 = EDGE_CURVE ( 'NONE', #915, #87, #809, .T. ) ;
#568 = CARTESIAN_POINT ( 'NONE',  ( 35.13092529227900940, -1.500000000000000000, -28.97334206133972145 ) ) ;
#569 = ORIENTED_EDGE ( 'NONE', *, *, #1539, .F. ) ;
#570 = CARTESIAN_POINT ( 'NONE',  ( -20.63717116172067279, 4.500000000000000888, 60.09587402818082325 ) ) ;
#571 = LINE ( 'NONE', #842, #866 ) ;
#572 = CARTESIAN_POINT ( 'NONE',  ( -39.99714574997886274, 4.500000000000000888, -32.52549915119040946 ) ) ;
#573 = ORIENTED_EDGE ( 'NONE', *, *, #154, .F. ) ;
#574 = CIRCLE ( 'NONE', #291, 5.999999999999994671 ) ;
#575 = EDGE_CURVE ( 'NONE', #561, #852, #126, .T. ) ;
#576 = CIRCLE ( 'NONE', #759, 5.999999999999998224 ) ;
#577 = AXIS2_PLACEMENT_3D ( 'NONE', #190, #1144, #1440 ) ;
#578 = LINE ( 'NONE', #570, #96 ) ;
#579 = AXIS2_PLACEMENT_3D ( 'NONE', #1484, #514, #394 ) ;
#580 = VECTOR ( 'NONE', #845, 1000.000000000000000 ) ;
#581 = VERTEX_POINT ( 'NONE', #1153 ) ;
#582 = CARTESIAN_POINT ( 'NONE',  ( 28.13092529227900584, -1.500000000000000000, -13.22391958304761417 ) ) ;
#583 = ORIENTED_EDGE ( 'NONE', *, *, #1586, .F. ) ;
#584 = CARTESIAN_POINT ( 'NONE',  ( -9.369074707721004813, -1.500000000000000000, -55.00548546092866076 ) ) ;
#585 = ORIENTED_EDGE ( 'NONE', *, *, #500, .T. ) ;
#586 = DIRECTION ( 'NONE',  ( -0.000000000000000000, -1.000000000000000000, -0.000000000000000000 ) ) ;
#587 = EDGE_CURVE ( 'NONE', #1031, #112, #345, .T. ) ;
#588 = CARTESIAN_POINT ( 'NONE',  ( -25.86907470772099416, -1.500000000000000000, -13.22391958304761062 ) ) ;
#589 = EDGE_LOOP ( 'NONE', ( #780, #1428 ) ) ;
#590 = DIRECTION ( 'NONE',  ( 0.000000000000000000, 1.000000000000000000, 0.000000000000000000 ) ) ;
#591 = LINE ( 'NONE', #983, #1394 ) ;
#592 = EDGE_LOOP ( 'NONE', ( #728, #256, #478, #395, #125, #1517, #767, #269 ) ) ;
#593 = CARTESIAN_POINT ( 'NONE',  ( -40.35477980328512615, 4.500000000000000888, 29.09133160484974923 ) ) ;
#594 = VERTEX_POINT ( 'NONE', #1183 ) ;
#595 = VERTEX_POINT ( 'NONE', #301 ) ;
#596 = EDGE_CURVE ( 'NONE', #112, #517, #914, .T. ) ;
#597 = DIRECTION ( 'NONE',  ( 0.000000000000000000, 0.000000000000000000, -1.000000000000000000 ) ) ;
#598 = EDGE_LOOP ( 'NONE', ( #793, #994, #1184, #1390, #7, #275, #1387, #1467, #316, #623, #152, #987, #232, #233, #573, #93 ) ) ;
#599 = DIRECTION ( 'NONE',  ( 0.000000000000000000, 0.000000000000000000, -1.000000000000000000 ) ) ;
#600 = EDGE_LOOP ( 'NONE', ( #756, #512, #1507, #1039 ) ) ;
#601 = AXIS2_PLACEMENT_3D ( 'NONE', #1410, #438, #1200 ) ;
#602 = CARTESIAN_POINT ( 'NONE',  ( -25.43188250024879693, 4.500000000000000888, -2.259881575670417586 ) ) ;
#603 = ORIENTED_EDGE ( 'NONE', *, *, #898, .F. ) ;
#604 = CIRCLE ( 'NONE', #1498, 2.999999999999997335 ) ;
#605 = CIRCLE ( 'NONE', #423, 27.00000000000000355 ) ;
#606 = AXIS2_PLACEMENT_3D ( 'NONE', #644, #779, #1140 ) ;
#607 = VECTOR ( 'NONE', #35, 1000.000000000000000 ) ;
#608 = VECTOR ( 'NONE', #419, 1000.000000000000000 ) ;
#609 = PLANE ( 'NONE',  #1443 ) ;
#610 = EDGE_CURVE ( 'NONE', #436, #1227, #320, .T. ) ;
#611 = CARTESIAN_POINT ( 'NONE',  ( 16.53520177347200715, 4.500000000000000888, -61.12391958304759498 ) ) ;
#612 = ORIENTED_EDGE ( 'NONE', *, *, #997, .F. ) ;
#613 = LINE ( 'NONE', #1218, #1241 ) ;
#614 = VERTEX_POINT ( 'NONE', #1519 ) ;
#615 = PLANE ( 'NONE',  #682 ) ;
#616 = EDGE_CURVE ( 'NONE', #900, #391, #1445, .T. ) ;
#617 = DIRECTION ( 'NONE',  ( -0.000000000000000000, -1.000000000000000000, -0.000000000000000000 ) ) ;
#618 = DIRECTION ( 'NONE',  ( -0.000000000000000000, -1.000000000000000000, -0.000000000000000000 ) ) ;
#619 = EDGE_CURVE ( 'NONE', #724, #434, #1216, .T. ) ;
#620 = DIRECTION ( 'NONE',  ( 0.000000000000000000, 0.000000000000000000, -1.000000000000000000 ) ) ;
#621 = ORIENTED_EDGE ( 'NONE', *, *, #1497, .F. ) ;
#622 = LINE ( 'NONE', #1237, #149 ) ;
#623 = ORIENTED_EDGE ( 'NONE', *, *, #1426, .F. ) ;
#624 = PRESENTATION_STYLE_ASSIGNMENT (( #1057 ) ) ;
#625 = DIRECTION ( 'NONE',  ( 0.000000000000000000, 0.000000000000000000, -1.000000000000000000 ) ) ;
#626 = PLANE ( 'NONE',  #631 ) ;
#627 = CARTESIAN_POINT ( 'NONE',  ( 35.13092529227900940, 4.500000000000000888, -28.97334206133972145 ) ) ;
#628 = VERTEX_POINT ( 'NONE', #1430 ) ;
#629 = EDGE_CURVE ( 'NONE', #1084, #1504, #182, .T. ) ;
#630 = AXIS2_PLACEMENT_3D ( 'NONE', #817, #672, #925 ) ;
#631 = AXIS2_PLACEMENT_3D ( 'NONE', #992, #1483, #1114 ) ;
#632 = AXIS2_PLACEMENT_3D ( 'NONE', #748, #161, #646 ) ;
#633 = DIRECTION ( 'NONE',  ( -0.5366322685380731095, 0.000000000000000000, -0.8438162171727212613 ) ) ;
#634 = VERTEX_POINT ( 'NONE', #673 ) ;
#635 = CIRCLE ( 'NONE', #480, 10.97275108865074245 ) ;
#636 = CIRCLE ( 'NONE', #1168, 2.999999999999997335 ) ;
#637 = DIRECTION ( 'NONE',  ( 0.000000000000000000, 0.000000000000000000, -1.000000000000000000 ) ) ;
#638 = DIRECTION ( 'NONE',  ( 0.000000000000000000, 1.000000000000000000, 0.000000000000000000 ) ) ;
#639 = EDGE_LOOP ( 'NONE', ( #1145, #1007, #194, #1550, #311 ) ) ;
#640 = EDGE_CURVE ( 'NONE', #979, #731, #1143, .T. ) ;
#641 = FACE_OUTER_BOUND ( 'NONE', #745, .T. ) ;
#642 = ORIENTED_EDGE ( 'NONE', *, *, #1075, .T. ) ;
#643 = CARTESIAN_POINT ( 'NONE',  ( -25.86907470772099416, 4.500000000000000888, -13.22391958304761062 ) ) ;
#644 = CARTESIAN_POINT ( 'NONE',  ( 17.63630103536228688, 4.500000000000000888, 56.87608041695239081 ) ) ;
#645 = VERTEX_POINT ( 'NONE', #433 ) ;
#646 = DIRECTION ( 'NONE',  ( 1.000000000000000000, 0.000000000000000000, -1.055752450943286467E-16 ) ) ;
#647 = ORIENTED_EDGE ( 'NONE', *, *, #815, .F. ) ;
#648 = EDGE_CURVE ( 'NONE', #900, #1159, #921, .T. ) ;
#649 = DIRECTION ( 'NONE',  ( 0.000000000000000000, 0.000000000000000000, -1.000000000000000000 ) ) ;
#650 = DIRECTION ( 'NONE',  ( 0.000000000000000000, 0.000000000000000000, 1.000000000000000000 ) ) ;
#651 = EDGE_LOOP ( 'NONE', ( #285, #908, #583, #783 ) ) ;
#652 = DIRECTION ( 'NONE',  ( 0.000000000000000000, 0.000000000000000000, 1.000000000000000000 ) ) ;
#653 = ORIENTED_EDGE ( 'NONE', *, *, #831, .F. ) ;
#654 = VECTOR ( 'NONE', #136, 1000.000000000000000 ) ;
#655 = EDGE_CURVE ( 'NONE', #1482, #62, #273, .T. ) ;
#656 = DIRECTION ( 'NONE',  ( -0.000000000000000000, -1.000000000000000000, -0.000000000000000000 ) ) ;
#657 = VECTOR ( 'NONE', #187, 1000.000000000000000 ) ;
#658 = CIRCLE ( 'NONE', #810, 2.999999999999997335 ) ;
#659 = VECTOR ( 'NONE', #1170, 1000.000000000000000 ) ;
#660 = AXIS2_PLACEMENT_3D ( 'NONE', #1545, #313, #704 ) ;
#661 = CARTESIAN_POINT ( 'NONE',  ( 16.53520177347202846, 4.500000000000000888, -55.12391958304759498 ) ) ;
#662 = ORIENTED_EDGE ( 'NONE', *, *, #168, .F. ) ;
#663 = DIRECTION ( 'NONE',  ( -0.000000000000000000, -1.000000000000000000, -0.000000000000000000 ) ) ;
#664 = ORIENTED_EDGE ( 'NONE', *, *, #213, .F. ) ;
#665 = CYLINDRICAL_SURFACE ( 'NONE', #1287, 3.000000000000002665 ) ;
#666 = EDGE_CURVE ( 'NONE', #674, #915, #1213, .T. ) ;
#667 = DIRECTION ( 'NONE',  ( 0.000000000000000000, 1.000000000000000000, 0.000000000000000000 ) ) ;
#668 = VERTEX_POINT ( 'NONE', #1566 ) ;
#669 = EDGE_CURVE ( 'NONE', #1328, #40, #348, .T. ) ;
#670 = CARTESIAN_POINT ( 'NONE',  ( -16.65047860398489377, 4.500000000000000888, 27.67608041695238441 ) ) ;
#671 = VERTEX_POINT ( 'NONE', #352 ) ;
#672 = DIRECTION ( 'NONE',  ( 0.000000000000000000, 1.000000000000000000, 0.000000000000000000 ) ) ;
#673 = CARTESIAN_POINT ( 'NONE',  ( -23.63942162524903523, -1.500000000000000000, -23.96775100323051078 ) ) ;
#674 = VERTEX_POINT ( 'NONE', #1437 ) ;
#675 = DIRECTION ( 'NONE',  ( -0.000000000000000000, -1.000000000000000000, -0.000000000000000000 ) ) ;
#676 = EDGE_CURVE ( 'NONE', #1501, #1504, #1224, .T. ) ;
#677 = CARTESIAN_POINT ( 'NONE',  ( 11.63092529227899696, 4.500000000000000888, -55.00548546092866076 ) ) ;
#678 = EDGE_LOOP ( 'NONE', ( #1003, #536, #758, #137 ) ) ;
#679 = DIRECTION ( 'NONE',  ( 0.000000000000000000, 0.000000000000000000, -1.000000000000000000 ) ) ;
#680 = VECTOR ( 'NONE', #1101, 1000.000000000000000 ) ;
#681 = CARTESIAN_POINT ( 'NONE',  ( -40.35477980328512615, -1.500000000000000000, 29.09133160484974923 ) ) ;
#682 = AXIS2_PLACEMENT_3D ( 'NONE', #884, #521, #1363 ) ;
#683 =( GEOMETRIC_REPRESENTATION_CONTEXT ( 3 ) GLOBAL_UNCERTAINTY_ASSIGNED_CONTEXT ( ( #1029 ) ) GLOBAL_UNIT_ASSIGNED_CONTEXT ( ( #1369, #1492, #151 ) ) REPRESENTATION_CONTEXT ( 'NONE', 'WORKASPACE' ) );
#684 = DIRECTION ( 'NONE',  ( 0.000000000000000000, 1.000000000000000000, 0.000000000000000000 ) ) ;
#685 = ORIENTED_EDGE ( 'NONE', *, *, #1497, .T. ) ;
#686 = DIRECTION ( 'NONE',  ( -0.000000000000000000, -1.000000000000000000, -0.000000000000000000 ) ) ;
#687 = ADVANCED_FACE ( 'NONE', ( #1333 ), #242, .F. ) ;
#688 = VERTEX_POINT ( 'NONE', #1089 ) ;
#689 = ADVANCED_FACE ( 'NONE', ( #1105 ), #861, .F. ) ;
#690 = CARTESIAN_POINT ( 'NONE',  ( 16.53520177347200715, 4.500000000000000888, -61.12391958304759498 ) ) ;
#691 = DIRECTION ( 'NONE',  ( 0.000000000000000000, 1.000000000000000000, 0.000000000000000000 ) ) ;
#692 = DIRECTION ( 'NONE',  ( 0.000000000000000000, 0.000000000000000000, 1.000000000000000000 ) ) ;
#693 = VERTEX_POINT ( 'NONE', #359 ) ;
#694 = DIRECTION ( 'NONE',  ( 0.5366322685380732205, 0.000000000000000000, 0.8438162171727212613 ) ) ;
#695 = ORIENTED_EDGE ( 'NONE', *, *, #1303, .T. ) ;
#696 = FACE_OUTER_BOUND ( 'NONE', #600, .T. ) ;
#697 = ADVANCED_FACE ( 'NONE', ( #1585 ), #366, .F. ) ;
#698 = DIRECTION ( 'NONE',  ( 0.000000000000000000, 1.000000000000000000, -0.000000000000000000 ) ) ;
#699 = EDGE_LOOP ( 'NONE', ( #612, #56, #1236, #114 ) ) ;
#700 = CARTESIAN_POINT ( 'NONE',  ( -19.17074136429023667, 4.500000000000000888, -58.84688852607402509 ) ) ;
#701 = ORIENTED_EDGE ( 'NONE', *, *, #587, .F. ) ;
#702 = ORIENTED_EDGE ( 'NONE', *, *, #1466, .F. ) ;
#703 = DIRECTION ( 'NONE',  ( 0.000000000000000000, 0.000000000000000000, 1.000000000000000000 ) ) ;
#704 = DIRECTION ( 'NONE',  ( 0.000000000000000000, 0.000000000000000000, -1.000000000000000000 ) ) ;
#705 = EDGE_CURVE ( 'NONE', #1296, #628, #976, .T. ) ;
#706 = CARTESIAN_POINT ( 'NONE',  ( -14.46547811456011523, 4.500000000000000888, -61.12391958304759498 ) ) ;
#707 = VERTEX_POINT ( 'NONE', #611 ) ;
#708 = AXIS2_PLACEMENT_3D ( 'NONE', #534, #54, #1472 ) ;
#709 = VECTOR ( 'NONE', #675, 1000.000000000000000 ) ;
#710 = FACE_BOUND ( 'NONE', #1267, .T. ) ;
#711 = FACE_OUTER_BOUND ( 'NONE', #1578, .T. ) ;
#712 = AXIS2_PLACEMENT_3D ( 'NONE', #67, #1038, #1532 ) ;
#713 = ORIENTED_EDGE ( 'NONE', *, *, #869, .T. ) ;
#714 = CARTESIAN_POINT ( 'NONE',  ( -25.43188250024879693, -1.500000000000000000, 27.67608041695238441 ) ) ;
#715 = ORIENTED_EDGE ( 'NONE', *, *, #1337, .F. ) ;
#716 = CARTESIAN_POINT ( 'NONE',  ( 16.13092529227900229, 4.500000000000000888, 10.67608041695238263 ) ) ;
#717 = LINE ( 'NONE', #706, #527 ) ;
#718 = CARTESIAN_POINT ( 'NONE',  ( 40.34976843839901051, -1.500000000000000000, 28.99491622915741473 ) ) ;
#719 = DIRECTION ( 'NONE',  ( 0.000000000000000000, 1.000000000000000000, 0.000000000000000000 ) ) ;
#720 = ORIENTED_EDGE ( 'NONE', *, *, #537, .T. ) ;
#721 = ORIENTED_EDGE ( 'NONE', *, *, #460, .F. ) ;
#722 = ADVANCED_FACE ( 'NONE', ( #1099 ), #959, .T. ) ;
#723 = CARTESIAN_POINT ( 'NONE',  ( -14.46547811456011523, 4.500000000000000888, -61.12391958304759498 ) ) ;
#724 = VERTEX_POINT ( 'NONE', #118 ) ;
#725 = CARTESIAN_POINT ( 'NONE',  ( -40.35477980328513326, 4.500000000000000888, 29.09133160484975633 ) ) ;
#726 = DIRECTION ( 'NONE',  ( -0.8698071910200015910, 0.000000000000000000, -0.4933917819034833729 ) ) ;
#727 = CARTESIAN_POINT ( 'NONE',  ( -15.57427385868438563, 4.500000000000000888, 62.87608041695237659 ) ) ;
#728 = ORIENTED_EDGE ( 'NONE', *, *, #928, .T. ) ;
#729 = EDGE_CURVE ( 'NONE', #384, #965, #228, .T. ) ;
#730 = CARTESIAN_POINT ( 'NONE',  ( -35.29188250024879636, 4.500000000000000888, -28.80253020816394027 ) ) ;
#731 = VERTEX_POINT ( 'NONE', #1305 ) ;
#732 = DIRECTION ( 'NONE',  ( -0.000000000000000000, -1.000000000000000000, -0.000000000000000000 ) ) ;
#733 = DIRECTION ( 'NONE',  ( -0.000000000000000000, -1.000000000000000000, -0.000000000000000000 ) ) ;
#734 = CARTESIAN_POINT ( 'NONE',  ( 1.130925292279002958, 4.500000000000000888, -13.22391958304761239 ) ) ;
#735 = ORIENTED_EDGE ( 'NONE', *, *, #498, .F. ) ;
#736 = VECTOR ( 'NONE', #238, 1000.000000000000000 ) ;
#737 = CIRCLE ( 'NONE', #46, 16.99999999999999645 ) ;
#738 = AXIS2_PLACEMENT_3D ( 'NONE', #1262, #907, #1132 ) ;
#739 = VECTOR ( 'NONE', #555, 1000.000000000000000 ) ;
#740 = EDGE_CURVE ( 'NONE', #1025, #62, #591, .T. ) ;
#741 = CIRCLE ( 'NONE', #1527, 2.999999999999997335 ) ;
#742 = FACE_OUTER_BOUND ( 'NONE', #223, .T. ) ;
#743 = EDGE_CURVE ( 'NONE', #1370, #852, #832, .T. ) ;
#744 = DIRECTION ( 'NONE',  ( 0.000000000000000000, 0.000000000000000000, -1.000000000000000000 ) ) ;
#745 = EDGE_LOOP ( 'NONE', ( #38, #167, #702, #1364 ) ) ;
#746 = DIRECTION ( 'NONE',  ( 0.000000000000000000, 1.000000000000000000, 0.000000000000000000 ) ) ;
#747 = ORIENTED_EDGE ( 'NONE', *, *, #299, .T. ) ;
#748 = CARTESIAN_POINT ( 'NONE',  ( -15.31439487110415776, 4.500000000000000888, -10.22391958304761417 ) ) ;
#749 = ORIENTED_EDGE ( 'NONE', *, *, #498, .T. ) ;
#750 = EDGE_CURVE ( 'NONE', #628, #1513, #296, .T. ) ;
#751 = LINE ( 'NONE', #1360, #789 ) ;
#752 = CARTESIAN_POINT ( 'NONE',  ( -15.31439487110415776, 4.500000000000000888, -10.22391958304761417 ) ) ;
#753 = CARTESIAN_POINT ( 'NONE',  ( 28.13092529227900584, 4.500000000000000888, -13.22391958304761417 ) ) ;
#754 = ORIENTED_EDGE ( 'NONE', *, *, #160, .T. ) ;
#755 = FACE_OUTER_BOUND ( 'NONE', #353, .T. ) ;
#756 = ORIENTED_EDGE ( 'NONE', *, *, #1211, .F. ) ;
#757 = DIRECTION ( 'NONE',  ( 0.000000000000000000, -1.000000000000000000, 0.000000000000000000 ) ) ;
#758 = ORIENTED_EDGE ( 'NONE', *, *, #500, .F. ) ;
#759 = AXIS2_PLACEMENT_3D ( 'NONE', #1160, #1406, #798 ) ;
#760 = AXIS2_PLACEMENT_3D ( 'NONE', #1302, #225, #851 ) ;
#761 = AXIS2_PLACEMENT_3D ( 'NONE', #26, #1116, #650 ) ;
#762 = DIRECTION ( 'NONE',  ( 0.8438162171727213723, 0.000000000000000000, -0.5366322685380732205 ) ) ;
#763 = ORIENTED_EDGE ( 'NONE', *, *, #115, .F. ) ;
#764 = AXIS2_PLACEMENT_3D ( 'NONE', #1239, #1496, #637 ) ;
#765 = LINE ( 'NONE', #1131, #1421 ) ;
#766 = CARTESIAN_POINT ( 'NONE',  ( 41.13092529227900229, 4.500000000000000888, -28.97334206133970014 ) ) ;
#767 = ORIENTED_EDGE ( 'NONE', *, *, #1413, .T. ) ;
#768 = EDGE_CURVE ( 'NONE', #707, #1031, #717, .T. ) ;
#769 = CARTESIAN_POINT ( 'NONE',  ( 11.63092529227899696, -1.500000000000000000, -52.00548546092866076 ) ) ;
#770 = ORIENTED_EDGE ( 'NONE', *, *, #329, .T. ) ;
#771 = CARTESIAN_POINT ( 'NONE',  ( -9.369074707721004813, 4.500000000000000888, -55.00548546092866076 ) ) ;
#772 = CARTESIAN_POINT ( 'NONE',  ( 11.63092529227899696, 4.500000000000000888, -52.00548546092866076 ) ) ;
#773 = VERTEX_POINT ( 'NONE', #111 ) ;
#774 = EDGE_CURVE ( 'NONE', #693, #634, #1080, .T. ) ;
#775 = DIRECTION ( 'NONE',  ( 0.000000000000000000, 1.000000000000000000, 0.000000000000000000 ) ) ;
#776 = EDGE_LOOP ( 'NONE', ( #468, #474 ) ) ;
#777 = EDGE_CURVE ( 'NONE', #1296, #204, #1268, .T. ) ;
#778 = CARTESIAN_POINT ( 'NONE',  ( 41.13092529227900229, -1.500000000000000000, -28.97334206133970014 ) ) ;
#779 = DIRECTION ( 'NONE',  ( -0.000000000000000000, -1.000000000000000000, -0.000000000000000000 ) ) ;
#780 = ORIENTED_EDGE ( 'NONE', *, *, #510, .T. ) ;
#781 = CIRCLE ( 'NONE', #371, 24.00000000000000355 ) ;
#782 = LINE ( 'NONE', #58, #608 ) ;
#783 = ORIENTED_EDGE ( 'NONE', *, *, #1560, .T. ) ;
#784 = ADVANCED_FACE ( 'NONE', ( #378 ), #507, .T. ) ;
#785 = AXIS2_PLACEMENT_3D ( 'NONE', #1209, #466, #1345 ) ;
#786 = CYLINDRICAL_SURFACE ( 'NONE', #399, 2.999999999999995559 ) ;
#787 = AXIS2_PLACEMENT_3D ( 'NONE', #627, #1061, #560 ) ;
#788 = EDGE_CURVE ( 'NONE', #1204, #731, #751, .T. ) ;
#789 = VECTOR ( 'NONE', #148, 1000.000000000000000 ) ;
#790 = FACE_OUTER_BOUND ( 'NONE', #426, .T. ) ;
#791 = EDGE_LOOP ( 'NONE', ( #145, #139, #897, #1219 ) ) ;
#792 = DIRECTION ( 'NONE',  ( 0.000000000000000000, 1.000000000000000000, 0.000000000000000000 ) ) ;
#793 = ORIENTED_EDGE ( 'NONE', *, *, #1075, .F. ) ;
#794 = CARTESIAN_POINT ( 'NONE',  ( 40.34976843839901051, 4.500000000000000888, 28.99491622915741473 ) ) ;
#795 = EDGE_CURVE ( 'NONE', #391, #1283, #1490, .T. ) ;
#796 = DIRECTION ( 'NONE',  ( 0.000000000000000000, 0.000000000000000000, 1.000000000000000000 ) ) ;
#797 = ORIENTED_EDGE ( 'NONE', *, *, #1195, .F. ) ;
#798 = DIRECTION ( 'NONE',  ( 0.000000000000000000, 0.000000000000000000, 1.000000000000000000 ) ) ;
#799 = DIRECTION ( 'NONE',  ( 0.000000000000000000, 0.000000000000000000, -1.000000000000000000 ) ) ;
#800 = ORIENTED_EDGE ( 'NONE', *, *, #1359, .T. ) ;
#801 = CARTESIAN_POINT ( 'NONE',  ( 11.63092529227899696, 4.500000000000000888, -55.00548546092866076 ) ) ;
#802 = DIRECTION ( 'NONE',  ( 0.000000000000000000, 0.000000000000000000, -1.000000000000000000 ) ) ;
#803 = EDGE_LOOP ( 'NONE', ( #747, #1487 ) ) ;
#804 = DIRECTION ( 'NONE',  ( 0.000000000000000000, -0.000000000000000000, -1.000000000000000000 ) ) ;
#805 = ORIENTED_EDGE ( 'NONE', *, *, #230, .F. ) ;
#806 = DIRECTION ( 'NONE',  ( -0.000000000000000000, -1.000000000000000000, -0.000000000000000000 ) ) ;
#807 = CARTESIAN_POINT ( 'NONE',  ( -35.29188250024878926, 4.500000000000000888, 25.87153799362131323 ) ) ;
#808 = CIRCLE ( 'NONE', #19, 5.999999999999998224 ) ;
#809 = CIRCLE ( 'NONE', #198, 10.99999999999999289 ) ;
#810 = AXIS2_PLACEMENT_3D ( 'NONE', #1122, #775, #132 ) ;
#811 = CARTESIAN_POINT ( 'NONE',  ( -15.31439487110415776, 4.500000000000000888, -10.22391958304761417 ) ) ;
#812 = VERTEX_POINT ( 'NONE', #518 ) ;
#813 = VECTOR ( 'NONE', #1538, 1000.000000000000000 ) ;
#814 = CARTESIAN_POINT ( 'NONE',  ( -14.46547811456011523, 4.500000000000000888, -61.12391958304759498 ) ) ;
#815 = EDGE_CURVE ( 'NONE', #1151, #397, #636, .T. ) ;
#816 = ORIENTED_EDGE ( 'NONE', *, *, #363, .T. ) ;
#817 = CARTESIAN_POINT ( 'NONE',  ( -15.57427385868438563, -1.500000000000000000, 56.87608041695239081 ) ) ;
#818 = SURFACE_STYLE_FILL_AREA ( #324 ) ;
#819 = DIRECTION ( 'NONE',  ( 0.000000000000000000, 0.000000000000000000, 1.000000000000000000 ) ) ;
#820 = EDGE_LOOP ( 'NONE', ( #805, #1034 ) ) ;
#821 = DIRECTION ( 'NONE',  ( 0.000000000000000000, -1.000000000000000000, 0.000000000000000000 ) ) ;
#822 = ADVANCED_FACE ( 'NONE', ( #873 ), #513, .F. ) ;
#823 = CARTESIAN_POINT ( 'NONE',  ( -14.46547811456014010, -1.500000000000000000, -55.12391958304759498 ) ) ;
#824 = CARTESIAN_POINT ( 'NONE',  ( 28.13092529227900584, 4.500000000000000888, -13.22391958304761417 ) ) ;
#825 = DIRECTION ( 'NONE',  ( 0.000000000000000000, 1.000000000000000000, 0.000000000000000000 ) ) ;
#826 = VERTEX_POINT ( 'NONE', #1256 ) ;
#827 = LINE ( 'NONE', #814, #1524 ) ;
#828 = DIRECTION ( 'NONE',  ( 0.000000000000000000, 0.000000000000000000, -1.000000000000000000 ) ) ;
#829 = DIRECTION ( 'NONE',  ( -0.000000000000000000, -1.000000000000000000, -0.000000000000000000 ) ) ;
#830 = DIRECTION ( 'NONE',  ( 0.000000000000000000, 0.000000000000000000, 1.000000000000000000 ) ) ;
#831 = EDGE_CURVE ( 'NONE', #1328, #905, #1138, .T. ) ;
#832 = LINE ( 'NONE', #488, #226 ) ;
#833 = AXIS2_PLACEMENT_3D ( 'NONE', #1082, #746, #863 ) ;
#834 = PRODUCT_DEFINITION_FORMATION_WITH_SPECIFIED_SOURCE ( 'HERHANGÝ', '', #405, .NOT_KNOWN. ) ;
#835 = CARTESIAN_POINT ( 'NONE',  ( 21.42495515533564543, 4.500000000000000888, -58.60103215881406413 ) ) ;
#836 = AXIS2_PLACEMENT_3D ( 'NONE', #458, #1054, #428 ) ;
#837 = LINE ( 'NONE', #106, #680 ) ;
#838 = ORIENTED_EDGE ( 'NONE', *, *, #85, .F. ) ;
#839 = ORIENTED_EDGE ( 'NONE', *, *, #85, .T. ) ;
#840 = AXIS2_PLACEMENT_3D ( 'NONE', #61, #92, #692 ) ;
#841 = EDGE_LOOP ( 'NONE', ( #662, #278, #1102, #212 ) ) ;
#842 = CARTESIAN_POINT ( 'NONE',  ( -39.99714574997886274, -1.500000000000000000, -32.52549915119040946 ) ) ;
#843 = VERTEX_POINT ( 'NONE', #1352 ) ;
#844 = CARTESIAN_POINT ( 'NONE',  ( 1.130925292279002958, -1.500000000000000000, -13.22391958304761239 ) ) ;
#845 = DIRECTION ( 'NONE',  ( -0.000000000000000000, -1.000000000000000000, -0.000000000000000000 ) ) ;
#846 = CARTESIAN_POINT ( 'NONE',  ( 1.130925292279002958, 4.500000000000000888, -40.22391958304761062 ) ) ;
#847 = EDGE_CURVE ( 'NONE', #520, #1478, #140, .T. ) ;
#848 = DIRECTION ( 'NONE',  ( 0.000000000000000000, 0.000000000000000000, 1.000000000000000000 ) ) ;
#849 = ORIENTED_EDGE ( 'NONE', *, *, #207, .T. ) ;
#850 = ORIENTED_EDGE ( 'NONE', *, *, #567, .T. ) ;
#851 = DIRECTION ( 'NONE',  ( 0.000000000000000000, 0.000000000000000000, 1.000000000000000000 ) ) ;
#852 = VERTEX_POINT ( 'NONE', #258 ) ;
#853 = DIRECTION ( 'NONE',  ( 0.000000000000000000, 0.000000000000000000, -1.000000000000000000 ) ) ;
#854 = ORIENTED_EDGE ( 'NONE', *, *, #887, .T. ) ;
#855 = DIRECTION ( 'NONE',  ( -0.5795187626277481518, -0.000000000000000000, -0.8149588969772669778 ) ) ;
#856 = ADVANCED_FACE ( 'NONE', ( #1005 ), #32, .F. ) ;
#857 = EDGE_LOOP ( 'NONE', ( #1238, #294, #569, #379 ) ) ;
#858 = EDGE_CURVE ( 'NONE', #369, #561, #1365, .T. ) ;
#859 = ORIENTED_EDGE ( 'NONE', *, *, #564, .T. ) ;
#860 = DIRECTION ( 'NONE',  ( 0.000000000000000000, 1.000000000000000000, -0.000000000000000000 ) ) ;
#861 = CYLINDRICAL_SURFACE ( 'NONE', #100, 3.000000000000002665 ) ;
#862 = DIRECTION ( 'NONE',  ( -0.000000000000000000, -1.000000000000000000, -0.000000000000000000 ) ) ;
#863 = DIRECTION ( 'NONE',  ( 0.000000000000000000, 0.000000000000000000, 1.000000000000000000 ) ) ;
#864 = EDGE_LOOP ( 'NONE', ( #885, #1133, #1461, #770 ) ) ;
#865 = AXIS2_PLACEMENT_3D ( 'NONE', #94, #88, #310 ) ;
#866 = VECTOR ( 'NONE', #1198, 1000.000000000000227 ) ;
#867 = CIRCLE ( 'NONE', #761, 3.000000000000002665 ) ;
#868 = CIRCLE ( 'NONE', #1060, 5.999999999999998224 ) ;
#869 = EDGE_CURVE ( 'NONE', #457, #1358, #765, .T. ) ;
#870 = AXIS2_PLACEMENT_3D ( 'NONE', #824, #958, #1304 ) ;
#871 = DIRECTION ( 'NONE',  ( 0.000000000000000000, 0.000000000000000000, 1.000000000000000000 ) ) ;
#872 = EDGE_LOOP ( 'NONE', ( #1330, #946, #927, #1362, #129, #878, #816, #302, #200, #1356, #902, #967, #585, #156, #185, #77 ) ) ;
#873 = FACE_OUTER_BOUND ( 'NONE', #1068, .T. ) ;
#874 = DIRECTION ( 'NONE',  ( 0.000000000000000000, 0.000000000000000000, -1.000000000000000000 ) ) ;
#875 = CARTESIAN_POINT ( 'NONE',  ( 28.13092529227900584, 4.500000000000000888, -10.22391958304761772 ) ) ;
#876 = ORIENTED_EDGE ( 'NONE', *, *, #289, .F. ) ;
#877 = DIRECTION ( 'NONE',  ( -0.000000000000000000, -1.000000000000000000, -0.000000000000000000 ) ) ;
#878 = ORIENTED_EDGE ( 'NONE', *, *, #729, .T. ) ;
#879 = EDGE_CURVE ( 'NONE', #905, #280, #51, .T. ) ;
#880 = CARTESIAN_POINT ( 'NONE',  ( 13.13092529227901295, 4.500000000000000888, 54.87608041695239081 ) ) ;
#881 = PLANE ( 'NONE',  #1551 ) ;
#882 = DIRECTION ( 'NONE',  ( -0.000000000000000000, -1.000000000000000000, -0.000000000000000000 ) ) ;
#883 = ORIENTED_EDGE ( 'NONE', *, *, #768, .F. ) ;
#884 = CARTESIAN_POINT ( 'NONE',  ( -15.57427385868435366, 4.500000000000000888, 62.87608041695239081 ) ) ;
#885 = ORIENTED_EDGE ( 'NONE', *, *, #1139, .T. ) ;
#886 = DIRECTION ( 'NONE',  ( -0.000000000000000000, -1.000000000000000000, -0.000000000000000000 ) ) ;
#887 = EDGE_CURVE ( 'NONE', #434, #1227, #157, .T. ) ;
#888 = DIRECTION ( 'NONE',  ( 0.000000000000000000, 0.000000000000000000, 1.000000000000000000 ) ) ;
#889 = VERTEX_POINT ( 'NONE', #163 ) ;
#890 = AXIS2_PLACEMENT_3D ( 'NONE', #1334, #1202, #874 ) ;
#891 = CIRCLE ( 'NONE', #196, 3.000000000000002665 ) ;
#892 = AXIS2_PLACEMENT_3D ( 'NONE', #1540, #314, #425 ) ;
#893 = LINE ( 'NONE', #390, #607 ) ;
#894 = ORIENTED_EDGE ( 'NONE', *, *, #619, .F. ) ;
#895 = AXIS2_PLACEMENT_3D ( 'NONE', #968, #732, #495 ) ;
#896 = CARTESIAN_POINT ( 'NONE',  ( 28.13092529227900584, -1.500000000000000000, -13.22391958304761417 ) ) ;
#897 = ORIENTED_EDGE ( 'NONE', *, *, #1136, .F. ) ;
#898 = EDGE_CURVE ( 'NONE', #434, #724, #1146, .T. ) ;
#899 = DIRECTION ( 'NONE',  ( 0.000000000000000000, 0.000000000000000000, 1.000000000000000000 ) ) ;
#900 = VERTEX_POINT ( 'NONE', #169 ) ;
#901 = CYLINDRICAL_SURFACE ( 'NONE', #708, 2.999999999999999112 ) ;
#902 = ORIENTED_EDGE ( 'NONE', *, *, #108, .T. ) ;
#903 = ADVANCED_FACE ( 'NONE', ( #1147 ), #37, .F. ) ;
#904 = DIRECTION ( 'NONE',  ( 1.000000000000000000, 0.000000000000000000, 0.000000000000000000 ) ) ;
#905 = VERTEX_POINT ( 'NONE', #42 ) ;
#906 = CARTESIAN_POINT ( 'NONE',  ( 17.54792004802065009, 4.500000000000000888, -16.22391958304761772 ) ) ;
#907 = DIRECTION ( 'NONE',  ( -0.8149588969772670888, 0.000000000000000000, 0.5795187626277481518 ) ) ;
#908 = ORIENTED_EDGE ( 'NONE', *, *, #740, .F. ) ;
#909 = DIRECTION ( 'NONE',  ( 0.000000000000000000, 0.000000000000000000, 1.000000000000000000 ) ) ;
#910 = ORIENTED_EDGE ( 'NONE', *, *, #740, .T. ) ;
#911 = ADVANCED_FACE ( 'NONE', ( #1505 ), #901, .F. ) ;
#912 = AXIS2_PLACEMENT_3D ( 'NONE', #259, #618, #489 ) ;
#913 = DIRECTION ( 'NONE',  ( 0.000000000000000000, 1.000000000000000000, 0.000000000000000000 ) ) ;
#914 = LINE ( 'NONE', #572, #549 ) ;
#915 = VERTEX_POINT ( 'NONE', #906 ) ;
#916 = LINE ( 'NONE', #543, #932 ) ;
#917 = CARTESIAN_POINT ( 'NONE',  ( 28.13092529227900584, 4.500000000000000888, -13.22391958304761417 ) ) ;
#918 = ORIENTED_EDGE ( 'NONE', *, *, #1253, .F. ) ;
#919 = EDGE_CURVE ( 'NONE', #87, #34, #605, .T. ) ;
#920 = DIRECTION ( 'NONE',  ( 0.000000000000000000, 0.000000000000000000, -1.000000000000000000 ) ) ;
#921 = LINE ( 'NONE', #1404, #659 ) ;
#922 = ORIENTED_EDGE ( 'NONE', *, *, #217, .F. ) ;
#923 = FACE_BOUND ( 'NONE', #1346, .T. ) ;
#924 = VERTEX_POINT ( 'NONE', #300 ) ;
#925 = DIRECTION ( 'NONE',  ( 0.000000000000000000, 0.000000000000000000, 1.000000000000000000 ) ) ;
#926 = CARTESIAN_POINT ( 'NONE',  ( 1.130925292279002958, -1.500000000000000000, -13.22391958304761239 ) ) ;
#927 = ORIENTED_EDGE ( 'NONE', *, *, #1136, .T. ) ;
#928 = EDGE_CURVE ( 'NONE', #1072, #1159, #1092, .T. ) ;
#929 = CARTESIAN_POINT ( 'NONE',  ( -25.43188250024879693, 4.500000000000000888, -2.259881575670417586 ) ) ;
#930 = EDGE_LOOP ( 'NONE', ( #1510, #713, #447, #763 ) ) ;
#931 = DIRECTION ( 'NONE',  ( -0.000000000000000000, -1.000000000000000000, -0.000000000000000000 ) ) ;
#932 = VECTOR ( 'NONE', #1196, 1000.000000000000000 ) ;
#933 = FACE_OUTER_BOUND ( 'NONE', #267, .T. ) ;
#934 = CIRCLE ( 'NONE', #248, 5.999999999999998224 ) ;
#935 = AXIS2_PLACEMENT_3D ( 'NONE', #1546, #684, #796 ) ;
#936 = AXIS2_PLACEMENT_3D ( 'NONE', #166, #1266, #652 ) ;
#937 = DIRECTION ( 'NONE',  ( -1.000000000000000000, -0.000000000000000000, 1.055752450943286591E-16 ) ) ;
#938 = ORIENTED_EDGE ( 'NONE', *, *, #1562, .F. ) ;
#939 = AXIS2_PLACEMENT_3D ( 'NONE', #896, #264, #1250 ) ;
#940 = PLANE ( 'NONE',  #69 ) ;
#941 = ADVANCED_FACE ( 'NONE', ( #1042 ), #786, .F. ) ;
#942 = PLANE ( 'NONE',  #1010 ) ;
#943 = ORIENTED_EDGE ( 'NONE', *, *, #1366, .T. ) ;
#944 = CARTESIAN_POINT ( 'NONE',  ( 25.89018455153827247, -1.500000000000000000, -23.99327801021422601 ) ) ;
#945 = DIRECTION ( 'NONE',  ( 0.000000000000000000, 0.000000000000000000, 1.000000000000000000 ) ) ;
#946 = ORIENTED_EDGE ( 'NONE', *, *, #596, .T. ) ;
#947 = FACE_BOUND ( 'NONE', #776, .T. ) ;
#948 = DIRECTION ( 'NONE',  ( -0.5795187626277481518, -0.000000000000000000, -0.8149588969772669778 ) ) ;
#949 = EDGE_CURVE ( 'NONE', #1025, #362, #1180, .T. ) ;
#950 = ADVANCED_FACE ( 'NONE', ( #1544 ), #437, .T. ) ;
#951 = DIRECTION ( 'NONE',  ( 0.000000000000000000, 0.000000000000000000, 1.000000000000000000 ) ) ;
#952 = DIRECTION ( 'NONE',  ( 0.000000000000000000, 0.000000000000000000, -1.000000000000000000 ) ) ;
#953 = FACE_OUTER_BOUND ( 'NONE', #375, .T. ) ;
#954 = CARTESIAN_POINT ( 'NONE',  ( 28.13092529227900584, 4.500000000000000888, -13.22391958304761417 ) ) ;
#955 = DIRECTION ( 'NONE',  ( 0.000000000000000000, 1.000000000000000000, 0.000000000000000000 ) ) ;
#956 = DIRECTION ( 'NONE',  ( 0.000000000000000000, 0.000000000000000000, 1.000000000000000000 ) ) ;
#957 = EDGE_CURVE ( 'NONE', #595, #505, #1115, .T. ) ;
#958 = DIRECTION ( 'NONE',  ( -0.000000000000000000, -1.000000000000000000, -0.000000000000000000 ) ) ;
#959 = CYLINDRICAL_SURFACE ( 'NONE', #1013, 5.999999999999984901 ) ;
#960 = VECTOR ( 'NONE', #1047, 1000.000000000000000 ) ;
#961 = DIRECTION ( 'NONE',  ( 0.000000000000000000, 0.000000000000000000, -1.000000000000000000 ) ) ;
#962 = AXIS2_PLACEMENT_3D ( 'NONE', #974, #1462, #1564 ) ;
#963 = CARTESIAN_POINT ( 'NONE',  ( -25.43188250024879693, 4.500000000000000888, 0.8760804169523872531 ) ) ;
#964 = ORIENTED_EDGE ( 'NONE', *, *, #1016, .T. ) ;
#965 = VERTEX_POINT ( 'NONE', #1388 ) ;
#966 = DIRECTION ( 'NONE',  ( 1.269138026879196405E-16, 0.000000000000000000, 1.000000000000000000 ) ) ;
#967 = ORIENTED_EDGE ( 'NONE', *, *, #1063, .T. ) ;
#968 = CARTESIAN_POINT ( 'NONE',  ( 1.130925292279002958, 4.500000000000000888, -13.22391958304761239 ) ) ;
#969 = FACE_BOUND ( 'NONE', #1336, .T. ) ;
#970 = ADVANCED_FACE ( 'NONE', ( #1408 ), #312, .T. ) ;
#971 = DIRECTION ( 'NONE',  ( -0.000000000000000000, -1.000000000000000000, -0.000000000000000000 ) ) ;
#972 = ORIENTED_EDGE ( 'NONE', *, *, #108, .F. ) ;
#973 = ORIENTED_EDGE ( 'NONE', *, *, #1366, .F. ) ;
#974 = CARTESIAN_POINT ( 'NONE',  ( 16.13092529227900229, -1.500000000000000000, 27.67608041695238441 ) ) ;
#975 =( NAMED_UNIT ( * ) PLANE_ANGLE_UNIT ( ) SI_UNIT ( $, .RADIAN. ) );
#976 = LINE ( 'NONE', #483, #1037 ) ;
#977 = LINE ( 'NONE', #472, #1442 ) ;
#978 = CARTESIAN_POINT ( 'NONE',  ( 17.54792004802064298, 4.500000000000000888, -10.22391958304761417 ) ) ;
#979 = VERTEX_POINT ( 'NONE', #201 ) ;
#980 = EDGE_CURVE ( 'NONE', #707, #520, #547, .T. ) ;
#981 = CYLINDRICAL_SURFACE ( 'NONE', #1217, 5.999999999999994671 ) ;
#982 = ORIENTED_EDGE ( 'NONE', *, *, #1107, .T. ) ;
#983 = CARTESIAN_POINT ( 'NONE',  ( 22.85514418148230931, 4.500000000000000888, 59.83643110837326162 ) ) ;
#984 = FACE_OUTER_BOUND ( 'NONE', #598, .T. ) ;
#985 = AXIS2_PLACEMENT_3D ( 'NONE', #186, #1395, #558 ) ;
#986 = DIRECTION ( 'NONE',  ( 0.000000000000000000, 1.000000000000000000, 0.000000000000000000 ) ) ;
#987 = ORIENTED_EDGE ( 'NONE', *, *, #160, .F. ) ;
#988 = VECTOR ( 'NONE', #1353, 1000.000000000000000 ) ;
#989 = VECTOR ( 'NONE', #993, 1000.000000000000000 ) ;
#990 = LINE ( 'NONE', #39, #1190 ) ;
#991 = CARTESIAN_POINT ( 'NONE',  ( -14.46547811456011523, -1.500000000000000000, -61.12391958304759498 ) ) ;
#992 = CARTESIAN_POINT ( 'NONE',  ( -39.99714574997886274, 4.500000000000000888, -32.52549915119040946 ) ) ;
#993 = DIRECTION ( 'NONE',  ( -0.000000000000000000, -1.000000000000000000, -0.000000000000000000 ) ) ;
#994 = ORIENTED_EDGE ( 'NONE', *, *, #847, .F. ) ;
#995 = FACE_OUTER_BOUND ( 'NONE', #254, .T. ) ;
#996 = ORIENTED_EDGE ( 'NONE', *, *, #29, .T. ) ;
#997 = EDGE_CURVE ( 'NONE', #1156, #1434, #540, .T. ) ;
#998 = DIRECTION ( 'NONE',  ( 1.000000000000000000, 0.000000000000000000, 0.000000000000000000 ) ) ;
#999 = CARTESIAN_POINT ( 'NONE',  ( 25.55092529227901110, 4.500000000000000888, 1.317804015820430497 ) ) ;
#1000 = PRESENTATION_STYLE_ASSIGNMENT (( #1376 ) ) ;
#1001 = ORIENTED_EDGE ( 'NONE', *, *, #1277, .T. ) ;
#1002 = CYLINDRICAL_SURFACE ( 'NONE', #1475, 10.99999999999999289 ) ;
#1003 = ORIENTED_EDGE ( 'NONE', *, *, #575, .T. ) ;
#1004 = EDGE_CURVE ( 'NONE', #280, #159, #180, .T. ) ;
#1005 = FACE_OUTER_BOUND ( 'NONE', #404, .T. ) ;
#1006 = CARTESIAN_POINT ( 'NONE',  ( 13.13092529227901295, 4.500000000000000888, 54.87608041695239081 ) ) ;
#1007 = ORIENTED_EDGE ( 'NONE', *, *, #1539, .T. ) ;
#1008 = AXIS2_PLACEMENT_3D ( 'NONE', #119, #733, #1225 ) ;
#1009 = ORIENTED_EDGE ( 'NONE', *, *, #207, .F. ) ;
#1010 = AXIS2_PLACEMENT_3D ( 'NONE', #1427, #249, #1435 ) ;
#1011 = LINE ( 'NONE', #1129, #1580 ) ;
#1012 = ORIENTED_EDGE ( 'NONE', *, *, #337, .F. ) ;
#1013 = AXIS2_PLACEMENT_3D ( 'NONE', #11, #3, #952 ) ;
#1014 = AXIS2_PLACEMENT_3D ( 'NONE', #844, #470, #1429 ) ;
#1015 = DIRECTION ( 'NONE',  ( 0.000000000000000000, 1.000000000000000000, 0.000000000000000000 ) ) ;
#1016 = EDGE_CURVE ( 'NONE', #391, #773, #781, .T. ) ;
#1017 = PRODUCT_DEFINITION_SHAPE ( 'NONE', 'NONE',  #1314 ) ;
#1018 = FACE_OUTER_BOUND ( 'NONE', #651, .T. ) ;
#1019 = ORIENTED_EDGE ( 'NONE', *, *, #887, .F. ) ;
#1020 = EDGE_CURVE ( 'NONE', #204, #1513, #323, .T. ) ;
#1021 = DIRECTION ( 'NONE',  ( 0.000000000000000000, 1.000000000000000000, 0.000000000000000000 ) ) ;
#1022 = ORIENTED_EDGE ( 'NONE', *, *, #669, .T. ) ;
#1023 = FACE_OUTER_BOUND ( 'NONE', #1062, .T. ) ;
#1024 = DIRECTION ( 'NONE',  ( -0.000000000000000000, -1.000000000000000000, -0.000000000000000000 ) ) ;
#1025 = VERTEX_POINT ( 'NONE', #1036 ) ;
#1026 = CARTESIAN_POINT ( 'NONE',  ( -10.86907470772098705, 4.500000000000000888, 51.87608041695239081 ) ) ;
#1027 = ORIENTED_EDGE ( 'NONE', *, *, #246, .F. ) ;
#1028 = CARTESIAN_POINT ( 'NONE',  ( -14.46547811456011523, 4.500000000000000888, -61.12391958304759498 ) ) ;
#1029 = UNCERTAINTY_MEASURE_WITH_UNIT (LENGTH_MEASURE( 1.000000000000000082E-05 ), #1369, 'distance_accuracy_value', 'NONE');
#1030 = CARTESIAN_POINT ( 'NONE',  ( -15.57427385868438563, -1.500000000000000000, 62.87608041695237659 ) ) ;
#1031 = VERTEX_POINT ( 'NONE', #1028 ) ;
#1032 = LINE ( 'NONE', #1185, #449 ) ;
#1033 = DIRECTION ( 'NONE',  ( -0.000000000000000000, -1.000000000000000000, -0.000000000000000000 ) ) ;
#1034 = ORIENTED_EDGE ( 'NONE', *, *, #370, .F. ) ;
#1035 = VECTOR ( 'NONE', #948, 1000.000000000000000 ) ;
#1036 = CARTESIAN_POINT ( 'NONE',  ( 22.85514418148230931, 4.500000000000000888, 59.83643110837326162 ) ) ;
#1037 = VECTOR ( 'NONE', #1316, 1000.000000000000000 ) ;
#1038 = DIRECTION ( 'NONE',  ( 0.000000000000000000, 1.000000000000000000, 0.000000000000000000 ) ) ;
#1039 = ORIENTED_EDGE ( 'NONE', *, *, #281, .T. ) ;
#1040 = FACE_BOUND ( 'NONE', #389, .T. ) ;
#1041 = VERTEX_POINT ( 'NONE', #208 ) ;
#1042 = FACE_OUTER_BOUND ( 'NONE', #1493, .T. ) ;
#1043 = ADVANCED_FACE ( 'NONE', ( #696 ), #192, .T. ) ;
#1044 =( NAMED_UNIT ( * ) SI_UNIT ( $, .STERADIAN. ) SOLID_ANGLE_UNIT ( ) );
#1045 = CARTESIAN_POINT ( 'NONE',  ( 41.13092529227900229, -1.500000000000000000, -28.97334206133970014 ) ) ;
#1046 = ORIENTED_EDGE ( 'NONE', *, *, #537, .F. ) ;
#1047 = DIRECTION ( 'NONE',  ( -0.000000000000000000, -1.000000000000000000, -0.000000000000000000 ) ) ;
#1048 = ORIENTED_EDGE ( 'NONE', *, *, #412, .T. ) ;
#1049 = CARTESIAN_POINT ( 'NONE',  ( -15.31439487110415776, -1.500000000000000000, -10.22391958304761417 ) ) ;
#1050 = ADVANCED_FACE ( 'NONE', ( #1023 ), #306, .F. ) ;
#1051 = DIRECTION ( 'NONE',  ( 0.000000000000000000, 0.000000000000000000, -1.000000000000000000 ) ) ;
#1052 = ORIENTED_EDGE ( 'NONE', *, *, #281, .F. ) ;
#1053 = ADVANCED_FACE ( 'NONE', ( #416 ), #665, .F. ) ;
#1054 = DIRECTION ( 'NONE',  ( 0.000000000000000000, 1.000000000000000000, -0.000000000000000000 ) ) ;
#1055 = AXIS2_PLACEMENT_3D ( 'NONE', #723, #1077, #124 ) ;
#1056 = CIRCLE ( 'NONE', #1264, 5.999999999999984901 ) ;
#1057 = SURFACE_STYLE_USAGE ( .BOTH. , #1298 ) ;
#1058 = CIRCLE ( 'NONE', #123, 24.00000000000000355 ) ;
#1059 = CIRCLE ( 'NONE', #787, 5.999999999999994671 ) ;
#1060 = AXIS2_PLACEMENT_3D ( 'NONE', #1433, #545, #1279 ) ;
#1061 = DIRECTION ( 'NONE',  ( 0.000000000000000000, 1.000000000000000000, -0.000000000000000000 ) ) ;
#1062 = EDGE_LOOP ( 'NONE', ( #1350, #854, #1288, #27 ) ) ;
#1063 = EDGE_CURVE ( 'NONE', #843, #924, #1331, .T. ) ;
#1064 = CIRCLE ( 'NONE', #601, 5.999999999999998224 ) ;
#1065 = DIRECTION ( 'NONE',  ( 0.000000000000000000, 0.000000000000000000, -1.000000000000000000 ) ) ;
#1066 = CARTESIAN_POINT ( 'NONE',  ( -15.57427385868438563, 4.500000000000000888, 62.87608041695237659 ) ) ;
#1067 = EDGE_CURVE ( 'NONE', #688, #121, #1552, .T. ) ;
#1068 = EDGE_LOOP ( 'NONE', ( #239, #509, #1321, #1199 ) ) ;
#1069 = CARTESIAN_POINT ( 'NONE',  ( -19.17074136429023667, -1.500000000000000000, -58.84688852607402509 ) ) ;
#1070 =( NAMED_UNIT ( * ) PLANE_ANGLE_UNIT ( ) SI_UNIT ( $, .RADIAN. ) );
#1071 = DIRECTION ( 'NONE',  ( -0.000000000000000000, -1.000000000000000000, -0.000000000000000000 ) ) ;
#1072 = VERTEX_POINT ( 'NONE', #714 ) ;
#1073 = DIRECTION ( 'NONE',  ( 0.000000000000000000, 0.000000000000000000, 1.000000000000000000 ) ) ;
#1074 = DIRECTION ( 'NONE',  ( 0.000000000000000000, 0.000000000000000000, -1.000000000000000000 ) ) ;
#1075 = EDGE_CURVE ( 'NONE', #1478, #1177, #808, .T. ) ;
#1076 = VERTEX_POINT ( 'NONE', #336 ) ;
#1077 = DIRECTION ( 'NONE',  ( 0.000000000000000000, 0.000000000000000000, 1.000000000000000000 ) ) ;
#1078 = ORIENTED_EDGE ( 'NONE', *, *, #1098, .F. ) ;
#1079 = CARTESIAN_POINT ( 'NONE',  ( 21.42495515533564543, -1.500000000000000000, -58.60103215881406413 ) ) ;
#1080 = LINE ( 'NONE', #1575, #580 ) ;
#1081 = LINE ( 'NONE', #752, #424 ) ;
#1082 = CARTESIAN_POINT ( 'NONE',  ( 28.13092529227900584, -1.500000000000000000, -13.22391958304761417 ) ) ;
#1083 = EDGE_LOOP ( 'NONE', ( #1027, #735, #1306, #849 ) ) ;
#1084 = VERTEX_POINT ( 'NONE', #1087 ) ;
#1085 = ORIENTED_EDGE ( 'NONE', *, *, #980, .T. ) ;
#1086 = PRODUCT_RELATED_PRODUCT_CATEGORY ( 'part', '', ( #405 ) ) ;
#1087 = CARTESIAN_POINT ( 'NONE',  ( -41.29188250024879636, -1.500000000000000000, -28.80253020816391185 ) ) ;
#1088 = ORIENTED_EDGE ( 'NONE', *, *, #666, .F. ) ;
#1089 = CARTESIAN_POINT ( 'NONE',  ( 28.13092529227900584, -1.500000000000000000, -16.22391958304761417 ) ) ;
#1090 = AXIS2_PLACEMENT_3D ( 'NONE', #1414, #318, #1335 ) ;
#1091 = FACE_BOUND ( 'NONE', #589, .T. ) ;
#1092 = CIRCLE ( 'NONE', #95, 8.781403896263899611 ) ;
#1093 = CIRCLE ( 'NONE', #373, 6.000000000000008882 ) ;
#1094 = DIRECTION ( 'NONE',  ( -0.000000000000000000, -1.000000000000000000, -0.000000000000000000 ) ) ;
#1095 = ORIENTED_EDGE ( 'NONE', *, *, #557, .F. ) ;
#1096 = AXIS2_PLACEMENT_3D ( 'NONE', #584, #825, #1463 ) ;
#1097 = DIRECTION ( 'NONE',  ( -0.000000000000000000, -1.000000000000000000, -0.000000000000000000 ) ) ;
#1098 = EDGE_CURVE ( 'NONE', #1159, #1283, #1058, .T. ) ;
#1099 = FACE_OUTER_BOUND ( 'NONE', #53, .T. ) ;
#1100 = ORIENTED_EDGE ( 'NONE', *, *, #181, .T. ) ;
#1101 = DIRECTION ( 'NONE',  ( -0.000000000000000000, -1.000000000000000000, -0.000000000000000000 ) ) ;
#1102 = ORIENTED_EDGE ( 'NONE', *, *, #774, .T. ) ;
#1103 = CARTESIAN_POINT ( 'NONE',  ( 40.02067867414259439, 4.500000000000000888, -32.45045463710622613 ) ) ;
#1104 = ORIENTED_EDGE ( 'NONE', *, *, #1179, .F. ) ;
#1105 = FACE_OUTER_BOUND ( 'NONE', #1431, .T. ) ;
#1106 = CARTESIAN_POINT ( 'NONE',  ( 22.85514418148230931, -1.500000000000000000, 59.83643110837326162 ) ) ;
#1107 = EDGE_CURVE ( 'NONE', #645, #979, #1339, .T. ) ;
#1108 = CYLINDRICAL_SURFACE ( 'NONE', #398, 24.00000000000000000 ) ;
#1109 = ORIENTED_EDGE ( 'NONE', *, *, #1195, .T. ) ;
#1110 = DIRECTION ( 'NONE',  ( -0.000000000000000000, -1.000000000000000000, -0.000000000000000000 ) ) ;
#1111 = ORIENTED_EDGE ( 'NONE', *, *, #629, .T. ) ;
#1112 =( LENGTH_UNIT ( ) NAMED_UNIT ( * ) SI_UNIT ( .MILLI., .METRE. ) );
#1113 = DIRECTION ( 'NONE',  ( -0.000000000000000000, -1.000000000000000000, -0.000000000000000000 ) ) ;
#1114 = DIRECTION ( 'NONE',  ( 0.6204948238377419045, 0.000000000000000000, -0.7842105416216805791 ) ) ;
#1115 = CIRCLE ( 'NONE', #630, 5.999999999999984901 ) ;
#1116 = DIRECTION ( 'NONE',  ( 0.000000000000000000, 1.000000000000000000, 0.000000000000000000 ) ) ;
#1117 = ORIENTED_EDGE ( 'NONE', *, *, #133, .T. ) ;
#1118 = AXIS2_PLACEMENT_3D ( 'NONE', #954, #1477, #1073 ) ;
#1119 = CIRCLE ( 'NONE', #579, 3.000000000000002665 ) ;
#1120 = ADVANCED_FACE ( 'NONE', ( #454 ), #942, .F. ) ;
#1121 = COLOUR_RGB ( '',0.7803921568627451011, 0.7607843137254901578, 0.7411764705882353255 ) ;
#1122 = CARTESIAN_POINT ( 'NONE',  ( -25.86907470772099416, 4.500000000000000888, -13.22391958304761062 ) ) ;
#1123 = EDGE_LOOP ( 'NONE', ( #1553, #1453, #531, #1412 ) ) ;
#1124 = DIRECTION ( 'NONE',  ( 0.000000000000000000, 0.000000000000000000, 1.000000000000000000 ) ) ;
#1125 = CARTESIAN_POINT ( 'NONE',  ( 16.13092529227900229, 4.500000000000000888, 3.676080416952383967 ) ) ;
#1126 = FILL_AREA_STYLE ('',( #388 ) ) ;
#1127 = ORIENTED_EDGE ( 'NONE', *, *, #1174, .T. ) ;
#1128 = ADVANCED_FACE ( 'NONE', ( #742 ), #1212, .F. ) ;
#1129 = CARTESIAN_POINT ( 'NONE',  ( -25.86907470772099416, 4.500000000000000888, -10.22391958304761417 ) ) ;
#1130 = ORIENTED_EDGE ( 'NONE', *, *, #1067, .T. ) ;
#1131 = CARTESIAN_POINT ( 'NONE',  ( 16.13092529227900584, 4.500000000000000888, 44.67608041695238086 ) ) ;
#1132 = DIRECTION ( 'NONE',  ( 0.5795187626277481518, 0.000000000000000000, 0.8149588969772670888 ) ) ;
#1133 = ORIENTED_EDGE ( 'NONE', *, *, #1536, .F. ) ;
#1134 = DIRECTION ( 'NONE',  ( 0.000000000000000000, 1.000000000000000000, 0.000000000000000000 ) ) ;
#1135 = ORIENTED_EDGE ( 'NONE', *, *, #1508, .T. ) ;
#1136 = EDGE_CURVE ( 'NONE', #517, #344, #574, .T. ) ;
#1137 = ADVANCED_BREP_SHAPE_REPRESENTATION ( 'Base Plate', ( #408, #315 ), #224 ) ;
#1138 = LINE ( 'NONE', #279, #1584 ) ;
#1139 = EDGE_CURVE ( 'NONE', #1177, #671, #571, .T. ) ;
#1140 = DIRECTION ( 'NONE',  ( 0.000000000000000000, 0.000000000000000000, -1.000000000000000000 ) ) ;
#1141 = ORIENTED_EDGE ( 'NONE', *, *, #1285, .F. ) ;
#1142 = AXIS2_PLACEMENT_3D ( 'NONE', #1534, #1542, #1065 ) ;
#1143 = CIRCLE ( 'NONE', #712, 3.000000000000002665 ) ;
#1144 = DIRECTION ( 'NONE',  ( -0.000000000000000000, -1.000000000000000000, -0.000000000000000000 ) ) ;
#1145 = ORIENTED_EDGE ( 'NONE', *, *, #1468, .T. ) ;
#1146 = CIRCLE ( 'NONE', #1347, 3.000000000000002665 ) ;
#1147 = FACE_OUTER_BOUND ( 'NONE', #263, .T. ) ;
#1148 = ADVANCED_FACE ( 'NONE', ( #1572 ), #609, .F. ) ;
#1149 = ORIENTED_EDGE ( 'NONE', *, *, #1182, .F. ) ;
#1150 = FACE_OUTER_BOUND ( 'NONE', #563, .T. ) ;
#1151 = VERTEX_POINT ( 'NONE', #109 ) ;
#1152 = DIRECTION ( 'NONE',  ( 0.000000000000000000, 0.000000000000000000, -1.000000000000000000 ) ) ;
#1153 = CARTESIAN_POINT ( 'NONE',  ( 28.13092529227900584, 4.500000000000000888, -10.22391958304761772 ) ) ;
#1154 = ORIENTED_EDGE ( 'NONE', *, *, #319, .F. ) ;
#1155 = DIRECTION ( 'NONE',  ( 0.000000000000000000, 1.000000000000000000, 0.000000000000000000 ) ) ;
#1156 = VERTEX_POINT ( 'NONE', #1 ) ;
#1157 = DIRECTION ( 'NONE',  ( -0.000000000000000000, -1.000000000000000000, -0.000000000000000000 ) ) ;
#1158 = DIRECTION ( 'NONE',  ( 0.000000000000000000, 0.000000000000000000, 1.000000000000000000 ) ) ;
#1159 = VERTEX_POINT ( 'NONE', #1581 ) ;
#1160 = CARTESIAN_POINT ( 'NONE',  ( 35.13092529227901650, 4.500000000000000888, 26.03456553773649773 ) ) ;
#1161 = VECTOR ( 'NONE', #253, 1000.000000000000000 ) ;
#1162 = AXIS2_PLACEMENT_3D ( 'NONE', #89, #1531, #920 ) ;
#1163 = CARTESIAN_POINT ( 'NONE',  ( -41.29188250024878926, 4.500000000000000888, 25.87153799362128836 ) ) ;
#1164 = ORIENTED_EDGE ( 'NONE', *, *, #648, .T. ) ;
#1165 = CIRCLE ( 'NONE', #376, 3.000000000000002665 ) ;
#1166 = VECTOR ( 'NONE', #383, 1000.000000000000000 ) ;
#1167 = DIRECTION ( 'NONE',  ( 0.000000000000000000, 0.000000000000000000, -1.000000000000000000 ) ) ;
#1168 = AXIS2_PLACEMENT_3D ( 'NONE', #643, #386, #1381 ) ;
#1169 = CIRCLE ( 'NONE', #529, 16.99999999999999645 ) ;
#1170 = DIRECTION ( 'NONE',  ( -0.000000000000000000, -1.000000000000000000, -0.000000000000000000 ) ) ;
#1171 = ORIENTED_EDGE ( 'NONE', *, *, #640, .T. ) ;
#1172 = CARTESIAN_POINT ( 'NONE',  ( -9.369074707721004813, 4.500000000000000888, -58.00548546092866786 ) ) ;
#1173 = EDGE_LOOP ( 'NONE', ( #14, #1009, #850, #1255 ) ) ;
#1174 = EDGE_CURVE ( 'NONE', #731, #979, #501, .T. ) ;
#1175 = DIRECTION ( 'NONE',  ( -0.000000000000000000, -1.000000000000000000, -0.000000000000000000 ) ) ;
#1176 = DIRECTION ( 'NONE',  ( 0.000000000000000000, 0.000000000000000000, 1.000000000000000000 ) ) ;
#1177 = VERTEX_POINT ( 'NONE', #1069 ) ;
#1178 = LINE ( 'NONE', #442, #709 ) ;
#1179 = EDGE_CURVE ( 'NONE', #1358, #889, #1391, .T. ) ;
#1180 = LINE ( 'NONE', #794, #147 ) ;
#1181 = CARTESIAN_POINT ( 'NONE',  ( -25.86907470772099416, -1.500000000000000000, -13.22391958304761062 ) ) ;
#1182 = EDGE_CURVE ( 'NONE', #344, #1501, #481, .T. ) ;
#1183 = CARTESIAN_POINT ( 'NONE',  ( -25.43188250024879693, 4.500000000000000888, 27.67608041695238441 ) ) ;
#1184 = ORIENTED_EDGE ( 'NONE', *, *, #1491, .F. ) ;
#1185 = CARTESIAN_POINT ( 'NONE',  ( 40.34976843839901051, 4.500000000000000888, 28.99491622915741473 ) ) ;
#1186 = ORIENTED_EDGE ( 'NONE', *, *, #1063, .F. ) ;
#1187 = VECTOR ( 'NONE', #1097, 1000.000000000000000 ) ;
#1188 = CARTESIAN_POINT ( 'NONE',  ( 17.63630103536225846, 4.500000000000000888, 62.87608041695239081 ) ) ;
#1189 = DIRECTION ( 'NONE',  ( 0.000000000000000000, 0.000000000000000000, 1.000000000000000000 ) ) ;
#1190 = VECTOR ( 'NONE', #877, 1000.000000000000000 ) ;
#1191 = CIRCLE ( 'NONE', #840, 4.000000000000000888 ) ;
#1192 = AXIS2_PLACEMENT_3D ( 'NONE', #670, #1155, #830 ) ;
#1193 = DIRECTION ( 'NONE',  ( -1.000000000000000000, -0.000000000000000000, -0.000000000000000000 ) ) ;
#1194 = ORIENTED_EDGE ( 'NONE', *, *, #610, .T. ) ;
#1195 = EDGE_CURVE ( 'NONE', #59, #1434, #1343, .T. ) ;
#1196 = DIRECTION ( 'NONE',  ( -0.000000000000000000, -1.000000000000000000, -0.000000000000000000 ) ) ;
#1197 = CYLINDRICAL_SURFACE ( 'NONE', #577, 5.999999999999998224 ) ;
#1198 = DIRECTION ( 'NONE',  ( -0.6204948238377417935, -0.000000000000000000, 0.7842105416216806901 ) ) ;
#1199 = ORIENTED_EDGE ( 'NONE', *, *, #1107, .F. ) ;
#1200 = DIRECTION ( 'NONE',  ( 0.000000000000000000, 0.000000000000000000, -1.000000000000000000 ) ) ;
#1201 = DIRECTION ( 'NONE',  ( -0.000000000000000000, -1.000000000000000000, -0.000000000000000000 ) ) ;
#1202 = DIRECTION ( 'NONE',  ( -0.000000000000000000, -1.000000000000000000, -0.000000000000000000 ) ) ;
#1203 = CARTESIAN_POINT ( 'NONE',  ( -9.369074707721004813, 4.500000000000000888, -55.00548546092866076 ) ) ;
#1204 = VERTEX_POINT ( 'NONE', #357 ) ;
#1205 = VERTEX_POINT ( 'NONE', #1188 ) ;
#1206 = CARTESIAN_POINT ( 'NONE',  ( 13.13092529227901295, -1.500000000000000000, 54.87608041695239081 ) ) ;
#1207 = DIRECTION ( 'NONE',  ( 0.000000000000000000, 0.000000000000000000, 1.000000000000000000 ) ) ;
#1208 = DIRECTION ( 'NONE',  ( -0.4933917819034833174, 0.000000000000000000, 0.8698071910200014800 ) ) ;
#1209 = CARTESIAN_POINT ( 'NONE',  ( -9.369074707721004813, -1.500000000000000000, -55.00548546092866076 ) ) ;
#1210 = ORIENTED_EDGE ( 'NONE', *, *, #919, .F. ) ;
#1211 = EDGE_CURVE ( 'NONE', #1041, #1072, #487, .T. ) ;
#1212 = PLANE ( 'NONE',  #1055 ) ;
#1213 = LINE ( 'NONE', #1450, #75 ) ;
#1214 = CARTESIAN_POINT ( 'NONE',  ( -10.86907470772098705, -1.500000000000000000, 51.87608041695239081 ) ) ;
#1215 = AXIS2_PLACEMENT_3D ( 'NONE', #1289, #931, #1167 ) ;
#1216 = CIRCLE ( 'NONE', #935, 3.000000000000002665 ) ;
#1217 = AXIS2_PLACEMENT_3D ( 'NONE', #1469, #374, #1074 ) ;
#1218 = CARTESIAN_POINT ( 'NONE',  ( 21.42495515533564543, 4.500000000000000888, -58.60103215881406413 ) ) ;
#1219 = ORIENTED_EDGE ( 'NONE', *, *, #1536, .T. ) ;
#1220 = AXIS2_PLACEMENT_3D ( 'NONE', #999, #393, #625 ) ;
#1221 = DIRECTION ( 'NONE',  ( 0.000000000000000000, 1.000000000000000000, -0.000000000000000000 ) ) ;
#1222 = ORIENTED_EDGE ( 'NONE', *, *, #392, .T. ) ;
#1223 = EDGE_CURVE ( 'NONE', #1283, #1355, #173, .T. ) ;
#1224 = LINE ( 'NONE', #134, #153 ) ;
#1225 = DIRECTION ( 'NONE',  ( 0.000000000000000000, 0.000000000000000000, 1.000000000000000000 ) ) ;
#1226 = LINE ( 'NONE', #1568, #146 ) ;
#1227 = VERTEX_POINT ( 'NONE', #769 ) ;
#1228 = CARTESIAN_POINT ( 'NONE',  ( 24.44143409434096981, -1.500000000000000000, 5.160853492693973976 ) ) ;
#1229 = EDGE_LOOP ( 'NONE', ( #1332, #964, #685, #1520 ) ) ;
#1230 = ADVANCED_FACE ( 'NONE', ( #995 ), #277, .F. ) ;
#1231 = DIRECTION ( 'NONE',  ( -0.000000000000000000, -1.000000000000000000, -0.000000000000000000 ) ) ;
#1232 = CYLINDRICAL_SURFACE ( 'NONE', #912, 17.00000000000000000 ) ;
#1233 = APPLICATION_CONTEXT ( 'automotive_design' ) ;
#1234 = EDGE_CURVE ( 'NONE', #1151, #162, #1503, .T. ) ;
#1235 = LINE ( 'NONE', #142, #1476 ) ;
#1236 = ORIENTED_EDGE ( 'NONE', *, *, #1582, .T. ) ;
#1237 = CARTESIAN_POINT ( 'NONE',  ( 11.63092529227899696, 4.500000000000000888, -58.00548546092866786 ) ) ;
#1238 = ORIENTED_EDGE ( 'NONE', *, *, #919, .T. ) ;
#1239 = CARTESIAN_POINT ( 'NONE',  ( -25.86907470772099416, 4.500000000000000888, -13.22391958304761062 ) ) ;
#1240 = FACE_OUTER_BOUND ( 'NONE', #864, .T. ) ;
#1241 = VECTOR ( 'NONE', #855, 1000.000000000000000 ) ;
#1242 = AXIS2_PLACEMENT_3D ( 'NONE', #771, #656, #649 ) ;
#1243 = CARTESIAN_POINT ( 'NONE',  ( -25.86907470772099416, 4.500000000000000888, -10.22391958304761417 ) ) ;
#1244 = ORIENTED_EDGE ( 'NONE', *, *, #1514, .F. ) ;
#1245 = ADVANCED_FACE ( 'NONE', ( #641 ), #615, .F. ) ;
#1246 = AXIS2_PLACEMENT_3D ( 'NONE', #86, #698, #1051 ) ;
#1247 = AXIS2_PLACEMENT_3D ( 'NONE', #1400, #1021, #64 ) ;
#1248 = DIRECTION ( 'NONE',  ( -0.000000000000000000, -1.000000000000000000, -0.000000000000000000 ) ) ;
#1249 = ORIENTED_EDGE ( 'NONE', *, *, #795, .T. ) ;
#1250 = DIRECTION ( 'NONE',  ( 0.000000000000000000, 0.000000000000000000, 1.000000000000000000 ) ) ;
#1251 = CYLINDRICAL_SURFACE ( 'NONE', #606, 5.999999999999998224 ) ;
#1252 = ORIENTED_EDGE ( 'NONE', *, *, #869, .F. ) ;
#1253 = EDGE_CURVE ( 'NONE', #397, #668, #1011, .T. ) ;
#1254 = CARTESIAN_POINT ( 'NONE',  ( -40.35477980328513326, 4.500000000000000888, 29.09133160484975633 ) ) ;
#1255 = ORIENTED_EDGE ( 'NONE', *, *, #199, .T. ) ;
#1256 = CARTESIAN_POINT ( 'NONE',  ( 17.54792004802065009, -1.500000000000000000, -16.22391958304761772 ) ) ;
#1257 = DIRECTION ( 'NONE',  ( 0.000000000000000000, 0.000000000000000000, -1.000000000000000000 ) ) ;
#1258 = EDGE_LOOP ( 'NONE', ( #305, #31, #245, #1300 ) ) ;
#1259 = LINE ( 'NONE', #1528, #503 ) ;
#1260 = ORIENTED_EDGE ( 'NONE', *, *, #57, .F. ) ;
#1261 = CARTESIAN_POINT ( 'NONE',  ( 11.63092529227899696, 4.500000000000000888, -55.00548546092866076 ) ) ;
#1262 = CARTESIAN_POINT ( 'NONE',  ( 21.42495515533564543, 4.500000000000000888, -58.60103215881406413 ) ) ;
#1263 = ORIENTED_EDGE ( 'NONE', *, *, #1514, .T. ) ;
#1264 = AXIS2_PLACEMENT_3D ( 'NONE', #13, #260, #1327 ) ;
#1265 = AXIS2_PLACEMENT_3D ( 'NONE', #33, #1024, #1257 ) ;
#1266 = DIRECTION ( 'NONE',  ( -0.000000000000000000, -1.000000000000000000, -0.000000000000000000 ) ) ;
#1267 = EDGE_LOOP ( 'NONE', ( #1210, #461, #1088, #664, #1154 ) ) ;
#1268 = CIRCLE ( 'NONE', #479, 3.000000000000002665 ) ;
#1269 = DIRECTION ( 'NONE',  ( -0.000000000000000000, -1.000000000000000000, -0.000000000000000000 ) ) ;
#1270 = DIRECTION ( 'NONE',  ( 0.000000000000000000, 0.000000000000000000, 1.000000000000000000 ) ) ;
#1271 = ORIENTED_EDGE ( 'NONE', *, *, #1253, .T. ) ;
#1272 = DIRECTION ( 'NONE',  ( 0.000000000000000000, 0.000000000000000000, 1.000000000000000000 ) ) ;
#1273 = ORIENTED_EDGE ( 'NONE', *, *, #412, .F. ) ;
#1274 = CARTESIAN_POINT ( 'NONE',  ( -16.65047860398489377, -1.500000000000000000, 27.67608041695238441 ) ) ;
#1275 = CARTESIAN_POINT ( 'NONE',  ( -41.29188250024879636, -1.500000000000000000, -28.80253020816391540 ) ) ;
#1276 = ORIENTED_EDGE ( 'NONE', *, *, #257, .F. ) ;
#1277 = EDGE_CURVE ( 'NONE', #1204, #645, #891, .T. ) ;
#1278 = DIRECTION ( 'NONE',  ( -0.000000000000000000, -1.000000000000000000, -0.000000000000000000 ) ) ;
#1279 = DIRECTION ( 'NONE',  ( 0.000000000000000000, 0.000000000000000000, 1.000000000000000000 ) ) ;
#1280 = ORIENTED_EDGE ( 'NONE', *, *, #217, .T. ) ;
#1281 = DIRECTION ( 'NONE',  ( 0.4933917819034832619, -0.000000000000000000, -0.8698071910200015910 ) ) ;
#1282 = CARTESIAN_POINT ( 'NONE',  ( 28.13092529227900584, 4.500000000000000888, -13.22391958304761417 ) ) ;
#1283 = VERTEX_POINT ( 'NONE', #1486 ) ;
#1284 = CARTESIAN_POINT ( 'NONE',  ( -14.46547811456014010, 4.500000000000000888, -55.12391958304759498 ) ) ;
#1285 = EDGE_CURVE ( 'NONE', #1570, #457, #737, .T. ) ;
#1286 = CIRCLE ( 'NONE', #1008, 10.97275108865074245 ) ;
#1287 = AXIS2_PLACEMENT_3D ( 'NONE', #60, #1518, #422 ) ;
#1288 = ORIENTED_EDGE ( 'NONE', *, *, #610, .F. ) ;
#1289 = CARTESIAN_POINT ( 'NONE',  ( 35.13092529227900940, 4.500000000000000888, -28.97334206133972145 ) ) ;
#1290 = AXIS2_PLACEMENT_3D ( 'NONE', #52, #459, #799 ) ;
#1291 = LINE ( 'NONE', #1446, #1449 ) ;
#1292 = DIRECTION ( 'NONE',  ( 0.000000000000000000, 1.000000000000000000, 0.000000000000000000 ) ) ;
#1293 = ORIENTED_EDGE ( 'NONE', *, *, #957, .T. ) ;
#1294 = FACE_BOUND ( 'NONE', #308, .T. ) ;
#1295 = EDGE_CURVE ( 'NONE', #143, #369, #934, .T. ) ;
#1296 = VERTEX_POINT ( 'NONE', #406 ) ;
#1297 = CARTESIAN_POINT ( 'NONE',  ( -10.86907470772098705, 4.500000000000000888, 57.87608041695239081 ) ) ;
#1298 = SURFACE_SIDE_STYLE ('',( #818 ) ) ;
#1299 = DIRECTION ( 'NONE',  ( 0.000000000000000000, 1.000000000000000000, 0.000000000000000000 ) ) ;
#1300 = ORIENTED_EDGE ( 'NONE', *, *, #276, .T. ) ;
#1301 = FACE_BOUND ( 'NONE', #381, .T. ) ;
#1302 = CARTESIAN_POINT ( 'NONE',  ( 16.13092529227900229, -1.500000000000000000, 27.67608041695238441 ) ) ;
#1303 = EDGE_CURVE ( 'NONE', #843, #369, #504, .T. ) ;
#1304 = DIRECTION ( 'NONE',  ( 0.000000000000000000, 0.000000000000000000, -1.000000000000000000 ) ) ;
#1305 = CARTESIAN_POINT ( 'NONE',  ( 13.13092529227901295, -1.500000000000000000, 57.87608041695239081 ) ) ;
#1306 = ORIENTED_EDGE ( 'NONE', *, *, #666, .T. ) ;
#1307 = CARTESIAN_POINT ( 'NONE',  ( 40.34976843839901051, -1.500000000000000000, 28.99491622915741473 ) ) ;
#1308 = CARTESIAN_POINT ( 'NONE',  ( -10.86907470772098705, -1.500000000000000000, 57.87608041695239081 ) ) ;
#1309 = ORIENTED_EDGE ( 'NONE', *, *, #1385, .F. ) ;
#1310 = MECHANICAL_DESIGN_GEOMETRIC_PRESENTATION_REPRESENTATION (  '', ( #1315 ), #1521 ) ;
#1311 = CARTESIAN_POINT ( 'NONE',  ( 41.13092529227900229, 4.500000000000000888, -28.97334206133970014 ) ) ;
#1312 = VECTOR ( 'NONE', #243, 1000.000000000000000 ) ;
#1313 = DIRECTION ( 'NONE',  ( 0.000000000000000000, 0.000000000000000000, -1.000000000000000000 ) ) ;
#1314 = PRODUCT_DEFINITION ( 'BÝLÝNMEYEN', '', #834, #1382 ) ;
#1315 = STYLED_ITEM ( 'NONE', ( #624 ), #1137 ) ;
#1316 = DIRECTION ( 'NONE',  ( -0.000000000000000000, -1.000000000000000000, -0.000000000000000000 ) ) ;
#1317 = ORIENTED_EDGE ( 'NONE', *, *, #669, .F. ) ;
#1318 = VECTOR ( 'NONE', #1113, 1000.000000000000000 ) ;
#1319 = LINE ( 'NONE', #963, #736 ) ;
#1320 = ORIENTED_EDGE ( 'NONE', *, *, #1174, .F. ) ;
#1321 = ORIENTED_EDGE ( 'NONE', *, *, #640, .F. ) ;
#1322 = DIRECTION ( 'NONE',  ( 0.000000000000000000, 0.000000000000000000, 1.000000000000000000 ) ) ;
#1323 = EDGE_LOOP ( 'NONE', ( #48, #165, #972, #1100 ) ) ;
#1324 = LINE ( 'NONE', #102, #25 ) ;
#1325 = CARTESIAN_POINT ( 'NONE',  ( -9.369074707721004813, 4.500000000000000888, -55.00548546092866076 ) ) ;
#1326 = DIRECTION ( 'NONE',  ( -0.000000000000000000, -1.000000000000000000, -0.000000000000000000 ) ) ;
#1327 = DIRECTION ( 'NONE',  ( 0.000000000000000000, 0.000000000000000000, 1.000000000000000000 ) ) ;
#1328 = VERTEX_POINT ( 'NONE', #1349 ) ;
#1329 = EDGE_CURVE ( 'NONE', #344, #1084, #893, .T. ) ;
#1330 = ORIENTED_EDGE ( 'NONE', *, *, #587, .T. ) ;
#1331 = LINE ( 'NONE', #347, #1499 ) ;
#1332 = ORIENTED_EDGE ( 'NONE', *, *, #795, .F. ) ;
#1333 = FACE_OUTER_BOUND ( 'NONE', #188, .T. ) ;
#1334 = CARTESIAN_POINT ( 'NONE',  ( 1.130925292279002958, 4.500000000000000888, -13.22391958304761239 ) ) ;
#1335 = DIRECTION ( 'NONE',  ( 0.000000000000000000, 0.000000000000000000, 1.000000000000000000 ) ) ;
#1336 = EDGE_LOOP ( 'NONE', ( #1171, #1127 ) ) ;
#1337 = EDGE_CURVE ( 'NONE', #384, #1587, #990, .T. ) ;
#1338 = EDGE_CURVE ( 'NONE', #1501, #384, #1093, .T. ) ;
#1339 = LINE ( 'NONE', #462, #1187 ) ;
#1340 = DIRECTION ( 'NONE',  ( -0.000000000000000000, -1.000000000000000000, -0.000000000000000000 ) ) ;
#1341 = CIRCLE ( 'NONE', #833, 2.999999999999997335 ) ;
#1342 = FACE_BOUND ( 'NONE', #803, .T. ) ;
#1343 = CIRCLE ( 'NONE', #317, 3.000000000000002665 ) ;
#1344 = AXIS2_PLACEMENT_3D ( 'NONE', #568, #209, #802 ) ;
#1345 = DIRECTION ( 'NONE',  ( 0.000000000000000000, 0.000000000000000000, 1.000000000000000000 ) ) ;
#1346 = EDGE_LOOP ( 'NONE', ( #894, #603 ) ) ;
#1347 = AXIS2_PLACEMENT_3D ( 'NONE', #1261, #1015, #1375 ) ;
#1348 = ADVANCED_FACE ( 'NONE', ( #1373 ), #1002, .T. ) ;
#1349 = CARTESIAN_POINT ( 'NONE',  ( 27.35714654708508320, 4.500000000000000888, -2.251168494396869946 ) ) ;
#1350 = ORIENTED_EDGE ( 'NONE', *, *, #619, .T. ) ;
#1351 = ADVANCED_FACE ( 'NONE', ( #755 ), #255, .T. ) ;
#1352 = CARTESIAN_POINT ( 'NONE',  ( 41.13092529227900940, 4.500000000000000888, 26.03456553773647286 ) ) ;
#1353 = DIRECTION ( 'NONE',  ( -0.000000000000000000, -1.000000000000000000, -0.000000000000000000 ) ) ;
#1354 = CARTESIAN_POINT ( 'NONE',  ( 40.34976843839901051, 4.500000000000000888, 28.99491622915741473 ) ) ;
#1355 = VERTEX_POINT ( 'NONE', #1228 ) ;
#1356 = ORIENTED_EDGE ( 'NONE', *, *, #949, .T. ) ;
#1357 = DIRECTION ( 'NONE',  ( 0.000000000000000000, 1.000000000000000000, 0.000000000000000000 ) ) ;
#1358 = VERTEX_POINT ( 'NONE', #282 ) ;
#1359 = EDGE_CURVE ( 'NONE', #724, #436, #622, .T. ) ;
#1360 = CARTESIAN_POINT ( 'NONE',  ( 13.13092529227901295, 4.500000000000000888, 57.87608041695239081 ) ) ;
#1361 = FACE_BOUND ( 'NONE', #1460, .T. ) ;
#1362 = ORIENTED_EDGE ( 'NONE', *, *, #1182, .T. ) ;
#1363 = DIRECTION ( 'NONE',  ( -1.000000000000000000, 0.000000000000000000, -0.000000000000000000 ) ) ;
#1364 = ORIENTED_EDGE ( 'NONE', *, *, #385, .T. ) ;
#1365 = LINE ( 'NONE', #778, #321 ) ;
#1366 = EDGE_CURVE ( 'NONE', #397, #1151, #658, .T. ) ;
#1367 = CIRCLE ( 'NONE', #836, 5.999999999999994671 ) ;
#1368 = AXIS2_PLACEMENT_3D ( 'NONE', #1254, #762, #633 ) ;
#1369 =( LENGTH_UNIT ( ) NAMED_UNIT ( * ) SI_UNIT ( .MILLI., .METRE. ) );
#1370 = VERTEX_POINT ( 'NONE', #1103 ) ;
#1371 = CIRCLE ( 'NONE', #506, 27.00000000000000355 ) ;
#1372 = CIRCLE ( 'NONE', #73, 3.000000000000002665 ) ;
#1373 = FACE_OUTER_BOUND ( 'NONE', #1173, .T. ) ;
#1374 = EDGE_LOOP ( 'NONE', ( #298, #326, #876, #1377 ) ) ;
#1375 = DIRECTION ( 'NONE',  ( 0.000000000000000000, 0.000000000000000000, 1.000000000000000000 ) ) ;
#1376 = SURFACE_STYLE_USAGE ( .BOTH. , #158 ) ;
#1377 = ORIENTED_EDGE ( 'NONE', *, *, #743, .T. ) ;
#1378 = ADVANCED_FACE ( 'NONE', ( #30 ), #981, .T. ) ;
#1379 = DIRECTION ( 'NONE',  ( 0.000000000000000000, 0.000000000000000000, -1.000000000000000000 ) ) ;
#1380 = ORIENTED_EDGE ( 'NONE', *, *, #1067, .F. ) ;
#1381 = DIRECTION ( 'NONE',  ( 0.000000000000000000, 0.000000000000000000, 1.000000000000000000 ) ) ;
#1382 = PRODUCT_DEFINITION_CONTEXT ( 'detailed design', #415, 'design' ) ;
#1383 = FACE_OUTER_BOUND ( 'NONE', #1323, .T. ) ;
#1384 = ORIENTED_EDGE ( 'NONE', *, *, #1016, .F. ) ;
#1385 = EDGE_CURVE ( 'NONE', #614, #707, #868, .T. ) ;
#1386 = DIRECTION ( 'NONE',  ( 0.000000000000000000, 1.000000000000000000, 0.000000000000000000 ) ) ;
#1387 = ORIENTED_EDGE ( 'NONE', *, *, #1295, .F. ) ;
#1388 = CARTESIAN_POINT ( 'NONE',  ( -20.63717116172067279, 4.500000000000000888, 60.09587402818082325 ) ) ;
#1389 = DIRECTION ( 'NONE',  ( 0.000000000000000000, 0.000000000000000000, -1.000000000000000000 ) ) ;
#1390 = ORIENTED_EDGE ( 'NONE', *, *, #1448, .F. ) ;
#1391 = CIRCLE ( 'NONE', #760, 16.99999999999999645 ) ;
#1392 = FACE_OUTER_BOUND ( 'NONE', #1563, .T. ) ;
#1393 = VERTEX_POINT ( 'NONE', #1066 ) ;
#1394 = VECTOR ( 'NONE', #1201, 1000.000000000000000 ) ;
#1395 = DIRECTION ( 'NONE',  ( -0.000000000000000000, -1.000000000000000000, -0.000000000000000000 ) ) ;
#1396 = ADVANCED_FACE ( 'NONE', ( #711 ), #1197, .T. ) ;
#1397 = CARTESIAN_POINT ( 'NONE',  ( 16.13092529227900229, 4.500000000000000888, 27.67608041695238441 ) ) ;
#1398 = ORIENTED_EDGE ( 'NONE', *, *, #181, .F. ) ;
#1399 = CARTESIAN_POINT ( 'NONE',  ( 25.89018455153827247, 4.500000000000000888, -23.99327801021422601 ) ) ;
#1400 = CARTESIAN_POINT ( 'NONE',  ( -10.86907470772098705, -1.500000000000000000, 54.87608041695239081 ) ) ;
#1401 = ORIENTED_EDGE ( 'NONE', *, *, #385, .F. ) ;
#1402 = CARTESIAN_POINT ( 'NONE',  ( 16.13092529227900229, 4.500000000000000888, 27.67608041695238441 ) ) ;
#1403 = ADVANCED_FACE ( 'NONE', ( #76 ), #532, .F. ) ;
#1404 = CARTESIAN_POINT ( 'NONE',  ( -7.869074707720991491, 4.500000000000000888, 27.67608041695238441 ) ) ;
#1405 = ORIENTED_EDGE ( 'NONE', *, *, #1337, .T. ) ;
#1406 = DIRECTION ( 'NONE',  ( 0.000000000000000000, 1.000000000000000000, 0.000000000000000000 ) ) ;
#1407 = ORIENTED_EDGE ( 'NONE', *, *, #1562, .T. ) ;
#1408 = FACE_OUTER_BOUND ( 'NONE', #678, .T. ) ;
#1409 = UNCERTAINTY_MEASURE_WITH_UNIT (LENGTH_MEASURE( 1.000000000000000082E-05 ), #1112, 'distance_accuracy_value', 'NONE');
#1410 = CARTESIAN_POINT ( 'NONE',  ( 17.63630103536228688, 4.500000000000000888, 56.87608041695239081 ) ) ;
#1411 = CARTESIAN_POINT ( 'NONE',  ( 16.13092529227900229, -1.500000000000000000, 27.67608041695238441 ) ) ;
#1412 = ORIENTED_EDGE ( 'NONE', *, *, #1020, .F. ) ;
#1413 = EDGE_CURVE ( 'NONE', #159, #1041, #477, .T. ) ;
#1414 = CARTESIAN_POINT ( 'NONE',  ( -25.86907470772099416, 4.500000000000000888, -13.22391958304761062 ) ) ;
#1415 = ADVANCED_FACE ( 'NONE', ( #1392 ), #335, .F. ) ;
#1416 = CIRCLE ( 'NONE', #195, 27.00000000000000355 ) ;
#1417 = VECTOR ( 'NONE', #99, 1000.000000000000000 ) ;
#1418 = ORIENTED_EDGE ( 'NONE', *, *, #815, .T. ) ;
#1419 = CIRCLE ( 'NONE', #401, 3.000000000000002665 ) ;
#1420 = DIRECTION ( 'NONE',  ( 0.000000000000000000, 0.000000000000000000, 1.000000000000000000 ) ) ;
#1421 = VECTOR ( 'NONE', #271, 1000.000000000000000 ) ;
#1422 = FILL_AREA_STYLE_COLOUR ( '', #1121 ) ;
#1423 = DIRECTION ( 'NONE',  ( 0.000000000000000000, 1.000000000000000000, 0.000000000000000000 ) ) ;
#1424 = ORIENTED_EDGE ( 'NONE', *, *, #1480, .T. ) ;
#1425 = CARTESIAN_POINT ( 'NONE',  ( -15.31439487110415776, -1.500000000000000000, -10.22391958304761417 ) ) ;
#1426 = EDGE_CURVE ( 'NONE', #505, #1482, #304, .T. ) ;
#1427 = CARTESIAN_POINT ( 'NONE',  ( -41.29188250024879636, 4.500000000000000888, -28.80253020816391540 ) ) ;
#1428 = ORIENTED_EDGE ( 'NONE', *, *, #1179, .T. ) ;
#1429 = DIRECTION ( 'NONE',  ( 0.000000000000000000, 0.000000000000000000, 1.000000000000000000 ) ) ;
#1430 = CARTESIAN_POINT ( 'NONE',  ( -9.369074707721004813, -1.500000000000000000, -52.00548546092866076 ) ) ;
#1431 = EDGE_LOOP ( 'NONE', ( #499, #286, #797, #81 ) ) ;
#1432 = FACE_OUTER_BOUND ( 'NONE', #1083, .T. ) ;
#1433 = CARTESIAN_POINT ( 'NONE',  ( 16.53520177347202846, 4.500000000000000888, -55.12391958304759498 ) ) ;
#1434 = VERTEX_POINT ( 'NONE', #1308 ) ;
#1435 = DIRECTION ( 'NONE',  ( -1.269138026879196405E-16, 0.000000000000000000, -1.000000000000000000 ) ) ;
#1436 = VERTEX_POINT ( 'NONE', #1026 ) ;
#1437 = CARTESIAN_POINT ( 'NONE',  ( -15.31439487110415776, 4.500000000000000888, -16.22391958304761062 ) ) ;
#1438 = PLANE ( 'NONE',  #1473 ) ;
#1439 = CARTESIAN_POINT ( 'NONE',  ( 17.54792004802064298, -1.500000000000000000, -10.22391958304761417 ) ) ;
#1440 = DIRECTION ( 'NONE',  ( 0.000000000000000000, 0.000000000000000000, -1.000000000000000000 ) ) ;
#1441 = ORIENTED_EDGE ( 'NONE', *, *, #1338, .F. ) ;
#1442 = VECTOR ( 'NONE', #1326, 1000.000000000000000 ) ;
#1443 = AXIS2_PLACEMENT_3D ( 'NONE', #1311, #1444, #1555 ) ;
#1444 = DIRECTION ( 'NONE',  ( -1.000000000000000000, 0.000000000000000000, 1.261435711112880913E-16 ) ) ;
#1445 = CIRCLE ( 'NONE', #72, 24.00000000000000355 ) ;
#1446 = CARTESIAN_POINT ( 'NONE',  ( 17.63630103536225846, 4.500000000000000888, 62.87608041695239081 ) ) ;
#1447 = AXIS2_PLACEMENT_3D ( 'NONE', #80, #471, #744 ) ;
#1448 = EDGE_CURVE ( 'NONE', #852, #1543, #221, .T. ) ;
#1449 = VECTOR ( 'NONE', #202, 1000.000000000000000 ) ;
#1450 = CARTESIAN_POINT ( 'NONE',  ( -15.31439487110415776, 4.500000000000000888, -16.22391958304761062 ) ) ;
#1451 = FACE_OUTER_BOUND ( 'NONE', #17, .T. ) ;
#1452 = LINE ( 'NONE', #602, #502 ) ;
#1453 = ORIENTED_EDGE ( 'NONE', *, *, #705, .T. ) ;
#1454 = DIRECTION ( 'NONE',  ( 0.000000000000000000, 1.000000000000000000, 0.000000000000000000 ) ) ;
#1455 = ORIENTED_EDGE ( 'NONE', *, *, #1234, .F. ) ;
#1456 = DIRECTION ( 'NONE',  ( 0.000000000000000000, 0.000000000000000000, 1.000000000000000000 ) ) ;
#1457 = ORIENTED_EDGE ( 'NONE', *, *, #705, .F. ) ;
#1458 = EDGE_CURVE ( 'NONE', #1436, #1156, #1372, .T. ) ;
#1459 = LINE ( 'NONE', #1465, #1161 ) ;
#1460 = EDGE_LOOP ( 'NONE', ( #1130, #1280 ) ) ;
#1461 = ORIENTED_EDGE ( 'NONE', *, *, #596, .F. ) ;
#1462 = DIRECTION ( 'NONE',  ( -0.000000000000000000, -1.000000000000000000, -0.000000000000000000 ) ) ;
#1463 = DIRECTION ( 'NONE',  ( 0.000000000000000000, 0.000000000000000000, 1.000000000000000000 ) ) ;
#1464 = CARTESIAN_POINT ( 'NONE',  ( 16.13092529227900229, 4.500000000000000888, 27.67608041695238441 ) ) ;
#1465 = CARTESIAN_POINT ( 'NONE',  ( -15.31439487110415776, -1.500000000000000000, -16.22391958304761062 ) ) ;
#1466 = EDGE_CURVE ( 'NONE', #1393, #1205, #1259, .T. ) ;
#1467 = ORIENTED_EDGE ( 'NONE', *, *, #29, .F. ) ;
#1468 = EDGE_CURVE ( 'NONE', #826, #1533, #23, .T. ) ;
#1469 = CARTESIAN_POINT ( 'NONE',  ( -35.29188250024879636, 4.500000000000000888, -28.80253020816394027 ) ) ;
#1470 = EDGE_LOOP ( 'NONE', ( #367, #1249, #1078, #356 ) ) ;
#1471 = CARTESIAN_POINT ( 'NONE',  ( 0.000000000000000000, 0.000000000000000000, 0.000000000000000000 ) ) ;
#1472 = DIRECTION ( 'NONE',  ( 0.000000000000000000, 0.000000000000000000, -1.000000000000000000 ) ) ;
#1473 = AXIS2_PLACEMENT_3D ( 'NONE', #339, #726, #1208 ) ;
#1474 = ORIENTED_EDGE ( 'NONE', *, *, #2, .T. ) ;
#1475 = AXIS2_PLACEMENT_3D ( 'NONE', #396, #138, #1379 ) ;
#1476 = VECTOR ( 'NONE', #882, 1000.000000000000000 ) ;
#1477 = DIRECTION ( 'NONE',  ( 0.000000000000000000, 1.000000000000000000, 0.000000000000000000 ) ) ;
#1478 = VERTEX_POINT ( 'NONE', #429 ) ;
#1479 = AXIS2_PLACEMENT_3D ( 'NONE', #128, #103, #853 ) ;
#1480 = EDGE_CURVE ( 'NONE', #1434, #59, #343, .T. ) ;
#1481 = CARTESIAN_POINT ( 'NONE',  ( 41.13092529227900940, 4.500000000000000888, 26.03456553773647286 ) ) ;
#1482 = VERTEX_POINT ( 'NONE', #1516 ) ;
#1483 = DIRECTION ( 'NONE',  ( 0.7842105416216805791, -0.000000000000000000, 0.6204948238377419045 ) ) ;
#1484 = CARTESIAN_POINT ( 'NONE',  ( -10.86907470772098705, 4.500000000000000888, 54.87608041695239081 ) ) ;
#1485 = EDGE_LOOP ( 'NONE', ( #647, #973 ) ) ;
#1486 = CARTESIAN_POINT ( 'NONE',  ( 16.13092529227900229, -1.500000000000000000, 3.676080416952383967 ) ) ;
#1487 = ORIENTED_EDGE ( 'NONE', *, *, #750, .T. ) ;
#1488 = ADVANCED_FACE ( 'NONE', ( #1150 ), #1561, .F. ) ;
#1489 = SHAPE_DEFINITION_REPRESENTATION ( #1017, #1137 ) ;
#1490 = LINE ( 'NONE', #1125, #1318 ) ;
#1491 = EDGE_CURVE ( 'NONE', #1543, #520, #346, .T. ) ;
#1492 =( NAMED_UNIT ( * ) PLANE_ANGLE_UNIT ( ) SI_UNIT ( $, .RADIAN. ) );
#1493 = EDGE_LOOP ( 'NONE', ( #918, #943, #179, #1046 ) ) ;
#1494 = CARTESIAN_POINT ( 'NONE',  ( 35.13092529227901650, -1.500000000000000000, 26.03456553773649773 ) ) ;
#1495 = ORIENTED_EDGE ( 'NONE', *, *, #41, .F. ) ;
#1496 = DIRECTION ( 'NONE',  ( -0.000000000000000000, -1.000000000000000000, -0.000000000000000000 ) ) ;
#1497 = EDGE_CURVE ( 'NONE', #773, #1355, #782, .T. ) ;
#1498 = AXIS2_PLACEMENT_3D ( 'NONE', #753, #719, #848 ) ;
#1499 = VECTOR ( 'NONE', #116, 1000.000000000000000 ) ;
#1500 = FACE_OUTER_BOUND ( 'NONE', #1374, .T. ) ;
#1501 = VERTEX_POINT ( 'NONE', #1163 ) ;
#1502 = AXIS2_PLACEMENT_3D ( 'NONE', #251, #1071, #1456 ) ;
#1503 = LINE ( 'NONE', #155, #475 ) ;
#1504 = VERTEX_POINT ( 'NONE', #178 ) ;
#1505 = FACE_OUTER_BOUND ( 'NONE', #65, .T. ) ;
#1506 = CYLINDRICAL_SURFACE ( 'NONE', #272, 5.999999999999998224 ) ;
#1507 = ORIENTED_EDGE ( 'NONE', *, *, #257, .T. ) ;
#1508 = EDGE_CURVE ( 'NONE', #457, #1570, #1169, .T. ) ;
#1509 = CARTESIAN_POINT ( 'NONE',  ( 16.53520177347202846, -1.500000000000000000, -55.12391958304759498 ) ) ;
#1510 = ORIENTED_EDGE ( 'NONE', *, *, #1285, .T. ) ;
#1511 = DIRECTION ( 'NONE',  ( -0.000000000000000000, -1.000000000000000000, -0.000000000000000000 ) ) ;
#1512 = DIRECTION ( 'NONE',  ( -0.000000000000000000, -1.000000000000000000, -0.000000000000000000 ) ) ;
#1513 = VERTEX_POINT ( 'NONE', #184 ) ;
#1514 = EDGE_CURVE ( 'NONE', #594, #900, #453, .T. ) ;
#1515 = ADVANCED_FACE ( 'NONE', ( #933 ), #566, .T. ) ;
#1516 = CARTESIAN_POINT ( 'NONE',  ( 17.63630103536225846, -1.500000000000000000, 62.87608041695239081 ) ) ;
#1517 = ORIENTED_EDGE ( 'NONE', *, *, #1004, .T. ) ;
#1518 = DIRECTION ( 'NONE',  ( -0.000000000000000000, -1.000000000000000000, -0.000000000000000000 ) ) ;
#1519 = CARTESIAN_POINT ( 'NONE',  ( 21.42495515533564543, 4.500000000000000888, -58.60103215881406413 ) ) ;
#1520 = ORIENTED_EDGE ( 'NONE', *, *, #1223, .F. ) ;
#1521 =( GEOMETRIC_REPRESENTATION_CONTEXT ( 3 ) GLOBAL_UNCERTAINTY_ASSIGNED_CONTEXT ( ( #1409 ) ) GLOBAL_UNIT_ASSIGNED_CONTEXT ( ( #1112, #975, #10 ) ) REPRESENTATION_CONTEXT ( 'NONE', 'WORKASPACE' ) );
#1522 = VECTOR ( 'NONE', #444, 1000.000000000000000 ) ;
#1523 = DIRECTION ( 'NONE',  ( -0.000000000000000000, -1.000000000000000000, -0.000000000000000000 ) ) ;
#1524 = VECTOR ( 'NONE', #1278, 1000.000000000000000 ) ;
#1525 = AXIS2_PLACEMENT_3D ( 'NONE', #677, #341, #1569 ) ;
#1526 = COLOUR_RGB ( '',0.7803921568627451011, 0.7607843137254901578, 0.7411764705882353255 ) ;
#1527 = AXIS2_PLACEMENT_3D ( 'NONE', #90, #691, #350 ) ;
#1528 = CARTESIAN_POINT ( 'NONE',  ( -15.57427385868435366, 4.500000000000000888, 62.87608041695239081 ) ) ;
#1529 = ORIENTED_EDGE ( 'NONE', *, *, #1458, .F. ) ;
#1530 = ADVANCED_FACE ( 'NONE', ( #463 ), #331, .T. ) ;
#1531 = DIRECTION ( 'NONE',  ( 1.000000000000000000, -0.000000000000000000, 0.000000000000000000 ) ) ;
#1532 = DIRECTION ( 'NONE',  ( 0.000000000000000000, 0.000000000000000000, 1.000000000000000000 ) ) ;
#1533 = VERTEX_POINT ( 'NONE', #944 ) ;
#1534 = CARTESIAN_POINT ( 'NONE',  ( -9.369074707721004813, 4.500000000000000888, -55.00548546092866076 ) ) ;
#1535 = ORIENTED_EDGE ( 'NONE', *, *, #1508, .F. ) ;
#1536 = EDGE_CURVE ( 'NONE', #517, #671, #455, .T. ) ;
#1537 = CARTESIAN_POINT ( 'NONE',  ( -25.86907470772099416, 4.500000000000000888, -13.22391958304761062 ) ) ;
#1538 = DIRECTION ( 'NONE',  ( -0.000000000000000000, -1.000000000000000000, -0.000000000000000000 ) ) ;
#1539 = EDGE_CURVE ( 'NONE', #1533, #492, #98, .T. ) ;
#1540 = CARTESIAN_POINT ( 'NONE',  ( -25.86907470772099416, 4.500000000000000888, -13.22391958304761062 ) ) ;
#1541 = ORIENTED_EDGE ( 'NONE', *, *, #557, .T. ) ;
#1542 = DIRECTION ( 'NONE',  ( -0.000000000000000000, -1.000000000000000000, -0.000000000000000000 ) ) ;
#1543 = VERTEX_POINT ( 'NONE', #1079 ) ;
#1544 = FACE_OUTER_BOUND ( 'NONE', #1258, .T. ) ;
#1545 = CARTESIAN_POINT ( 'NONE',  ( 16.13092529227900229, 4.500000000000000888, 27.67608041695238441 ) ) ;
#1546 = CARTESIAN_POINT ( 'NONE',  ( 11.63092529227899696, 4.500000000000000888, -55.00548546092866076 ) ) ;
#1547 = ORIENTED_EDGE ( 'NONE', *, *, #1004, .F. ) ;
#1548 = EDGE_CURVE ( 'NONE', #634, #812, #635, .T. ) ;
#1549 = CARTESIAN_POINT ( 'NONE',  ( -25.86907470772099416, -1.500000000000000000, -16.22391958304761062 ) ) ;
#1550 = ORIENTED_EDGE ( 'NONE', *, *, #1548, .T. ) ;
#1551 = AXIS2_PLACEMENT_3D ( 'NONE', #265, #757, #508 ) ;
#1552 = CIRCLE ( 'NONE', #548, 2.999999999999997335 ) ;
#1553 = ORIENTED_EDGE ( 'NONE', *, *, #382, .T. ) ;
#1554 = AXIS2_PLACEMENT_3D ( 'NONE', #193, #1299, #1270 ) ;
#1555 = DIRECTION ( 'NONE',  ( 1.261435711112880913E-16, 0.000000000000000000, 1.000000000000000000 ) ) ;
#1556 = CYLINDRICAL_SURFACE ( 'NONE', #870, 11.00000000000000000 ) ;
#1557 = LINE ( 'NONE', #811, #150 ) ;
#1558 = ORIENTED_EDGE ( 'NONE', *, *, #115, .T. ) ;
#1559 = FACE_BOUND ( 'NONE', #441, .T. ) ;
#1560 = EDGE_CURVE ( 'NONE', #1205, #1482, #1291, .T. ) ;
#1561 = CYLINDRICAL_SURFACE ( 'NONE', #1290, 3.000000000000002665 ) ;
#1562 = EDGE_CURVE ( 'NONE', #162, #668, #741, .T. ) ;
#1563 = EDGE_LOOP ( 'NONE', ( #131, #551, #1380, #1495 ) ) ;
#1564 = DIRECTION ( 'NONE',  ( 0.000000000000000000, 0.000000000000000000, 1.000000000000000000 ) ) ;
#1565 = DIRECTION ( 'NONE',  ( -0.000000000000000000, -1.000000000000000000, -0.000000000000000000 ) ) ;
#1566 = CARTESIAN_POINT ( 'NONE',  ( -25.86907470772099416, -1.500000000000000000, -10.22391958304761417 ) ) ;
#1567 = FACE_OUTER_BOUND ( 'NONE', #930, .T. ) ;
#1568 = CARTESIAN_POINT ( 'NONE',  ( -19.17074136429023667, 4.500000000000000888, -58.84688852607402509 ) ) ;
#1569 = DIRECTION ( 'NONE',  ( 0.000000000000000000, 0.000000000000000000, -1.000000000000000000 ) ) ;
#1570 = VERTEX_POINT ( 'NONE', #716 ) ;
#1571 = ADVANCED_FACE ( 'NONE', ( #216 ), #1556, .T. ) ;
#1572 = FACE_OUTER_BOUND ( 'NONE', #322, .T. ) ;
#1573 = ORIENTED_EDGE ( 'NONE', *, *, #1491, .T. ) ;
#1574 = DIRECTION ( 'NONE',  ( -0.000000000000000000, -1.000000000000000000, -0.000000000000000000 ) ) ;
#1575 = CARTESIAN_POINT ( 'NONE',  ( -23.63942162524903523, 4.500000000000000888, -23.96775100323051078 ) ) ;
#1576 = LINE ( 'NONE', #718, #1312 ) ;
#1577 = DIRECTION ( 'NONE',  ( 0.000000000000000000, 0.000000000000000000, 1.000000000000000000 ) ) ;
#1578 = EDGE_LOOP ( 'NONE', ( #642, #349, #701, #1117 ) ) ;
#1579 = CIRCLE ( 'NONE', #785, 3.000000000000002665 ) ;
#1580 = VECTOR ( 'NONE', #268, 1000.000000000000000 ) ;
#1581 = CARTESIAN_POINT ( 'NONE',  ( -7.869074707720991491, -1.500000000000000000, 27.67608041695238441 ) ) ;
#1582 = EDGE_CURVE ( 'NONE', #1436, #59, #1324, .T. ) ;
#1583 = AXIS2_PLACEMENT_3D ( 'NONE', #1411, #1292, #945 ) ;
#1584 = VECTOR ( 'NONE', #1231, 1000.000000000000000 ) ;
#1585 = FACE_OUTER_BOUND ( 'NONE', #841, .T. ) ;
#1586 = EDGE_CURVE ( 'NONE', #1205, #1025, #1064, .T. ) ;
#1587 = VERTEX_POINT ( 'NONE', #681 ) ;
#1588 = CARTESIAN_POINT ( 'NONE',  ( 16.13092529227900229, 4.500000000000000888, 3.676080416952383967 ) ) ;
#1589 = ORIENTED_EDGE ( 'NONE', *, *, #858, .T. ) ;
ENDSEC;
END-ISO-10303-21;
