ISO-10303-21;
HEADER;
FILE_DESCRIPTION (( 'STEP AP214' ),
    '1' );
FILE_NAME ('Base Gear.STEP',
    '2026-04-30T16:19:27',
    ( '' ),
    ( '' ),
    'SwSTEP 2.0',
    'SolidWorks 2022',
    '' );
FILE_SCHEMA (( 'AUTOMOTIVE_DESIGN' ));
ENDSEC;

DATA;
#1 = B_SPLINE_CURVE_WITH_KNOTS ( 'NONE', 3,
 ( #1563, #1198, #205, #1859 ),
 .UNSPECIFIED., .F., .F.,
 ( 4, 4 ),
 ( 0.000000000000000000, 0.8724294488011757887 ),
 .UNSPECIFIED. ) ;
#2 = LINE ( 'NONE', #1348, #836 ) ;
#3 = ORIENTED_EDGE ( 'NONE', *, *, #2100, .T. ) ;
#4 = DIRECTION ( 'NONE',  ( 0.000000000000000000, 0.000000000000000000, 1.000000000000000000 ) ) ;
#5 = CARTESIAN_POINT ( 'NONE',  ( -15.50208958957980165, 15.57347439510908771, 3.467644684731981730 ) ) ;
#6 = CARTESIAN_POINT ( 'NONE',  ( -4.823245983957107796, 15.57347439510908771, -12.60897688863934007 ) ) ;
#7 = EDGE_CURVE ( 'NONE', #1831, #1427, #1905, .T. ) ;
#8 = ORIENTED_EDGE ( 'NONE', *, *, #1777, .F. ) ;
#9 = EDGE_CURVE ( 'NONE', #899, #556, #1472, .T. ) ;
#10 = DIRECTION ( 'NONE',  ( 0.000000000000000000, 0.000000000000000000, -1.000000000000000000 ) ) ;
#11 = VERTEX_POINT ( 'NONE', #878 ) ;
#12 = CARTESIAN_POINT ( 'NONE',  ( 16.74735687627807224, 15.57347439510908771, 2.919937954577292327 ) ) ;
#13 = EDGE_LOOP ( 'NONE', ( #1841, #605, #863, #1450 ) ) ;
#14 = DIRECTION ( 'NONE',  ( 0.000000000000000000, 0.000000000000000000, -1.000000000000000000 ) ) ;
#15 = ORIENTED_EDGE ( 'NONE', *, *, #363, .T. ) ;
#16 = CARTESIAN_POINT ( 'NONE',  ( -2.519291540161140301E-14, -2.426525604890910959, 18.50000000000003553 ) ) ;
#17 = CARTESIAN_POINT ( 'NONE',  ( -2.519291540161140301E-14, -2.426525604890910959, 3.577994056599535359E-14 ) ) ;
#18 = ORIENTED_EDGE ( 'NONE', *, *, #838, .F. ) ;
#19 = EDGE_LOOP ( 'NONE', ( #495, #1069, #840, #1888 ) ) ;
#20 = EDGE_CURVE ( 'NONE', #1114, #1761, #1562, .T. ) ;
#21 = DIRECTION ( 'NONE',  ( -0.000000000000000000, -1.000000000000000000, -0.000000000000000000 ) ) ;
#22 = CARTESIAN_POINT ( 'NONE',  ( -11.05323000910244780, 15.57347439510908771, -9.732382940127058291 ) ) ;
#23 = EDGE_CURVE ( 'NONE', #1399, #28, #446, .T. ) ;
#24 = CARTESIAN_POINT ( 'NONE',  ( -1.755399571916988588, -2.426525604890910515, 14.62120678022679598 ) ) ;
#25 = ORIENTED_EDGE ( 'NONE', *, *, #9, .T. ) ;
#26 = CYLINDRICAL_SURFACE ( 'NONE', #2153, 13.50000000000000178 ) ;
#27 = AXIS2_PLACEMENT_3D ( 'NONE', #41, #1386, #358 ) ;
#28 = VERTEX_POINT ( 'NONE', #1960 ) ;
#29 = CARTESIAN_POINT ( 'NONE',  ( 5.246068224602474572, 15.57347439510908771, -14.99340343504096040 ) ) ;
#30 = DIRECTION ( 'NONE',  ( -0.000000000000000000, -1.000000000000000000, -0.000000000000000000 ) ) ;
#31 = CIRCLE ( 'NONE', #1266, 16.99999999999999289 ) ;
#33 = CARTESIAN_POINT ( 'NONE',  ( -13.11690055307487768, 15.57347439510908771, -3.193261636750811761 ) ) ;
#32 = CIRCLE ( 'NONE', #208, 16.99999999999999645 ) ;
#34 = AXIS2_PLACEMENT_3D ( 'NONE', #1267, #1088, #1770 ) ;
#35 = VECTOR ( 'NONE', #1240, 1000.000000000000000 ) ;
#36 = CARTESIAN_POINT ( 'NONE',  ( -11.95078460238868701, 15.57347439510908771, -12.09044033057973522 ) ) ;
#37 = CARTESIAN_POINT ( 'NONE',  ( -14.47185364368889537, -2.426525604890910515, 8.919946867310926564 ) ) ;
#38 = EDGE_CURVE ( 'NONE', #417, #1559, #2142, .T. ) ;
#39 = CARTESIAN_POINT ( 'NONE',  ( -10.13045595561753665, 15.57347439510908771, -8.923220390155849557 ) ) ;
#40 = VERTEX_POINT ( 'NONE', #611 ) ;
#41 = CARTESIAN_POINT ( 'NONE',  ( -2.519291540161140301E-14, 15.57347439510908771, 3.577994056599535359E-14 ) ) ;
#42 = DIRECTION ( 'NONE',  ( -0.000000000000000000, -1.000000000000000000, -0.000000000000000000 ) ) ;
#43 = CARTESIAN_POINT ( 'NONE',  ( -2.519291540161140301E-14, 15.57347439510908771, 3.577994056599535359E-14 ) ) ;
#44 = CYLINDRICAL_SURFACE ( 'NONE', #828, 17.00000000000000000 ) ;
#45 = EDGE_LOOP ( 'NONE', ( #1920, #869, #843, #1233 ) ) ;
#46 = EDGE_LOOP ( 'NONE', ( #470, #539, #188, #1924 ) ) ;
#47 = CARTESIAN_POINT ( 'NONE',  ( 15.51642829108393329, -2.426525604890910515, 3.400563404898202524 ) ) ;
#48 = DIRECTION ( 'NONE',  ( -0.000000000000000000, -1.000000000000000000, -0.000000000000000000 ) ) ;
#49 = ORIENTED_EDGE ( 'NONE', *, *, #814, .F. ) ;
#50 = CARTESIAN_POINT ( 'NONE',  ( 1.588911516212413888, -2.426525604890910959, -13.40616873657968533 ) ) ;
#51 = EDGE_CURVE ( 'NONE', #1882, #1719, #1229, .T. ) ;
#52 = ORIENTED_EDGE ( 'NONE', *, *, #1477, .T. ) ;
#53 = DIRECTION ( 'NONE',  ( 0.000000000000000000, 1.000000000000000000, -0.000000000000000000 ) ) ;
#54 = DIRECTION ( 'NONE',  ( 0.000000000000000000, 1.000000000000000000, -0.000000000000000000 ) ) ;
#55 = EDGE_LOOP ( 'NONE', ( #506, #1422, #911, #8 ) ) ;
#56 = DIRECTION ( 'NONE',  ( -0.000000000000000000, -1.000000000000000000, -0.000000000000000000 ) ) ;
#57 = B_SPLINE_CURVE_WITH_KNOTS ( 'NONE', 3,
 ( #162, #1368, #646, #480 ),
 .UNSPECIFIED., .F., .F.,
 ( 4, 4 ),
 ( 0.1276832474596353850, 1.000000000000000000 ),
 .UNSPECIFIED. ) ;
#58 = CARTESIAN_POINT ( 'NONE',  ( -7.066951466311151009, -2.426525604890910959, 15.46150694378798818 ) ) ;
#59 = FACE_OUTER_BOUND ( 'NONE', #425, .T. ) ;
#60 = CARTESIAN_POINT ( 'NONE',  ( 4.784793342705877528, 15.57347439510908771, 12.62361884198022643 ) ) ;
#61 = ORIENTED_EDGE ( 'NONE', *, *, #1516, .T. ) ;
#62 = CARTESIAN_POINT ( 'NONE',  ( 4.917319120242209074, 15.57347439510908771, -16.27329016117204574 ) ) ;
#63 = CARTESIAN_POINT ( 'NONE',  ( -5.180406750220301504, 15.57347439510908771, 13.78610014578714882 ) ) ;
#64 = ORIENTED_EDGE ( 'NONE', *, *, #282, .F. ) ;
#65 = ADVANCED_FACE ( 'NONE', ( #1793 ), #1974, .T. ) ;
#66 = CIRCLE ( 'NONE', #1687, 13.49999999999999822 ) ;
#67 = VECTOR ( 'NONE', #1620, 1000.000000000000000 ) ;
#68 = DIRECTION ( 'NONE',  ( 0.000000000000000000, 0.000000000000000000, 1.000000000000000000 ) ) ;
#69 = VECTOR ( 'NONE', #1380, 1000.000000000000000 ) ;
#70 = CIRCLE ( 'NONE', #902, 17.00000000000000000 ) ;
#71 = AXIS2_PLACEMENT_3D ( 'NONE', #179, #505, #2050 ) ;
#72 = PRESENTATION_STYLE_ASSIGNMENT (( #1577 ) ) ;
#73 = CARTESIAN_POINT ( 'NONE',  ( 10.10657755590895590, -2.426525604890907406, -8.950256426851476377 ) ) ;
#74 = CARTESIAN_POINT ( 'NONE',  ( 13.47208523144298375, -2.426525604890910959, 10.36836146730696839 ) ) ;
#75 = CARTESIAN_POINT ( 'NONE',  ( -13.09842130961059681, 15.57347439510908771, 3.268234874659390776 ) ) ;
#76 = CARTESIAN_POINT ( 'NONE',  ( 4.784793342705879304, 15.57347439510908771, 12.62361884198023176 ) ) ;
#77 = ORIENTED_EDGE ( 'NONE', *, *, #1050, .F. ) ;
#78 = CARTESIAN_POINT ( 'NONE',  ( -2.292731882318879646E-14, -8.426525604890910515, -18.49999999999996447 ) ) ;
#79 = EDGE_CURVE ( 'NONE', #2020, #1775, #88, .T. ) ;
#80 = EDGE_LOOP ( 'NONE', ( #1083, #1987, #1693, #427 ) ) ;
#81 = B_SPLINE_CURVE_WITH_KNOTS ( 'NONE', 3,
 ( #1703, #1533, #1214, #367 ),
 .UNSPECIFIED., .F., .F.,
 ( 4, 4 ),
 ( 0.000000000000000000, 0.8724294488011775650 ),
 .UNSPECIFIED. ) ;
#82 = CARTESIAN_POINT ( 'NONE',  ( -2.519291540161140301E-14, 15.57347439510908771, 3.577994056599535359E-14 ) ) ;
#83 = ORIENTED_EDGE ( 'NONE', *, *, #1285, .T. ) ;
#84 = EDGE_CURVE ( 'NONE', #662, #2013, #2162, .T. ) ;
#86 = ADVANCED_FACE ( 'NONE', ( #394 ), #1927, .T. ) ;
#85 = DIRECTION ( 'NONE',  ( -0.000000000000000000, -1.000000000000000000, -0.000000000000000000 ) ) ;
#87 = CARTESIAN_POINT ( 'NONE',  ( 11.03583666678856545, 15.57347439510908771, 9.750457652397678032 ) ) ;
#88 = LINE ( 'NONE', #1758, #374 ) ;
#89 = CARTESIAN_POINT ( 'NONE',  ( -2.519291540161140301E-14, 15.57347439510908771, 3.577994056599535359E-14 ) ) ;
#91 = ORIENTED_EDGE ( 'NONE', *, *, #1748, .F. ) ;
#90 = DIRECTION ( 'NONE',  ( 0.000000000000000000, 0.000000000000000000, 1.000000000000000000 ) ) ;
#92 = EDGE_LOOP ( 'NONE', ( #1862, #2014, #1817, #1120 ) ) ;
#93 = VERTEX_POINT ( 'NONE', #1769 ) ;
#94 = EDGE_CURVE ( 'NONE', #1699, #1213, #919, .T. ) ;
#95 = FACE_OUTER_BOUND ( 'NONE', #726, .T. ) ;
#96 = ORIENTED_EDGE ( 'NONE', *, *, #187, .F. ) ;
#97 = EDGE_CURVE ( 'NONE', #262, #1857, #1864, .T. ) ;
#98 = DIRECTION ( 'NONE',  ( -0.000000000000000000, -1.000000000000000000, -0.000000000000000000 ) ) ;
#99 = CARTESIAN_POINT ( 'NONE',  ( 10.56177950549847999, 15.57347439510908771, -13.32099146750086049 ) ) ;
#100 = CARTESIAN_POINT ( 'NONE',  ( 3.161417895222371932, 15.57347439510908771, -16.70345583679516821 ) ) ;
#102 = VERTEX_POINT ( 'NONE', #930 ) ;
#101 = CARTESIAN_POINT ( 'NONE',  ( -2.519291540161140301E-14, 15.57347439510908771, 3.577994056599535359E-14 ) ) ;
#103 = VERTEX_POINT ( 'NONE', #1619 ) ;
#104 = ORIENTED_EDGE ( 'NONE', *, *, #1720, .F. ) ;
#105 = DIRECTION ( 'NONE',  ( 0.000000000000000000, 0.000000000000000000, -1.000000000000000000 ) ) ;
#106 = AXIS2_PLACEMENT_3D ( 'NONE', #2107, #1594, #1300 ) ;
#107 = DIRECTION ( 'NONE',  ( 0.000000000000000000, 1.000000000000000000, -0.000000000000000000 ) ) ;
#108 = AXIS2_PLACEMENT_3D ( 'NONE', #444, #942, #2178 ) ;
#109 = VECTOR ( 'NONE', #1501, 1000.000000000000000 ) ;
#110 = LINE ( 'NONE', #2091, #2006 ) ;
#111 = AXIS2_PLACEMENT_3D ( 'NONE', #1202, #1384, #2060 ) ;
#112 = CARTESIAN_POINT ( 'NONE',  ( 11.03583666678856545, -2.426525604890910515, 9.750457652397678032 ) ) ;
#113 = ORIENTED_EDGE ( 'NONE', *, *, #966, .F. ) ;
#114 = EDGE_CURVE ( 'NONE', #2173, #630, #602, .T. ) ;
#115 = CARTESIAN_POINT ( 'NONE',  ( 1.730643830741085409, 15.57347439510908771, -14.62525361347679187 ) ) ;
#116 = CARTESIAN_POINT ( 'NONE',  ( -2.519291540161140301E-14, 15.57347439510908771, 3.577994056599535359E-14 ) ) ;
#117 = ORIENTED_EDGE ( 'NONE', *, *, #607, .F. ) ;
#118 = B_SPLINE_CURVE_WITH_KNOTS ( 'NONE', 3,
 ( #1828, #2176, #316, #2110 ),
 .UNSPECIFIED., .F., .F.,
 ( 4, 4 ),
 ( 0.000000000000000000, 0.8724294488011762327 ),
 .UNSPECIFIED. ) ;
#119 = ORIENTED_EDGE ( 'NONE', *, *, #924, .F. ) ;
#120 = ORIENTED_EDGE ( 'NONE', *, *, #2183, .F. ) ;
#121 = CARTESIAN_POINT ( 'NONE',  ( -13.44279531033789787, -2.426525604890910515, 10.40630838695254567 ) ) ;
#122 = CARTESIAN_POINT ( 'NONE',  ( 12.15879431469595495, 15.57347439510908771, 10.22189313170513891 ) ) ;
#123 = CARTESIAN_POINT ( 'NONE',  ( -13.03019789325457545, 15.57347439510908771, 6.861126600629080308 ) ) ;
#124 = CARTESIAN_POINT ( 'NONE',  ( 10.56177950549847999, 15.57347439510908771, -13.32099146750086049 ) ) ;
#125 = CARTESIAN_POINT ( 'NONE',  ( 13.10832155290263934, 15.57347439510908771, -3.228297704008610935 ) ) ;
#126 = ORIENTED_EDGE ( 'NONE', *, *, #481, .T. ) ;
#127 = VERTEX_POINT ( 'NONE', #2068 ) ;
#128 = CARTESIAN_POINT ( 'NONE',  ( 0.000000000000000000, 0.000000000000000000, 0.000000000000000000 ) ) ;
#129 = CARTESIAN_POINT ( 'NONE',  ( 16.96273565528138150, -2.426525604890910515, 1.124988483961061769 ) ) ;
#130 = CARTESIAN_POINT ( 'NONE',  ( -3.208505178210129927, 15.57347439510908771, -16.69447496992336966 ) ) ;
#131 = ORIENTED_EDGE ( 'NONE', *, *, #1136, .F. ) ;
#132 = EDGE_CURVE ( 'NONE', #510, #988, #1237, .T. ) ;
#133 = VERTEX_POINT ( 'NONE', #1744 ) ;
#134 = CARTESIAN_POINT ( 'NONE',  ( -16.95949601381428451, 15.57347439510908771, 1.172814971518664651 ) ) ;
#136 = CARTESIAN_POINT ( 'NONE',  ( 13.01946550788610146, -2.426525604890910515, -6.883799039510247297 ) ) ;
#135 = PRODUCT_DEFINITION_SHAPE ( 'NONE', 'NONE',  #622 ) ;
#137 = CIRCLE ( 'NONE', #108, 17.00000000000000000 ) ;
#138 = VECTOR ( 'NONE', #2028, 1000.000000000000000 ) ;
#139 = AXIS2_PLACEMENT_3D ( 'NONE', #1588, #1272, #2088 ) ;
#140 = DIRECTION ( 'NONE',  ( -0.000000000000000000, -1.000000000000000000, -0.000000000000000000 ) ) ;
#141 = CARTESIAN_POINT ( 'NONE',  ( -2.519291540161140301E-14, 15.57347439510908771, 3.577994056599535359E-14 ) ) ;
#142 = CARTESIAN_POINT ( 'NONE',  ( -11.66000622469460701, -2.426525604890910959, -10.78812292027627606 ) ) ;
#143 = VERTEX_POINT ( 'NONE', #617 ) ;
#144 = AXIS2_PLACEMENT_3D ( 'NONE', #844, #2032, #201 ) ;
#145 = LINE ( 'NONE', #2129, #1578 ) ;
#146 = ORIENTED_EDGE ( 'NONE', *, *, #1280, .F. ) ;
#147 = LINE ( 'NONE', #958, #1973 ) ;
#148 = EDGE_CURVE ( 'NONE', #1009, #2187, #728, .T. ) ;
#149 = DIRECTION ( 'NONE',  ( 0.000000000000000000, -1.000000000000000000, 0.000000000000000000 ) ) ;
#150 = EDGE_CURVE ( 'NONE', #2027, #533, #174, .T. ) ;
#151 = CARTESIAN_POINT ( 'NONE',  ( -5.310932066900877935, -2.426525604890910515, -14.97108352403628473 ) ) ;
#152 = CARTESIAN_POINT ( 'NONE',  ( 10.10657755590895945, 15.57347439510908771, -8.950256426851476377 ) ) ;
#153 = EDGE_LOOP ( 'NONE', ( #1109, #2127, #519, #1520 ) ) ;
#154 = CARTESIAN_POINT ( 'NONE',  ( 7.700616901647451051, -2.426525604890910515, 11.08830461946559431 ) ) ;
#155 = VERTEX_POINT ( 'NONE', #1802 ) ;
#156 = FACE_OUTER_BOUND ( 'NONE', #1349, .T. ) ;
#157 = ORIENTED_EDGE ( 'NONE', *, *, #1490, .F. ) ;
#158 = EDGE_CURVE ( 'NONE', #1439, #347, #532, .T. ) ;
#159 = DIRECTION ( 'NONE',  ( -0.000000000000000000, -1.000000000000000000, -0.000000000000000000 ) ) ;
#160 = CARTESIAN_POINT ( 'NONE',  ( -14.25174099471086997, 15.57347439510908771, -7.015073556475448946 ) ) ;
#161 = DIRECTION ( 'NONE',  ( 0.000000000000000000, 1.000000000000000000, -0.000000000000000000 ) ) ;
#162 = CARTESIAN_POINT ( 'NONE',  ( -14.47185364368888827, 15.57347439510908771, 8.919946867310915906 ) ) ;
#163 = ORIENTED_EDGE ( 'NONE', *, *, #1359, .T. ) ;
#164 = B_SPLINE_CURVE_WITH_KNOTS ( 'NONE', 3,
 ( #75, #1759, #735, #563 ),
 .UNSPECIFIED., .F., .F.,
 ( 4, 4 ),
 ( 0.000000000000000000, 0.8724294488011786752 ),
 .UNSPECIFIED. ) ;
#165 = DIRECTION ( 'NONE',  ( -0.000000000000000000, -1.000000000000000000, -0.000000000000000000 ) ) ;
#166 =( NAMED_UNIT ( * ) SI_UNIT ( $, .STERADIAN. ) SOLID_ANGLE_UNIT ( ) );
#167 = CARTESIAN_POINT ( 'NONE',  ( 13.49994479184226037, 15.57347439510908771, -0.03860851214925846431 ) ) ;
#168 = CIRCLE ( 'NONE', #207, 17.00000000000000355 ) ;
#169 = VERTEX_POINT ( 'NONE', #970 ) ;
#170 = CIRCLE ( 'NONE', #404, 17.00000000000000000 ) ;
#171 = CARTESIAN_POINT ( 'NONE',  ( -13.04859256026000303, 15.57347439510908771, -6.826078490873273452 ) ) ;
#172 = EDGE_CURVE ( 'NONE', #298, #240, #281, .T. ) ;
#173 = CARTESIAN_POINT ( 'NONE',  ( 7.110521216311523673, 15.57347439510908771, 15.44151832017772286 ) ) ;
#174 = CIRCLE ( 'NONE', #246, 18.50000000000000000 ) ;
#175 = CARTESIAN_POINT ( 'NONE',  ( -5.310932066900877935, 15.57347439510908771, -14.97108352403628473 ) ) ;
#176 = ORIENTED_EDGE ( 'NONE', *, *, #2003, .F. ) ;
#177 = ORIENTED_EDGE ( 'NONE', *, *, #1124, .F. ) ;
#178 = DIRECTION ( 'NONE',  ( 0.000000000000000000, 0.000000000000000000, 1.000000000000000000 ) ) ;
#179 = CARTESIAN_POINT ( 'NONE',  ( -2.519291540161140301E-14, 15.57347439510908771, 3.577994056599535359E-14 ) ) ;
#180 = ORIENTED_EDGE ( 'NONE', *, *, #325, .T. ) ;
#181 = CARTESIAN_POINT ( 'NONE',  ( -2.519291540161140301E-14, 15.57347439510908771, 3.577994056599535359E-14 ) ) ;
#182 = EDGE_CURVE ( 'NONE', #1485, #262, #147, .T. ) ;
#183 = B_SPLINE_CURVE_WITH_KNOTS ( 'NONE', 3,
 ( #1667, #1164, #1814, #1848 ),
 .UNSPECIFIED., .F., .F.,
 ( 4, 4 ),
 ( 0.000000000000000000, 0.8724294488011784532 ),
 .UNSPECIFIED. ) ;
#184 = CARTESIAN_POINT ( 'NONE',  ( 5.203474663961569213, -2.426525604890910515, -13.77624646951207765 ) ) ;
#185 = DIRECTION ( 'NONE',  ( -0.000000000000000000, -1.000000000000000000, -0.000000000000000000 ) ) ;
#186 = EDGE_LOOP ( 'NONE', ( #676, #2022, #18, #1215 ) ) ;
#187 = EDGE_CURVE ( 'NONE', #11, #1953, #1538, .T. ) ;
#188 = ORIENTED_EDGE ( 'NONE', *, *, #273, .T. ) ;
#189 = CARTESIAN_POINT ( 'NONE',  ( -14.31001298597117710, 15.57347439510908771, -3.480905007140533858 ) ) ;
#190 = CARTESIAN_POINT ( 'NONE',  ( -0.8799775184069199563, -2.426525604890910515, 16.97720941636462655 ) ) ;
#191 = EDGE_LOOP ( 'NONE', ( #968, #669, #523, #681 ) ) ;
#192 = CARTESIAN_POINT ( 'NONE',  ( -11.95247692790538530, 15.57347439510908771, -6.276009503489433428 ) ) ;
#193 = CARTESIAN_POINT ( 'NONE',  ( -10.13045595561753309, -2.426525604890910959, -8.923220390155853110 ) ) ;
#194 = EDGE_LOOP ( 'NONE', ( #2139, #1820, #1181, #52 ) ) ;
#195 = DIRECTION ( 'NONE',  ( 0.000000000000000000, 0.000000000000000000, 1.000000000000000000 ) ) ;
#196 = CARTESIAN_POINT ( 'NONE',  ( 8.402931545048730300, -2.426525604890910515, 12.09478866192480240 ) ) ;
#197 = ORIENTED_EDGE ( 'NONE', *, *, #1842, .F. ) ;
#198 = ADVANCED_FACE ( 'NONE', ( #2148 ), #1464, .T. ) ;
#199 = CARTESIAN_POINT ( 'NONE',  ( -15.33791347471867894, -2.426525604890910515, -4.133733366455960123 ) ) ;
#200 = ORIENTED_EDGE ( 'NONE', *, *, #20, .T. ) ;
#201 = DIRECTION ( 'NONE',  ( 0.000000000000000000, 0.000000000000000000, 1.000000000000000000 ) ) ;
#202 = ORIENTED_EDGE ( 'NONE', *, *, #1967, .T. ) ;
#203 = CARTESIAN_POINT ( 'NONE',  ( -2.519291540161140301E-14, -2.426525604890910959, 3.577994056599535359E-14 ) ) ;
#204 = EDGE_LOOP ( 'NONE', ( #826, #1685, #673, #403 ) ) ;
#205 = CARTESIAN_POINT ( 'NONE',  ( 2.254812623749919531, 15.57347439510908771, -15.72434931355457977 ) ) ;
#206 = DIRECTION ( 'NONE',  ( 0.000000000000000000, 1.000000000000000000, -0.000000000000000000 ) ) ;
#207 = AXIS2_PLACEMENT_3D ( 'NONE', #1700, #232, #68 ) ;
#208 = AXIS2_PLACEMENT_3D ( 'NONE', #1695, #1014, #544 ) ;
#209 = ORIENTED_EDGE ( 'NONE', *, *, #1269, .F. ) ;
#210 = CIRCLE ( 'NONE', #973, 16.99999999999999645 ) ;
#211 = ORIENTED_EDGE ( 'NONE', *, *, #1981, .F. ) ;
#212 = EDGE_CURVE ( 'NONE', #803, #1740, #1006, .T. ) ;
#213 = FACE_OUTER_BOUND ( 'NONE', #1565, .T. ) ;
#214 = ADVANCED_FACE ( 'NONE', ( #1980 ), #1454, .T. ) ;
#215 = CARTESIAN_POINT ( 'NONE',  ( -4.823245983957107796, 15.57347439510908771, -12.60897688863934007 ) ) ;
#216 = VERTEX_POINT ( 'NONE', #1800 ) ;
#217 = CARTESIAN_POINT ( 'NONE',  ( -2.292731882318879646E-14, -2.426525604890910959, -18.49999999999996447 ) ) ;
#218 = B_SPLINE_CURVE_WITH_KNOTS ( 'NONE', 3,
 ( #1608, #1950, #577, #1625 ),
 .UNSPECIFIED., .F., .F.,
 ( 4, 4 ),
 ( 0.1276832474596353850, 1.000000000000000000 ),
 .UNSPECIFIED. ) ;
#219 = CARTESIAN_POINT ( 'NONE',  ( -2.519291540161140301E-14, 15.57347439510908771, 3.577994056599535359E-14 ) ) ;
#220 = CARTESIAN_POINT ( 'NONE',  ( -2.519291540161140301E-14, 15.57347439510908771, 3.577994056599535359E-14 ) ) ;
#221 = DIRECTION ( 'NONE',  ( 0.000000000000000000, 0.000000000000000000, 1.000000000000000000 ) ) ;
#222 = ORIENTED_EDGE ( 'NONE', *, *, #490, .T. ) ;
#223 = DIRECTION ( 'NONE',  ( -0.000000000000000000, -1.000000000000000000, -0.000000000000000000 ) ) ;
#224 = CARTESIAN_POINT ( 'NONE',  ( -4.963186455635717920, 15.57347439510908771, -16.25935977234630414 ) ) ;
#225 = CARTESIAN_POINT ( 'NONE',  ( 0.9278457926499157349, -2.426525604890910959, 16.97466059115948767 ) ) ;
#226 = EDGE_CURVE ( 'NONE', #754, #133, #57, .T. ) ;
#227 = ORIENTED_EDGE ( 'NONE', *, *, #132, .T. ) ;
#228 = CARTESIAN_POINT ( 'NONE',  ( 10.56177950549847999, -2.426525604890910959, -13.32099146750086227 ) ) ;
#229 = CYLINDRICAL_SURFACE ( 'NONE', #1264, 16.99999999999999645 ) ;
#230 = EDGE_LOOP ( 'NONE', ( #1168, #2067, #980, #1080 ) ) ;
#231 = ORIENTED_EDGE ( 'NONE', *, *, #1160, .F. ) ;
#232 = DIRECTION ( 'NONE',  ( 0.000000000000000000, 1.000000000000000000, -0.000000000000000000 ) ) ;
#233 = VERTEX_POINT ( 'NONE', #1381 ) ;
#234 = FILL_AREA_STYLE_COLOUR ( '', #2121 ) ;
#235 = DIRECTION ( 'NONE',  ( -0.000000000000000000, -1.000000000000000000, -0.000000000000000000 ) ) ;
#236 = VERTEX_POINT ( 'NONE', #1001 ) ;
#237 = DIRECTION ( 'NONE',  ( -0.000000000000000000, -1.000000000000000000, -0.000000000000000000 ) ) ;
#238 = EDGE_CURVE ( 'NONE', #696, #103, #2116, .T. ) ;
#239 = DIRECTION ( 'NONE',  ( 0.000000000000000000, 0.000000000000000000, 1.000000000000000000 ) ) ;
#240 = VERTEX_POINT ( 'NONE', #515 ) ;
#241 = B_SPLINE_SURFACE_WITH_KNOTS ( 'NONE', 3, 1, ( 
 ( #2024, #428 ),
 ( #1107, #1786 ),
 ( #940, #1657 ),
 ( #802, #1484 ) ),
 .UNSPECIFIED., .F., .F., .F.,
 ( 4, 4 ),
 ( 2, 2 ),
 ( 0.1276832474596281686, 1.000000000000000000 ),
 ( 0.000000000000000000, 1.000000000000000000 ),
 .UNSPECIFIED. ) ;
#242 = AXIS2_PLACEMENT_3D ( 'NONE', #2092, #561, #1925 ) ;
#243 = B_SPLINE_CURVE_WITH_KNOTS ( 'NONE', 3,
 ( #888, #524, #511, #370 ),
 .UNSPECIFIED., .F., .F.,
 ( 4, 4 ),
 ( 0.1276832474596284739, 1.000000000000000000 ),
 .UNSPECIFIED. ) ;
#244 = EDGE_CURVE ( 'NONE', #1730, #1292, #1028, .T. ) ;
#245 = AXIS2_PLACEMENT_3D ( 'NONE', #733, #161, #1167 ) ;
#246 = AXIS2_PLACEMENT_3D ( 'NONE', #461, #471, #105 ) ;
#247 = CARTESIAN_POINT ( 'NONE',  ( 11.97154973215629781, -2.426525604890910515, 6.239551026356649821 ) ) ;
#248 = CARTESIAN_POINT ( 'NONE',  ( -4.963186455635726801, -2.426525604890910959, -16.25935977234630769 ) ) ;
#249 = CARTESIAN_POINT ( 'NONE',  ( -2.519291540161140301E-14, -2.426525604890910959, 3.577994056599535359E-14 ) ) ;
#250 = LINE ( 'NONE', #908, #1658 ) ;
#251 = CARTESIAN_POINT ( 'NONE',  ( -2.519291540161140301E-14, -2.426525604890910959, 3.577994056599535359E-14 ) ) ;
#252 = ORIENTED_EDGE ( 'NONE', *, *, #1344, .T. ) ;
#253 = EDGE_CURVE ( 'NONE', #801, #155, #118, .T. ) ;
#254 = EDGE_CURVE ( 'NONE', #1205, #1169, #218, .T. ) ;
#255 = ORIENTED_EDGE ( 'NONE', *, *, #23, .F. ) ;
#256 = DIRECTION ( 'NONE',  ( -0.000000000000000000, -1.000000000000000000, -0.000000000000000000 ) ) ;
#258 = FACE_OUTER_BOUND ( 'NONE', #750, .T. ) ;
#257 = B_SPLINE_SURFACE_WITH_KNOTS ( 'NONE', 3, 1, ( 
 ( #2156, #329 ),
 ( #160, #666 ),
 ( #171, #800 ),
 ( #2181, #655 ) ),
 .UNSPECIFIED., .F., .F., .F.,
 ( 4, 4 ),
 ( 2, 2 ),
 ( 0.1276832474596248101, 1.000000000000000000 ),
 ( 0.000000000000000000, 1.000000000000000000 ),
 .UNSPECIFIED. ) ;
#259 = DIRECTION ( 'NONE',  ( 0.000000000000000000, 0.000000000000000000, -1.000000000000000000 ) ) ;
#260 = CARTESIAN_POINT ( 'NONE',  ( -2.519291540161140301E-14, -2.426525604890910959, 3.577994056599535359E-14 ) ) ;
#261 = DIRECTION ( 'NONE',  ( 0.000000000000000000, 1.000000000000000000, -0.000000000000000000 ) ) ;
#262 = VERTEX_POINT ( 'NONE', #488 ) ;
#263 = UNCERTAINTY_MEASURE_WITH_UNIT (LENGTH_MEASURE( 1.000000000000000082E-05 ), #975, 'distance_accuracy_value', 'NONE');
#264 = CARTESIAN_POINT ( 'NONE',  ( -15.87935717510126032, 15.57347439510908771, 0.4115751312265955031 ) ) ;
#265 = ORIENTED_EDGE ( 'NONE', *, *, #416, .F. ) ;
#266 = CARTESIAN_POINT ( 'NONE',  ( 8.402931545048730300, -2.426525604890910959, 12.09478866192480240 ) ) ;
#267 = EDGE_CURVE ( 'NONE', #1628, #437, #1957, .T. ) ;
#268 = ORIENTED_EDGE ( 'NONE', *, *, #1926, .F. ) ;
#269 = CARTESIAN_POINT ( 'NONE',  ( -4.823245983957107796, -2.426525604890910959, -12.60897688863934007 ) ) ;
#270 = CARTESIAN_POINT ( 'NONE',  ( -7.066951466311151009, -2.426525604890910959, 15.46150694378798818 ) ) ;
#271 = VERTEX_POINT ( 'NONE', #955 ) ;
#272 = B_SPLINE_CURVE_WITH_KNOTS ( 'NONE', 3,
 ( #1092, #1452, #1609, #2126 ),
 .UNSPECIFIED., .F., .F.,
 ( 4, 4 ),
 ( 0.000000000000000000, 0.8724294488011765658 ),
 .UNSPECIFIED. ) ;
#273 = EDGE_CURVE ( 'NONE', #845, #1567, #707, .T. ) ;
#274 = DIRECTION ( 'NONE',  ( 0.000000000000000000, 1.000000000000000000, -0.000000000000000000 ) ) ;
#275 = CARTESIAN_POINT ( 'NONE',  ( 10.10321228772080815, 15.57347439510908771, 8.954055029384583975 ) ) ;
#276 = VERTEX_POINT ( 'NONE', #1964 ) ;
#277 = ORIENTED_EDGE ( 'NONE', *, *, #273, .F. ) ;
#278 = VECTOR ( 'NONE', #476, 1000.000000000000000 ) ;
#279 = CYLINDRICAL_SURFACE ( 'NONE', #1227, 13.50000000000000178 ) ;
#280 = ORIENTED_EDGE ( 'NONE', *, *, #648, .F. ) ;
#281 = CIRCLE ( 'NONE', #1656, 17.00000000000000000 ) ;
#282 = EDGE_CURVE ( 'NONE', #335, #1785, #599, .T. ) ;
#283 = CARTESIAN_POINT ( 'NONE',  ( -2.519291540161140301E-14, 15.57347439510908771, 3.577994056599535359E-14 ) ) ;
#284 = DIRECTION ( 'NONE',  ( 0.000000000000000000, -0.000000000000000000, -1.000000000000000000 ) ) ;
#285 = CARTESIAN_POINT ( 'NONE',  ( 12.15879431469595495, -2.426525604890910959, 10.22189313170513891 ) ) ;
#286 = CARTESIAN_POINT ( 'NONE',  ( -10.07925159720333852, 15.57347439510908771, 8.981018162785057157 ) ) ;
#287 = CARTESIAN_POINT ( 'NONE',  ( 13.10710705452598823, -2.426525604890907406, 3.233225117617795519 ) ) ;
#288 = EDGE_LOOP ( 'NONE', ( #429, #706, #117, #1852 ) ) ;
#289 = CARTESIAN_POINT ( 'NONE',  ( 7.110521216311523673, 15.57347439510908771, 15.44151832017772286 ) ) ;
#290 = CARTESIAN_POINT ( 'NONE',  ( 13.90295443808582299, -2.426525604890910959, 7.684217539568810373 ) ) ;
#291 = VERTEX_POINT ( 'NONE', #1591 ) ;
#292 = DIRECTION ( 'NONE',  ( 0.000000000000000000, 0.000000000000000000, 1.000000000000000000 ) ) ;
#293 = PLANE ( 'NONE',  #1690 ) ;
#294 = CARTESIAN_POINT ( 'NONE',  ( -2.519291540161140301E-14, -2.426525604890910959, 3.577994056599535359E-14 ) ) ;
#295 = EDGE_CURVE ( 'NONE', #1427, #312, #809, .T. ) ;
#296 = ORIENTED_EDGE ( 'NONE', *, *, #1500, .T. ) ;
#297 = B_SPLINE_SURFACE_WITH_KNOTS ( 'NONE', 3, 1, ( 
 ( #1007, #37 ),
 ( #1360, #698 ),
 ( #123, #1592 ),
 ( #299, #1649 ) ),
 .UNSPECIFIED., .F., .F., .F.,
 ( 4, 4 ),
 ( 2, 2 ),
 ( 0.1276832474596353850, 1.000000000000000000 ),
 ( 0.000000000000000000, 1.000000000000000000 ),
 .UNSPECIFIED. ) ;
#298 = VERTEX_POINT ( 'NONE', #522 ) ;
#299 = CARTESIAN_POINT ( 'NONE',  ( -11.95483534242764101, 15.57347439510908771, 6.271515920050278581 ) ) ;
#300 = CARTESIAN_POINT ( 'NONE',  ( -10.59929960701378704, 15.57347439510908771, -13.29115675329866697 ) ) ;
#301 = FACE_OUTER_BOUND ( 'NONE', #1150, .T. ) ;
#302 = FACE_OUTER_BOUND ( 'NONE', #1065, .T. ) ;
#303 = ADVANCED_FACE ( 'NONE', ( #2165 ), #1302, .T. ) ;
#304 = EDGE_CURVE ( 'NONE', #845, #2169, #1673, .T. ) ;
#305 = EDGE_LOOP ( 'NONE', ( #96, #1515, #1429, #1815 ) ) ;
#306 = EDGE_CURVE ( 'NONE', #1559, #437, #580, .T. ) ;
#307 = CIRCLE ( 'NONE', #1895, 17.00000000000000000 ) ;
#308 = CARTESIAN_POINT ( 'NONE',  ( 9.304006915735117289, -2.426525604890910515, -12.87535617429139911 ) ) ;
#309 = ORIENTED_EDGE ( 'NONE', *, *, #1696, .T. ) ;
#310 = CARTESIAN_POINT ( 'NONE',  ( 13.49994479184226037, 15.57347439510908771, -0.03860851214925755531 ) ) ;
#311 = CARTESIAN_POINT ( 'NONE',  ( -1.794692962629670818, -2.426525604890910515, -14.61643569879884907 ) ) ;
#312 = VERTEX_POINT ( 'NONE', #643 ) ;
#313 = CIRCLE ( 'NONE', #144, 16.99999999999998579 ) ;
#314 = FACE_OUTER_BOUND ( 'NONE', #948, .T. ) ;
#315 = ADVANCED_FACE ( 'NONE', ( #330 ), #1351, .T. ) ;
#316 = CARTESIAN_POINT ( 'NONE',  ( 14.22176534876814991, 15.57347439510908771, -7.076774100357011932 ) ) ;
#317 = ORIENTED_EDGE ( 'NONE', *, *, #1387, .F. ) ;
#318 = CARTESIAN_POINT ( 'NONE',  ( 15.31943553921643186, -2.426525604890910959, -4.199794416739309533 ) ) ;
#319 = APPLICATION_PROTOCOL_DEFINITION ( 'draft international standard', 'automotive_design', 1998, #362 ) ;
#320 = CARTESIAN_POINT ( 'NONE',  ( 11.93566519168847861, 15.57347439510908771, -6.307923305804776781 ) ) ;
#321 = FACE_OUTER_BOUND ( 'NONE', #1502, .T. ) ;
#322 = UNCERTAINTY_MEASURE_WITH_UNIT (LENGTH_MEASURE( 1.000000000000000082E-05 ), #1983, 'distance_accuracy_value', 'NONE');
#323 = CARTESIAN_POINT ( 'NONE',  ( -16.73905675201165266, 15.57347439510908771, 2.967149988277336892 ) ) ;
#324 = ORIENTED_EDGE ( 'NONE', *, *, #590, .T. ) ;
#325 = EDGE_CURVE ( 'NONE', #803, #2020, #1900, .T. ) ;
#326 = DIRECTION ( 'NONE',  ( -0.000000000000000000, -1.000000000000000000, -0.000000000000000000 ) ) ;
#327 = CARTESIAN_POINT ( 'NONE',  ( 14.72722511009494362, 15.57347439510908771, -0.04485402978083130598 ) ) ;
#328 = VERTEX_POINT ( 'NONE', #491 ) ;
#329 = CARTESIAN_POINT ( 'NONE',  ( -15.56192223125800211, -2.426525604890910515, -6.842994700295935928 ) ) ;
#330 = FACE_OUTER_BOUND ( 'NONE', #1752, .T. ) ;
#331 = ORIENTED_EDGE ( 'NONE', *, *, #2109, .T. ) ;
#332 = DIRECTION ( 'NONE',  ( 0.000000000000000000, 1.000000000000000000, -0.000000000000000000 ) ) ;
#333 = ORIENTED_EDGE ( 'NONE', *, *, #571, .T. ) ;
#334 = DIRECTION ( 'NONE',  ( 0.000000000000000000, 1.000000000000000000, -0.000000000000000000 ) ) ;
#335 = VERTEX_POINT ( 'NONE', #1170 ) ;
#336 = EDGE_CURVE ( 'NONE', #2087, #1716, #793, .T. ) ;
#337 = DIRECTION ( 'NONE',  ( 0.000000000000000000, 0.000000000000000000, 1.000000000000000000 ) ) ;
#338 = EDGE_LOOP ( 'NONE', ( #1810, #1455, #1651, #737 ) ) ;
#339 = FACE_OUTER_BOUND ( 'NONE', #584, .T. ) ;
#340 = EDGE_CURVE ( 'NONE', #808, #312, #1853, .T. ) ;
#341 = AXIS2_PLACEMENT_3D ( 'NONE', #509, #21, #527 ) ;
#342 = CARTESIAN_POINT ( 'NONE',  ( -11.95247692790538530, -2.426525604890910959, -6.276009503489431651 ) ) ;
#343 = DIRECTION ( 'NONE',  ( -0.000000000000000000, -1.000000000000000000, -0.000000000000000000 ) ) ;
#344 = ORIENTED_EDGE ( 'NONE', *, *, #628, .T. ) ;
#345 = CARTESIAN_POINT ( 'NONE',  ( 14.30301168383323152, -2.426525604890910515, 3.504992459245038994 ) ) ;
#346 = CARTESIAN_POINT ( 'NONE',  ( -2.519291540161140301E-14, -2.426525604890910959, 3.577994056599535359E-14 ) ) ;
#347 = VERTEX_POINT ( 'NONE', #1518 ) ;
#348 = CARTESIAN_POINT ( 'NONE',  ( -8.681783319324921422, -2.426525604890910515, 13.30225607855209624 ) ) ;
#349 = ORIENTED_EDGE ( 'NONE', *, *, #2015, .T. ) ;
#350 = CARTESIAN_POINT ( 'NONE',  ( 14.72722511009494362, 15.57347439510908771, -0.04485402978083130598 ) ) ;
#351 = ADVANCED_FACE ( 'NONE', ( #1709 ), #1305, .T. ) ;
#352 = DIRECTION ( 'NONE',  ( 0.000000000000000000, 0.000000000000000000, 1.000000000000000000 ) ) ;
#353 = CARTESIAN_POINT ( 'NONE',  ( -11.95078460238868701, 15.57347439510908771, -12.09044033057973522 ) ) ;
#354 = DIRECTION ( 'NONE',  ( -0.000000000000000000, -1.000000000000000000, -0.000000000000000000 ) ) ;
#355 = ADVANCED_BREP_SHAPE_REPRESENTATION ( 'Base Gear', ( #1052, #1196 ), #1999 ) ;
#356 = CARTESIAN_POINT ( 'NONE',  ( -10.13045595561753665, -2.426525604890910515, -8.923220390155849557 ) ) ;
#357 = ORIENTED_EDGE ( 'NONE', *, *, #1644, .T. ) ;
#358 = DIRECTION ( 'NONE',  ( 0.000000000000000000, 0.000000000000000000, 1.000000000000000000 ) ) ;
#359 = ORIENTED_EDGE ( 'NONE', *, *, #504, .F. ) ;
#360 = CARTESIAN_POINT ( 'NONE',  ( -13.09842130961059681, -2.426525604890910959, 3.268234874659390776 ) ) ;
#361 = CARTESIAN_POINT ( 'NONE',  ( 15.51642829108393329, 15.57347439510908771, 3.400563404898202524 ) ) ;
#362 = APPLICATION_CONTEXT ( 'automotive_design' ) ;
#363 = EDGE_CURVE ( 'NONE', #1009, #2130, #272, .T. ) ;
#364 = CARTESIAN_POINT ( 'NONE',  ( -2.322619283601906393, 15.57347439510908771, -15.71396888270188619 ) ) ;
#365 = DIRECTION ( 'NONE',  ( 0.000000000000000000, 1.000000000000000000, -0.000000000000000000 ) ) ;
#366 = ORIENTED_EDGE ( 'NONE', *, *, #336, .T. ) ;
#367 = CARTESIAN_POINT ( 'NONE',  ( -13.44279531033788899, 15.57347439510908771, 10.40630838695254212 ) ) ;
#368 = AXIS2_PLACEMENT_3D ( 'NONE', #116, #604, #90 ) ;
#369 = ORIENTED_EDGE ( 'NONE', *, *, #1788, .F. ) ;
#370 = CARTESIAN_POINT ( 'NONE',  ( -13.49999976153325498, -2.426525604890907406, -0.002537440205371265748 ) ) ;
#371 = CARTESIAN_POINT ( 'NONE',  ( 3.161417895222373708, -2.426525604890910959, -16.70345583679516110 ) ) ;
#372 = ORIENTED_EDGE ( 'NONE', *, *, #2100, .F. ) ;
#373 = AXIS2_PLACEMENT_3D ( 'NONE', #1677, #2047, #178 ) ;
#374 = VECTOR ( 'NONE', #573, 1000.000000000000000 ) ;
#375 = PRESENTATION_LAYER_ASSIGNMENT (  '', '', ( #766 ) ) ;
#376 = ORIENTED_EDGE ( 'NONE', *, *, #1124, .T. ) ;
#377 = CARTESIAN_POINT ( 'NONE',  ( 4.789538438319500990, -2.426525604890907406, -12.62181926458539039 ) ) ;
#378 = EDGE_CURVE ( 'NONE', #1279, #2027, #1965, .T. ) ;
#379 = PLANE ( 'NONE',  #1728 ) ;
#380 = DIRECTION ( 'NONE',  ( 0.000000000000000000, 0.000000000000000000, 1.000000000000000000 ) ) ;
#381 = ORIENTED_EDGE ( 'NONE', *, *, #1777, .T. ) ;
#382 = DIRECTION ( 'NONE',  ( 0.000000000000000000, 0.000000000000000000, -1.000000000000000000 ) ) ;
#383 = CYLINDRICAL_SURFACE ( 'NONE', #409, 16.99999999999999645 ) ;
#384 = ORIENTED_EDGE ( 'NONE', *, *, #862, .F. ) ;
#385 = FACE_OUTER_BOUND ( 'NONE', #1128, .T. ) ;
#386 = EDGE_CURVE ( 'NONE', #1553, #1530, #1401, .T. ) ;
#387 = LINE ( 'NONE', #1755, #1661 ) ;
#388 = CARTESIAN_POINT ( 'NONE',  ( -13.11690055307487768, 15.57347439510908771, -3.193261636750811761 ) ) ;
#389 = ORIENTED_EDGE ( 'NONE', *, *, #1708, .F. ) ;
#390 = DIRECTION ( 'NONE',  ( -0.000000000000000000, -1.000000000000000000, -0.000000000000000000 ) ) ;
#392 = VERTEX_POINT ( 'NONE', #1116 ) ;
#391 = CYLINDRICAL_SURFACE ( 'NONE', #2046, 18.50000000000000000 ) ;
#393 = ORIENTED_EDGE ( 'NONE', *, *, #740, .T. ) ;
#394 = FACE_OUTER_BOUND ( 'NONE', #659, .T. ) ;
#395 = CARTESIAN_POINT ( 'NONE',  ( 14.29353909408822787, 15.57347439510908771, -3.543424266582505755 ) ) ;
#396 = CARTESIAN_POINT ( 'NONE',  ( 1.819697817546135576, 15.57347439510908771, 14.61444050178514864 ) ) ;
#397 = CYLINDRICAL_SURFACE ( 'NONE', #503, 16.99999999999999645 ) ;
#398 = ADVANCED_FACE ( 'NONE', ( #59, #1073 ), #1914, .F. ) ;
#399 = CARTESIAN_POINT ( 'NONE',  ( 1.588911516212413666, -2.426525604890910515, -13.40616873657968355 ) ) ;
#401 = ORIENTED_EDGE ( 'NONE', *, *, #548, .T. ) ;
#400 = CARTESIAN_POINT ( 'NONE',  ( -15.87935717510126032, 15.57347439510908771, 0.4115751312265955031 ) ) ;
#402 = ADVANCED_FACE ( 'NONE', ( #463 ), #297, .T. ) ;
#403 = ORIENTED_EDGE ( 'NONE', *, *, #814, .T. ) ;
#404 = AXIS2_PLACEMENT_3D ( 'NONE', #1341, #2164, #4 ) ;
#405 = AXIS2_PLACEMENT_3D ( 'NONE', #459, #2097, #773 ) ;
#406 = AXIS2_PLACEMENT_3D ( 'NONE', #82, #1942, #1249 ) ;
#407 = ORIENTED_EDGE ( 'NONE', *, *, #1293, .T. ) ;
#408 = CARTESIAN_POINT ( 'NONE',  ( -2.519291540161140301E-14, 15.57347439510908771, 3.577994056599535359E-14 ) ) ;
#409 = AXIS2_PLACEMENT_3D ( 'NONE', #535, #2066, #871 ) ;
#410 = FACE_OUTER_BOUND ( 'NONE', #1157, .T. ) ;
#411 = CARTESIAN_POINT ( 'NONE',  ( -7.670962217755761259, -2.426525604890910515, 11.10884056298247557 ) ) ;
#412 = DIRECTION ( 'NONE',  ( -0.000000000000000000, -1.000000000000000000, -0.000000000000000000 ) ) ;
#413 = DIRECTION ( 'NONE',  ( 0.000000000000000000, 1.000000000000000000, -0.000000000000000000 ) ) ;
#414 = CARTESIAN_POINT ( 'NONE',  ( -1.629764094112251316, 15.57347439510908771, 13.40126370897698393 ) ) ;
#415 = ORIENTED_EDGE ( 'NONE', *, *, #1937, .T. ) ;
#416 = EDGE_CURVE ( 'NONE', #938, #595, #2058, .T. ) ;
#417 = VERTEX_POINT ( 'NONE', #615 ) ;
#418 = DIRECTION ( 'NONE',  ( -0.000000000000000000, -1.000000000000000000, -0.000000000000000000 ) ) ;
#419 = EDGE_LOOP ( 'NONE', ( #333, #576, #211, #1192 ) ) ;
#420 = CARTESIAN_POINT ( 'NONE',  ( 14.29353909408822787, -2.426525604890910515, -3.543424266582505755 ) ) ;
#421 = CARTESIAN_POINT ( 'NONE',  ( 1.573791234603826750, -2.426525604890910959, 15.80704028124153560 ) ) ;
#422 = CARTESIAN_POINT ( 'NONE',  ( -2.519291540161140301E-14, -2.426525604890910959, 3.577994056599535359E-14 ) ) ;
#423 = CARTESIAN_POINT ( 'NONE',  ( 13.10832155290263934, 15.57347439510908771, -3.228297704008610935 ) ) ;
#424 = DIRECTION ( 'NONE',  ( 0.000000000000000000, 0.000000000000000000, -1.000000000000000000 ) ) ;
#425 = EDGE_LOOP ( 'NONE', ( #489, #998 ) ) ;
#426 = EDGE_CURVE ( 'NONE', #899, #1570, #1818, .T. ) ;
#427 = ORIENTED_EDGE ( 'NONE', *, *, #1874, .T. ) ;
#428 = CARTESIAN_POINT ( 'NONE',  ( -10.59929960701379059, -2.426525604890910515, -13.29115675329867230 ) ) ;
#429 = ORIENTED_EDGE ( 'NONE', *, *, #1912, .T. ) ;
#430 = DIRECTION ( 'NONE',  ( 0.000000000000000000, -1.000000000000000000, 0.000000000000000000 ) ) ;
#431 = B_SPLINE_CURVE_WITH_KNOTS ( 'NONE', 3,
 ( #2071, #541, #1226, #1904 ),
 .UNSPECIFIED., .F., .F.,
 ( 4, 4 ),
 ( 0.1276832474596238665, 1.000000000000000000 ),
 .UNSPECIFIED. ) ;
#432 = DIRECTION ( 'NONE',  ( 0.000000000000000000, 1.000000000000000000, -0.000000000000000000 ) ) ;
#433 = CARTESIAN_POINT ( 'NONE',  ( 11.91664486836675074, 15.57347439510908771, -12.12409069090242397 ) ) ;
#434 = DIRECTION ( 'NONE',  ( 0.000000000000000000, 0.000000000000000000, 1.000000000000000000 ) ) ;
#435 = LINE ( 'NONE', #1976, #1075 ) ;
#436 = ORIENTED_EDGE ( 'NONE', *, *, #590, .F. ) ;
#437 = VERTEX_POINT ( 'NONE', #228 ) ;
#438 = AXIS2_PLACEMENT_3D ( 'NONE', #1556, #334, #528 ) ;
#439 = CIRCLE ( 'NONE', #1147, 13.50000000000000178 ) ;
#440 = B_SPLINE_CURVE_WITH_KNOTS ( 'NONE', 3,
 ( #858, #1353, #879, #342 ),
 .UNSPECIFIED., .F., .F.,
 ( 4, 4 ),
 ( 0.1276832474596248101, 1.000000000000000000 ),
 .UNSPECIFIED. ) ;
#441 = CIRCLE ( 'NONE', #1827, 16.99999999999999289 ) ;
#442 = CIRCLE ( 'NONE', #1042, 17.00000000000000000 ) ;
#443 = ADVANCED_FACE ( 'NONE', ( #704 ), #1525, .T. ) ;
#444 = CARTESIAN_POINT ( 'NONE',  ( -2.519291540161140301E-14, -2.426525604890910959, 3.577994056599535359E-14 ) ) ;
#445 = FILL_AREA_STYLE ('',( #1457 ) ) ;
#446 = LINE ( 'NONE', #1781, #2154 ) ;
#447 = DIRECTION ( 'NONE',  ( 0.000000000000000000, -0.000000000000000000, -1.000000000000000000 ) ) ;
#448 = DIRECTION ( 'NONE',  ( 0.000000000000000000, 0.000000000000000000, 1.000000000000000000 ) ) ;
#449 = ORIENTED_EDGE ( 'NONE', *, *, #548, .F. ) ;
#450 = CARTESIAN_POINT ( 'NONE',  ( -14.72619175767424693, 15.57347439510908771, 0.01979099398524693937 ) ) ;
#451 = ORIENTED_EDGE ( 'NONE', *, *, #1357, .T. ) ;
#452 = FACE_OUTER_BOUND ( 'NONE', #45, .T. ) ;
#453 = ADVANCED_FACE ( 'NONE', ( #2073 ), #1558, .T. ) ;
#454 = CARTESIAN_POINT ( 'NONE',  ( -2.519291540161140301E-14, -2.426525604890910959, 3.577994056599535359E-14 ) ) ;
#455 = DIRECTION ( 'NONE',  ( 0.000000000000000000, 0.000000000000000000, 1.000000000000000000 ) ) ;
#456 = EDGE_LOOP ( 'NONE', ( #389, #265, #1166, #1144 ) ) ;
#457 = B_SPLINE_SURFACE_WITH_KNOTS ( 'NONE', 3, 1, ( 
 ( #743, #1424 ),
 ( #553, #1100 ),
 ( #929, #1616 ),
 ( #1074, #2132 ) ),
 .UNSPECIFIED., .F., .F., .F.,
 ( 4, 4 ),
 ( 2, 2 ),
 ( 0.000000000000000000, 0.8724294488011768989 ),
 ( 0.000000000000000000, 1.000000000000000000 ),
 .UNSPECIFIED. ) ;
#458 = EDGE_CURVE ( 'NONE', #1271, #1989, #243, .T. ) ;
#459 = CARTESIAN_POINT ( 'NONE',  ( -2.519291540161140301E-14, 15.57347439510908771, 3.577994056599535359E-14 ) ) ;
#460 = VERTEX_POINT ( 'NONE', #1231 ) ;
#461 = CARTESIAN_POINT ( 'NONE',  ( -2.519291540161140301E-14, -2.426525604890910959, 3.577994056599535359E-14 ) ) ;
#462 = CARTESIAN_POINT ( 'NONE',  ( 9.304006915735117289, 15.57347439510908771, -12.87535617429139911 ) ) ;
#463 = FACE_OUTER_BOUND ( 'NONE', #338, .T. ) ;
#464 = FACE_OUTER_BOUND ( 'NONE', #780, .T. ) ;
#465 = CARTESIAN_POINT ( 'NONE',  ( -1.794692962629670818, 15.57347439510908771, -14.61643569879884907 ) ) ;
#466 = CARTESIAN_POINT ( 'NONE',  ( -14.28854444210526431, 15.57347439510908771, 3.568006313529041851 ) ) ;
#467 = ORIENTED_EDGE ( 'NONE', *, *, #2078, .F. ) ;
#468 = EDGE_CURVE ( 'NONE', #1248, #1441, #1211, .T. ) ;
#469 = DIRECTION ( 'NONE',  ( -0.000000000000000000, -1.000000000000000000, -0.000000000000000000 ) ) ;
#470 = ORIENTED_EDGE ( 'NONE', *, *, #2049, .F. ) ;
#471 = DIRECTION ( 'NONE',  ( 0.000000000000000000, -1.000000000000000000, 0.000000000000000000 ) ) ;
#472 = PRESENTATION_STYLE_ASSIGNMENT (( #1970 ) ) ;
#473 = AXIS2_PLACEMENT_3D ( 'NONE', #2104, #572, #1087 ) ;
#474 = CIRCLE ( 'NONE', #1624, 13.50000000000000178 ) ;
#475 = CARTESIAN_POINT ( 'NONE',  ( -2.519291540161140301E-14, -8.426525604890910515, 3.577994056599535359E-14 ) ) ;
#476 = DIRECTION ( 'NONE',  ( -0.000000000000000000, -1.000000000000000000, -0.000000000000000000 ) ) ;
#477 = DIRECTION ( 'NONE',  ( -0.000000000000000000, -1.000000000000000000, -0.000000000000000000 ) ) ;
#478 = AXIS2_PLACEMENT_3D ( 'NONE', #699, #365, #529 ) ;
#479 = CARTESIAN_POINT ( 'NONE',  ( -8.681783319324921422, 15.57347439510908771, 13.30225607855209624 ) ) ;
#480 = CARTESIAN_POINT ( 'NONE',  ( -11.95483534242764279, 15.57347439510908771, 6.271515920050268811 ) ) ;
#481 = EDGE_CURVE ( 'NONE', #1553, #1352, #1307, .T. ) ;
#482 = ORIENTED_EDGE ( 'NONE', *, *, #1413, .F. ) ;
#483 = CARTESIAN_POINT ( 'NONE',  ( 16.74735687627807224, 15.57347439510908771, 2.919937954577293659 ) ) ;
#484 = DIRECTION ( 'NONE',  ( -0.000000000000000000, -1.000000000000000000, -0.000000000000000000 ) ) ;
#485 = ORIENTED_EDGE ( 'NONE', *, *, #7, .T. ) ;
#486 = LINE ( 'NONE', #634, #1653 ) ;
#487 = LINE ( 'NONE', #323, #2044 ) ;
#488 = CARTESIAN_POINT ( 'NONE',  ( -2.519291540161140301E-14, -2.426525604890910959, -2.999999999999964473 ) ) ;
#489 = ORIENTED_EDGE ( 'NONE', *, *, #860, .F. ) ;
#490 = EDGE_CURVE ( 'NONE', #663, #271, #440, .T. ) ;
#491 = CARTESIAN_POINT ( 'NONE',  ( -3.208505178210123265, 15.57347439510908771, -16.69447496992336610 ) ) ;
#492 = CARTESIAN_POINT ( 'NONE',  ( -16.95949601381428806, -2.426525604890910959, 1.172814971518661320 ) ) ;
#493 = ADVANCED_FACE ( 'NONE', ( #1026 ), #2023, .T. ) ;
#494 = CARTESIAN_POINT ( 'NONE',  ( -2.519291540161140301E-14, 15.57347439510908771, 3.577994056599535359E-14 ) ) ;
#495 = ORIENTED_EDGE ( 'NONE', *, *, #238, .F. ) ;
#496 = DIRECTION ( 'NONE',  ( 0.000000000000000000, 0.000000000000000000, 1.000000000000000000 ) ) ;
#497 = CARTESIAN_POINT ( 'NONE',  ( -15.50208958957980165, -2.426525604890910515, 3.467644684731981730 ) ) ;
#498 = DIRECTION ( 'NONE',  ( -0.000000000000000000, -1.000000000000000000, -0.000000000000000000 ) ) ;
#499 = CARTESIAN_POINT ( 'NONE',  ( -2.519291540161140301E-14, 15.57347439510908771, 3.577994056599535359E-14 ) ) ;
#500 = ORIENTED_EDGE ( 'NONE', *, *, #1572, .T. ) ;
#501 = ORIENTED_EDGE ( 'NONE', *, *, #114, .F. ) ;
#502 = CARTESIAN_POINT ( 'NONE',  ( 16.74735687627807224, -2.426525604890910515, 2.919937954577293659 ) ) ;
#503 = AXIS2_PLACEMENT_3D ( 'NONE', #1590, #235, #259 ) ;
#504 = EDGE_CURVE ( 'NONE', #291, #566, #1, .T. ) ;
#505 = DIRECTION ( 'NONE',  ( 0.000000000000000000, 1.000000000000000000, -0.000000000000000000 ) ) ;
#506 = ORIENTED_EDGE ( 'NONE', *, *, #1082, .F. ) ;
#507 = AXIS2_PLACEMENT_3D ( 'NONE', #2128, #1282, #1310 ) ;
#508 = CARTESIAN_POINT ( 'NONE',  ( -8.668884008537077079, 15.57347439510908771, 14.62362643281521102 ) ) ;
#509 = CARTESIAN_POINT ( 'NONE',  ( -2.519291540161140301E-14, 15.57347439510908771, 3.577994056599535359E-14 ) ) ;
#510 = VERTEX_POINT ( 'NONE', #1036 ) ;
#511 = CARTESIAN_POINT ( 'NONE',  ( -14.72619175767424693, -2.426525604890910959, 0.01979099398524693937 ) ) ;
#512 = DIRECTION ( 'NONE',  ( -0.000000000000000000, -1.000000000000000000, -0.000000000000000000 ) ) ;
#513 = VECTOR ( 'NONE', #30, 1000.000000000000000 ) ;
#514 = AXIS2_PLACEMENT_3D ( 'NONE', #1750, #237, #1604 ) ;
#515 = CARTESIAN_POINT ( 'NONE',  ( 14.49694828075235797, 15.57347439510908771, 8.879104152176118703 ) ) ;
#516 = DIRECTION ( 'NONE',  ( 0.000000000000000000, 1.000000000000000000, -0.000000000000000000 ) ) ;
#517 = DIRECTION ( 'NONE',  ( -0.000000000000000000, -1.000000000000000000, -0.000000000000000000 ) ) ;
#518 = DIRECTION ( 'NONE',  ( 0.000000000000000000, 0.000000000000000000, 1.000000000000000000 ) ) ;
#519 = ORIENTED_EDGE ( 'NONE', *, *, #927, .F. ) ;
#520 = CARTESIAN_POINT ( 'NONE',  ( 6.015727090167088953, -2.426525604890910515, 14.70151032920473888 ) ) ;
#521 = EDGE_CURVE ( 'NONE', #328, #1600, #32, .T. ) ;
#522 = CARTESIAN_POINT ( 'NONE',  ( 13.47208523144298375, 15.57347439510908771, 10.36836146730696839 ) ) ;
#523 = ORIENTED_EDGE ( 'NONE', *, *, #670, .T. ) ;
#524 = CARTESIAN_POINT ( 'NONE',  ( -15.87935717510126032, -2.426525604890910959, 0.4115751312265955031 ) ) ;
#525 = LINE ( 'NONE', #849, #69 ) ;
#526 = EDGE_CURVE ( 'NONE', #1058, #233, #831, .T. ) ;
#527 = DIRECTION ( 'NONE',  ( 0.000000000000000000, 0.000000000000000000, -1.000000000000000000 ) ) ;
#528 = DIRECTION ( 'NONE',  ( 0.000000000000000000, 0.000000000000000000, 1.000000000000000000 ) ) ;
#529 = DIRECTION ( 'NONE',  ( 0.000000000000000000, 0.000000000000000000, 1.000000000000000000 ) ) ;
#530 = ORIENTED_EDGE ( 'NONE', *, *, #1219, .F. ) ;
#531 = DIRECTION ( 'NONE',  ( 0.000000000000000000, 1.000000000000000000, -0.000000000000000000 ) ) ;
#532 = B_SPLINE_CURVE_WITH_KNOTS ( 'NONE', 3,
 ( #1611, #639, #1636, #2170 ),
 .UNSPECIFIED., .F., .F.,
 ( 4, 4 ),
 ( 0.000000000000000000, 0.8724294488011776760 ),
 .UNSPECIFIED. ) ;
#533 = VERTEX_POINT ( 'NONE', #16 ) ;
#534 = CARTESIAN_POINT ( 'NONE',  ( 4.789538438319500990, -2.426525604890910515, -12.62181926458539039 ) ) ;
#535 = CARTESIAN_POINT ( 'NONE',  ( -2.519291540161140301E-14, 15.57347439510908771, 3.577994056599535359E-14 ) ) ;
#536 = ADVANCED_FACE ( 'NONE', ( #1717 ), #1809, .T. ) ;
#537 = B_SPLINE_CURVE_WITH_KNOTS ( 'NONE', 3,
 ( #1526, #880, #1873, #1573 ),
 .UNSPECIFIED., .F., .F.,
 ( 4, 4 ),
 ( 0.000000000000000000, 0.8724294488011763438 ),
 .UNSPECIFIED. ) ;
#538 = CARTESIAN_POINT ( 'NONE',  ( 13.10710705452598823, -2.426525604890907406, 3.233225117617795519 ) ) ;
#539 = ORIENTED_EDGE ( 'NONE', *, *, #304, .F. ) ;
#540 = DIRECTION ( 'NONE',  ( -0.000000000000000000, -1.000000000000000000, -0.000000000000000000 ) ) ;
#541 = CARTESIAN_POINT ( 'NONE',  ( 6.015727090167088953, -2.426525604890910959, 14.70151032920473888 ) ) ;
#542 = VECTOR ( 'NONE', #745, 1000.000000000000000 ) ;
#543 = EDGE_LOOP ( 'NONE', ( #1463, #1681, #1668, #485 ) ) ;
#544 = DIRECTION ( 'NONE',  ( 0.000000000000000000, 0.000000000000000000, 1.000000000000000000 ) ) ;
#545 = DIRECTION ( 'NONE',  ( 0.000000000000000000, 1.000000000000000000, -0.000000000000000000 ) ) ;
#546 = EDGE_LOOP ( 'NONE', ( #359, #1963, #2018, #1345, #1276, #1949, #2145, #957, #2017, #1411, #1317, #1281, #891, #372, #1106, #1163, #792, #2179, #1946, #713, #1732, #1772, #500, #1495, #1662, #2043, #1316, #64, #83, #1273, #1090, #277, #1025, #1041, #2111, #467, #1408, #687, #978, #1763, #451, #746, #25, #2147, #1385, #1016, #202, #1643, #1875, #1182, #1242, #567, #747 ) ) ;
#547 = AXIS2_PLACEMENT_3D ( 'NONE', #1872, #498, #382 ) ;
#548 = EDGE_CURVE ( 'NONE', #1824, #1485, #1722, .T. ) ;
#549 = CARTESIAN_POINT ( 'NONE',  ( -10.59929960701378704, 15.57347439510908771, -13.29115675329866697 ) ) ;
#550 = DIRECTION ( 'NONE',  ( 0.000000000000000000, 0.000000000000000000, -1.000000000000000000 ) ) ;
#551 = ORIENTED_EDGE ( 'NONE', *, *, #619, .F. ) ;
#552 = CARTESIAN_POINT ( 'NONE',  ( 1.573791234603826750, -2.426525604890910515, 15.80704028124153560 ) ) ;
#553 = CARTESIAN_POINT ( 'NONE',  ( -5.180406750220301504, 15.57347439510908771, 13.78610014578714882 ) ) ;
#554 = CARTESIAN_POINT ( 'NONE',  ( -2.519291540161140301E-14, -2.426525604890910959, 3.577994056599535359E-14 ) ) ;
#555 = FACE_OUTER_BOUND ( 'NONE', #887, .T. ) ;
#556 = VERTEX_POINT ( 'NONE', #423 ) ;
#557 = ADVANCED_FACE ( 'NONE', ( #1928 ), #1220, .T. ) ;
#558 = CARTESIAN_POINT ( 'NONE',  ( -2.519291540161140301E-14, -2.426525604890910959, 3.577994056599535359E-14 ) ) ;
#559 = EDGE_CURVE ( 'NONE', #595, #347, #442, .T. ) ;
#560 = DIRECTION ( 'NONE',  ( 0.000000000000000000, 0.000000000000000000, -1.000000000000000000 ) ) ;
#561 = DIRECTION ( 'NONE',  ( 0.000000000000000000, 1.000000000000000000, -0.000000000000000000 ) ) ;
#562 = B_SPLINE_CURVE_WITH_KNOTS ( 'NONE', 3,
 ( #1275, #1945, #421, #1780 ),
 .UNSPECIFIED., .F., .F.,
 ( 4, 4 ),
 ( 0.000000000000000000, 0.8724294488011784532 ),
 .UNSPECIFIED. ) ;
#563 = CARTESIAN_POINT ( 'NONE',  ( -16.73905675201165266, 15.57347439510908771, 2.967149988277336892 ) ) ;
#565 = ORIENTED_EDGE ( 'NONE', *, *, #1779, .T. ) ;
#564 = CARTESIAN_POINT ( 'NONE',  ( -7.666785673056314643, 15.57347439510908771, -11.11172342363767029 ) ) ;
#566 = VERTEX_POINT ( 'NONE', #920 ) ;
#567 = ORIENTED_EDGE ( 'NONE', *, *, #2076, .F. ) ;
#568 = DIRECTION ( 'NONE',  ( -0.000000000000000000, -1.000000000000000000, -0.000000000000000000 ) ) ;
#569 =( LENGTH_UNIT ( ) NAMED_UNIT ( * ) SI_UNIT ( .MILLI., .METRE. ) );
#570 = CARTESIAN_POINT ( 'NONE',  ( 13.47208523144298375, -2.426525604890910515, 10.36836146730696839 ) ) ;
#571 = EDGE_CURVE ( 'NONE', #1292, #1989, #474, .T. ) ;
#572 = DIRECTION ( 'NONE',  ( -0.000000000000000000, -1.000000000000000000, -0.000000000000000000 ) ) ;
#573 = DIRECTION ( 'NONE',  ( -0.000000000000000000, -1.000000000000000000, -0.000000000000000000 ) ) ;
#574 = CARTESIAN_POINT ( 'NONE',  ( -8.668884008537087738, -2.426525604890910959, 14.62362643281520569 ) ) ;
#575 = CARTESIAN_POINT ( 'NONE',  ( 16.96273565528138150, 15.57347439510908771, 1.124988483961061325 ) ) ;
#576 = ORIENTED_EDGE ( 'NONE', *, *, #1011, .F. ) ;
#577 = CARTESIAN_POINT ( 'NONE',  ( -13.03019789325457545, -2.426525604890910959, 6.861126600629080308 ) ) ;
#578 = AXIS2_PLACEMENT_3D ( 'NONE', #294, #642, #2000 ) ;
#579 = CARTESIAN_POINT ( 'NONE',  ( 14.49694828075235620, -2.426525604890910959, 8.879104152176120479 ) ) ;
#580 = CIRCLE ( 'NONE', #971, 16.99999999999999645 ) ;
#581 = AXIS2_PLACEMENT_3D ( 'NONE', #408, #1764, #550 ) ;
#582 = ORIENTED_EDGE ( 'NONE', *, *, #956, .F. ) ;
#583 = CARTESIAN_POINT ( 'NONE',  ( -16.20060201930160559, 15.57347439510908771, -5.151746714678499650 ) ) ;
#584 = EDGE_LOOP ( 'NONE', ( #1444, #1522, #1627, #1200 ) ) ;
#585 = CARTESIAN_POINT ( 'NONE',  ( -5.264285243010120574, -2.426525604890910959, -13.75428922945945587 ) ) ;
#586 = CARTESIAN_POINT ( 'NONE',  ( 10.10321228772081170, 15.57347439510908771, 8.954055029384587527 ) ) ;
#587 = DIRECTION ( 'NONE',  ( -0.000000000000000000, -1.000000000000000000, -0.000000000000000000 ) ) ;
#588 = CARTESIAN_POINT ( 'NONE',  ( 4.917319120242207298, 15.57347439510908771, -16.27329016117204574 ) ) ;
#589 = CYLINDRICAL_SURFACE ( 'NONE', #653, 13.49999999999999822 ) ;
#590 = EDGE_CURVE ( 'NONE', #630, #1213, #989, .T. ) ;
#591 = FACE_OUTER_BOUND ( 'NONE', #1335, .T. ) ;
#592 = EDGE_LOOP ( 'NONE', ( #816, #1534, #1784, #818 ) ) ;
#593 = CARTESIAN_POINT ( 'NONE',  ( -14.72619175767424693, -2.426525604890910515, 0.01979099398524693937 ) ) ;
#594 = B_SPLINE_CURVE_WITH_KNOTS ( 'NONE', 3,
 ( #1682, #1156, #811, #152 ),
 .UNSPECIFIED., .F., .F.,
 ( 4, 4 ),
 ( 0.1276832474596270861, 1.000000000000000000 ),
 .UNSPECIFIED. ) ;
#595 = VERTEX_POINT ( 'NONE', #1112 ) ;
#596 = CARTESIAN_POINT ( 'NONE',  ( -2.519291540161140301E-14, 15.57347439510908771, 3.577994056599535359E-14 ) ) ;
#597 = DIRECTION ( 'NONE',  ( 0.000000000000000000, 0.000000000000000000, 1.000000000000000000 ) ) ;
#598 = ORIENTED_EDGE ( 'NONE', *, *, #1435, .F. ) ;
#599 = B_SPLINE_CURVE_WITH_KNOTS ( 'NONE', 3,
 ( #755, #631, #1678, #1542 ),
 .UNSPECIFIED., .F., .F.,
 ( 4, 4 ),
 ( 0.1276832474596256706, 1.000000000000000000 ),
 .UNSPECIFIED. ) ;
#600 = CARTESIAN_POINT ( 'NONE',  ( 16.18601088828726375, 15.57347439510908771, -5.197408154479021825 ) ) ;
#601 = CARTESIAN_POINT ( 'NONE',  ( 13.47208523144298375, 15.57347439510908771, 10.36836146730696839 ) ) ;
#602 = LINE ( 'NONE', #549, #2079 ) ;
#603 = LINE ( 'NONE', #1277, #1190 ) ;
#604 = DIRECTION ( 'NONE',  ( 0.000000000000000000, 1.000000000000000000, -0.000000000000000000 ) ) ;
#605 = ORIENTED_EDGE ( 'NONE', *, *, #1874, .F. ) ;
#606 = CARTESIAN_POINT ( 'NONE',  ( 10.56177950549847999, -2.426525604890910959, -13.32099146750086227 ) ) ;
#607 = EDGE_CURVE ( 'NONE', #236, #143, #70, .T. ) ;
#608 = VERTEX_POINT ( 'NONE', #286 ) ;
#609 = DIRECTION ( 'NONE',  ( 0.000000000000000000, 0.000000000000000000, 1.000000000000000000 ) ) ;
#610 = CARTESIAN_POINT ( 'NONE',  ( 15.54256471431051700, 15.57347439510908771, -6.886848488348529251 ) ) ;
#611 = CARTESIAN_POINT ( 'NONE',  ( 10.10657755590895945, 15.57347439510908771, -8.950256426851476377 ) ) ;
#612 = DIRECTION ( 'NONE',  ( 0.000000000000000000, 0.000000000000000000, 1.000000000000000000 ) ) ;
#613 = CARTESIAN_POINT ( 'NONE',  ( -13.11690055307487768, 15.57347439510908771, -3.193261636750811761 ) ) ;
#614 = ORIENTED_EDGE ( 'NONE', *, *, #158, .T. ) ;
#615 = CARTESIAN_POINT ( 'NONE',  ( 11.91664486836675074, 15.57347439510908771, -12.12409069090242397 ) ) ;
#616 = ORIENTED_EDGE ( 'NONE', *, *, #23, .T. ) ;
#617 = CARTESIAN_POINT ( 'NONE',  ( -16.73905675201165266, 15.57347439510908771, 2.967149988277336892 ) ) ;
#618 = CIRCLE ( 'NONE', #368, 16.99999999999999289 ) ;
#619 = EDGE_CURVE ( 'NONE', #1761, #1595, #210, .T. ) ;
#620 = CARTESIAN_POINT ( 'NONE',  ( -9.359222704529956971, 15.57347439510908771, -12.83465343318992069 ) ) ;
#621 = AXIS2_PLACEMENT_3D ( 'NONE', #1174, #1856, #337 ) ;
#622 = PRODUCT_DEFINITION ( 'BÝLÝNMEYEN', '', #1940, #1428 ) ;
#623 = CYLINDRICAL_SURFACE ( 'NONE', #1440, 13.50000000000000178 ) ;
#624 = CARTESIAN_POINT ( 'NONE',  ( -1.794692962629670818, -2.426525604890910959, -14.61643569879884907 ) ) ;
#625 = ORIENTED_EDGE ( 'NONE', *, *, #1218, .F. ) ;
#626 = CARTESIAN_POINT ( 'NONE',  ( 7.637068536477398695, -2.426525604890910959, -11.13216888881703248 ) ) ;
#627 = ORIENTED_EDGE ( 'NONE', *, *, #900, .T. ) ;
#628 = EDGE_CURVE ( 'NONE', #298, #1882, #1077, .T. ) ;
#629 = LINE ( 'NONE', #1122, #1471 ) ;
#630 = VERTEX_POINT ( 'NONE', #2133 ) ;
#631 = CARTESIAN_POINT ( 'NONE',  ( -1.505470713348541878, 15.57347439510908771, 15.81318868268934530 ) ) ;
#632 = ADVANCED_FACE ( 'NONE', ( #2122 ), #589, .T. ) ;
#633 = CARTESIAN_POINT ( 'NONE',  ( -2.519291540161140301E-14, 15.57347439510908771, 3.577994056599535359E-14 ) ) ;
#634 = CARTESIAN_POINT ( 'NONE',  ( 14.49694828075235797, 15.57347439510908771, 8.879104152176118703 ) ) ;
#635 = VERTEX_POINT ( 'NONE', #1253 ) ;
#636 = B_SPLINE_SURFACE_WITH_KNOTS ( 'NONE', 3, 1, ( 
 ( #753, #570 ),
 ( #1262, #1433 ),
 ( #777, #112 ),
 ( #586, #1935 ) ),
 .UNSPECIFIED., .F., .F., .F.,
 ( 4, 4 ),
 ( 2, 2 ),
 ( 0.1276832474596250877, 1.000000000000000000 ),
 ( 0.000000000000000000, 1.000000000000000000 ),
 .UNSPECIFIED. ) ;
#637 = CARTESIAN_POINT ( 'NONE',  ( 14.49694828075235620, -2.426525604890910959, 8.879104152176120479 ) ) ;
#638 = ORIENTED_EDGE ( 'NONE', *, *, #628, .F. ) ;
#639 = CARTESIAN_POINT ( 'NONE',  ( 14.72722511009494362, -2.426525604890910959, -0.04485402978083130598 ) ) ;
#640 = FACE_OUTER_BOUND ( 'NONE', #13, .T. ) ;
#641 = DIRECTION ( 'NONE',  ( 0.000000000000000000, 0.000000000000000000, -1.000000000000000000 ) ) ;
#642 = DIRECTION ( 'NONE',  ( 0.000000000000000000, 1.000000000000000000, -0.000000000000000000 ) ) ;
#643 = CARTESIAN_POINT ( 'NONE',  ( -11.95078460238869944, -2.426525604890910959, -12.09044033057973522 ) ) ;
#644 = B_SPLINE_CURVE_WITH_KNOTS ( 'NONE', 3,
 ( #388, #1446, #907, #918 ),
 .UNSPECIFIED., .F., .F.,
 ( 4, 4 ),
 ( 0.000000000000000000, 0.8724294488011763438 ),
 .UNSPECIFIED. ) ;
#645 = DIRECTION ( 'NONE',  ( 0.000000000000000000, 1.000000000000000000, -0.000000000000000000 ) ) ;
#646 = CARTESIAN_POINT ( 'NONE',  ( -13.03019789325457545, 15.57347439510908771, 6.861126600629080308 ) ) ;
#647 = ORIENTED_EDGE ( 'NONE', *, *, #2078, .T. ) ;
#648 = EDGE_CURVE ( 'NONE', #236, #1271, #603, .T. ) ;
#649 = AXIS2_PLACEMENT_3D ( 'NONE', #1642, #1135, #1330 ) ;
#650 = CARTESIAN_POINT ( 'NONE',  ( 14.29353909408822787, -2.426525604890910959, -3.543424266582505755 ) ) ;
#651 = AXIS2_PLACEMENT_3D ( 'NONE', #1125, #2105, #2093 ) ;
#652 = VECTOR ( 'NONE', #223, 1000.000000000000000 ) ;
#653 = AXIS2_PLACEMENT_3D ( 'NONE', #2084, #390, #1794 ) ;
#654 = CARTESIAN_POINT ( 'NONE',  ( -5.310932066900877935, 15.57347439510908771, -14.97108352403628473 ) ) ;
#655 = CARTESIAN_POINT ( 'NONE',  ( -11.95247692790538530, -2.426525604890910515, -6.276009503489431651 ) ) ;
#656 = DIRECTION ( 'NONE',  ( 0.000000000000000000, 0.000000000000000000, 1.000000000000000000 ) ) ;
#657 = ADVANCED_FACE ( 'NONE', ( #1066 ), #1936, .T. ) ;
#658 = CARTESIAN_POINT ( 'NONE',  ( -2.519291540161140301E-14, -2.426525604890910959, 3.577994056599535359E-14 ) ) ;
#659 = EDGE_LOOP ( 'NONE', ( #1469, #738, #774, #1979 ) ) ;
#660 = CARTESIAN_POINT ( 'NONE',  ( 7.700616901647450163, 15.57347439510908771, 11.08830461946559254 ) ) ;
#661 = CARTESIAN_POINT ( 'NONE',  ( -2.519291540161140301E-14, 15.57347439510908771, 3.577994056599535359E-14 ) ) ;
#662 = VERTEX_POINT ( 'NONE', #1418 ) ;
#663 = VERTEX_POINT ( 'NONE', #897 ) ;
#664 = CARTESIAN_POINT ( 'NONE',  ( -1.505470713348541878, 15.57347439510908771, 15.81318868268934530 ) ) ;
#665 = ORIENTED_EDGE ( 'NONE', *, *, #1870, .F. ) ;
#666 = CARTESIAN_POINT ( 'NONE',  ( -14.25174099471086997, -2.426525604890910515, -7.015073556475448946 ) ) ;
#667 = CARTESIAN_POINT ( 'NONE',  ( -11.95078460238869944, -2.426525604890910959, -12.09044033057973522 ) ) ;
#668 = FACE_OUTER_BOUND ( 'NONE', #850, .T. ) ;
#669 = ORIENTED_EDGE ( 'NONE', *, *, #1320, .F. ) ;
#670 = EDGE_CURVE ( 'NONE', #1714, #143, #164, .T. ) ;
#671 = DIRECTION ( 'NONE',  ( -0.000000000000000000, -1.000000000000000000, -0.000000000000000000 ) ) ;
#672 = CARTESIAN_POINT ( 'NONE',  ( -1.755399571916988588, 15.57347439510908771, 14.62120678022679598 ) ) ;
#673 = ORIENTED_EDGE ( 'NONE', *, *, #2076, .T. ) ;
#674 = FACE_OUTER_BOUND ( 'NONE', #46, .T. ) ;
#675 = CARTESIAN_POINT ( 'NONE',  ( -13.09842130961059858, 15.57347439510908771, 3.268234874659396105 ) ) ;
#676 = ORIENTED_EDGE ( 'NONE', *, *, #1280, .T. ) ;
#677 = CARTESIAN_POINT ( 'NONE',  ( 11.91664486836675252, -2.426525604890910515, -12.12409069090242397 ) ) ;
#678 = CARTESIAN_POINT ( 'NONE',  ( 1.588911516212413888, -2.426525604890910959, -13.40616873657968533 ) ) ;
#679 = ORIENTED_EDGE ( 'NONE', *, *, #1145, .T. ) ;
#680 = CARTESIAN_POINT ( 'NONE',  ( -8.668884008537087738, -2.426525604890910959, 14.62362643281520569 ) ) ;
#681 = ORIENTED_EDGE ( 'NONE', *, *, #1416, .T. ) ;
#682 = EDGE_CURVE ( 'NONE', #133, #1169, #250, .T. ) ;
#683 = CARTESIAN_POINT ( 'NONE',  ( 14.30301168383323152, 15.57347439510908771, 3.504992459245038994 ) ) ;
#684 = VECTOR ( 'NONE', #1605, 1000.000000000000000 ) ;
#685 = EDGE_CURVE ( 'NONE', #40, #93, #744, .T. ) ;
#686 = DIRECTION ( 'NONE',  ( 0.000000000000000000, 0.000000000000000000, 1.000000000000000000 ) ) ;
#687 = ORIENTED_EDGE ( 'NONE', *, *, #1725, .F. ) ;
#688 = VECTOR ( 'NONE', #477, 1000.000000000000000 ) ;
#689 = CARTESIAN_POINT ( 'NONE',  ( -8.349142722397818517, 15.57347439510908771, 12.13066078860784991 ) ) ;
#690 = VECTOR ( 'NONE', #48, 1000.000000000000000 ) ;
#691 = ORIENTED_EDGE ( 'NONE', *, *, #97, .T. ) ;
#692 = DIRECTION ( 'NONE',  ( -0.000000000000000000, -1.000000000000000000, -0.000000000000000000 ) ) ;
#693 = CARTESIAN_POINT ( 'NONE',  ( -2.519291540161140301E-14, 15.57347439510908771, 3.577994056599535359E-14 ) ) ;
#694 = ORIENTED_EDGE ( 'NONE', *, *, #97, .F. ) ;
#695 = CARTESIAN_POINT ( 'NONE',  ( -13.09842130961059681, -2.426525604890910959, 3.268234874659390776 ) ) ;
#696 = VERTEX_POINT ( 'NONE', #574 ) ;
#697 = EDGE_CURVE ( 'NONE', #1114, #566, #1508, .T. ) ;
#698 = CARTESIAN_POINT ( 'NONE',  ( -13.86920399367501133, -2.426525604890910515, 7.743936916382653024 ) ) ;
#699 = CARTESIAN_POINT ( 'NONE',  ( -2.519291540161140301E-14, -2.426525604890910959, 3.577994056599535359E-14 ) ) ;
#700 = ORIENTED_EDGE ( 'NONE', *, *, #1725, .T. ) ;
#701 = CARTESIAN_POINT ( 'NONE',  ( -1.624726215293451181, 15.57347439510908771, -13.40187541821432227 ) ) ;
#702 = ADVANCED_FACE ( 'NONE', ( #757 ), #1314, .T. ) ;
#703 = ORIENTED_EDGE ( 'NONE', *, *, #1543, .F. ) ;
#704 = FACE_OUTER_BOUND ( 'NONE', #592, .T. ) ;
#705 = DIRECTION ( 'NONE',  ( 0.000000000000000000, 0.000000000000000000, 1.000000000000000000 ) ) ;
#706 = ORIENTED_EDGE ( 'NONE', *, *, #1416, .F. ) ;
#707 = B_SPLINE_CURVE_WITH_KNOTS ( 'NONE', 3,
 ( #289, #2158, #1639, #1297 ),
 .UNSPECIFIED., .F., .F.,
 ( 4, 4 ),
 ( 0.1276832474596238665, 1.000000000000000000 ),
 .UNSPECIFIED. ) ;
#708 = EDGE_LOOP ( 'NONE', ( #1743, #1004, #15, #1847 ) ) ;
#709 = CARTESIAN_POINT ( 'NONE',  ( -11.95483534242764101, -2.426525604890907406, 6.271515920050278581 ) ) ;
#710 = FACE_BOUND ( 'NONE', #1956, .T. ) ;
#711 = EDGE_LOOP ( 'NONE', ( #904, #2096, #1035, #1178 ) ) ;
#712 = CARTESIAN_POINT ( 'NONE',  ( 4.784793342705877528, -2.426525604890910515, 12.62361884198022643 ) ) ;
#713 = ORIENTED_EDGE ( 'NONE', *, *, #226, .F. ) ;
#714 = DIRECTION ( 'NONE',  ( 0.000000000000000000, 1.000000000000000000, -0.000000000000000000 ) ) ;
#715 = EDGE_CURVE ( 'NONE', #2130, #437, #1142, .T. ) ;
#716 = CARTESIAN_POINT ( 'NONE',  ( 14.30301168383323152, 15.57347439510908771, 3.504992459245038994 ) ) ;
#717 = ORIENTED_EDGE ( 'NONE', *, *, #458, .F. ) ;
#718 = CARTESIAN_POINT ( 'NONE',  ( 1.665565541465065857, 15.57347439510908771, 13.39686125281161289 ) ) ;
#720 = DIRECTION ( 'NONE',  ( -0.000000000000000000, -1.000000000000000000, -0.000000000000000000 ) ) ;
#719 = B_SPLINE_SURFACE_WITH_KNOTS ( 'NONE', 3, 1, ( 
 ( #873, #1373 ),
 ( #189, #853 ),
 ( #1003, #199 ),
 ( #1529, #1030 ) ),
 .UNSPECIFIED., .F., .F., .F.,
 ( 4, 4 ),
 ( 2, 2 ),
 ( 0.000000000000000000, 0.8724294488011763438 ),
 ( 0.000000000000000000, 1.000000000000000000 ),
 .UNSPECIFIED. ) ;
#721 = DIRECTION ( 'NONE',  ( 0.000000000000000000, 0.000000000000000000, 1.000000000000000000 ) ) ;
#722 = EDGE_LOOP ( 'NONE', ( #61, #255, #384, #824 ) ) ;
#723 = CARTESIAN_POINT ( 'NONE',  ( -9.359222704529956971, -2.426525604890910959, -12.83465343318992069 ) ) ;
#725 = EDGE_LOOP ( 'NONE', ( #2075, #1159, #852, #1326 ) ) ;
#724 = CARTESIAN_POINT ( 'NONE',  ( -7.066951466311155450, 15.57347439510908771, 15.46150694378798640 ) ) ;
#726 = EDGE_LOOP ( 'NONE', ( #1137, #1670, #700, #2072 ) ) ;
#727 = CIRCLE ( 'NONE', #1405, 17.00000000000000000 ) ;
#728 = CIRCLE ( 'NONE', #1689, 13.50000000000000178 ) ;
#729 = ADVANCED_FACE ( 'NONE', ( #2143 ), #760, .T. ) ;
#730 = CIRCLE ( 'NONE', #901, 13.50000000000000178 ) ;
#731 = EDGE_CURVE ( 'NONE', #801, #941, #1126, .T. ) ;
#732 = VECTOR ( 'NONE', #2019, 1000.000000000000000 ) ;
#733 = CARTESIAN_POINT ( 'NONE',  ( -2.519291540161140301E-14, 15.57347439510908771, 3.577994056599535359E-14 ) ) ;
#734 = CARTESIAN_POINT ( 'NONE',  ( -10.59929960701378704, 15.57347439510908771, -13.29115675329866697 ) ) ;
#735 = CARTESIAN_POINT ( 'NONE',  ( -15.50208958957980165, 15.57347439510908771, 3.467644684731981730 ) ) ;
#736 = CARTESIAN_POINT ( 'NONE',  ( -1.629764094112249984, -2.426525604890910959, 13.40126370897698393 ) ) ;
#737 = ORIENTED_EDGE ( 'NONE', *, *, #682, .T. ) ;
#738 = ORIENTED_EDGE ( 'NONE', *, *, #84, .F. ) ;
#739 = LINE ( 'NONE', #718, #652 ) ;
#740 = EDGE_CURVE ( 'NONE', #941, #460, #1640, .T. ) ;
#741 = ORIENTED_EDGE ( 'NONE', *, *, #794, .T. ) ;
#742 = CARTESIAN_POINT ( 'NONE',  ( -13.44279531033788899, 15.57347439510908771, 10.40630838695254212 ) ) ;
#743 = CARTESIAN_POINT ( 'NONE',  ( -4.751046812026276100, 15.57347439510908771, 12.63635842281850330 ) ) ;
#744 = LINE ( 'NONE', #1425, #1727 ) ;
#745 = DIRECTION ( 'NONE',  ( -0.000000000000000000, -1.000000000000000000, -0.000000000000000000 ) ) ;
#746 = ORIENTED_EDGE ( 'NONE', *, *, #426, .F. ) ;
#747 = ORIENTED_EDGE ( 'NONE', *, *, #697, .T. ) ;
#748 = B_SPLINE_CURVE_WITH_KNOTS ( 'NONE', 3,
 ( #6, #1158, #175, #1283 ),
 .UNSPECIFIED., .F., .F.,
 ( 4, 4 ),
 ( 0.000000000000000000, 0.8724294488011762327 ),
 .UNSPECIFIED. ) ;
#749 = CARTESIAN_POINT ( 'NONE',  ( 13.06115492188352256, -2.426525604890910515, 6.804366497621723298 ) ) ;
#750 = EDGE_LOOP ( 'NONE', ( #1355, #1851, #2051, #913 ) ) ;
#751 = ADVANCED_FACE ( 'NONE', ( #464 ), #1615, .T. ) ;
#752 = CARTESIAN_POINT ( 'NONE',  ( 1.573791234603826750, 15.57347439510908771, 15.80704028124153560 ) ) ;
#753 = CARTESIAN_POINT ( 'NONE',  ( 13.47208523144298375, 15.57347439510908771, 10.36836146730696839 ) ) ;
#754 = VERTEX_POINT ( 'NONE', #983 ) ;
#755 = CARTESIAN_POINT ( 'NONE',  ( -0.8799775184069311695, 15.57347439510908771, 16.97720941636462655 ) ) ;
#756 = CARTESIAN_POINT ( 'NONE',  ( -7.666785673056314643, 15.57347439510908771, -11.11172342363767029 ) ) ;
#757 = FACE_OUTER_BOUND ( 'NONE', #1943, .T. ) ;
#758 = DIRECTION ( 'NONE',  ( 0.000000000000000000, 1.000000000000000000, -0.000000000000000000 ) ) ;
#759 = VERTEX_POINT ( 'NONE', #1491 ) ;
#760 = B_SPLINE_SURFACE_WITH_KNOTS ( 'NONE', 3, 1, ( 
 ( #1328, #1846 ),
 ( #821, #1821 ),
 ( #654, #151 ),
 ( #1321, #1666 ) ),
 .UNSPECIFIED., .F., .F., .F.,
 ( 4, 4 ),
 ( 2, 2 ),
 ( 0.000000000000000000, 0.8724294488011762327 ),
 ( 0.000000000000000000, 1.000000000000000000 ),
 .UNSPECIFIED. ) ;
#761 = VECTOR ( 'NONE', #42, 1000.000000000000000 ) ;
#762 = AXIS2_PLACEMENT_3D ( 'NONE', #475, #1641, #641 ) ;
#763 = ORIENTED_EDGE ( 'NONE', *, *, #1329, .T. ) ;
#764 = DIRECTION ( 'NONE',  ( 0.000000000000000000, 1.000000000000000000, -0.000000000000000000 ) ) ;
#765 = CARTESIAN_POINT ( 'NONE',  ( -7.670962217755761259, 15.57347439510908771, 11.10884056298247557 ) ) ;
#766 = STYLED_ITEM ( 'NONE', ( #72 ), #1052 ) ;
#767 = CARTESIAN_POINT ( 'NONE',  ( -0.8799775184069311695, -2.426525604890910959, 16.97720941636462655 ) ) ;
#768 = CARTESIAN_POINT ( 'NONE',  ( 5.246068224602474572, 15.57347439510908771, -14.99340343504096040 ) ) ;
#769 = CARTESIAN_POINT ( 'NONE',  ( -2.519291540161140301E-14, -2.426525604890910959, 3.577994056599535359E-14 ) ) ;
#770 = CARTESIAN_POINT ( 'NONE',  ( -2.519291540161140301E-14, 15.57347439510908771, 3.577994056599535359E-14 ) ) ;
#771 = EDGE_CURVE ( 'NONE', #1248, #1169, #1902, .T. ) ;
#772 = ORIENTED_EDGE ( 'NONE', *, *, #182, .F. ) ;
#773 = DIRECTION ( 'NONE',  ( 0.000000000000000000, 0.000000000000000000, -1.000000000000000000 ) ) ;
#774 = ORIENTED_EDGE ( 'NONE', *, *, #1285, .F. ) ;
#775 = ORIENTED_EDGE ( 'NONE', *, *, #468, .T. ) ;
#776 = DIRECTION ( 'NONE',  ( 0.000000000000000000, 0.000000000000000000, 1.000000000000000000 ) ) ;
#777 = CARTESIAN_POINT ( 'NONE',  ( 11.03583666678856545, 15.57347439510908771, 9.750457652397678032 ) ) ;
#778 = CARTESIAN_POINT ( 'NONE',  ( 16.96273565528138150, 15.57347439510908771, 1.124988483961061769 ) ) ;
#779 = CARTESIAN_POINT ( 'NONE',  ( 15.51642829108393329, -2.426525604890910959, 3.400563404898202524 ) ) ;
#780 = EDGE_LOOP ( 'NONE', ( #1290, #1018, #1879, #1939 ) ) ;
#781 = ADVANCED_FACE ( 'NONE', ( #1162 ), #1299, .T. ) ;
#782 = ADVANCED_FACE ( 'NONE', ( #301 ), #623, .T. ) ;
#783 = EDGE_LOOP ( 'NONE', ( #1890, #625, #2033, #2159 ) ) ;
#784 = CARTESIAN_POINT ( 'NONE',  ( 8.329103259388796587, -2.426525604890910515, -12.14574864805940457 ) ) ;
#785 = DIRECTION ( 'NONE',  ( 0.000000000000000000, 0.000000000000000000, 1.000000000000000000 ) ) ;
#786 = LINE ( 'NONE', #1134, #690 ) ;
#787 = CARTESIAN_POINT ( 'NONE',  ( -10.07925159720333852, -2.426525604890910959, 8.981018162785057157 ) ) ;
#788 = ORIENTED_EDGE ( 'NONE', *, *, #51, .F. ) ;
#789 = EDGE_CURVE ( 'NONE', #1532, #1279, #795, .T. ) ;
#790 = AXIS2_PLACEMENT_3D ( 'NONE', #770, #1278, #424 ) ;
#791 = B_SPLINE_SURFACE_WITH_KNOTS ( 'NONE', 3, 1, ( 
 ( #857, #1547 ),
 ( #1034, #520 ),
 ( #1204, #2062 ),
 ( #60, #712 ) ),
 .UNSPECIFIED., .F., .F., .F.,
 ( 4, 4 ),
 ( 2, 2 ),
 ( 0.1276832474596238665, 1.000000000000000000 ),
 ( 0.000000000000000000, 1.000000000000000000 ),
 .UNSPECIFIED. ) ;
#792 = ORIENTED_EDGE ( 'NONE', *, *, #607, .T. ) ;
#793 = CIRCLE ( 'NONE', #1076, 13.50000000000000178 ) ;
#794 = EDGE_CURVE ( 'NONE', #328, #2061, #1975, .T. ) ;
#795 = CIRCLE ( 'NONE', #762, 18.50000000000000000 ) ;
#796 = CARTESIAN_POINT ( 'NONE',  ( 14.22176534876814991, -2.426525604890910515, -7.076774100357011932 ) ) ;
#797 = AXIS2_PLACEMENT_3D ( 'NONE', #1037, #545, #1536 ) ;
#798 = CIRCLE ( 'NONE', #1478, 3.000000000000000444 ) ;
#799 = CARTESIAN_POINT ( 'NONE',  ( 15.88148873124789517, -2.426525604890910515, 0.3430116355940279749 ) ) ;
#800 = CARTESIAN_POINT ( 'NONE',  ( -13.04859256026000303, -2.426525604890910515, -6.826078490873273452 ) ) ;
#801 = VERTEX_POINT ( 'NONE', #1998 ) ;
#802 = CARTESIAN_POINT ( 'NONE',  ( -7.666785673056316419, 15.57347439510908771, -11.11172342363767029 ) ) ;
#803 = VERTEX_POINT ( 'NONE', #1835 ) ;
#804 = DIRECTION ( 'NONE',  ( -0.000000000000000000, -1.000000000000000000, -0.000000000000000000 ) ) ;
#805 = B_SPLINE_CURVE_WITH_KNOTS ( 'NONE', 3,
 ( #1254, #400, #1795, #1079 ),
 .UNSPECIFIED., .F., .F.,
 ( 4, 4 ),
 ( 0.1276832474596284739, 1.000000000000000000 ),
 .UNSPECIFIED. ) ;
#806 = ADVANCED_FACE ( 'NONE', ( #1466 ), #293, .F. ) ;
#807 = CARTESIAN_POINT ( 'NONE',  ( -10.99374256218038859, 15.57347439510908771, 9.799530386906507573 ) ) ;
#808 = VERTEX_POINT ( 'NONE', #2180 ) ;
#809 = B_SPLINE_CURVE_WITH_KNOTS ( 'NONE', 3,
 ( #193, #1165, #142, #667 ),
 .UNSPECIFIED., .F., .F.,
 ( 4, 4 ),
 ( 0.000000000000000000, 0.8724294488011758997 ),
 .UNSPECIFIED. ) ;
#810 = CARTESIAN_POINT ( 'NONE',  ( 15.88148873124789517, 15.57347439510908771, 0.3430116355940279749 ) ) ;
#811 = CARTESIAN_POINT ( 'NONE',  ( 11.00958895370702173, 15.57347439510908771, -9.780085195827593836 ) ) ;
#812 = CARTESIAN_POINT ( 'NONE',  ( -16.73905675201165266, 15.57347439510908771, 2.967149988277341777 ) ) ;
#813 = VERTEX_POINT ( 'NONE', #951 ) ;
#814 = EDGE_CURVE ( 'NONE', #2187, #1365, #786, .T. ) ;
#815 = DIRECTION ( 'NONE',  ( 0.000000000000000000, 0.000000000000000000, 1.000000000000000000 ) ) ;
#816 = ORIENTED_EDGE ( 'NONE', *, *, #1587, .T. ) ;
#817 = CARTESIAN_POINT ( 'NONE',  ( 16.18601088828726375, -2.426525604890910959, -5.197408154479020936 ) ) ;
#818 = ORIENTED_EDGE ( 'NONE', *, *, #1291, .T. ) ;
#819 = SHAPE_DEFINITION_REPRESENTATION ( #135, #355 ) ;
#820 = ADVANCED_FACE ( 'NONE', ( #1032 ), #1095, .T. ) ;
#821 = CARTESIAN_POINT ( 'NONE',  ( -5.264285243010120574, 15.57347439510908771, -13.75428922945945587 ) ) ;
#822 = CARTESIAN_POINT ( 'NONE',  ( 7.700616901647450163, 15.57347439510908771, 11.08830461946559254 ) ) ;
#823 = CARTESIAN_POINT ( 'NONE',  ( -16.73905675201165266, -2.426525604890910959, 2.967149988277341777 ) ) ;
#824 = ORIENTED_EDGE ( 'NONE', *, *, #1490, .T. ) ;
#825 = CARTESIAN_POINT ( 'NONE',  ( -8.681783319324921422, -2.426525604890910959, 13.30225607855209624 ) ) ;
#826 = ORIENTED_EDGE ( 'NONE', *, *, #2031, .F. ) ;
#827 = CIRCLE ( 'NONE', #903, 18.50000000000000000 ) ;
#828 = AXIS2_PLACEMENT_3D ( 'NONE', #1907, #185, #1244 ) ;
#829 = B_SPLINE_CURVE_WITH_KNOTS ( 'NONE', 3,
 ( #1398, #361, #716, #1742 ),
 .UNSPECIFIED., .F., .F.,
 ( 4, 4 ),
 ( 0.1276832474596280298, 1.000000000000000000 ),
 .UNSPECIFIED. ) ;
#830 = CARTESIAN_POINT ( 'NONE',  ( -1.794692962629670818, 15.57347439510908771, -14.61643569879884907 ) ) ;
#831 = CIRCLE ( 'NONE', #1436, 13.49999999999999822 ) ;
#832 = VECTOR ( 'NONE', #1621, 1000.000000000000000 ) ;
#833 = CARTESIAN_POINT ( 'NONE',  ( -2.519291540161140301E-14, -2.426525604890910959, 3.577994056599535359E-14 ) ) ;
#834 = ORIENTED_EDGE ( 'NONE', *, *, #912, .T. ) ;
#835 = CARTESIAN_POINT ( 'NONE',  ( 1.665565541465065857, 15.57347439510908771, 13.39686125281161289 ) ) ;
#836 = VECTOR ( 'NONE', #875, 1000.000000000000000 ) ;
#837 = STYLED_ITEM ( 'NONE', ( #472 ), #355 ) ;
#838 = EDGE_CURVE ( 'NONE', #896, #1699, #2005, .T. ) ;
#839 = CARTESIAN_POINT ( 'NONE',  ( -14.25174099471086997, 15.57347439510908771, -7.015073556475448946 ) ) ;
#840 = ORIENTED_EDGE ( 'NONE', *, *, #1462, .T. ) ;
#841 = CARTESIAN_POINT ( 'NONE',  ( -2.519291540161140301E-14, -2.426525604890910959, 3.577994056599535359E-14 ) ) ;
#842 = DIRECTION ( 'NONE',  ( 0.000000000000000000, 0.000000000000000000, -1.000000000000000000 ) ) ;
#843 = ORIENTED_EDGE ( 'NONE', *, *, #253, .T. ) ;
#844 = CARTESIAN_POINT ( 'NONE',  ( -2.519291540161140301E-14, 15.57347439510908771, 3.577994056599535359E-14 ) ) ;
#845 = VERTEX_POINT ( 'NONE', #855 ) ;
#846 = CARTESIAN_POINT ( 'NONE',  ( -2.519291540161140301E-14, 15.57347439510908771, 3.577994056599535359E-14 ) ) ;
#847 = ORIENTED_EDGE ( 'NONE', *, *, #994, .F. ) ;
#848 = CARTESIAN_POINT ( 'NONE',  ( -2.519291540161140301E-14, 15.57347439510908771, 3.577994056599535359E-14 ) ) ;
#849 = CARTESIAN_POINT ( 'NONE',  ( 1.588911516212414110, 15.57347439510908771, -13.40616873657968711 ) ) ;
#850 = EDGE_LOOP ( 'NONE', ( #2157, #1894, #381, #1309 ) ) ;
#851 = EDGE_CURVE ( 'NONE', #2061, #1044, #1234, .T. ) ;
#852 = ORIENTED_EDGE ( 'NONE', *, *, #1194, .T. ) ;
#853 = CARTESIAN_POINT ( 'NONE',  ( -14.31001298597117710, -2.426525604890910515, -3.480905007140533858 ) ) ;
#854 = PRODUCT_RELATED_PRODUCT_CATEGORY ( 'part', '', ( #1988 ) ) ;
#855 = CARTESIAN_POINT ( 'NONE',  ( 7.110521216311523673, 15.57347439510908771, 15.44151832017772286 ) ) ;
#856 = ORIENTED_EDGE ( 'NONE', *, *, #1762, .F. ) ;
#857 = CARTESIAN_POINT ( 'NONE',  ( 7.110521216311524562, 15.57347439510908771, 15.44151832017772996 ) ) ;
#858 = CARTESIAN_POINT ( 'NONE',  ( -15.56192223125798790, -2.426525604890910959, -6.842994700295941257 ) ) ;
#859 = CARTESIAN_POINT ( 'NONE',  ( 16.96273565528138150, 15.57347439510908771, 1.124988483961061325 ) ) ;
#860 = EDGE_CURVE ( 'NONE', #533, #2027, #827, .T. ) ;
#861 = CARTESIAN_POINT ( 'NONE',  ( -14.47185364368888827, -2.426525604890910959, 8.919946867310915906 ) ) ;
#862 = EDGE_CURVE ( 'NONE', #813, #1399, #313, .T. ) ;
#863 = ORIENTED_EDGE ( 'NONE', *, *, #1984, .T. ) ;
#864 = AXIS2_PLACEMENT_3D ( 'NONE', #1241, #430, #284 ) ;
#865 = CARTESIAN_POINT ( 'NONE',  ( -2.519291540161140301E-14, 15.57347439510908771, 3.577994056599535359E-14 ) ) ;
#866 = ORIENTED_EDGE ( 'NONE', *, *, #1696, .F. ) ;
#867 = AXIS2_PLACEMENT_3D ( 'NONE', #220, #692, #1206 ) ;
#868 = LINE ( 'NONE', #1880, #1185 ) ;
#869 = ORIENTED_EDGE ( 'NONE', *, *, #731, .F. ) ;
#870 = CARTESIAN_POINT ( 'NONE',  ( 11.61294472452628845, 15.57347439510908771, -10.83802995051124540 ) ) ;
#871 = DIRECTION ( 'NONE',  ( 0.000000000000000000, 0.000000000000000000, -1.000000000000000000 ) ) ;
#872 = VECTOR ( 'NONE', #1286, 1000.000000000000000 ) ;
#873 = CARTESIAN_POINT ( 'NONE',  ( -13.11690055307487768, 15.57347439510908771, -3.193261636750805543 ) ) ;
#874 = ADVANCED_FACE ( 'NONE', ( #1713, #710 ), #379, .T. ) ;
#875 = DIRECTION ( 'NONE',  ( -0.000000000000000000, -1.000000000000000000, -0.000000000000000000 ) ) ;
#876 = ORIENTED_EDGE ( 'NONE', *, *, #794, .F. ) ;
#877 = DIRECTION ( 'NONE',  ( -0.000000000000000000, -1.000000000000000000, -0.000000000000000000 ) ) ;
#878 = CARTESIAN_POINT ( 'NONE',  ( -2.519291540161140301E-14, 15.57347439510908771, -13.49999999999996447 ) ) ;
#879 = CARTESIAN_POINT ( 'NONE',  ( -13.04859256026000303, -2.426525604890910959, -6.826078490873273452 ) ) ;
#880 = CARTESIAN_POINT ( 'NONE',  ( -14.31001298597117710, -2.426525604890910959, -3.480905007140533858 ) ) ;
#881 = ORIENTED_EDGE ( 'NONE', *, *, #1613, .T. ) ;
#882 = B_SPLINE_SURFACE_WITH_KNOTS ( 'NONE', 3, 1, ( 
 ( #1629, #1131 ),
 ( #1811, #136 ),
 ( #2140, #796 ),
 ( #610, #1295 ) ),
 .UNSPECIFIED., .F., .F., .F.,
 ( 4, 4 ),
 ( 2, 2 ),
 ( 0.000000000000000000, 0.8724294488011762327 ),
 ( 0.000000000000000000, 1.000000000000000000 ),
 .UNSPECIFIED. ) ;
#883 = CARTESIAN_POINT ( 'NONE',  ( 7.700616901647450163, -2.426525604890910959, 11.08830461946559254 ) ) ;
#884 = CARTESIAN_POINT ( 'NONE',  ( 1.665565541465065413, 15.57347439510908771, 13.39686125281161111 ) ) ;
#885 = CARTESIAN_POINT ( 'NONE',  ( -2.519291540161140301E-14, -2.426525604890910959, -13.49999999999996447 ) ) ;
#886 = ADVANCED_FACE ( 'NONE', ( #1394 ), #1470, .T. ) ;
#887 = EDGE_LOOP ( 'NONE', ( #309, #120, #530, #834 ) ) ;
#888 = CARTESIAN_POINT ( 'NONE',  ( -16.95949601381428806, -2.426525604890910959, 1.172814971518661320 ) ) ;
#889 = CARTESIAN_POINT ( 'NONE',  ( 8.739420831922345201, -2.426525604890910515, 13.26506181008854846 ) ) ;
#890 = EDGE_CURVE ( 'NONE', #1857, #262, #798, .T. ) ;
#891 = ORIENTED_EDGE ( 'NONE', *, *, #862, .T. ) ;
#892 = CARTESIAN_POINT ( 'NONE',  ( 13.90295443808582299, 15.57347439510908771, 7.684217539568810373 ) ) ;
#893 = SURFACE_STYLE_FILL_AREA ( #1778 ) ;
#894 = FACE_OUTER_BOUND ( 'NONE', #1255, .T. ) ;
#895 = AXIS2_PLACEMENT_3D ( 'NONE', #17, #54, #352 ) ;
#896 = VERTEX_POINT ( 'NONE', #215 ) ;
#897 = CARTESIAN_POINT ( 'NONE',  ( -15.56192223125798790, -2.426525604890910959, -6.842994700295941257 ) ) ;
#898 = LINE ( 'NONE', #2134, #542 ) ;
#899 = VERTEX_POINT ( 'NONE', #167 ) ;
#900 = EDGE_CURVE ( 'NONE', #566, #1595, #2, .T. ) ;
#901 = AXIS2_PLACEMENT_3D ( 'NONE', #1718, #206, #221 ) ;
#902 = AXIS2_PLACEMENT_3D ( 'NONE', #89, #1409, #434 ) ;
#903 = AXIS2_PLACEMENT_3D ( 'NONE', #833, #1545, #1510 ) ;
#904 = ORIENTED_EDGE ( 'NONE', *, *, #559, .T. ) ;
#905 = DIRECTION ( 'NONE',  ( 0.000000000000000000, 1.000000000000000000, -0.000000000000000000 ) ) ;
#906 = LINE ( 'NONE', #1913, #872 ) ;
#907 = CARTESIAN_POINT ( 'NONE',  ( -15.33791347471867894, 15.57347439510908771, -4.133733366455960123 ) ) ;
#908 = CARTESIAN_POINT ( 'NONE',  ( -11.95483534242764279, 15.57347439510908771, 6.271515920050268811 ) ) ;
#910 = ORIENTED_EDGE ( 'NONE', *, *, #952, .T. ) ;
#909 = CARTESIAN_POINT ( 'NONE',  ( 11.97154973215629603, 15.57347439510908771, 6.239551026356649821 ) ) ;
#911 = ORIENTED_EDGE ( 'NONE', *, *, #150, .T. ) ;
#912 = EDGE_CURVE ( 'NONE', #759, #635, #1878, .T. ) ;
#913 = ORIENTED_EDGE ( 'NONE', *, *, #1679, .T. ) ;
#914 = CARTESIAN_POINT ( 'NONE',  ( 8.739420831922345201, -2.426525604890910959, 13.26506181008854846 ) ) ;
#915 = ORIENTED_EDGE ( 'NONE', *, *, #1078, .F. ) ;
#916 = ADVANCED_FACE ( 'NONE', ( #1376 ), #1729, .T. ) ;
#917 = CARTESIAN_POINT ( 'NONE',  ( -13.49999976153325498, 15.57347439510908771, -0.002537440205370490327 ) ) ;
#918 = CARTESIAN_POINT ( 'NONE',  ( -16.20060201930160559, 15.57347439510908771, -5.151746714678499650 ) ) ;
#919 = LINE ( 'NONE', #756, #1372 ) ;
#920 = CARTESIAN_POINT ( 'NONE',  ( 3.161417895222373708, 15.57347439510908771, -16.70345583679516110 ) ) ;
#921 = DIRECTION ( 'NONE',  ( 0.000000000000000000, 0.000000000000000000, 1.000000000000000000 ) ) ;
#922 = ORIENTED_EDGE ( 'NONE', *, *, #1720, .T. ) ;
#923 = ORIENTED_EDGE ( 'NONE', *, *, #1347, .T. ) ;
#924 = EDGE_CURVE ( 'NONE', #941, #93, #1012, .T. ) ;
#925 = CARTESIAN_POINT ( 'NONE',  ( -2.519291540161140301E-14, 15.57347439510908771, 3.577994056599535359E-14 ) ) ;
#926 = LINE ( 'NONE', #2080, #1901 ) ;
#927 = EDGE_CURVE ( 'NONE', #417, #2130, #1375, .T. ) ;
#928 = DIRECTION ( 'NONE',  ( -0.000000000000000000, -1.000000000000000000, -0.000000000000000000 ) ) ;
#929 = CARTESIAN_POINT ( 'NONE',  ( -5.952374968322037496, 15.57347439510908771, 14.72781631944810599 ) ) ;
#930 = CARTESIAN_POINT ( 'NONE',  ( 7.700616901647450163, -2.426525604890910959, 11.08830461946559254 ) ) ;
#931 = DIRECTION ( 'NONE',  ( 0.000000000000000000, 0.000000000000000000, 1.000000000000000000 ) ) ;
#932 = CARTESIAN_POINT ( 'NONE',  ( -10.07925159720333852, -2.426525604890910959, 8.981018162785057157 ) ) ;
#933 = ORIENTED_EDGE ( 'NONE', *, *, #890, .F. ) ;
#934 = AXIS2_PLACEMENT_3D ( 'NONE', #1877, #354, #842 ) ;
#935 = AXIS2_PLACEMENT_3D ( 'NONE', #596, #939, #1442 ) ;
#936 = CARTESIAN_POINT ( 'NONE',  ( -13.49999976153325498, -2.426525604890910515, -0.002537440205371265748 ) ) ;
#937 = CIRCLE ( 'NONE', #245, 13.49999999999999822 ) ;
#938 = VERTEX_POINT ( 'NONE', #12 ) ;
#939 = DIRECTION ( 'NONE',  ( -0.000000000000000000, -1.000000000000000000, -0.000000000000000000 ) ) ;
#940 = CARTESIAN_POINT ( 'NONE',  ( -8.381718059877464100, 15.57347439510908771, -12.10817565663624684 ) ) ;
#941 = VERTEX_POINT ( 'NONE', #1191 ) ;
#942 = DIRECTION ( 'NONE',  ( 0.000000000000000000, 1.000000000000000000, -0.000000000000000000 ) ) ;
#943 = CARTESIAN_POINT ( 'NONE',  ( 5.203474663961569213, 15.57347439510908771, -13.77624646951207765 ) ) ;
#944 = ADVANCED_FACE ( 'NONE', ( #1867 ), #1021, .T. ) ;
#945 = DIRECTION ( 'NONE',  ( 0.000000000000000000, 0.000000000000000000, 1.000000000000000000 ) ) ;
#946 = CARTESIAN_POINT ( 'NONE',  ( 3.161417895222373708, -2.426525604890910959, -16.70345583679516110 ) ) ;
#947 = EDGE_LOOP ( 'NONE', ( #366, #1505, #856, #922 ) ) ;
#948 = EDGE_LOOP ( 'NONE', ( #996, #1098, #180, #1919 ) ) ;
#949 = DIRECTION ( 'NONE',  ( 0.000000000000000000, 0.000000000000000000, 1.000000000000000000 ) ) ;
#950 = CARTESIAN_POINT ( 'NONE',  ( -8.381718059877464100, 15.57347439510908771, -12.10817565663624684 ) ) ;
#951 = CARTESIAN_POINT ( 'NONE',  ( -15.56192223125798790, 15.57347439510908771, -6.842994700295941257 ) ) ;
#952 = EDGE_CURVE ( 'NONE', #1009, #1628, #2131, .T. ) ;
#953 = CARTESIAN_POINT ( 'NONE',  ( 13.47208523144298375, -2.426525604890910959, 10.36836146730696839 ) ) ;
#954 = ORIENTED_EDGE ( 'NONE', *, *, #2175, .T. ) ;
#955 = CARTESIAN_POINT ( 'NONE',  ( -11.95247692790538530, -2.426525604890910959, -6.276009503489431651 ) ) ;
#956 = EDGE_CURVE ( 'NONE', #1824, #1857, #387, .T. ) ;
#957 = ORIENTED_EDGE ( 'NONE', *, *, #1091, .F. ) ;
#958 = CARTESIAN_POINT ( 'NONE',  ( -2.519291540161140301E-14, 15.57347439510908771, -2.999999999999964473 ) ) ;
#959 = CARTESIAN_POINT ( 'NONE',  ( 13.10832155290263756, -2.426525604890907406, -3.228297704008610491 ) ) ;
#960 = DIRECTION ( 'NONE',  ( -0.000000000000000000, -1.000000000000000000, -0.000000000000000000 ) ) ;
#961 = CARTESIAN_POINT ( 'NONE',  ( -3.208505178210129927, -2.426525604890910515, -16.69447496992336966 ) ) ;
#962 = ORIENTED_EDGE ( 'NONE', *, *, #2124, .F. ) ;
#963 = B_SPLINE_CURVE_WITH_KNOTS ( 'NONE', 3,
 ( #1415, #1921, #395, #1071 ),
 .UNSPECIFIED., .F., .F.,
 ( 4, 4 ),
 ( 0.1276832474596231171, 1.000000000000000000 ),
 .UNSPECIFIED. ) ;
#964 = ORIENTED_EDGE ( 'NONE', *, *, #890, .T. ) ;
#965 = CIRCLE ( 'NONE', #106, 13.50000000000000178 ) ;
#966 = EDGE_CURVE ( 'NONE', #1600, #1044, #1614, .T. ) ;
#967 = B_SPLINE_SURFACE_WITH_KNOTS ( 'NONE', 3, 1, ( 
 ( #130, #961 ),
 ( #1654, #1322 ),
 ( #465, #311 ),
 ( #977, #1569 ) ),
 .UNSPECIFIED., .F., .F., .F.,
 ( 4, 4 ),
 ( 2, 2 ),
 ( 0.1276832474596304168, 1.000000000000000000 ),
 ( 0.000000000000000000, 1.000000000000000000 ),
 .UNSPECIFIED. ) ;
#968 = ORIENTED_EDGE ( 'NONE', *, *, #468, .F. ) ;
#969 =( GEOMETRIC_REPRESENTATION_CONTEXT ( 3 ) GLOBAL_UNCERTAINTY_ASSIGNED_CONTEXT ( ( #1093 ) ) GLOBAL_UNIT_ASSIGNED_CONTEXT ( ( #569, #1319, #1338 ) ) REPRESENTATION_CONTEXT ( 'NONE', 'WORKASPACE' ) );
#970 = CARTESIAN_POINT ( 'NONE',  ( 1.665565541465065857, -2.426525604890910959, 13.39686125281161289 ) ) ;
#971 = AXIS2_PLACEMENT_3D ( 'NONE', #1364, #2035, #656 ) ;
#972 = CIRCLE ( 'NONE', #1337, 16.99999999999999289 ) ;
#973 = AXIS2_PLACEMENT_3D ( 'NONE', #554, #413, #1947 ) ;
#974 = DIRECTION ( 'NONE',  ( -0.000000000000000000, -1.000000000000000000, -0.000000000000000000 ) ) ;
#975 =( LENGTH_UNIT ( ) NAMED_UNIT ( * ) SI_UNIT ( .MILLI., .METRE. ) );
#976 = CARTESIAN_POINT ( 'NONE',  ( 14.72722511009494362, -2.426525604890910515, -0.04485402978083130598 ) ) ;
#977 = CARTESIAN_POINT ( 'NONE',  ( -1.624726215293451181, 15.57347439510908771, -13.40187541821432049 ) ) ;
#978 = ORIENTED_EDGE ( 'NONE', *, *, #526, .T. ) ;
#979 = DIRECTION ( 'NONE',  ( 0.000000000000000000, 1.000000000000000000, -0.000000000000000000 ) ) ;
#980 = ORIENTED_EDGE ( 'NONE', *, *, #1844, .T. ) ;
#981 = EDGE_CURVE ( 'NONE', #1953, #127, #110, .T. ) ;
#982 = DIRECTION ( 'NONE',  ( 0.000000000000000000, 1.000000000000000000, -0.000000000000000000 ) ) ;
#983 = CARTESIAN_POINT ( 'NONE',  ( -14.47185364368888827, 15.57347439510908771, 8.919946867310915906 ) ) ;
#984 = CYLINDRICAL_SURFACE ( 'NONE', #649, 13.50000000000000355 ) ;
#985 = CARTESIAN_POINT ( 'NONE',  ( -16.73905675201165266, -2.426525604890910515, 2.967149988277341777 ) ) ;
#986 = EDGE_LOOP ( 'NONE', ( #1808, #2048, #3, #616 ) ) ;
#987 = CARTESIAN_POINT ( 'NONE',  ( -2.519291540161140301E-14, -2.426525604890910959, 3.577994056599535359E-14 ) ) ;
#988 = VERTEX_POINT ( 'NONE', #58 ) ;
#989 = B_SPLINE_CURVE_WITH_KNOTS ( 'NONE', 3,
 ( #1243, #723, #1437, #2094 ),
 .UNSPECIFIED., .F., .F.,
 ( 4, 4 ),
 ( 0.1276832474596281686, 1.000000000000000000 ),
 .UNSPECIFIED. ) ;
#990 = CARTESIAN_POINT ( 'NONE',  ( 8.402931545048730300, 15.57347439510908771, 12.09478866192480240 ) ) ;
#991 = CARTESIAN_POINT ( 'NONE',  ( 0.9278457926499141806, 15.57347439510908771, 16.97466059115949122 ) ) ;
#992 = CARTESIAN_POINT ( 'NONE',  ( -7.666785673056316419, -2.426525604890907406, -11.11172342363767029 ) ) ;
#993 =( NAMED_UNIT ( * ) PLANE_ANGLE_UNIT ( ) SI_UNIT ( $, .RADIAN. ) );
#994 = EDGE_CURVE ( 'NONE', #1000, #1527, #1766, .T. ) ;
#995 = DIRECTION ( 'NONE',  ( 0.000000000000000000, 0.000000000000000000, -1.000000000000000000 ) ) ;
#996 = ORIENTED_EDGE ( 'NONE', *, *, #1347, .F. ) ;
#997 = DIRECTION ( 'NONE',  ( 0.000000000000000000, 0.000000000000000000, -1.000000000000000000 ) ) ;
#998 = ORIENTED_EDGE ( 'NONE', *, *, #150, .F. ) ;
#999 = DIRECTION ( 'NONE',  ( 0.000000000000000000, 0.000000000000000000, 1.000000000000000000 ) ) ;
#1000 = VERTEX_POINT ( 'NONE', #742 ) ;
#1001 = CARTESIAN_POINT ( 'NONE',  ( -16.95949601381428806, 15.57347439510908771, 1.172814971518661320 ) ) ;
#1002 = VERTEX_POINT ( 'NONE', #767 ) ;
#1003 = CARTESIAN_POINT ( 'NONE',  ( -15.33791347471867894, 15.57347439510908771, -4.133733366455960123 ) ) ;
#1004 = ORIENTED_EDGE ( 'NONE', *, *, #952, .F. ) ;
#1005 = AXIS2_PLACEMENT_3D ( 'NONE', #1850, #332, #999 ) ;
#1006 = CIRCLE ( 'NONE', #507, 13.49999999999999822 ) ;
#1007 = CARTESIAN_POINT ( 'NONE',  ( -14.47185364368889537, 15.57347439510908771, 8.919946867310926564 ) ) ;
#1008 = CARTESIAN_POINT ( 'NONE',  ( -11.66000622469460701, 15.57347439510908771, -10.78812292027627606 ) ) ;
#1009 = VERTEX_POINT ( 'NONE', #1445 ) ;
#1010 = CARTESIAN_POINT ( 'NONE',  ( 4.789538438319500990, -2.426525604890907406, -12.62181926458539039 ) ) ;
#1011 = EDGE_CURVE ( 'NONE', #276, #1989, #1274, .T. ) ;
#1012 = CIRCLE ( 'NONE', #621, 13.50000000000000178 ) ;
#1013 = COLOUR_RGB ( '',0.7803921568627451011, 0.7607843137254901578, 0.7411764705882353255 ) ;
#1014 = DIRECTION ( 'NONE',  ( 0.000000000000000000, 1.000000000000000000, -0.000000000000000000 ) ) ;
#1015 = FACE_OUTER_BOUND ( 'NONE', #186, .T. ) ;
#1016 = ORIENTED_EDGE ( 'NONE', *, *, #253, .F. ) ;
#1017 = CARTESIAN_POINT ( 'NONE',  ( -8.349142722397818517, -2.426525604890910959, 12.13066078860784991 ) ) ;
#1018 = ORIENTED_EDGE ( 'NONE', *, *, #1291, .F. ) ;
#1019 = EDGE_CURVE ( 'NONE', #233, #1352, #1260, .T. ) ;
#1020 = CARTESIAN_POINT ( 'NONE',  ( -2.519291540161140301E-14, 15.57347439510908771, 3.577994056599535359E-14 ) ) ;
#1021 = CYLINDRICAL_SURFACE ( 'NONE', #1121, 16.99999999999998579 ) ;
#1022 = ORIENTED_EDGE ( 'NONE', *, *, #1500, .F. ) ;
#1023 = CARTESIAN_POINT ( 'NONE',  ( -1.505470713348541878, -2.426525604890910959, 15.81318868268934530 ) ) ;
#1024 = ADVANCED_FACE ( 'NONE', ( #258 ), #1059, .T. ) ;
#1025 = ORIENTED_EDGE ( 'NONE', *, *, #1078, .T. ) ;
#1026 = FACE_OUTER_BOUND ( 'NONE', #92, .T. ) ;
#1027 = CARTESIAN_POINT ( 'NONE',  ( 2.254812623749919531, -2.426525604890910959, -15.72434931355457977 ) ) ;
#1028 = LINE ( 'NONE', #33, #1580 ) ;
#1029 = ADVANCED_FACE ( 'NONE', ( #410 ), #2090, .T. ) ;
#1030 = CARTESIAN_POINT ( 'NONE',  ( -16.20060201930162336, -2.426525604890910515, -5.151746714678500538 ) ) ;
#1031 = ORIENTED_EDGE ( 'NONE', *, *, #1816, .T. ) ;
#1032 = FACE_OUTER_BOUND ( 'NONE', #1574, .T. ) ;
#1033 = ORIENTED_EDGE ( 'NONE', *, *, #1050, .T. ) ;
#1034 = CARTESIAN_POINT ( 'NONE',  ( 6.015727090167088953, 15.57347439510908771, 14.70151032920473888 ) ) ;
#1035 = ORIENTED_EDGE ( 'NONE', *, *, #1357, .F. ) ;
#1036 = CARTESIAN_POINT ( 'NONE',  ( -7.066951466311155450, 15.57347439510908771, 15.46150694378798640 ) ) ;
#1037 = CARTESIAN_POINT ( 'NONE',  ( -2.519291540161140301E-14, 15.57347439510908771, 3.577994056599535359E-14 ) ) ;
#1038 = EDGE_CURVE ( 'NONE', #1712, #1044, #1524, .T. ) ;
#1039 = FACE_OUTER_BOUND ( 'NONE', #305, .T. ) ;
#1040 = CARTESIAN_POINT ( 'NONE',  ( -11.66000622469460701, -2.426525604890910515, -10.78812292027627606 ) ) ;
#1041 = ORIENTED_EDGE ( 'NONE', *, *, #325, .F. ) ;
#1042 = AXIS2_PLACEMENT_3D ( 'NONE', #769, #1917, #945 ) ;
#1043 = CARTESIAN_POINT ( 'NONE',  ( 4.784793342705877528, -2.426525604890910959, 12.62361884198022643 ) ) ;
#1044 = VERTEX_POINT ( 'NONE', #248 ) ;
#1045 = CARTESIAN_POINT ( 'NONE',  ( -15.50208958957980165, -2.426525604890910959, 3.467644684731981730 ) ) ;
#1046 = CARTESIAN_POINT ( 'NONE',  ( 11.97154973215629603, -2.426525604890910959, 6.239551026356649821 ) ) ;
#1047 = ORIENTED_EDGE ( 'NONE', *, *, #340, .F. ) ;
#1048 = CARTESIAN_POINT ( 'NONE',  ( 16.74735687627807224, 15.57347439510908771, 2.919937954577292327 ) ) ;
#1049 = EDGE_LOOP ( 'NONE', ( #1702, #551, #1323, #1022, #2177, #1246, #331, #119, #393, #866, #679, #1236, #614, #2114, #2098, #1175, #2083, #177, #1356, #2135, #923, #1908, #1916, #1511, #1554, #598, #1461, #1735, #1787, #1187, #1068, #91, #1031, #317, #1655, #1773, #775, #1704, #1606, #1688, #881, #1130, #222, #197, #1493, #1377, #324, #146, #1723, #1245, #1966, #1362, #1676 ) ) ;
#1050 = EDGE_CURVE ( 'NONE', #1740, #1719, #906, .T. ) ;
#1051 = LINE ( 'NONE', #1736, #1756 ) ;
#1052 = MANIFOLD_SOLID_BREP ( 'Ölçek2', #2182 ) ;
#1053 = CARTESIAN_POINT ( 'NONE',  ( -2.519291540161140301E-14, 15.57347439510908771, 3.577994056599535359E-14 ) ) ;
#1054 = CARTESIAN_POINT ( 'NONE',  ( -13.49999976153325498, -2.426525604890907406, -0.002537440205371265748 ) ) ;
#1055 = ORIENTED_EDGE ( 'NONE', *, *, #619, .T. ) ;
#1056 = CARTESIAN_POINT ( 'NONE',  ( -14.28854444210526431, -2.426525604890910959, 3.568006313529041851 ) ) ;
#1057 = CARTESIAN_POINT ( 'NONE',  ( 8.710084762268829550, -2.426525604890910515, 14.59912406393250173 ) ) ;
#1058 = VERTEX_POINT ( 'NONE', #1833 ) ;
#1059 = B_SPLINE_SURFACE_WITH_KNOTS ( 'NONE', 3, 1, ( 
 ( #600, #1432 ),
 ( #1251, #1568 ),
 ( #1934, #420 ),
 ( #1072, #1085 ) ),
 .UNSPECIFIED., .F., .F., .F.,
 ( 4, 4 ),
 ( 2, 2 ),
 ( 0.1276832474596231171, 1.000000000000000000 ),
 ( 0.000000000000000000, 1.000000000000000000 ),
 .UNSPECIFIED. ) ;
#1060 = DIRECTION ( 'NONE',  ( -0.000000000000000000, -1.000000000000000000, -0.000000000000000000 ) ) ;
#1061 = CARTESIAN_POINT ( 'NONE',  ( 11.97154973215629781, 15.57347439510908771, 6.239551026356649821 ) ) ;
#1062 = CARTESIAN_POINT ( 'NONE',  ( 13.10710705452598823, 15.57347439510908771, 3.233225117617795519 ) ) ;
#1063 = FACE_OUTER_BOUND ( 'NONE', #1230, .T. ) ;
#1064 = ADVANCED_FACE ( 'NONE', ( #1819 ), #1931, .T. ) ;
#1065 = EDGE_LOOP ( 'NONE', ( #665, #876, #1070, #1138 ) ) ;
#1066 = FACE_OUTER_BOUND ( 'NONE', #1431, .T. ) ;
#1068 = ORIENTED_EDGE ( 'NONE', *, *, #238, .T. ) ;
#1067 = CARTESIAN_POINT ( 'NONE',  ( 7.637068536477398695, -2.426525604890910959, -11.13216888881703248 ) ) ;
#1069 = ORIENTED_EDGE ( 'NONE', *, *, #1477, .F. ) ;
#1070 = ORIENTED_EDGE ( 'NONE', *, *, #1250, .T. ) ;
#1071 = CARTESIAN_POINT ( 'NONE',  ( 13.10832155290263934, 15.57347439510908771, -3.228297704008610935 ) ) ;
#1072 = CARTESIAN_POINT ( 'NONE',  ( 13.10832155290263756, 15.57347439510908771, -3.228297704008610491 ) ) ;
#1073 = FACE_BOUND ( 'NONE', #1049, .T. ) ;
#1074 = CARTESIAN_POINT ( 'NONE',  ( -7.066951466311151009, 15.57347439510908771, 15.46150694378798818 ) ) ;
#1075 = VECTOR ( 'NONE', #1760, 1000.000000000000000 ) ;
#1076 = AXIS2_PLACEMENT_3D ( 'NONE', #841, #516, #1876 ) ;
#1077 = LINE ( 'NONE', #1447, #832 ) ;
#1078 = EDGE_CURVE ( 'NONE', #845, #2020, #1825, .T. ) ;
#1079 = CARTESIAN_POINT ( 'NONE',  ( -13.49999976153325498, 15.57347439510908771, -0.002537440205370490327 ) ) ;
#1080 = ORIENTED_EDGE ( 'NONE', *, *, #685, .T. ) ;
#1081 = CIRCLE ( 'NONE', #1474, 16.99999999999998579 ) ;
#1082 = EDGE_CURVE ( 'NONE', #1279, #1532, #1971, .T. ) ;
#1083 = ORIENTED_EDGE ( 'NONE', *, *, #1748, .T. ) ;
#1084 = FACE_OUTER_BOUND ( 'NONE', #947, .T. ) ;
#1085 = CARTESIAN_POINT ( 'NONE',  ( 13.10832155290263756, -2.426525604890910515, -3.228297704008610491 ) ) ;
#1086 = CARTESIAN_POINT ( 'NONE',  ( 4.789538438319499214, 15.57347439510908771, -12.62181926458539039 ) ) ;
#1087 = DIRECTION ( 'NONE',  ( 0.000000000000000000, 0.000000000000000000, -1.000000000000000000 ) ) ;
#1088 = DIRECTION ( 'NONE',  ( 0.000000000000000000, 1.000000000000000000, -0.000000000000000000 ) ) ;
#1089 = DIRECTION ( 'NONE',  ( -0.000000000000000000, -1.000000000000000000, -0.000000000000000000 ) ) ;
#1090 = ORIENTED_EDGE ( 'NONE', *, *, #1324, .T. ) ;
#1091 = EDGE_CURVE ( 'NONE', #2173, #1699, #1637, .T. ) ;
#1092 = CARTESIAN_POINT ( 'NONE',  ( 7.637068536477398695, 15.57347439510908771, -11.13216888881703248 ) ) ;
#1093 = UNCERTAINTY_MEASURE_WITH_UNIT (LENGTH_MEASURE( 1.000000000000000082E-05 ), #569, 'distance_accuracy_value', 'NONE');
#1094 = ADVANCED_FACE ( 'NONE', ( #156 ), #1650, .F. ) ;
#1095 = B_SPLINE_SURFACE_WITH_KNOTS ( 'NONE', 3, 1, ( 
 ( #1557, #190 ),
 ( #664, #1903 ),
 ( #672, #24 ),
 ( #1887, #1223 ) ),
 .UNSPECIFIED., .F., .F., .F.,
 ( 4, 4 ),
 ( 2, 2 ),
 ( 0.1276832474596256706, 1.000000000000000000 ),
 ( 0.000000000000000000, 1.000000000000000000 ),
 .UNSPECIFIED. ) ;
#1096 = ORIENTED_EDGE ( 'NONE', *, *, #956, .T. ) ;
#1097 = CYLINDRICAL_SURFACE ( 'NONE', #581, 13.50000000000000178 ) ;
#1098 = ORIENTED_EDGE ( 'NONE', *, *, #1829, .F. ) ;
#1099 = CARTESIAN_POINT ( 'NONE',  ( -5.310932066900877935, -2.426525604890910959, -14.97108352403628473 ) ) ;
#1100 = CARTESIAN_POINT ( 'NONE',  ( -5.180406750220301504, -2.426525604890910515, 13.78610014578714882 ) ) ;
#1101 = ORIENTED_EDGE ( 'NONE', *, *, #900, .F. ) ;
#1102 = DIRECTION ( 'NONE',  ( 0.000000000000000000, 0.000000000000000000, 1.000000000000000000 ) ) ;
#1103 = CARTESIAN_POINT ( 'NONE',  ( 2.254812623749919531, -2.426525604890910515, -15.72434931355457977 ) ) ;
#1104 = CARTESIAN_POINT ( 'NONE',  ( -2.482552136186719757E-14, 15.57347439510908771, 3.000000000000036415 ) ) ;
#1105 = ORIENTED_EDGE ( 'NONE', *, *, #1387, .T. ) ;
#1106 = ORIENTED_EDGE ( 'NONE', *, *, #1981, .T. ) ;
#1107 = CARTESIAN_POINT ( 'NONE',  ( -9.359222704529956971, 15.57347439510908771, -12.83465343318992069 ) ) ;
#1108 = ADVANCED_FACE ( 'NONE', ( #640 ), #1132, .T. ) ;
#1109 = ORIENTED_EDGE ( 'NONE', *, *, #306, .T. ) ;
#1110 = CARTESIAN_POINT ( 'NONE',  ( 8.329103259388796587, 15.57347439510908771, -12.14574864805940457 ) ) ;
#1111 = CARTESIAN_POINT ( 'NONE',  ( 11.00958895370702173, -2.426525604890910959, -9.780085195827593836 ) ) ;
#1112 = CARTESIAN_POINT ( 'NONE',  ( 16.74735687627807224, -2.426525604890910959, 2.919937954577292327 ) ) ;
#1113 = CARTESIAN_POINT ( 'NONE',  ( 4.917319120242207298, -2.426525604890910959, -16.27329016117204574 ) ) ;
#1114 = VERTEX_POINT ( 'NONE', #1997 ) ;
#1115 = AXIS2_PLACEMENT_3D ( 'NONE', #1519, #671, #10 ) ;
#1116 = CARTESIAN_POINT ( 'NONE',  ( -7.670962217755761259, 15.57347439510908771, 11.10884056298247557 ) ) ;
#1117 = VECTOR ( 'NONE', #1256, 1000.000000000000000 ) ;
#1118 = CIRCLE ( 'NONE', #1005, 17.00000000000000000 ) ;
#1119 = AXIS2_PLACEMENT_3D ( 'NONE', #633, #140, #995 ) ;
#1120 = ORIENTED_EDGE ( 'NONE', *, *, #731, .T. ) ;
#1121 = AXIS2_PLACEMENT_3D ( 'NONE', #1053, #98, #560 ) ;
#1122 = CARTESIAN_POINT ( 'NONE',  ( -0.8799775184069311695, 15.57347439510908771, 16.97720941636462655 ) ) ;
#1123 =( NAMED_UNIT ( * ) PLANE_ANGLE_UNIT ( ) SI_UNIT ( $, .RADIAN. ) );
#1124 = EDGE_CURVE ( 'NONE', #1882, #1530, #137, .T. ) ;
#1125 = CARTESIAN_POINT ( 'NONE',  ( -2.519291540161140301E-14, 15.57347439510908771, 3.577994056599535359E-14 ) ) ;
#1126 = LINE ( 'NONE', #320, #2118 ) ;
#1127 = CYLINDRICAL_SURFACE ( 'NONE', #1504, 13.50000000000000178 ) ;
#1128 = EDGE_LOOP ( 'NONE', ( #349, #77, #2086, #1698 ) ) ;
#1129 = B_SPLINE_CURVE_WITH_KNOTS ( 'NONE', 3,
 ( #1383, #22, #1711, #36 ),
 .UNSPECIFIED., .F., .F.,
 ( 4, 4 ),
 ( 0.000000000000000000, 0.8724294488011758997 ),
 .UNSPECIFIED. ) ;
#1130 = ORIENTED_EDGE ( 'NONE', *, *, #1516, .F. ) ;
#1132 = B_SPLINE_SURFACE_WITH_KNOTS ( 'NONE', 3, 1, ( 
 ( #1479, #1497 ),
 ( #807, #1488 ),
 ( #1327, #1803 ),
 ( #1982, #121 ) ),
 .UNSPECIFIED., .F., .F., .F.,
 ( 4, 4 ),
 ( 2, 2 ),
 ( 0.000000000000000000, 0.8724294488011775650 ),
 ( 0.000000000000000000, 1.000000000000000000 ),
 .UNSPECIFIED. ) ;
#1131 = CARTESIAN_POINT ( 'NONE',  ( 11.93566519168847684, -2.426525604890910515, -6.307923305804774117 ) ) ;
#1133 =( NAMED_UNIT ( * ) SI_UNIT ( $, .STERADIAN. ) SOLID_ANGLE_UNIT ( ) );
#1134 = CARTESIAN_POINT ( 'NONE',  ( 4.789538438319499214, 15.57347439510908771, -12.62181926458539039 ) ) ;
#1135 = DIRECTION ( 'NONE',  ( -0.000000000000000000, -1.000000000000000000, -0.000000000000000000 ) ) ;
#1136 = EDGE_CURVE ( 'NONE', #1485, #1824, #2152, .T. ) ;
#1137 = ORIENTED_EDGE ( 'NONE', *, *, #386, .F. ) ;
#1138 = ORIENTED_EDGE ( 'NONE', *, *, #981, .T. ) ;
#1139 = DIRECTION ( 'NONE',  ( 0.000000000000000000, 1.000000000000000000, -0.000000000000000000 ) ) ;
#1140 = DIRECTION ( 'NONE',  ( 0.000000000000000000, 0.000000000000000000, 1.000000000000000000 ) ) ;
#1141 = SURFACE_STYLE_FILL_AREA ( #445 ) ;
#1142 = LINE ( 'NONE', #124, #1308 ) ;
#1143 = LINE ( 'NONE', #822, #2077 ) ;
#1144 = ORIENTED_EDGE ( 'NONE', *, *, #1019, .T. ) ;
#1145 = EDGE_CURVE ( 'NONE', #635, #2186, #2026, .T. ) ;
#1146 = CARTESIAN_POINT ( 'NONE',  ( 13.49994479184226037, -2.426525604890910959, -0.03860851214925846431 ) ) ;
#1147 = AXIS2_PLACEMENT_3D ( 'NONE', #1407, #1715, #380 ) ;
#1148 = ADVANCED_FACE ( 'NONE', ( #452 ), #882, .T. ) ;
#1149 = B_SPLINE_CURVE_WITH_KNOTS ( 'NONE', 3,
 ( #1858, #1694, #1176, #1010 ),
 .UNSPECIFIED., .F., .F.,
 ( 4, 4 ),
 ( 0.1276832474596253097, 1.000000000000000000 ),
 .UNSPECIFIED. ) ;
#1150 = EDGE_LOOP ( 'NONE', ( #296, #49, #1796, #910 ) ) ;
#1151 = AXIS2_PLACEMENT_3D ( 'NONE', #1358, #2030, #1866 ) ;
#1152 = VECTOR ( 'NONE', #418, 1000.000000000000000 ) ;
#1153 = CARTESIAN_POINT ( 'NONE',  ( -2.519291540161140301E-14, 15.57347439510908771, 3.577994056599535359E-14 ) ) ;
#1154 = CARTESIAN_POINT ( 'NONE',  ( 15.54256471431051523, 15.57347439510908771, -6.886848488348530140 ) ) ;
#1155 = DIRECTION ( 'NONE',  ( -0.000000000000000000, -1.000000000000000000, -0.000000000000000000 ) ) ;
#1156 = CARTESIAN_POINT ( 'NONE',  ( 11.61294472452628845, 15.57347439510908771, -10.83802995051124540 ) ) ;
#1157 = EDGE_LOOP ( 'NONE', ( #1369, #1635, #415, #1623 ) ) ;
#1158 = CARTESIAN_POINT ( 'NONE',  ( -5.264285243010120574, 15.57347439510908771, -13.75428922945945587 ) ) ;
#1159 = ORIENTED_EDGE ( 'NONE', *, *, #7, .F. ) ;
#1160 = EDGE_CURVE ( 'NONE', #335, #1002, #629, .T. ) ;
#1161 = CARTESIAN_POINT ( 'NONE',  ( 13.10710705452598823, -2.426525604890910515, 3.233225117617795519 ) ) ;
#1162 = FACE_OUTER_BOUND ( 'NONE', #543, .T. ) ;
#1163 = ORIENTED_EDGE ( 'NONE', *, *, #1779, .F. ) ;
#1164 = CARTESIAN_POINT ( 'NONE',  ( 1.819697817546135576, 15.57347439510908771, 14.61444050178514864 ) ) ;
#1165 = CARTESIAN_POINT ( 'NONE',  ( -11.05323000910244780, -2.426525604890910959, -9.732382940127058291 ) ) ;
#1166 = ORIENTED_EDGE ( 'NONE', *, *, #1561, .T. ) ;
#1167 = DIRECTION ( 'NONE',  ( 0.000000000000000000, 0.000000000000000000, 1.000000000000000000 ) ) ;
#1168 = ORIENTED_EDGE ( 'NONE', *, *, #2109, .F. ) ;
#1169 = VERTEX_POINT ( 'NONE', #709 ) ;
#1170 = CARTESIAN_POINT ( 'NONE',  ( -0.8799775184069311695, 15.57347439510908771, 16.97720941636462655 ) ) ;
#1171 = EDGE_CURVE ( 'NONE', #1994, #127, #2001, .T. ) ;
#1172 = FACE_OUTER_BOUND ( 'NONE', #1941, .T. ) ;
#1173 = ORIENTED_EDGE ( 'NONE', *, *, #1320, .T. ) ;
#1174 = CARTESIAN_POINT ( 'NONE',  ( -2.519291540161140301E-14, -2.426525604890910959, 3.577994056599535359E-14 ) ) ;
#1175 = ORIENTED_EDGE ( 'NONE', *, *, #481, .F. ) ;
#1176 = CARTESIAN_POINT ( 'NONE',  ( 5.203474663961569213, -2.426525604890910959, -13.77624646951207765 ) ) ;
#1177 = ADVANCED_FACE ( 'NONE', ( #1843 ), #719, .T. ) ;
#1178 = ORIENTED_EDGE ( 'NONE', *, *, #416, .T. ) ;
#1179 = CARTESIAN_POINT ( 'NONE',  ( 5.246068224602474572, -2.426525604890910515, -14.99340343504096040 ) ) ;
#1180 = LINE ( 'NONE', #1342, #2185 ) ;
#1181 = ORIENTED_EDGE ( 'NONE', *, *, #1707, .F. ) ;
#1182 = ORIENTED_EDGE ( 'NONE', *, *, #363, .F. ) ;
#1183 = CIRCLE ( 'NONE', #27, 13.50000000000000178 ) ;
#1184 = CARTESIAN_POINT ( 'NONE',  ( 8.710084762268825997, 15.57347439510908771, 14.59912406393249462 ) ) ;
#1185 = VECTOR ( 'NONE', #877, 1000.000000000000000 ) ;
#1186 = CARTESIAN_POINT ( 'NONE',  ( 13.10710705452598823, 15.57347439510908771, 3.233225117617795519 ) ) ;
#1187 = ORIENTED_EDGE ( 'NONE', *, *, #1480, .F. ) ;
#1188 = VECTOR ( 'NONE', #1414, 1000.000000000000000 ) ;
#1189 = ADVANCED_FACE ( 'NONE', ( #1172 ), #2008, .T. ) ;
#1190 = VECTOR ( 'NONE', #1288, 1000.000000000000000 ) ;
#1191 = CARTESIAN_POINT ( 'NONE',  ( 11.93566519168847861, -2.426525604890910959, -6.307923305804776781 ) ) ;
#1192 = ORIENTED_EDGE ( 'NONE', *, *, #244, .T. ) ;
#1193 = CARTESIAN_POINT ( 'NONE',  ( -8.668884008537077079, -2.426525604890910515, 14.62362643281521102 ) ) ;
#1194 = EDGE_CURVE ( 'NONE', #1831, #808, #1129, .T. ) ;
#1195 = VECTOR ( 'NONE', #1923, 1000.000000000000000 ) ;
#1196 = AXIS2_PLACEMENT_3D ( 'NONE', #128, #785, #1834 ) ;
#1197 = ORIENTED_EDGE ( 'NONE', *, *, #1374, .T. ) ;
#1198 = CARTESIAN_POINT ( 'NONE',  ( 1.730643830741085409, 15.57347439510908771, -14.62525361347679187 ) ) ;
#1199 = CARTESIAN_POINT ( 'NONE',  ( 8.710084762268829550, 15.57347439510908771, 14.59912406393250173 ) ) ;
#1200 = ORIENTED_EDGE ( 'NONE', *, *, #2089, .T. ) ;
#1201 = CYLINDRICAL_SURFACE ( 'NONE', #934, 16.99999999999999289 ) ;
#1202 = CARTESIAN_POINT ( 'NONE',  ( -2.519291540161140301E-14, 15.57347439510908771, 3.577994056599535359E-14 ) ) ;
#1203 = ORIENTED_EDGE ( 'NONE', *, *, #1091, .T. ) ;
#1204 = CARTESIAN_POINT ( 'NONE',  ( 5.240484465631881861, 15.57347439510908771, 13.76221050313890970 ) ) ;
#1205 = VERTEX_POINT ( 'NONE', #861 ) ;
#1206 = DIRECTION ( 'NONE',  ( 0.000000000000000000, 0.000000000000000000, -1.000000000000000000 ) ) ;
#1207 = ADVANCED_FACE ( 'NONE', ( #1541 ), #1596, .T. ) ;
#1208 = CARTESIAN_POINT ( 'NONE',  ( 4.784793342705879304, 15.57347439510908771, 12.62361884198023176 ) ) ;
#1209 = CARTESIAN_POINT ( 'NONE',  ( 8.739420831922345201, 15.57347439510908771, 13.26506181008854846 ) ) ;
#1210 = LINE ( 'NONE', #1691, #1792 ) ;
#1211 = B_SPLINE_CURVE_WITH_KNOTS ( 'NONE', 3,
 ( #360, #1056, #1045, #1571 ),
 .UNSPECIFIED., .F., .F.,
 ( 4, 4 ),
 ( 0.000000000000000000, 0.8724294488011786752 ),
 .UNSPECIFIED. ) ;
#1212 = CARTESIAN_POINT ( 'NONE',  ( -11.05323000910244780, 15.57347439510908771, -9.732382940127058291 ) ) ;
#1213 = VERTEX_POINT ( 'NONE', #992 ) ;
#1214 = CARTESIAN_POINT ( 'NONE',  ( -12.11492379989998014, 15.57347439510908771, 10.27462712829646918 ) ) ;
#1215 = ORIENTED_EDGE ( 'NONE', *, *, #1218, .T. ) ;
#1216 = CARTESIAN_POINT ( 'NONE',  ( -2.519291540161140301E-14, -2.426525604890910959, 3.577994056599535359E-14 ) ) ;
#1217 = CARTESIAN_POINT ( 'NONE',  ( -14.47185364368888827, 15.57347439510908771, 8.919946867310915906 ) ) ;
#1218 = EDGE_CURVE ( 'NONE', #896, #1712, #1210, .T. ) ;
#1219 = EDGE_CURVE ( 'NONE', #759, #155, #1371, .T. ) ;
#1220 = B_SPLINE_SURFACE_WITH_KNOTS ( 'NONE', 3, 1, ( 
 ( #1631, #399 ),
 ( #115, #1593 ),
 ( #1961, #1103 ),
 ( #100, #1782 ) ),
 .UNSPECIFIED., .F., .F., .F.,
 ( 4, 4 ),
 ( 2, 2 ),
 ( 0.000000000000000000, 0.8724294488011757887 ),
 ( 0.000000000000000000, 1.000000000000000000 ),
 .UNSPECIFIED. ) ;
#1221 = CARTESIAN_POINT ( 'NONE',  ( -2.519291540161140301E-14, 15.57347439510908771, 3.577994056599535359E-14 ) ) ;
#1222 = VECTOR ( 'NONE', #1089, 1000.000000000000000 ) ;
#1223 = CARTESIAN_POINT ( 'NONE',  ( -1.629764094112249984, -2.426525604890910515, 13.40126370897698393 ) ) ;
#1224 = AXIS2_PLACEMENT_3D ( 'NONE', #1990, #982, #1140 ) ;
#1225 = VECTOR ( 'NONE', #412, 1000.000000000000000 ) ;
#1226 = CARTESIAN_POINT ( 'NONE',  ( 5.240484465631881861, -2.426525604890910959, 13.76221050313890970 ) ) ;
#1227 = AXIS2_PLACEMENT_3D ( 'NONE', #499, #1684, #1860 ) ;
#1228 = AXIS2_PLACEMENT_3D ( 'NONE', #1481, #2163, #612 ) ;
#1229 = B_SPLINE_CURVE_WITH_KNOTS ( 'NONE', 3,
 ( #74, #285, #1458, #1298 ),
 .UNSPECIFIED., .F., .F.,
 ( 4, 4 ),
 ( 0.1276832474596250877, 1.000000000000000000 ),
 .UNSPECIFIED. ) ;
#1230 = EDGE_LOOP ( 'NONE', ( #1055, #1101, #1343, #200 ) ) ;
#1231 = CARTESIAN_POINT ( 'NONE',  ( 15.54256471431051700, -2.426525604890910959, -6.886848488348529251 ) ) ;
#1232 = LINE ( 'NONE', #1217, #513 ) ;
#1233 = ORIENTED_EDGE ( 'NONE', *, *, #2183, .T. ) ;
#1234 = CIRCLE ( 'NONE', #478, 16.99999999999999645 ) ;
#1235 = B_SPLINE_CURVE_WITH_KNOTS ( 'NONE', 3,
 ( #601, #122, #87, #1602 ),
 .UNSPECIFIED., .F., .F.,
 ( 4, 4 ),
 ( 0.1276832474596250877, 1.000000000000000000 ),
 .UNSPECIFIED. ) ;
#1236 = ORIENTED_EDGE ( 'NONE', *, *, #1587, .F. ) ;
#1237 = LINE ( 'NONE', #1910, #1898 ) ;
#1238 = CARTESIAN_POINT ( 'NONE',  ( 11.97154973215629603, 15.57347439510908771, 6.239551026356649821 ) ) ;
#1239 = ADVANCED_FACE ( 'NONE', ( #213 ), #1201, .T. ) ;
#1240 = DIRECTION ( 'NONE',  ( -0.000000000000000000, -1.000000000000000000, -0.000000000000000000 ) ) ;
#1241 = CARTESIAN_POINT ( 'NONE',  ( -2.519291540161140301E-14, -8.426525604890910515, 3.577994056599535359E-14 ) ) ;
#1242 = ORIENTED_EDGE ( 'NONE', *, *, #148, .T. ) ;
#1243 = CARTESIAN_POINT ( 'NONE',  ( -10.59929960701378704, -2.426525604890910959, -13.29115675329866697 ) ) ;
#1245 = ORIENTED_EDGE ( 'NONE', *, *, #851, .F. ) ;
#1244 = DIRECTION ( 'NONE',  ( 0.000000000000000000, 0.000000000000000000, -1.000000000000000000 ) ) ;
#1246 = ORIENTED_EDGE ( 'NONE', *, *, #306, .F. ) ;
#1247 = B_SPLINE_SURFACE_WITH_KNOTS ( 'NONE', 3, 1, ( 
 ( #1061, #247 ),
 ( #1393, #749 ),
 ( #892, #1430 ),
 ( #1754, #2113 ) ),
 .UNSPECIFIED., .F., .F., .F.,
 ( 4, 4 ),
 ( 2, 2 ),
 ( 0.000000000000000000, 0.8724294488011774540 ),
 ( 0.000000000000000000, 1.000000000000000000 ),
 .UNSPECIFIED. ) ;
#1248 = VERTEX_POINT ( 'NONE', #695 ) ;
#1249 = DIRECTION ( 'NONE',  ( 0.000000000000000000, 0.000000000000000000, -1.000000000000000000 ) ) ;
#1250 = EDGE_CURVE ( 'NONE', #328, #1953, #1294, .T. ) ;
#1251 = CARTESIAN_POINT ( 'NONE',  ( 15.31943553921643186, 15.57347439510908771, -4.199794416739309533 ) ) ;
#1252 = FACE_OUTER_BOUND ( 'NONE', #2037, .T. ) ;
#1253 = CARTESIAN_POINT ( 'NONE',  ( 16.18601088828726375, -2.426525604890910959, -5.197408154479020936 ) ) ;
#1254 = CARTESIAN_POINT ( 'NONE',  ( -16.95949601381428806, 15.57347439510908771, 1.172814971518661320 ) ) ;
#1255 = EDGE_LOOP ( 'NONE', ( #1801, #1610 ) ) ;
#1256 = DIRECTION ( 'NONE',  ( -0.000000000000000000, 1.000000000000000000, -0.000000000000000000 ) ) ;
#1257 = EDGE_LOOP ( 'NONE', ( #962, #104, #357, #227 ) ) ;
#1258 = CYLINDRICAL_SURFACE ( 'NONE', #406, 13.49999999999999822 ) ;
#1260 = LINE ( 'NONE', #1062, #1830 ) ;
#1259 = B_SPLINE_SURFACE_WITH_KNOTS ( 'NONE', 3, 1, ( 
 ( #1669, #154 ),
 ( #2074, #196 ),
 ( #1706, #889 ),
 ( #1199, #1057 ) ),
 .UNSPECIFIED., .F., .F., .F.,
 ( 4, 4 ),
 ( 2, 2 ),
 ( 0.000000000000000000, 0.8724294488011777871 ),
 ( 0.000000000000000000, 1.000000000000000000 ),
 .UNSPECIFIED. ) ;
#1261 = DIRECTION ( 'NONE',  ( 0.000000000000000000, -1.000000000000000000, 0.000000000000000000 ) ) ;
#1262 = CARTESIAN_POINT ( 'NONE',  ( 12.15879431469595495, 15.57347439510908771, 10.22189313170513891 ) ) ;
#1263 = ADVANCED_FACE ( 'NONE', ( #1039 ), #1724, .T. ) ;
#1264 = AXIS2_PLACEMENT_3D ( 'NONE', #693, #512, #1734 ) ;
#1265 = B_SPLINE_CURVE_WITH_KNOTS ( 'NONE', 3,
 ( #2103, #2119, #1417, #270 ),
 .UNSPECIFIED., .F., .F.,
 ( 4, 4 ),
 ( 0.000000000000000000, 0.8724294488011768989 ),
 .UNSPECIFIED. ) ;
#1266 = AXIS2_PLACEMENT_3D ( 'NONE', #661, #1346, #2016 ) ;
#1267 = CARTESIAN_POINT ( 'NONE',  ( -2.519291540161140301E-14, 15.57347439510908771, 3.577994056599535359E-14 ) ) ;
#1268 = CARTESIAN_POINT ( 'NONE',  ( -4.823245983957107796, -2.426525604890910959, -12.60897688863934007 ) ) ;
#1269 = EDGE_CURVE ( 'NONE', #754, #1000, #31, .T. ) ;
#1270 = EDGE_LOOP ( 'NONE', ( #1301, #113, #1550, #741 ) ) ;
#1271 = VERTEX_POINT ( 'NONE', #492 ) ;
#1272 = DIRECTION ( 'NONE',  ( 0.000000000000000000, 1.000000000000000000, -0.000000000000000000 ) ) ;
#1273 = ORIENTED_EDGE ( 'NONE', *, *, #1937, .F. ) ;
#1274 = LINE ( 'NONE', #917, #1544 ) ;
#1275 = CARTESIAN_POINT ( 'NONE',  ( 1.665565541465065857, -2.426525604890910959, 13.39686125281161289 ) ) ;
#1276 = ORIENTED_EDGE ( 'NONE', *, *, #521, .T. ) ;
#1277 = CARTESIAN_POINT ( 'NONE',  ( -16.95949601381428806, 15.57347439510908771, 1.172814971518661320 ) ) ;
#1278 = DIRECTION ( 'NONE',  ( -0.000000000000000000, -1.000000000000000000, -0.000000000000000000 ) ) ;
#1279 = VERTEX_POINT ( 'NONE', #1854 ) ;
#1280 = EDGE_CURVE ( 'NONE', #1712, #1213, #2115, .T. ) ;
#1281 = ORIENTED_EDGE ( 'NONE', *, *, #1487, .F. ) ;
#1282 = DIRECTION ( 'NONE',  ( 0.000000000000000000, 1.000000000000000000, -0.000000000000000000 ) ) ;
#1283 = CARTESIAN_POINT ( 'NONE',  ( -4.963186455635717920, 15.57347439510908771, -16.25935977234630414 ) ) ;
#1284 = ORIENTED_EDGE ( 'NONE', *, *, #682, .F. ) ;
#1285 = EDGE_CURVE ( 'NONE', #335, #662, #168, .T. ) ;
#1286 = DIRECTION ( 'NONE',  ( -0.000000000000000000, -1.000000000000000000, -0.000000000000000000 ) ) ;
#1287 = PLANE ( 'NONE',  #864 ) ;
#1288 = DIRECTION ( 'NONE',  ( -0.000000000000000000, -1.000000000000000000, -0.000000000000000000 ) ) ;
#1289 = CYLINDRICAL_SURFACE ( 'NONE', #790, 3.000000000000000444 ) ;
#1290 = ORIENTED_EDGE ( 'NONE', *, *, #158, .F. ) ;
#1291 = EDGE_CURVE ( 'NONE', #899, #1439, #1932, .T. ) ;
#1292 = VERTEX_POINT ( 'NONE', #1776 ) ;
#1293 = EDGE_CURVE ( 'NONE', #2169, #1775, #972, .T. ) ;
#1294 = B_SPLINE_CURVE_WITH_KNOTS ( 'NONE', 3,
 ( #1886, #364, #830, #2189 ),
 .UNSPECIFIED., .F., .F.,
 ( 4, 4 ),
 ( 0.1276832474596304168, 1.000000000000000000 ),
 .UNSPECIFIED. ) ;
#1295 = CARTESIAN_POINT ( 'NONE',  ( 15.54256471431051700, -2.426525604890910515, -6.886848488348529251 ) ) ;
#1296 = DIRECTION ( 'NONE',  ( -0.000000000000000000, -1.000000000000000000, -0.000000000000000000 ) ) ;
#1297 = CARTESIAN_POINT ( 'NONE',  ( 4.784793342705879304, 15.57347439510908771, 12.62361884198023176 ) ) ;
#1298 = CARTESIAN_POINT ( 'NONE',  ( 10.10321228772081170, -2.426525604890907406, 8.954055029384587527 ) ) ;
#1299 = CYLINDRICAL_SURFACE ( 'NONE', #1475, 13.50000000000000178 ) ;
#1300 = DIRECTION ( 'NONE',  ( 0.000000000000000000, 0.000000000000000000, 1.000000000000000000 ) ) ;
#1301 = ORIENTED_EDGE ( 'NONE', *, *, #851, .T. ) ;
#1302 = B_SPLINE_SURFACE_WITH_KNOTS ( 'NONE', 3, 1, ( 
 ( #675, #1849 ),
 ( #466, #1837 ),
 ( #5, #497 ),
 ( #812, #985 ) ),
 .UNSPECIFIED., .F., .F., .F.,
 ( 4, 4 ),
 ( 2, 2 ),
 ( 0.000000000000000000, 0.8724294488011786752 ),
 ( 0.000000000000000000, 1.000000000000000000 ),
 .UNSPECIFIED. ) ;
#1303 = AXIS2_PLACEMENT_3D ( 'NONE', #1020, #326, #1509 ) ;
#1304 = AXIS2_PLACEMENT_3D ( 'NONE', #846, #531, #721 ) ;
#1305 = CYLINDRICAL_SURFACE ( 'NONE', #405, 17.00000000000000000 ) ;
#1306 = AXIS2_PLACEMENT_3D ( 'NONE', #1995, #1333, #815 ) ;
#1307 = CIRCLE ( 'NONE', #1406, 13.49999999999999822 ) ;
#1308 = VECTOR ( 'NONE', #2009, 1000.000000000000000 ) ;
#1309 = ORIENTED_EDGE ( 'NONE', *, *, #860, .T. ) ;
#1310 = DIRECTION ( 'NONE',  ( 0.000000000000000000, 0.000000000000000000, 1.000000000000000000 ) ) ;
#1311 = PRESENTATION_LAYER_ASSIGNMENT (  '', '', ( #837 ) ) ;
#1312 = ADVANCED_FACE ( 'NONE', ( #1084 ), #1097, .T. ) ;
#1313 = CARTESIAN_POINT ( 'NONE',  ( 10.56177950549847999, -2.426525604890910515, -13.32099146750086227 ) ) ;
#1314 = CYLINDRICAL_SURFACE ( 'NONE', #1119, 13.49999999999999822 ) ;
#1315 = LINE ( 'NONE', #2021, #278 ) ;
#1316 = ORIENTED_EDGE ( 'NONE', *, *, #1762, .T. ) ;
#1317 = ORIENTED_EDGE ( 'NONE', *, *, #1885, .T. ) ;
#1319 =( NAMED_UNIT ( * ) PLANE_ANGLE_UNIT ( ) SI_UNIT ( $, .RADIAN. ) );
#1318 = B_SPLINE_SURFACE_WITH_KNOTS ( 'NONE', 3, 1, ( 
 ( #508, #1193 ),
 ( #1869, #348 ),
 ( #689, #1378 ),
 ( #2052, #411 ) ),
 .UNSPECIFIED., .F., .F., .F.,
 ( 4, 4 ),
 ( 2, 2 ),
 ( 0.1276832474596244493, 1.000000000000000000 ),
 ( 0.000000000000000000, 1.000000000000000000 ),
 .UNSPECIFIED. ) ;
#1320 = EDGE_CURVE ( 'NONE', #1714, #1248, #1745, .T. ) ;
#1321 = CARTESIAN_POINT ( 'NONE',  ( -4.963186455635726801, 15.57347439510908771, -16.25935977234630769 ) ) ;
#1322 = CARTESIAN_POINT ( 'NONE',  ( -2.322619283601906393, -2.426525604890910515, -15.71396888270188619 ) ) ;
#1323 = ORIENTED_EDGE ( 'NONE', *, *, #2031, .T. ) ;
#1324 = EDGE_CURVE ( 'NONE', #1861, #1567, #1726, .T. ) ;
#1325 = CARTESIAN_POINT ( 'NONE',  ( -2.519291540161140301E-14, -8.426525604890910515, 18.50000000000003553 ) ) ;
#1326 = ORIENTED_EDGE ( 'NONE', *, *, #340, .T. ) ;
#1327 = CARTESIAN_POINT ( 'NONE',  ( -12.11492379989998014, 15.57347439510908771, 10.27462712829646918 ) ) ;
#1328 = CARTESIAN_POINT ( 'NONE',  ( -4.823245983957112237, 15.57347439510908771, -12.60897688863933652 ) ) ;
#1329 = EDGE_CURVE ( 'NONE', #2010, #271, #1051, .T. ) ;
#1330 = DIRECTION ( 'NONE',  ( 0.000000000000000000, 0.000000000000000000, -1.000000000000000000 ) ) ;
#1331 = ORIENTED_EDGE ( 'NONE', *, *, #94, .T. ) ;
#1332 = ADVANCED_FACE ( 'NONE', ( #385 ), #1258, .T. ) ;
#1333 = DIRECTION ( 'NONE',  ( -0.000000000000000000, 1.000000000000000000, -0.000000000000000000 ) ) ;
#1334 = CIRCLE ( 'NONE', #2112, 13.49999999999999822 ) ;
#1335 = EDGE_LOOP ( 'NONE', ( #1674, #1096, #694, #772 ) ) ;
#1336 = AXIS2_PLACEMENT_3D ( 'NONE', #422, #432, #1102 ) ;
#1337 = AXIS2_PLACEMENT_3D ( 'NONE', #558, #107, #2099 ) ;
#1338 =( NAMED_UNIT ( * ) SI_UNIT ( $, .STERADIAN. ) SOLID_ANGLE_UNIT ( ) );
#1339 = CARTESIAN_POINT ( 'NONE',  ( -2.519291540161140301E-14, 15.57347439510908771, 3.577994056599535359E-14 ) ) ;
#1340 = B_SPLINE_CURVE_WITH_KNOTS ( 'NONE', 3,
 ( #1632, #779, #1929, #287 ),
 .UNSPECIFIED., .F., .F.,
 ( 4, 4 ),
 ( 0.1276832474596280298, 1.000000000000000000 ),
 .UNSPECIFIED. ) ;
#1341 = CARTESIAN_POINT ( 'NONE',  ( -2.519291540161140301E-14, -2.426525604890910959, 3.577994056599535359E-14 ) ) ;
#1342 = CARTESIAN_POINT ( 'NONE',  ( -8.668884008537087738, 15.57347439510908771, 14.62362643281520569 ) ) ;
#1343 = ORIENTED_EDGE ( 'NONE', *, *, #697, .F. ) ;
#1344 = EDGE_CURVE ( 'NONE', #1861, #169, #739, .T. ) ;
#1345 = ORIENTED_EDGE ( 'NONE', *, *, #1250, .F. ) ;
#1346 = DIRECTION ( 'NONE',  ( 0.000000000000000000, 1.000000000000000000, -0.000000000000000000 ) ) ;
#1347 = EDGE_CURVE ( 'NONE', #102, #1775, #1765, .T. ) ;
#1348 = CARTESIAN_POINT ( 'NONE',  ( 3.161417895222373708, 15.57347439510908771, -16.70345583679516110 ) ) ;
#1349 = EDGE_LOOP ( 'NONE', ( #582, #401, #1996, #933 ) ) ;
#1350 = DIRECTION ( 'NONE',  ( -0.000000000000000000, -1.000000000000000000, -0.000000000000000000 ) ) ;
#1351 = CYLINDRICAL_SURFACE ( 'NONE', #341, 16.99999999999999289 ) ;
#1352 = VERTEX_POINT ( 'NONE', #538 ) ;
#1353 = CARTESIAN_POINT ( 'NONE',  ( -14.25174099471086997, -2.426525604890910959, -7.015073556475448946 ) ) ;
#1354 = CARTESIAN_POINT ( 'NONE',  ( -2.519291540161140301E-14, -2.426525604890910959, 3.577994056599535359E-14 ) ) ;
#1355 = ORIENTED_EDGE ( 'NONE', *, *, #1145, .F. ) ;
#1356 = ORIENTED_EDGE ( 'NONE', *, *, #51, .T. ) ;
#1357 = EDGE_CURVE ( 'NONE', #938, #1570, #727, .T. ) ;
#1358 = CARTESIAN_POINT ( 'NONE',  ( -2.519291540161140301E-14, -2.426525604890910959, 3.577994056599535359E-14 ) ) ;
#1359 = EDGE_CURVE ( 'NONE', #1058, #1553, #1899, .T. ) ;
#1360 = CARTESIAN_POINT ( 'NONE',  ( -13.86920399367501133, 15.57347439510908771, 7.743936916382653024 ) ) ;
#1361 = CARTESIAN_POINT ( 'NONE',  ( -11.95078460238869944, 15.57347439510908771, -12.09044033057973522 ) ) ;
#1362 = ORIENTED_EDGE ( 'NONE', *, *, #1171, .F. ) ;
#1363 = CARTESIAN_POINT ( 'NONE',  ( -3.208505178210123265, -2.426525604890910959, -16.69447496992336610 ) ) ;
#1364 = CARTESIAN_POINT ( 'NONE',  ( -2.519291540161140301E-14, -2.426525604890910959, 3.577994056599535359E-14 ) ) ;
#1365 = VERTEX_POINT ( 'NONE', #377 ) ;
#1366 = CARTESIAN_POINT ( 'NONE',  ( 11.61294472452628845, -2.426525604890910515, -10.83802995051124540 ) ) ;
#1367 = CARTESIAN_POINT ( 'NONE',  ( 1.730643830741085409, -2.426525604890910959, -14.62525361347679187 ) ) ;
#1368 = CARTESIAN_POINT ( 'NONE',  ( -13.86920399367501133, 15.57347439510908771, 7.743936916382653024 ) ) ;
#1369 = ORIENTED_EDGE ( 'NONE', *, *, #2146, .F. ) ;
#1370 = CIRCLE ( 'NONE', #1791, 13.50000000000000178 ) ;
#1371 = CIRCLE ( 'NONE', #373, 17.00000000000000000 ) ;
#1372 = VECTOR ( 'NONE', #587, 1000.000000000000000 ) ;
#1373 = CARTESIAN_POINT ( 'NONE',  ( -13.11690055307487768, -2.426525604890910515, -3.193261636750805543 ) ) ;
#1374 = EDGE_CURVE ( 'NONE', #1785, #1716, #926, .T. ) ;
#1375 = CIRCLE ( 'NONE', #71, 16.99999999999999645 ) ;
#1376 = FACE_OUTER_BOUND ( 'NONE', #288, .T. ) ;
#1377 = ORIENTED_EDGE ( 'NONE', *, *, #2175, .F. ) ;
#1378 = CARTESIAN_POINT ( 'NONE',  ( -8.349142722397818517, -2.426525604890910515, 12.13066078860784991 ) ) ;
#1379 = DIRECTION ( 'NONE',  ( 0.000000000000000000, 1.000000000000000000, -0.000000000000000000 ) ) ;
#1380 = DIRECTION ( 'NONE',  ( -0.000000000000000000, -1.000000000000000000, -0.000000000000000000 ) ) ;
#1381 = CARTESIAN_POINT ( 'NONE',  ( 13.10710705452598823, 15.57347439510908771, 3.233225117617795519 ) ) ;
#1382 = ORIENTED_EDGE ( 'NONE', *, *, #526, .F. ) ;
#1383 = CARTESIAN_POINT ( 'NONE',  ( -10.13045595561753309, 15.57347439510908771, -8.923220390155853110 ) ) ;
#1384 = DIRECTION ( 'NONE',  ( 0.000000000000000000, 1.000000000000000000, -0.000000000000000000 ) ) ;
#1385 = ORIENTED_EDGE ( 'NONE', *, *, #1219, .T. ) ;
#1386 = DIRECTION ( 'NONE',  ( 0.000000000000000000, 1.000000000000000000, -0.000000000000000000 ) ) ;
#1387 = EDGE_CURVE ( 'NONE', #1205, #1527, #441, .T. ) ;
#1388 = DIRECTION ( 'NONE',  ( 0.000000000000000000, 1.000000000000000000, -0.000000000000000000 ) ) ;
#1389 = CARTESIAN_POINT ( 'NONE',  ( 5.203474663961569213, 15.57347439510908771, -13.77624646951207765 ) ) ;
#1390 = FACE_OUTER_BOUND ( 'NONE', #1270, .T. ) ;
#1391 = ADVANCED_FACE ( 'NONE', ( #95 ), #1247, .T. ) ;
#1392 = DIRECTION ( 'NONE',  ( -0.000000000000000000, -1.000000000000000000, -0.000000000000000000 ) ) ;
#1393 = CARTESIAN_POINT ( 'NONE',  ( 13.06115492188352256, 15.57347439510908771, 6.804366497621723298 ) ) ;
#1394 = FACE_OUTER_BOUND ( 'NONE', #725, .T. ) ;
#1395 = DIRECTION ( 'NONE',  ( -0.000000000000000000, -1.000000000000000000, -0.000000000000000000 ) ) ;
#1396 = ORIENTED_EDGE ( 'NONE', *, *, #1585, .T. ) ;
#1397 = DIRECTION ( 'NONE',  ( 0.000000000000000000, 0.000000000000000000, 1.000000000000000000 ) ) ;
#1398 = CARTESIAN_POINT ( 'NONE',  ( 16.74735687627807224, 15.57347439510908771, 2.919937954577292327 ) ) ;
#1399 = VERTEX_POINT ( 'NONE', #583 ) ;
#1400 = EDGE_CURVE ( 'NONE', #759, #556, #963, .T. ) ;
#1401 = B_SPLINE_CURVE_WITH_KNOTS ( 'NONE', 3,
 ( #1798, #1634, #290, #579 ),
 .UNSPECIFIED., .F., .F.,
 ( 4, 4 ),
 ( 0.000000000000000000, 0.8724294488011774540 ),
 .UNSPECIFIED. ) ;
#1402 = DIRECTION ( 'NONE',  ( -0.000000000000000000, -1.000000000000000000, -0.000000000000000000 ) ) ;
#1403 = CIRCLE ( 'NONE', #2036, 17.00000000000000000 ) ;
#1404 = DIRECTION ( 'NONE',  ( -0.000000000000000000, -1.000000000000000000, -0.000000000000000000 ) ) ;
#1405 = AXIS2_PLACEMENT_3D ( 'NONE', #1221, #1421, #1566 ) ;
#1406 = AXIS2_PLACEMENT_3D ( 'NONE', #1216, #1379, #1733 ) ;
#1407 = CARTESIAN_POINT ( 'NONE',  ( -2.519291540161140301E-14, 15.57347439510908771, 3.577994056599535359E-14 ) ) ;
#1408 = ORIENTED_EDGE ( 'NONE', *, *, #172, .T. ) ;
#1409 = DIRECTION ( 'NONE',  ( 0.000000000000000000, 1.000000000000000000, -0.000000000000000000 ) ) ;
#1410 = CARTESIAN_POINT ( 'NONE',  ( -4.963186455635717920, 15.57347439510908771, -16.25935977234630414 ) ) ;
#1411 = ORIENTED_EDGE ( 'NONE', *, *, #1194, .F. ) ;
#1412 = VECTOR ( 'NONE', #85, 1000.000000000000000 ) ;
#1413 = EDGE_CURVE ( 'NONE', #1714, #133, #937, .T. ) ;
#1414 = DIRECTION ( 'NONE',  ( -0.000000000000000000, -1.000000000000000000, -0.000000000000000000 ) ) ;
#1415 = CARTESIAN_POINT ( 'NONE',  ( 16.18601088828726375, 15.57347439510908771, -5.197408154479020936 ) ) ;
#1416 = EDGE_CURVE ( 'NONE', #143, #1441, #487, .T. ) ;
#1417 = CARTESIAN_POINT ( 'NONE',  ( -5.952374968322037496, -2.426525604890910959, 14.72781631944810599 ) ) ;
#1418 = CARTESIAN_POINT ( 'NONE',  ( 0.9278457926499141806, 15.57347439510908771, 16.97466059115949122 ) ) ;
#1419 = CARTESIAN_POINT ( 'NONE',  ( 8.710084762268829550, -2.426525604890910959, 14.59912406393250173 ) ) ;
#1420 = ORIENTED_EDGE ( 'NONE', *, *, #504, .T. ) ;
#1421 = DIRECTION ( 'NONE',  ( 0.000000000000000000, 1.000000000000000000, -0.000000000000000000 ) ) ;
#1422 = ORIENTED_EDGE ( 'NONE', *, *, #378, .T. ) ;
#1423 = SURFACE_SIDE_STYLE ('',( #893 ) ) ;
#1424 = CARTESIAN_POINT ( 'NONE',  ( -4.751046812026276100, -2.426525604890910515, 12.63635842281850330 ) ) ;
#1425 = CARTESIAN_POINT ( 'NONE',  ( 10.10657755590895945, 15.57347439510908771, -8.950256426851476377 ) ) ;
#1426 = LINE ( 'NONE', #575, #1222 ) ;
#1427 = VERTEX_POINT ( 'NONE', #1494 ) ;
#1428 = PRODUCT_DEFINITION_CONTEXT ( 'detailed design', #1683, 'design' ) ;
#1429 = ORIENTED_EDGE ( 'NONE', *, *, #1171, .T. ) ;
#1430 = CARTESIAN_POINT ( 'NONE',  ( 13.90295443808582299, -2.426525604890910515, 7.684217539568810373 ) ) ;
#1431 = EDGE_LOOP ( 'NONE', ( #407, #1749, #915, #1930 ) ) ;
#1432 = CARTESIAN_POINT ( 'NONE',  ( 16.18601088828726375, -2.426525604890910515, -5.197408154479021825 ) ) ;
#1433 = CARTESIAN_POINT ( 'NONE',  ( 12.15879431469595495, -2.426525604890910515, 10.22189313170513891 ) ) ;
#1434 = VECTOR ( 'NONE', #1296, 1000.000000000000000 ) ;
#1435 = EDGE_CURVE ( 'NONE', #1002, #2013, #1507, .T. ) ;
#1436 = AXIS2_PLACEMENT_3D ( 'NONE', #848, #53, #195 ) ;
#1437 = CARTESIAN_POINT ( 'NONE',  ( -8.381718059877464100, -2.426525604890910959, -12.10817565663624684 ) ) ;
#1438 = DIRECTION ( 'NONE',  ( -0.000000000000000000, -1.000000000000000000, -0.000000000000000000 ) ) ;
#1439 = VERTEX_POINT ( 'NONE', #1146 ) ;
#1440 = AXIS2_PLACEMENT_3D ( 'NONE', #1339, #1155, #1812 ) ;
#1441 = VERTEX_POINT ( 'NONE', #823 ) ;
#1442 = DIRECTION ( 'NONE',  ( 0.000000000000000000, 0.000000000000000000, -1.000000000000000000 ) ) ;
#1443 = CARTESIAN_POINT ( 'NONE',  ( -11.95247692790538530, 15.57347439510908771, -6.276009503489433428 ) ) ;
#1444 = ORIENTED_EDGE ( 'NONE', *, *, #1737, .F. ) ;
#1445 = CARTESIAN_POINT ( 'NONE',  ( 7.637068536477398695, 15.57347439510908771, -11.13216888881703248 ) ) ;
#1446 = CARTESIAN_POINT ( 'NONE',  ( -14.31001298597117710, 15.57347439510908771, -3.480905007140533858 ) ) ;
#1447 = CARTESIAN_POINT ( 'NONE',  ( 13.47208523144298375, 15.57347439510908771, 10.36836146730696839 ) ) ;
#1448 = ADVANCED_FACE ( 'NONE', ( #668 ), #1839, .T. ) ;
#1449 = CARTESIAN_POINT ( 'NONE',  ( 10.10321228772081170, -2.426525604890907406, 8.954055029384587527 ) ) ;
#1450 = ORIENTED_EDGE ( 'NONE', *, *, #994, .T. ) ;
#1451 = CARTESIAN_POINT ( 'NONE',  ( 8.329103259388796587, -2.426525604890910959, -12.14574864805940457 ) ) ;
#1452 = CARTESIAN_POINT ( 'NONE',  ( 8.329103259388796587, 15.57347439510908771, -12.14574864805940457 ) ) ;
#1453 = ADVANCED_FACE ( 'NONE', ( #1015 ), #279, .T. ) ;
#1454 = B_SPLINE_SURFACE_WITH_KNOTS ( 'NONE', 3, 1, ( 
 ( #134, #1954 ),
 ( #264, #1645 ),
 ( #450, #593 ),
 ( #2138, #936 ) ),
 .UNSPECIFIED., .F., .F., .F.,
 ( 4, 4 ),
 ( 2, 2 ),
 ( 0.1276832474596284739, 1.000000000000000000 ),
 ( 0.000000000000000000, 1.000000000000000000 ),
 .UNSPECIFIED. ) ;
#1455 = ORIENTED_EDGE ( 'NONE', *, *, #1585, .F. ) ;
#1456 = DIRECTION ( 'NONE',  ( 0.000000000000000000, 1.000000000000000000, -0.000000000000000000 ) ) ;
#1457 = FILL_AREA_STYLE_COLOUR ( '', #1013 ) ;
#1458 = CARTESIAN_POINT ( 'NONE',  ( 11.03583666678856545, -2.426525604890910959, 9.750457652397678032 ) ) ;
#1459 = CARTESIAN_POINT ( 'NONE',  ( 15.54256471431051700, -2.426525604890910959, -6.886848488348529251 ) ) ;
#1460 = CARTESIAN_POINT ( 'NONE',  ( -13.09842130961059681, 15.57347439510908771, 3.268234874659390776 ) ) ;
#1461 = ORIENTED_EDGE ( 'NONE', *, *, #2003, .T. ) ;
#1462 = EDGE_CURVE ( 'NONE', #216, #392, #1922, .T. ) ;
#1463 = ORIENTED_EDGE ( 'NONE', *, *, #1842, .T. ) ;
#1464 = CYLINDRICAL_SURFACE ( 'NONE', #935, 13.49999999999999822 ) ;
#1465 = CARTESIAN_POINT ( 'NONE',  ( 10.56177950549847999, 15.57347439510908771, -13.32099146750086227 ) ) ;
#1466 = FACE_OUTER_BOUND ( 'NONE', #1483, .T. ) ;
#1467 = AXIS2_PLACEMENT_3D ( 'NONE', #249, #1915, #1768 ) ;
#1468 = CARTESIAN_POINT ( 'NONE',  ( -2.322619283601906393, -2.426525604890910959, -15.71396888270188619 ) ) ;
#1469 = ORIENTED_EDGE ( 'NONE', *, *, #1435, .T. ) ;
#1470 = B_SPLINE_SURFACE_WITH_KNOTS ( 'NONE', 3, 1, ( 
 ( #39, #356 ),
 ( #1212, #1701 ),
 ( #1008, #1040 ),
 ( #1361, #2070 ) ),
 .UNSPECIFIED., .F., .F., .F.,
 ( 4, 4 ),
 ( 2, 2 ),
 ( 0.000000000000000000, 0.8724294488011758997 ),
 ( 0.000000000000000000, 1.000000000000000000 ),
 .UNSPECIFIED. ) ;
#1471 = VECTOR ( 'NONE', #517, 1000.000000000000000 ) ;
#1472 = CIRCLE ( 'NONE', #2042, 13.50000000000000178 ) ;
#1473 = AXIS2_PLACEMENT_3D ( 'NONE', #658, #979, #597 ) ;
#1474 = AXIS2_PLACEMENT_3D ( 'NONE', #987, #645, #1955 ) ;
#1475 = AXIS2_PLACEMENT_3D ( 'NONE', #2171, #960, #1652 ) ;
#1476 = EDGE_LOOP ( 'NONE', ( #1584, #1284, #482, #1173 ) ) ;
#1477 = EDGE_CURVE ( 'NONE', #216, #696, #1180, .T. ) ;
#1478 = AXIS2_PLACEMENT_3D ( 'NONE', #346, #1680, #686 ) ;
#1479 = CARTESIAN_POINT ( 'NONE',  ( -10.07925159720333852, 15.57347439510908771, 8.981018162785060710 ) ) ;
#1480 = EDGE_CURVE ( 'NONE', #696, #988, #1118, .T. ) ;
#1481 = CARTESIAN_POINT ( 'NONE',  ( -2.519291540161140301E-14, -2.426525604890910959, 3.577994056599535359E-14 ) ) ;
#1482 = FACE_OUTER_BOUND ( 'NONE', #2166, .T. ) ;
#1483 = EDGE_LOOP ( 'NONE', ( #691, #964 ) ) ;
#1484 = CARTESIAN_POINT ( 'NONE',  ( -7.666785673056316419, -2.426525604890910515, -11.11172342363767029 ) ) ;
#1485 = VERTEX_POINT ( 'NONE', #2168 ) ;
#1486 = CARTESIAN_POINT ( 'NONE',  ( -2.519291540161140301E-14, 15.57347439510908771, 3.577994056599535359E-14 ) ) ;
#1487 = EDGE_CURVE ( 'NONE', #813, #2010, #1951, .T. ) ;
#1488 = CARTESIAN_POINT ( 'NONE',  ( -10.99374256218038859, -2.426525604890910515, 9.799530386906507573 ) ) ;
#1489 = CARTESIAN_POINT ( 'NONE',  ( 4.789538438319499214, 15.57347439510908771, -12.62181926458539039 ) ) ;
#1490 = EDGE_CURVE ( 'NONE', #813, #663, #145, .T. ) ;
#1491 = CARTESIAN_POINT ( 'NONE',  ( 16.18601088828726375, 15.57347439510908771, -5.197408154479020936 ) ) ;
#1492 = CARTESIAN_POINT ( 'NONE',  ( -10.13045595561753309, 15.57347439510908771, -8.923220390155853110 ) ) ;
#1493 = ORIENTED_EDGE ( 'NONE', *, *, #295, .T. ) ;
#1494 = CARTESIAN_POINT ( 'NONE',  ( -10.13045595561753309, -2.426525604890910959, -8.923220390155853110 ) ) ;
#1495 = ORIENTED_EDGE ( 'NONE', *, *, #1462, .F. ) ;
#1496 = B_SPLINE_CURVE_WITH_KNOTS ( 'NONE', 3,
 ( #2085, #63, #1564, #724 ),
 .UNSPECIFIED., .F., .F.,
 ( 4, 4 ),
 ( 0.000000000000000000, 0.8724294488011768989 ),
 .UNSPECIFIED. ) ;
#1497 = CARTESIAN_POINT ( 'NONE',  ( -10.07925159720333852, -2.426525604890910515, 8.981018162785060710 ) ) ;
#1498 = DIRECTION ( 'NONE',  ( 0.000000000000000000, -1.000000000000000000, 0.000000000000000000 ) ) ;
#1499 = DIRECTION ( 'NONE',  ( 0.000000000000000000, 1.000000000000000000, -0.000000000000000000 ) ) ;
#1500 = EDGE_CURVE ( 'NONE', #1628, #1365, #1863, .T. ) ;
#1501 = DIRECTION ( 'NONE',  ( -0.000000000000000000, -1.000000000000000000, -0.000000000000000000 ) ) ;
#1502 = EDGE_LOOP ( 'NONE', ( #2025, #1868, #1977, #252 ) ) ;
#1503 = CARTESIAN_POINT ( 'NONE',  ( -15.56192223125798790, 15.57347439510908771, -6.842994700295941257 ) ) ;
#1504 = AXIS2_PLACEMENT_3D ( 'NONE', #1672, #1836, #997 ) ;
#1505 = ORIENTED_EDGE ( 'NONE', *, *, #1374, .F. ) ;
#1506 = AXIS2_PLACEMENT_3D ( 'NONE', #283, #974, #1664 ) ;
#1507 = CIRCLE ( 'NONE', #1972, 17.00000000000000355 ) ;
#1508 = CIRCLE ( 'NONE', #34, 16.99999999999999645 ) ;
#1509 = DIRECTION ( 'NONE',  ( 0.000000000000000000, 0.000000000000000000, -1.000000000000000000 ) ) ;
#1510 = DIRECTION ( 'NONE',  ( 0.000000000000000000, 0.000000000000000000, -1.000000000000000000 ) ) ;
#1511 = ORIENTED_EDGE ( 'NONE', *, *, #1646, .F. ) ;
#1512 = CARTESIAN_POINT ( 'NONE',  ( -1.624726215293451181, -2.426525604890907406, -13.40187541821432049 ) ) ;
#1513 = EDGE_CURVE ( 'NONE', #896, #1600, #748, .T. ) ;
#1514 = FACE_OUTER_BOUND ( 'NONE', #1871, .T. ) ;
#1515 = ORIENTED_EDGE ( 'NONE', *, *, #1737, .T. ) ;
#1516 = EDGE_CURVE ( 'NONE', #663, #28, #1081, .T. ) ;
#1517 = EDGE_LOOP ( 'NONE', ( #1597, #703, #1420, #627 ) ) ;
#1518 = CARTESIAN_POINT ( 'NONE',  ( 16.96273565528138150, -2.426525604890910959, 1.124988483961061769 ) ) ;
#1519 = CARTESIAN_POINT ( 'NONE',  ( -2.519291540161140301E-14, 15.57347439510908771, 3.577994056599535359E-14 ) ) ;
#1520 = ORIENTED_EDGE ( 'NONE', *, *, #38, .T. ) ;
#1521 = DIRECTION ( 'NONE',  ( 0.000000000000000000, 1.000000000000000000, -0.000000000000000000 ) ) ;
#1522 = ORIENTED_EDGE ( 'NONE', *, *, #1993, .F. ) ;
#1523 = CARTESIAN_POINT ( 'NONE',  ( 8.710084762268825997, 15.57347439510908771, 14.59912406393249462 ) ) ;
#1524 = B_SPLINE_CURVE_WITH_KNOTS ( 'NONE', 3,
 ( #269, #585, #1099, #2101 ),
 .UNSPECIFIED., .F., .F.,
 ( 4, 4 ),
 ( 0.000000000000000000, 0.8724294488011762327 ),
 .UNSPECIFIED. ) ;
#1525 = CYLINDRICAL_SURFACE ( 'NONE', #547, 13.50000000000000178 ) ;
#1526 = CARTESIAN_POINT ( 'NONE',  ( -13.11690055307487768, -2.426525604890910959, -3.193261636750811761 ) ) ;
#1527 = VERTEX_POINT ( 'NONE', #1675 ) ;
#1528 = ADVANCED_FACE ( 'NONE', ( #1514 ), #241, .T. ) ;
#1529 = CARTESIAN_POINT ( 'NONE',  ( -16.20060201930162336, 15.57347439510908771, -5.151746714678500538 ) ) ;
#1530 = VERTEX_POINT ( 'NONE', #637 ) ;
#1531 = DIRECTION ( 'NONE',  ( 0.000000000000000000, 0.000000000000000000, -1.000000000000000000 ) ) ;
#1532 = VERTEX_POINT ( 'NONE', #1325 ) ;
#1533 = CARTESIAN_POINT ( 'NONE',  ( -10.99374256218038859, 15.57347439510908771, 9.799530386906507573 ) ) ;
#1534 = ORIENTED_EDGE ( 'NONE', *, *, #1679, .F. ) ;
#1535 = CARTESIAN_POINT ( 'NONE',  ( 10.10657755590895590, 15.57347439510908771, -8.950256426851476377 ) ) ;
#1536 = DIRECTION ( 'NONE',  ( 0.000000000000000000, 0.000000000000000000, 1.000000000000000000 ) ) ;
#1537 = CIRCLE ( 'NONE', #1304, 13.50000000000000178 ) ;
#1538 = CIRCLE ( 'NONE', #1933, 13.50000000000000178 ) ;
#1539 = ORIENTED_EDGE ( 'NONE', *, *, #1011, .T. ) ;
#1540 = ADVANCED_FACE ( 'NONE', ( #314 ), #1259, .T. ) ;
#1541 = FACE_OUTER_BOUND ( 'NONE', #456, .T. ) ;
#1542 = CARTESIAN_POINT ( 'NONE',  ( -1.629764094112251316, 15.57347439510908771, 13.40126370897698393 ) ) ;
#1543 = EDGE_CURVE ( 'NONE', #291, #2040, #525, .T. ) ;
#1544 = VECTOR ( 'NONE', #1404, 1000.000000000000000 ) ;
#1545 = DIRECTION ( 'NONE',  ( 0.000000000000000000, -1.000000000000000000, 0.000000000000000000 ) ) ;
#1546 = ORIENTED_EDGE ( 'NONE', *, *, #282, .T. ) ;
#1547 = CARTESIAN_POINT ( 'NONE',  ( 7.110521216311524562, -2.426525604890910515, 15.44151832017772996 ) ) ;
#1548 = ADVANCED_FACE ( 'NONE', ( #1884 ), #391, .T. ) ;
#1549 = B_SPLINE_CURVE_WITH_KNOTS ( 'NONE', 3,
 ( #909, #1938, #1583, #2144 ),
 .UNSPECIFIED., .F., .F.,
 ( 4, 4 ),
 ( 0.000000000000000000, 0.8724294488011774540 ),
 .UNSPECIFIED. ) ;
#1550 = ORIENTED_EDGE ( 'NONE', *, *, #521, .F. ) ;
#1551 = CARTESIAN_POINT ( 'NONE',  ( 10.10657755590895590, -2.426525604890910515, -8.950256426851476377 ) ) ;
#1553 = VERTEX_POINT ( 'NONE', #1046 ) ;
#1552 = FACE_OUTER_BOUND ( 'NONE', #153, .T. ) ;
#1554 = ORIENTED_EDGE ( 'NONE', *, *, #2146, .T. ) ;
#1555 = B_SPLINE_CURVE_WITH_KNOTS ( 'NONE', 3,
 ( #1790, #768, #943, #1086 ),
 .UNSPECIFIED., .F., .F.,
 ( 4, 4 ),
 ( 0.1276832474596253097, 1.000000000000000000 ),
 .UNSPECIFIED. ) ;
#1556 = CARTESIAN_POINT ( 'NONE',  ( -2.519291540161140301E-14, -2.426525604890910959, 3.577994056599535359E-14 ) ) ;
#1558 = B_SPLINE_SURFACE_WITH_KNOTS ( 'NONE', 3, 1, ( 
 ( #62, #2064 ),
 ( #29, #1179 ),
 ( #1389, #184 ),
 ( #1883, #534 ) ),
 .UNSPECIFIED., .F., .F., .F.,
 ( 4, 4 ),
 ( 2, 2 ),
 ( 0.1276832474596253097, 1.000000000000000000 ),
 ( 0.000000000000000000, 1.000000000000000000 ),
 .UNSPECIFIED. ) ;
#1557 = CARTESIAN_POINT ( 'NONE',  ( -0.8799775184069199563, 15.57347439510908771, 16.97720941636462655 ) ) ;
#1559 = VERTEX_POINT ( 'NONE', #2039 ) ;
#1560 = CARTESIAN_POINT ( 'NONE',  ( -1.629764094112249984, -2.426525604890910959, 13.40126370897698393 ) ) ;
#1561 = EDGE_CURVE ( 'NONE', #938, #233, #829, .T. ) ;
#1562 = LINE ( 'NONE', #588, #1225 ) ;
#1563 = CARTESIAN_POINT ( 'NONE',  ( 1.588911516212414110, 15.57347439510908771, -13.40616873657968711 ) ) ;
#1564 = CARTESIAN_POINT ( 'NONE',  ( -5.952374968322037496, 15.57347439510908771, 14.72781631944810599 ) ) ;
#1565 = EDGE_LOOP ( 'NONE', ( #954, #1047, #369, #1891 ) ) ;
#1566 = DIRECTION ( 'NONE',  ( 0.000000000000000000, 0.000000000000000000, 1.000000000000000000 ) ) ;
#1567 = VERTEX_POINT ( 'NONE', #1208 ) ;
#1568 = CARTESIAN_POINT ( 'NONE',  ( 15.31943553921643186, -2.426525604890910515, -4.199794416739309533 ) ) ;
#1569 = CARTESIAN_POINT ( 'NONE',  ( -1.624726215293451181, -2.426525604890910515, -13.40187541821432049 ) ) ;
#1570 = VERTEX_POINT ( 'NONE', #859 ) ;
#1571 = CARTESIAN_POINT ( 'NONE',  ( -16.73905675201165266, -2.426525604890910959, 2.967149988277341777 ) ) ;
#1572 = EDGE_CURVE ( 'NONE', #608, #392, #1865, .T. ) ;
#1573 = CARTESIAN_POINT ( 'NONE',  ( -16.20060201930162336, -2.426525604890910959, -5.151746714678500538 ) ) ;
#1574 = EDGE_LOOP ( 'NONE', ( #176, #231, #1546, #1197 ) ) ;
#1575 = CARTESIAN_POINT ( 'NONE',  ( -2.519291540161140301E-14, -2.426525604890910959, 3.577994056599535359E-14 ) ) ;
#1576 = VECTOR ( 'NONE', #1438, 1000.000000000000000 ) ;
#1577 = SURFACE_STYLE_USAGE ( .BOTH. , #1423 ) ;
#1578 = VECTOR ( 'NONE', #2012, 1000.000000000000000 ) ;
#1579 = ORIENTED_EDGE ( 'NONE', *, *, #1487, .T. ) ;
#1580 = VECTOR ( 'NONE', #2057, 1000.000000000000000 ) ;
#1581 = CARTESIAN_POINT ( 'NONE',  ( 7.110521216311523673, -2.426525604890910959, 15.44151832017772286 ) ) ;
#1582 = DIRECTION ( 'NONE',  ( -0.000000000000000000, -1.000000000000000000, -0.000000000000000000 ) ) ;
#1583 = CARTESIAN_POINT ( 'NONE',  ( 13.90295443808582299, 15.57347439510908771, 7.684217539568810373 ) ) ;
#1584 = ORIENTED_EDGE ( 'NONE', *, *, #771, .T. ) ;
#1585 = EDGE_CURVE ( 'NONE', #754, #1205, #1232, .T. ) ;
#1586 =( GEOMETRIC_REPRESENTATION_CONTEXT ( 3 ) GLOBAL_UNCERTAINTY_ASSIGNED_CONTEXT ( ( #322 ) ) GLOBAL_UNIT_ASSIGNED_CONTEXT ( ( #1983, #1123, #1133 ) ) REPRESENTATION_CONTEXT ( 'NONE', 'WORKASPACE' ) );
#1587 = EDGE_CURVE ( 'NONE', #1439, #2186, #730, .T. ) ;
#1588 = CARTESIAN_POINT ( 'NONE',  ( -2.519291540161140301E-14, 15.57347439510908771, 3.577994056599535359E-14 ) ) ;
#1589 = CARTESIAN_POINT ( 'NONE',  ( 0.9278457926499157349, 15.57347439510908771, 16.97466059115948767 ) ) ;
#1590 = CARTESIAN_POINT ( 'NONE',  ( -2.519291540161140301E-14, 15.57347439510908771, 3.577994056599535359E-14 ) ) ;
#1591 = CARTESIAN_POINT ( 'NONE',  ( 1.588911516212414110, 15.57347439510908771, -13.40616873657968711 ) ) ;
#1592 = CARTESIAN_POINT ( 'NONE',  ( -13.03019789325457545, -2.426525604890910515, 6.861126600629080308 ) ) ;
#1593 = CARTESIAN_POINT ( 'NONE',  ( 1.730643830741085409, -2.426525604890910515, -14.62525361347679187 ) ) ;
#1594 = DIRECTION ( 'NONE',  ( 0.000000000000000000, 1.000000000000000000, -0.000000000000000000 ) ) ;
#1595 = VERTEX_POINT ( 'NONE', #371 ) ;
#1596 = B_SPLINE_SURFACE_WITH_KNOTS ( 'NONE', 3, 1, ( 
 ( #483, #502 ),
 ( #2059, #47 ),
 ( #683, #345 ),
 ( #1186, #1161 ) ),
 .UNSPECIFIED., .F., .F., .F.,
 ( 4, 4 ),
 ( 2, 2 ),
 ( 0.1276832474596280298, 1.000000000000000000 ),
 ( 0.000000000000000000, 1.000000000000000000 ),
 .UNSPECIFIED. ) ;
#1597 = ORIENTED_EDGE ( 'NONE', *, *, #1663, .F. ) ;
#1598 = DIRECTION ( 'NONE',  ( 0.000000000000000000, 0.000000000000000000, 1.000000000000000000 ) ) ;
#1599 = ADVANCED_FACE ( 'NONE', ( #1390 ), #383, .T. ) ;
#1600 = VERTEX_POINT ( 'NONE', #1410 ) ;
#1601 = CARTESIAN_POINT ( 'NONE',  ( 1.665565541465065413, -2.426525604890910515, 13.39686125281161111 ) ) ;
#1602 = CARTESIAN_POINT ( 'NONE',  ( 10.10321228772080815, 15.57347439510908771, 8.954055029384583975 ) ) ;
#1603 = DIRECTION ( 'NONE',  ( -0.000000000000000000, -1.000000000000000000, -0.000000000000000000 ) ) ;
#1604 = DIRECTION ( 'NONE',  ( 0.000000000000000000, 0.000000000000000000, -1.000000000000000000 ) ) ;
#1605 = DIRECTION ( 'NONE',  ( -0.000000000000000000, -1.000000000000000000, -0.000000000000000000 ) ) ;
#1606 = ORIENTED_EDGE ( 'NONE', *, *, #458, .T. ) ;
#1607 = B_SPLINE_CURVE_WITH_KNOTS ( 'NONE', 3,
 ( #1630, #1959, #1111, #73 ),
 .UNSPECIFIED., .F., .F.,
 ( 4, 4 ),
 ( 0.1276832474596270861, 1.000000000000000000 ),
 .UNSPECIFIED. ) ;
#1608 = CARTESIAN_POINT ( 'NONE',  ( -14.47185364368888827, -2.426525604890910959, 8.919946867310915906 ) ) ;
#1609 = CARTESIAN_POINT ( 'NONE',  ( 9.304006915735117289, 15.57347439510908771, -12.87535617429139911 ) ) ;
#1610 = ORIENTED_EDGE ( 'NONE', *, *, #1082, .T. ) ;
#1611 = CARTESIAN_POINT ( 'NONE',  ( 13.49994479184226037, -2.426525604890910959, -0.03860851214925846431 ) ) ;
#1612 = CARTESIAN_POINT ( 'NONE',  ( 13.49994479184226037, 15.57347439510908771, -0.03860851214925846431 ) ) ;
#1613 = EDGE_CURVE ( 'NONE', #1292, #28, #537, .T. ) ;
#1615 = B_SPLINE_SURFACE_WITH_KNOTS ( 'NONE', 3, 1, ( 
 ( #310, #1671 ),
 ( #327, #976 ),
 ( #810, #799 ),
 ( #778, #129 ) ),
 .UNSPECIFIED., .F., .F., .F.,
 ( 4, 4 ),
 ( 2, 2 ),
 ( 0.000000000000000000, 0.8724294488011776760 ),
 ( 0.000000000000000000, 1.000000000000000000 ),
 .UNSPECIFIED. ) ;
#1614 = LINE ( 'NONE', #224, #1412 ) ;
#1616 = CARTESIAN_POINT ( 'NONE',  ( -5.952374968322037496, -2.426525604890910515, 14.72781631944810599 ) ) ;
#1617 = CIRCLE ( 'NONE', #578, 13.50000000000000178 ) ;
#1618 = AXIS2_PLACEMENT_3D ( 'NONE', #2102, #1261, #1767 ) ;
#1619 = CARTESIAN_POINT ( 'NONE',  ( -7.670962217755761259, -2.426525604890907406, 11.10884056298247557 ) ) ;
#1620 = DIRECTION ( 'NONE',  ( -0.000000000000000000, -1.000000000000000000, -0.000000000000000000 ) ) ;
#1621 = DIRECTION ( 'NONE',  ( -0.000000000000000000, -1.000000000000000000, -0.000000000000000000 ) ) ;
#1622 = CARTESIAN_POINT ( 'NONE',  ( -10.99374256218038859, -2.426525604890910959, 9.799530386906507573 ) ) ;
#1623 = ORIENTED_EDGE ( 'NONE', *, *, #84, .T. ) ;
#1625 = CARTESIAN_POINT ( 'NONE',  ( -11.95483534242764101, -2.426525604890907406, 6.271515920050278581 ) ) ;
#1624 = AXIS2_PLACEMENT_3D ( 'NONE', #260, #274, #931 ) ;
#1626 = MECHANICAL_DESIGN_GEOMETRIC_PRESENTATION_REPRESENTATION (  '', ( #766 ), #969 ) ;
#1627 = ORIENTED_EDGE ( 'NONE', *, *, #1543, .T. ) ;
#1628 = VERTEX_POINT ( 'NONE', #1067 ) ;
#1629 = CARTESIAN_POINT ( 'NONE',  ( 11.93566519168847684, 15.57347439510908771, -6.307923305804774117 ) ) ;
#1630 = CARTESIAN_POINT ( 'NONE',  ( 11.91664486836675074, -2.426525604890910959, -12.12409069090242397 ) ) ;
#1631 = CARTESIAN_POINT ( 'NONE',  ( 1.588911516212413666, 15.57347439510908771, -13.40616873657968355 ) ) ;
#1632 = CARTESIAN_POINT ( 'NONE',  ( 16.74735687627807224, -2.426525604890910959, 2.919937954577292327 ) ) ;
#1633 = ADVANCED_FACE ( 'NONE', ( #1552 ), #229, .T. ) ;
#1634 = CARTESIAN_POINT ( 'NONE',  ( 13.06115492188352256, -2.426525604890910959, 6.804366497621723298 ) ) ;
#1635 = ORIENTED_EDGE ( 'NONE', *, *, #1344, .F. ) ;
#1636 = CARTESIAN_POINT ( 'NONE',  ( 15.88148873124789517, -2.426525604890910959, 0.3430116355940279749 ) ) ;
#1637 = B_SPLINE_CURVE_WITH_KNOTS ( 'NONE', 3,
 ( #300, #620, #950, #1789 ),
 .UNSPECIFIED., .F., .F.,
 ( 4, 4 ),
 ( 0.1276832474596281686, 1.000000000000000000 ),
 .UNSPECIFIED. ) ;
#1638 = CARTESIAN_POINT ( 'NONE',  ( 7.637068536477397807, -2.426525604890910515, -11.13216888881703071 ) ) ;
#1639 = CARTESIAN_POINT ( 'NONE',  ( 5.240484465631881861, 15.57347439510908771, 13.76221050313890970 ) ) ;
#1640 = B_SPLINE_CURVE_WITH_KNOTS ( 'NONE', 3,
 ( #1991, #1985, #2155, #1459 ),
 .UNSPECIFIED., .F., .F.,
 ( 4, 4 ),
 ( 0.000000000000000000, 0.8724294488011762327 ),
 .UNSPECIFIED. ) ;
#1641 = DIRECTION ( 'NONE',  ( 0.000000000000000000, -1.000000000000000000, 0.000000000000000000 ) ) ;
#1642 = CARTESIAN_POINT ( 'NONE',  ( -2.519291540161140301E-14, 15.57347439510908771, 3.577994056599535359E-14 ) ) ;
#1643 = ORIENTED_EDGE ( 'NONE', *, *, #1844, .F. ) ;
#1644 = EDGE_CURVE ( 'NONE', #1710, #510, #1496, .T. ) ;
#1645 = CARTESIAN_POINT ( 'NONE',  ( -15.87935717510126032, -2.426525604890910515, 0.4115751312265955031 ) ) ;
#1646 = EDGE_CURVE ( 'NONE', #169, #2007, #1660, .T. ) ;
#1647 = ORIENTED_EDGE ( 'NONE', *, *, #172, .F. ) ;
#1648 = DIRECTION ( 'NONE',  ( 0.000000000000000000, 1.000000000000000000, -0.000000000000000000 ) ) ;
#1649 = CARTESIAN_POINT ( 'NONE',  ( -11.95483534242764101, -2.426525604890910515, 6.271515920050278581 ) ) ;
#1650 = CYLINDRICAL_SURFACE ( 'NONE', #1506, 3.000000000000000444 ) ;
#1651 = ORIENTED_EDGE ( 'NONE', *, *, #226, .T. ) ;
#1652 = DIRECTION ( 'NONE',  ( 0.000000000000000000, 0.000000000000000000, -1.000000000000000000 ) ) ;
#1653 = VECTOR ( 'NONE', #1986, 1000.000000000000000 ) ;
#1654 = CARTESIAN_POINT ( 'NONE',  ( -2.322619283601906393, 15.57347439510908771, -15.71396888270188619 ) ) ;
#1655 = ORIENTED_EDGE ( 'NONE', *, *, #254, .T. ) ;
#1656 = AXIS2_PLACEMENT_3D ( 'NONE', #925, #1648, #292 ) ;
#1657 = CARTESIAN_POINT ( 'NONE',  ( -8.381718059877464100, -2.426525604890910515, -12.10817565663624684 ) ) ;
#1658 = VECTOR ( 'NONE', #1582, 1000.000000000000000 ) ;
#1659 = ADVANCED_FACE ( 'NONE', ( #555 ), #44, .T. ) ;
#1660 = CIRCLE ( 'NONE', #895, 13.50000000000000355 ) ;
#1661 = VECTOR ( 'NONE', #928, 1000.000000000000000 ) ;
#1662 = ORIENTED_EDGE ( 'NONE', *, *, #1707, .T. ) ;
#1663 = EDGE_CURVE ( 'NONE', #2040, #1595, #1840, .T. ) ;
#1664 = DIRECTION ( 'NONE',  ( 0.000000000000000000, 0.000000000000000000, -1.000000000000000000 ) ) ;
#1665 = CARTESIAN_POINT ( 'NONE',  ( 13.10832155290263756, -2.426525604890907406, -3.228297704008610491 ) ) ;
#1666 = CARTESIAN_POINT ( 'NONE',  ( -4.963186455635726801, -2.426525604890910515, -16.25935977234630769 ) ) ;
#1667 = CARTESIAN_POINT ( 'NONE',  ( 1.665565541465065857, 15.57347439510908771, 13.39686125281161289 ) ) ;
#1668 = ORIENTED_EDGE ( 'NONE', *, *, #1885, .F. ) ;
#1669 = CARTESIAN_POINT ( 'NONE',  ( 7.700616901647451051, 15.57347439510908771, 11.08830461946559431 ) ) ;
#1670 = ORIENTED_EDGE ( 'NONE', *, *, #1359, .F. ) ;
#1671 = CARTESIAN_POINT ( 'NONE',  ( 13.49994479184226037, -2.426525604890910515, -0.03860851214925755531 ) ) ;
#1672 = CARTESIAN_POINT ( 'NONE',  ( -2.519291540161140301E-14, 15.57347439510908771, 3.577994056599535359E-14 ) ) ;
#1673 = LINE ( 'NONE', #173, #109 ) ;
#1674 = ORIENTED_EDGE ( 'NONE', *, *, #1136, .T. ) ;
#1675 = CARTESIAN_POINT ( 'NONE',  ( -13.44279531033789787, -2.426525604890910959, 10.40630838695254567 ) ) ;
#1676 = ORIENTED_EDGE ( 'NONE', *, *, #2089, .F. ) ;
#1677 = CARTESIAN_POINT ( 'NONE',  ( -2.519291540161140301E-14, 15.57347439510908771, 3.577994056599535359E-14 ) ) ;
#1678 = CARTESIAN_POINT ( 'NONE',  ( -1.755399571916988588, 15.57347439510908771, 14.62120678022679598 ) ) ;
#1679 = EDGE_CURVE ( 'NONE', #556, #2186, #1918, .T. ) ;
#1680 = DIRECTION ( 'NONE',  ( 0.000000000000000000, 1.000000000000000000, -0.000000000000000000 ) ) ;
#1681 = ORIENTED_EDGE ( 'NONE', *, *, #1329, .F. ) ;
#1682 = CARTESIAN_POINT ( 'NONE',  ( 11.91664486836675074, 15.57347439510908771, -12.12409069090242397 ) ) ;
#1683 = APPLICATION_CONTEXT ( 'automotive_design' ) ;
#1684 = DIRECTION ( 'NONE',  ( -0.000000000000000000, -1.000000000000000000, -0.000000000000000000 ) ) ;
#1685 = ORIENTED_EDGE ( 'NONE', *, *, #20, .F. ) ;
#1686 = VECTOR ( 'NONE', #1402, 1000.000000000000000 ) ;
#1687 = AXIS2_PLACEMENT_3D ( 'NONE', #203, #1731, #496 ) ;
#1688 = ORIENTED_EDGE ( 'NONE', *, *, #571, .F. ) ;
#1689 = AXIS2_PLACEMENT_3D ( 'NONE', #2160, #1139, #609 ) ;
#1690 = AXIS2_PLACEMENT_3D ( 'NONE', #454, #1498, #447 ) ;
#1691 = CARTESIAN_POINT ( 'NONE',  ( -4.823245983957107796, 15.57347439510908771, -12.60897688863934007 ) ) ;
#1692 = CARTESIAN_POINT ( 'NONE',  ( 16.18601088828726375, 15.57347439510908771, -5.197408154479020936 ) ) ;
#1693 = ORIENTED_EDGE ( 'NONE', *, *, #1572, .F. ) ;
#1694 = CARTESIAN_POINT ( 'NONE',  ( 5.246068224602474572, -2.426525604890910959, -14.99340343504096040 ) ) ;
#1695 = CARTESIAN_POINT ( 'NONE',  ( -2.519291540161140301E-14, 15.57347439510908771, 3.577994056599535359E-14 ) ) ;
#1696 = EDGE_CURVE ( 'NONE', #635, #460, #1403, .T. ) ;
#1697 = DIRECTION ( 'NONE',  ( 0.000000000000000000, 0.000000000000000000, 1.000000000000000000 ) ) ;
#1698 = ORIENTED_EDGE ( 'NONE', *, *, #1829, .T. ) ;
#1699 = VERTEX_POINT ( 'NONE', #564 ) ;
#1700 = CARTESIAN_POINT ( 'NONE',  ( -2.519291540161140301E-14, 15.57347439510908771, 3.577994056599535359E-14 ) ) ;
#1701 = CARTESIAN_POINT ( 'NONE',  ( -11.05323000910244780, -2.426525604890910515, -9.732382940127058291 ) ) ;
#1702 = ORIENTED_EDGE ( 'NONE', *, *, #1663, .T. ) ;
#1703 = CARTESIAN_POINT ( 'NONE',  ( -10.07925159720333852, 15.57347439510908771, 8.981018162785057157 ) ) ;
#1704 = ORIENTED_EDGE ( 'NONE', *, *, #1912, .F. ) ;
#1705 = CARTESIAN_POINT ( 'NONE',  ( 11.00958895370702173, -2.426525604890910515, -9.780085195827593836 ) ) ;
#1706 = CARTESIAN_POINT ( 'NONE',  ( 8.739420831922345201, 15.57347439510908771, 13.26506181008854846 ) ) ;
#1707 = EDGE_CURVE ( 'NONE', #216, #510, #307, .T. ) ;
#1708 = EDGE_CURVE ( 'NONE', #595, #1352, #1340, .T. ) ;
#1709 = FACE_OUTER_BOUND ( 'NONE', #711, .T. ) ;
#1710 = VERTEX_POINT ( 'NONE', #1751 ) ;
#1711 = CARTESIAN_POINT ( 'NONE',  ( -11.66000622469460701, 15.57347439510908771, -10.78812292027627606 ) ) ;
#1712 = VERTEX_POINT ( 'NONE', #1268 ) ;
#1713 = FACE_OUTER_BOUND ( 'NONE', #546, .T. ) ;
#1714 = VERTEX_POINT ( 'NONE', #1460 ) ;
#1715 = DIRECTION ( 'NONE',  ( 0.000000000000000000, 1.000000000000000000, -0.000000000000000000 ) ) ;
#1716 = VERTEX_POINT ( 'NONE', #736 ) ;
#1717 = FACE_OUTER_BOUND ( 'NONE', #230, .T. ) ;
#1718 = CARTESIAN_POINT ( 'NONE',  ( -2.519291540161140301E-14, -2.426525604890910959, 3.577994056599535359E-14 ) ) ;
#1719 = VERTEX_POINT ( 'NONE', #1449 ) ;
#1720 = EDGE_CURVE ( 'NONE', #1710, #2087, #898, .T. ) ;
#1721 = AXIS2_PLACEMENT_3D ( 'NONE', #2151, #149, #1968 ) ;
#1722 = CIRCLE ( 'NONE', #2002, 3.000000000000000444 ) ;
#1723 = ORIENTED_EDGE ( 'NONE', *, *, #1038, .T. ) ;
#1724 = CYLINDRICAL_SURFACE ( 'NONE', #1115, 13.50000000000000178 ) ;
#1725 = EDGE_CURVE ( 'NONE', #1058, #240, #1549, .T. ) ;
#1726 = CIRCLE ( 'NONE', #139, 13.50000000000000355 ) ;
#1727 = VECTOR ( 'NONE', #2106, 1000.000000000000000 ) ;
#1728 = AXIS2_PLACEMENT_3D ( 'NONE', #865, #1521, #518 ) ;
#1729 = CYLINDRICAL_SURFACE ( 'NONE', #1799, 17.00000000000000000 ) ;
#1730 = VERTEX_POINT ( 'NONE', #613 ) ;
#1731 = DIRECTION ( 'NONE',  ( 0.000000000000000000, 1.000000000000000000, -0.000000000000000000 ) ) ;
#1732 = ORIENTED_EDGE ( 'NONE', *, *, #1269, .T. ) ;
#1733 = DIRECTION ( 'NONE',  ( 0.000000000000000000, 0.000000000000000000, 1.000000000000000000 ) ) ;
#1734 = DIRECTION ( 'NONE',  ( 0.000000000000000000, 0.000000000000000000, -1.000000000000000000 ) ) ;
#1735 = ORIENTED_EDGE ( 'NONE', *, *, #336, .F. ) ;
#1736 = CARTESIAN_POINT ( 'NONE',  ( -11.95247692790538530, 15.57347439510908771, -6.276009503489433428 ) ) ;
#1737 = EDGE_CURVE ( 'NONE', #11, #1994, #1962, .T. ) ;
#1738 = CARTESIAN_POINT ( 'NONE',  ( 7.637068536477398695, 15.57347439510908771, -11.13216888881703248 ) ) ;
#1739 = CARTESIAN_POINT ( 'NONE',  ( -1.755399571916988588, -2.426525604890910959, 14.62120678022679598 ) ) ;
#1740 = VERTEX_POINT ( 'NONE', #275 ) ;
#1741 = CARTESIAN_POINT ( 'NONE',  ( 15.88148873124789517, 15.57347439510908771, 0.3430116355940279749 ) ) ;
#1742 = CARTESIAN_POINT ( 'NONE',  ( 13.10710705452598823, 15.57347439510908771, 3.233225117617795519 ) ) ;
#1743 = ORIENTED_EDGE ( 'NONE', *, *, #267, .F. ) ;
#1744 = CARTESIAN_POINT ( 'NONE',  ( -11.95483534242764279, 15.57347439510908771, 6.271515920050268811 ) ) ;
#1745 = LINE ( 'NONE', #2069, #1152 ) ;
#1746 = CARTESIAN_POINT ( 'NONE',  ( 7.637068536477397807, 15.57347439510908771, -11.13216888881703071 ) ) ;
#1747 = CARTESIAN_POINT ( 'NONE',  ( -4.751046812026281430, -2.426525604890910959, 12.63635842281850330 ) ) ;
#1748 = EDGE_CURVE ( 'NONE', #1838, #103, #1334, .T. ) ;
#1749 = ORIENTED_EDGE ( 'NONE', *, *, #79, .F. ) ;
#1750 = CARTESIAN_POINT ( 'NONE',  ( -2.519291540161140301E-14, 15.57347439510908771, 3.577994056599535359E-14 ) ) ;
#1751 = CARTESIAN_POINT ( 'NONE',  ( -4.751046812026282318, 15.57347439510908771, 12.63635842281850508 ) ) ;
#1752 = EDGE_LOOP ( 'NONE', ( #1105, #847, #209, #1396 ) ) ;
#1753 = VECTOR ( 'NONE', #1783, 1000.000000000000000 ) ;
#1754 = CARTESIAN_POINT ( 'NONE',  ( 14.49694828075235620, 15.57347439510908771, 8.879104152176120479 ) ) ;
#1755 = CARTESIAN_POINT ( 'NONE',  ( -2.482552136186719757E-14, 15.57347439510908771, 3.000000000000036415 ) ) ;
#1756 = VECTOR ( 'NONE', #568, 1000.000000000000000 ) ;
#1757 = LINE ( 'NONE', #1154, #1434 ) ;
#1758 = CARTESIAN_POINT ( 'NONE',  ( 8.710084762268825997, 15.57347439510908771, 14.59912406393249462 ) ) ;
#1759 = CARTESIAN_POINT ( 'NONE',  ( -14.28854444210526431, 15.57347439510908771, 3.568006313529041851 ) ) ;
#1760 = DIRECTION ( 'NONE',  ( -0.000000000000000000, 1.000000000000000000, -0.000000000000000000 ) ) ;
#1761 = VERTEX_POINT ( 'NONE', #1113 ) ;
#1762 = EDGE_CURVE ( 'NONE', #1710, #1785, #965, .T. ) ;
#1763 = ORIENTED_EDGE ( 'NONE', *, *, #1561, .F. ) ;
#1764 = DIRECTION ( 'NONE',  ( -0.000000000000000000, -1.000000000000000000, -0.000000000000000000 ) ) ;
#1765 = B_SPLINE_CURVE_WITH_KNOTS ( 'NONE', 3,
 ( #883, #266, #914, #1911 ),
 .UNSPECIFIED., .F., .F.,
 ( 4, 4 ),
 ( 0.000000000000000000, 0.8724294488011777871 ),
 .UNSPECIFIED. ) ;
#1766 = LINE ( 'NONE', #1944, #35 ) ;
#1767 = DIRECTION ( 'NONE',  ( 0.000000000000000000, -0.000000000000000000, -1.000000000000000000 ) ) ;
#1768 = DIRECTION ( 'NONE',  ( 0.000000000000000000, 0.000000000000000000, 1.000000000000000000 ) ) ;
#1769 = CARTESIAN_POINT ( 'NONE',  ( 10.10657755590895590, -2.426525604890907406, -8.950256426851476377 ) ) ;
#1770 = DIRECTION ( 'NONE',  ( 0.000000000000000000, 0.000000000000000000, 1.000000000000000000 ) ) ;
#1772 = ORIENTED_EDGE ( 'NONE', *, *, #1984, .F. ) ;
#1771 = DIRECTION ( 'NONE',  ( 0.000000000000000000, 1.000000000000000000, -0.000000000000000000 ) ) ;
#1773 = ORIENTED_EDGE ( 'NONE', *, *, #771, .F. ) ;
#1774 = EDGE_CURVE ( 'NONE', #1567, #2007, #1948, .T. ) ;
#1775 = VERTEX_POINT ( 'NONE', #1419 ) ;
#1776 = CARTESIAN_POINT ( 'NONE',  ( -13.11690055307487768, -2.426525604890910959, -3.193261636750811761 ) ) ;
#1777 = EDGE_CURVE ( 'NONE', #1532, #533, #435, .T. ) ;
#1779 = EDGE_CURVE ( 'NONE', #236, #276, #805, .T. ) ;
#1778 = FILL_AREA_STYLE ('',( #234 ) ) ;
#1780 = CARTESIAN_POINT ( 'NONE',  ( 0.9278457926499157349, -2.426525604890910959, 16.97466059115948767 ) ) ;
#1781 = CARTESIAN_POINT ( 'NONE',  ( -16.20060201930160559, 15.57347439510908771, -5.151746714678499650 ) ) ;
#1782 = CARTESIAN_POINT ( 'NONE',  ( 3.161417895222371932, -2.426525604890910515, -16.70345583679516821 ) ) ;
#1783 = DIRECTION ( 'NONE',  ( -0.000000000000000000, -1.000000000000000000, -0.000000000000000000 ) ) ;
#1784 = ORIENTED_EDGE ( 'NONE', *, *, #9, .F. ) ;
#1785 = VERTEX_POINT ( 'NONE', #414 ) ;
#1786 = CARTESIAN_POINT ( 'NONE',  ( -9.359222704529956971, -2.426525604890910515, -12.83465343318992069 ) ) ;
#1787 = ORIENTED_EDGE ( 'NONE', *, *, #2124, .T. ) ;
#1788 = EDGE_CURVE ( 'NONE', #2173, #808, #618, .T. ) ;
#1789 = CARTESIAN_POINT ( 'NONE',  ( -7.666785673056314643, 15.57347439510908771, -11.11172342363767029 ) ) ;
#1790 = CARTESIAN_POINT ( 'NONE',  ( 4.917319120242207298, 15.57347439510908771, -16.27329016117204574 ) ) ;
#1791 = AXIS2_PLACEMENT_3D ( 'NONE', #141, #1499, #455 ) ;
#1792 = VECTOR ( 'NONE', #165, 1000.000000000000000 ) ;
#1793 = FACE_OUTER_BOUND ( 'NONE', #194, .T. ) ;
#1794 = DIRECTION ( 'NONE',  ( 0.000000000000000000, 0.000000000000000000, -1.000000000000000000 ) ) ;
#1795 = CARTESIAN_POINT ( 'NONE',  ( -14.72619175767424693, 15.57347439510908771, 0.01979099398524693937 ) ) ;
#1796 = ORIENTED_EDGE ( 'NONE', *, *, #148, .F. ) ;
#1797 = VECTOR ( 'NONE', #256, 1000.000000000000000 ) ;
#1798 = CARTESIAN_POINT ( 'NONE',  ( 11.97154973215629603, -2.426525604890910959, 6.239551026356649821 ) ) ;
#1799 = AXIS2_PLACEMENT_3D ( 'NONE', #494, #540, #1531 ) ;
#1800 = CARTESIAN_POINT ( 'NONE',  ( -8.668884008537087738, 15.57347439510908771, 14.62362643281520569 ) ) ;
#1801 = ORIENTED_EDGE ( 'NONE', *, *, #789, .T. ) ;
#1802 = CARTESIAN_POINT ( 'NONE',  ( 15.54256471431051523, 15.57347439510908771, -6.886848488348530140 ) ) ;
#1803 = CARTESIAN_POINT ( 'NONE',  ( -12.11492379989998014, -2.426525604890910515, 10.27462712829646918 ) ) ;
#1804 = APPLICATION_PROTOCOL_DEFINITION ( 'draft international standard', 'automotive_design', 1998, #1683 ) ;
#1805 = EDGE_CURVE ( 'NONE', #1570, #347, #1426, .T. ) ;
#1806 = CARTESIAN_POINT ( 'NONE',  ( -3.208505178210123265, 15.57347439510908771, -16.69447496992336610 ) ) ;
#1807 = CARTESIAN_POINT ( 'NONE',  ( -13.44279531033789787, -2.426525604890910959, 10.40630838695254567 ) ) ;
#1808 = ORIENTED_EDGE ( 'NONE', *, *, #1613, .F. ) ;
#1809 = B_SPLINE_SURFACE_WITH_KNOTS ( 'NONE', 3, 1, ( 
 ( #1906, #677 ),
 ( #870, #1366 ),
 ( #2038, #1705 ),
 ( #1535, #1551 ) ),
 .UNSPECIFIED., .F., .F., .F.,
 ( 4, 4 ),
 ( 2, 2 ),
 ( 0.1276832474596270861, 1.000000000000000000 ),
 ( 0.000000000000000000, 1.000000000000000000 ),
 .UNSPECIFIED. ) ;
#1810 = ORIENTED_EDGE ( 'NONE', *, *, #254, .F. ) ;
#1811 = CARTESIAN_POINT ( 'NONE',  ( 13.01946550788610146, 15.57347439510908771, -6.883799039510247297 ) ) ;
#1812 = DIRECTION ( 'NONE',  ( 0.000000000000000000, 0.000000000000000000, -1.000000000000000000 ) ) ;
#1813 = ADVANCED_FACE ( 'NONE', ( #591 ), #1289, .F. ) ;
#1814 = CARTESIAN_POINT ( 'NONE',  ( 1.573791234603826750, 15.57347439510908771, 15.80704028124153560 ) ) ;
#1815 = ORIENTED_EDGE ( 'NONE', *, *, #981, .F. ) ;
#1816 = EDGE_CURVE ( 'NONE', #1838, #1527, #1978, .T. ) ;
#1817 = ORIENTED_EDGE ( 'NONE', *, *, #1967, .F. ) ;
#1818 = B_SPLINE_CURVE_WITH_KNOTS ( 'NONE', 3,
 ( #1892, #350, #1741, #2055 ),
 .UNSPECIFIED., .F., .F.,
 ( 4, 4 ),
 ( 0.000000000000000000, 0.8724294488011776760 ),
 .UNSPECIFIED. ) ;
#1819 = FACE_OUTER_BOUND ( 'NONE', #708, .T. ) ;
#1820 = ORIENTED_EDGE ( 'NONE', *, *, #132, .F. ) ;
#1821 = CARTESIAN_POINT ( 'NONE',  ( -5.264285243010120574, -2.426525604890910515, -13.75428922945945587 ) ) ;
#1822 = CIRCLE ( 'NONE', #1467, 13.50000000000000178 ) ;
#1823 = FACE_OUTER_BOUND ( 'NONE', #419, .T. ) ;
#1824 = VERTEX_POINT ( 'NONE', #1104 ) ;
#1825 = CIRCLE ( 'NONE', #1224, 16.99999999999999289 ) ;
#1826 = CARTESIAN_POINT ( 'NONE',  ( -8.668884008537087738, 15.57347439510908771, 14.62362643281520569 ) ) ;
#1827 = AXIS2_PLACEMENT_3D ( 'NONE', #1575, #905, #1598 ) ;
#1828 = CARTESIAN_POINT ( 'NONE',  ( 11.93566519168847861, 15.57347439510908771, -6.307923305804776781 ) ) ;
#1829 = EDGE_CURVE ( 'NONE', #803, #102, #1143, .T. ) ;
#1830 = VECTOR ( 'NONE', #720, 1000.000000000000000 ) ;
#1831 = VERTEX_POINT ( 'NONE', #1492 ) ;
#1832 = MECHANICAL_DESIGN_GEOMETRIC_PRESENTATION_REPRESENTATION (  '', ( #837 ), #1586 ) ;
#1833 = CARTESIAN_POINT ( 'NONE',  ( 11.97154973215629603, 15.57347439510908771, 6.239551026356649821 ) ) ;
#1834 = DIRECTION ( 'NONE',  ( 1.000000000000000000, 0.000000000000000000, 0.000000000000000000 ) ) ;
#1835 = CARTESIAN_POINT ( 'NONE',  ( 7.700616901647450163, 15.57347439510908771, 11.08830461946559254 ) ) ;
#1836 = DIRECTION ( 'NONE',  ( -0.000000000000000000, -1.000000000000000000, -0.000000000000000000 ) ) ;
#1837 = CARTESIAN_POINT ( 'NONE',  ( -14.28854444210526431, -2.426525604890910515, 3.568006313529041851 ) ) ;
#1838 = VERTEX_POINT ( 'NONE', #787 ) ;
#1839 = CYLINDRICAL_SURFACE ( 'NONE', #1306, 18.50000000000000000 ) ;
#1840 = B_SPLINE_CURVE_WITH_KNOTS ( 'NONE', 3,
 ( #678, #1367, #1027, #946 ),
 .UNSPECIFIED., .F., .F.,
 ( 4, 4 ),
 ( 0.000000000000000000, 0.8724294488011757887 ),
 .UNSPECIFIED. ) ;
#1841 = ORIENTED_EDGE ( 'NONE', *, *, #1816, .F. ) ;
#1842 = EDGE_CURVE ( 'NONE', #1427, #271, #1617, .T. ) ;
#1843 = FACE_OUTER_BOUND ( 'NONE', #986, .T. ) ;
#1844 = EDGE_CURVE ( 'NONE', #417, #40, #594, .T. ) ;
#1845 = PRODUCT_CONTEXT ( 'NONE', #362, 'mechanical' ) ;
#1846 = CARTESIAN_POINT ( 'NONE',  ( -4.823245983957112237, -2.426525604890910515, -12.60897688863933652 ) ) ;
#1847 = ORIENTED_EDGE ( 'NONE', *, *, #715, .T. ) ;
#1848 = CARTESIAN_POINT ( 'NONE',  ( 0.9278457926499141806, 15.57347439510908771, 16.97466059115949122 ) ) ;
#1849 = CARTESIAN_POINT ( 'NONE',  ( -13.09842130961059858, -2.426525604890910515, 3.268234874659396105 ) ) ;
#1850 = CARTESIAN_POINT ( 'NONE',  ( -2.519291540161140301E-14, -2.426525604890910959, 3.577994056599535359E-14 ) ) ;
#1851 = ORIENTED_EDGE ( 'NONE', *, *, #912, .F. ) ;
#1852 = ORIENTED_EDGE ( 'NONE', *, *, #648, .T. ) ;
#1853 = LINE ( 'NONE', #353, #138 ) ;
#1854 = CARTESIAN_POINT ( 'NONE',  ( -2.292731882318879646E-14, -8.426525604890910515, -18.49999999999996447 ) ) ;
#1855 = ADVANCED_FACE ( 'NONE', ( #321 ), #984, .T. ) ;
#1856 = DIRECTION ( 'NONE',  ( 0.000000000000000000, 1.000000000000000000, -0.000000000000000000 ) ) ;
#1857 = VERTEX_POINT ( 'NONE', #2011 ) ;
#1858 = CARTESIAN_POINT ( 'NONE',  ( 4.917319120242207298, -2.426525604890910959, -16.27329016117204574 ) ) ;
#1859 = CARTESIAN_POINT ( 'NONE',  ( 3.161417895222373708, 15.57347439510908771, -16.70345583679516110 ) ) ;
#1860 = DIRECTION ( 'NONE',  ( 0.000000000000000000, 0.000000000000000000, -1.000000000000000000 ) ) ;
#1861 = VERTEX_POINT ( 'NONE', #835 ) ;
#1862 = ORIENTED_EDGE ( 'NONE', *, *, #924, .T. ) ;
#1863 = CIRCLE ( 'NONE', #1473, 13.50000000000000178 ) ;
#1864 = CIRCLE ( 'NONE', #1336, 3.000000000000000444 ) ;
#1865 = CIRCLE ( 'NONE', #797, 13.49999999999999822 ) ;
#1866 = DIRECTION ( 'NONE',  ( 0.000000000000000000, 0.000000000000000000, 1.000000000000000000 ) ) ;
#1867 = FACE_OUTER_BOUND ( 'NONE', #722, .T. ) ;
#1868 = ORIENTED_EDGE ( 'NONE', *, *, #1774, .F. ) ;
#1869 = CARTESIAN_POINT ( 'NONE',  ( -8.681783319324921422, 15.57347439510908771, 13.30225607855209624 ) ) ;
#1870 = EDGE_CURVE ( 'NONE', #2061, #127, #2188, .T. ) ;
#1871 = EDGE_LOOP ( 'NONE', ( #436, #501, #1203, #1331 ) ) ;
#1872 = CARTESIAN_POINT ( 'NONE',  ( -2.519291540161140301E-14, 15.57347439510908771, 3.577994056599535359E-14 ) ) ;
#1873 = CARTESIAN_POINT ( 'NONE',  ( -15.33791347471867894, -2.426525604890910959, -4.133733366455960123 ) ) ;
#1874 = EDGE_CURVE ( 'NONE', #608, #1838, #1315, .T. ) ;
#1875 = ORIENTED_EDGE ( 'NONE', *, *, #927, .T. ) ;
#1876 = DIRECTION ( 'NONE',  ( 0.000000000000000000, 0.000000000000000000, 1.000000000000000000 ) ) ;
#1877 = CARTESIAN_POINT ( 'NONE',  ( -2.519291540161140301E-14, 15.57347439510908771, 3.577994056599535359E-14 ) ) ;
#1878 = LINE ( 'NONE', #1692, #732 ) ;
#1879 = ORIENTED_EDGE ( 'NONE', *, *, #426, .T. ) ;
#1880 = CARTESIAN_POINT ( 'NONE',  ( -7.670962217755761259, 15.57347439510908771, 11.10884056298247557 ) ) ;
#1881 = ADVANCED_FACE ( 'NONE', ( #1823 ), #1127, .T. ) ;
#1882 = VERTEX_POINT ( 'NONE', #953 ) ;
#1883 = CARTESIAN_POINT ( 'NONE',  ( 4.789538438319500990, 15.57347439510908771, -12.62181926458539039 ) ) ;
#1884 = FACE_OUTER_BOUND ( 'NONE', #55, .T. ) ;
#1885 = EDGE_CURVE ( 'NONE', #1831, #2010, #1370, .T. ) ;
#1886 = CARTESIAN_POINT ( 'NONE',  ( -3.208505178210123265, 15.57347439510908771, -16.69447496992336610 ) ) ;
#1887 = CARTESIAN_POINT ( 'NONE',  ( -1.629764094112249984, 15.57347439510908771, 13.40126370897698393 ) ) ;
#1888 = ORIENTED_EDGE ( 'NONE', *, *, #2029, .T. ) ;
#1889 = CARTESIAN_POINT ( 'NONE',  ( -0.8799775184069311695, -2.426525604890910959, 16.97720941636462655 ) ) ;
#1890 = ORIENTED_EDGE ( 'NONE', *, *, #1038, .F. ) ;
#1891 = ORIENTED_EDGE ( 'NONE', *, *, #114, .T. ) ;
#1892 = CARTESIAN_POINT ( 'NONE',  ( 13.49994479184226037, 15.57347439510908771, -0.03860851214925846431 ) ) ;
#1893 = CARTESIAN_POINT ( 'NONE',  ( -2.519291540161140301E-14, -8.426525604890910515, 3.577994056599535359E-14 ) ) ;
#1894 = ORIENTED_EDGE ( 'NONE', *, *, #789, .F. ) ;
#1895 = AXIS2_PLACEMENT_3D ( 'NONE', #101, #1771, #448 ) ;
#1896 = ADVANCED_FACE ( 'NONE', ( #1482 ), #257, .T. ) ;
#1897 = AXIS2_PLACEMENT_3D ( 'NONE', #1153, #1456, #776 ) ;
#1898 = VECTOR ( 'NONE', #1060, 1000.000000000000000 ) ;
#1899 = LINE ( 'NONE', #1238, #1797 ) ;
#1900 = B_SPLINE_CURVE_WITH_KNOTS ( 'NONE', 3,
 ( #660, #990, #1209, #1184 ),
 .UNSPECIFIED., .F., .F.,
 ( 4, 4 ),
 ( 0.000000000000000000, 0.8724294488011777871 ),
 .UNSPECIFIED. ) ;
#1901 = VECTOR ( 'NONE', #56, 1000.000000000000000 ) ;
#1902 = CIRCLE ( 'NONE', #1228, 13.49999999999999822 ) ;
#1903 = CARTESIAN_POINT ( 'NONE',  ( -1.505470713348541878, -2.426525604890910515, 15.81318868268934530 ) ) ;
#1904 = CARTESIAN_POINT ( 'NONE',  ( 4.784793342705877528, -2.426525604890910959, 12.62361884198022643 ) ) ;
#1905 = LINE ( 'NONE', #2054, #761 ) ;
#1906 = CARTESIAN_POINT ( 'NONE',  ( 11.91664486836675252, 15.57347439510908771, -12.12409069090242397 ) ) ;
#1907 = CARTESIAN_POINT ( 'NONE',  ( -2.519291540161140301E-14, 15.57347439510908771, 3.577994056599535359E-14 ) ) ;
#1908 = ORIENTED_EDGE ( 'NONE', *, *, #1293, .F. ) ;
#1909 = EDGE_LOOP ( 'NONE', ( #717, #280, #565, #1539 ) ) ;
#1910 = CARTESIAN_POINT ( 'NONE',  ( -7.066951466311155450, 15.57347439510908771, 15.46150694378798640 ) ) ;
#1911 = CARTESIAN_POINT ( 'NONE',  ( 8.710084762268829550, -2.426525604890910959, 14.59912406393250173 ) ) ;
#1912 = EDGE_CURVE ( 'NONE', #1271, #1441, #170, .T. ) ;
#1913 = CARTESIAN_POINT ( 'NONE',  ( 10.10321228772080815, 15.57347439510908771, 8.954055029384583975 ) ) ;
#1914 = PLANE ( 'NONE',  #1618 ) ;
#1915 = DIRECTION ( 'NONE',  ( 0.000000000000000000, 1.000000000000000000, -0.000000000000000000 ) ) ;
#1916 = ORIENTED_EDGE ( 'NONE', *, *, #2049, .T. ) ;
#1917 = DIRECTION ( 'NONE',  ( 0.000000000000000000, 1.000000000000000000, -0.000000000000000000 ) ) ;
#1919 = ORIENTED_EDGE ( 'NONE', *, *, #79, .T. ) ;
#1918 = LINE ( 'NONE', #125, #1753 ) ;
#1920 = ORIENTED_EDGE ( 'NONE', *, *, #740, .F. ) ;
#1921 = CARTESIAN_POINT ( 'NONE',  ( 15.31943553921643186, 15.57347439510908771, -4.199794416739309533 ) ) ;
#1922 = B_SPLINE_CURVE_WITH_KNOTS ( 'NONE', 3,
 ( #1826, #479, #2174, #765 ),
 .UNSPECIFIED., .F., .F.,
 ( 4, 4 ),
 ( 0.1276832474596244493, 1.000000000000000000 ),
 .UNSPECIFIED. ) ;
#1923 = DIRECTION ( 'NONE',  ( -0.000000000000000000, -1.000000000000000000, -0.000000000000000000 ) ) ;
#1924 = ORIENTED_EDGE ( 'NONE', *, *, #1774, .T. ) ;
#1925 = DIRECTION ( 'NONE',  ( 0.000000000000000000, 0.000000000000000000, 1.000000000000000000 ) ) ;
#1926 = EDGE_CURVE ( 'NONE', #240, #1530, #486, .T. ) ;
#1927 = CYLINDRICAL_SURFACE ( 'NONE', #473, 17.00000000000000355 ) ;
#1928 = FACE_OUTER_BOUND ( 'NONE', #1517, .T. ) ;
#1929 = CARTESIAN_POINT ( 'NONE',  ( 14.30301168383323152, -2.426525604890910959, 3.504992459245038994 ) ) ;
#1930 = ORIENTED_EDGE ( 'NONE', *, *, #304, .T. ) ;
#1931 = B_SPLINE_SURFACE_WITH_KNOTS ( 'NONE', 3, 1, ( 
 ( #1746, #1638 ),
 ( #1110, #784 ),
 ( #462, #308 ),
 ( #1465, #1313 ) ),
 .UNSPECIFIED., .F., .F., .F.,
 ( 4, 4 ),
 ( 2, 2 ),
 ( 0.000000000000000000, 0.8724294488011765658 ),
 ( 0.000000000000000000, 1.000000000000000000 ),
 .UNSPECIFIED. ) ;
#1932 = LINE ( 'NONE', #1612, #1686 ) ;
#1933 = AXIS2_PLACEMENT_3D ( 'NONE', #1486, #764, #949 ) ;
#1934 = CARTESIAN_POINT ( 'NONE',  ( 14.29353909408822787, 15.57347439510908771, -3.543424266582505755 ) ) ;
#1935 = CARTESIAN_POINT ( 'NONE',  ( 10.10321228772081170, -2.426525604890910515, 8.954055029384587527 ) ) ;
#1936 = CYLINDRICAL_SURFACE ( 'NONE', #514, 16.99999999999999289 ) ;
#1937 = EDGE_CURVE ( 'NONE', #1861, #662, #183, .T. ) ;
#1938 = CARTESIAN_POINT ( 'NONE',  ( 13.06115492188352256, 15.57347439510908771, 6.804366497621723298 ) ) ;
#1939 = ORIENTED_EDGE ( 'NONE', *, *, #1805, .T. ) ;
#1940 = PRODUCT_DEFINITION_FORMATION_WITH_SPECIFIED_SOURCE ( 'HERHANGÝ', '', #1988, .NOT_KNOWN. ) ;
#1941 = EDGE_LOOP ( 'NONE', ( #376, #268, #1647, #344 ) ) ;
#1942 = DIRECTION ( 'NONE',  ( -0.000000000000000000, -1.000000000000000000, -0.000000000000000000 ) ) ;
#1943 = EDGE_LOOP ( 'NONE', ( #126, #2108, #1382, #163 ) ) ;
#1944 = CARTESIAN_POINT ( 'NONE',  ( -13.44279531033788899, 15.57347439510908771, 10.40630838695254212 ) ) ;
#1945 = CARTESIAN_POINT ( 'NONE',  ( 1.819697817546135576, -2.426525604890910959, 14.61444050178514864 ) ) ;
#1946 = ORIENTED_EDGE ( 'NONE', *, *, #1413, .T. ) ;
#1947 = DIRECTION ( 'NONE',  ( 0.000000000000000000, 0.000000000000000000, 1.000000000000000000 ) ) ;
#1948 = LINE ( 'NONE', #76, #684 ) ;
#1949 = ORIENTED_EDGE ( 'NONE', *, *, #1513, .F. ) ;
#1950 = CARTESIAN_POINT ( 'NONE',  ( -13.86920399367501133, -2.426525604890910959, 7.743936916382653024 ) ) ;
#1951 = B_SPLINE_CURVE_WITH_KNOTS ( 'NONE', 3,
 ( #1503, #839, #2184, #1443 ),
 .UNSPECIFIED., .F., .F.,
 ( 4, 4 ),
 ( 0.1276832474596248101, 1.000000000000000000 ),
 .UNSPECIFIED. ) ;
#1952 = ADVANCED_FACE ( 'NONE', ( #302 ), #967, .T. ) ;
#1953 = VERTEX_POINT ( 'NONE', #701 ) ;
#1954 = CARTESIAN_POINT ( 'NONE',  ( -16.95949601381428451, -2.426525604890910515, 1.172814971518664651 ) ) ;
#1955 = DIRECTION ( 'NONE',  ( 0.000000000000000000, 0.000000000000000000, 1.000000000000000000 ) ) ;
#1956 = EDGE_LOOP ( 'NONE', ( #131, #449 ) ) ;
#1957 = B_SPLINE_CURVE_WITH_KNOTS ( 'NONE', 3,
 ( #626, #1451, #2136, #606 ),
 .UNSPECIFIED., .F., .F.,
 ( 4, 4 ),
 ( 0.000000000000000000, 0.8724294488011765658 ),
 .UNSPECIFIED. ) ;
#1958 = DIRECTION ( 'NONE',  ( -0.000000000000000000, -1.000000000000000000, -0.000000000000000000 ) ) ;
#1959 = CARTESIAN_POINT ( 'NONE',  ( 11.61294472452628845, -2.426525604890910959, -10.83802995051124540 ) ) ;
#1960 = CARTESIAN_POINT ( 'NONE',  ( -16.20060201930162336, -2.426525604890910959, -5.151746714678500538 ) ) ;
#1961 = CARTESIAN_POINT ( 'NONE',  ( 2.254812623749919531, 15.57347439510908771, -15.72434931355457977 ) ) ;
#1962 = LINE ( 'NONE', #2095, #1576 ) ;
#1963 = ORIENTED_EDGE ( 'NONE', *, *, #1993, .T. ) ;
#1964 = CARTESIAN_POINT ( 'NONE',  ( -13.49999976153325498, 15.57347439510908771, -0.002537440205370490327 ) ) ;
#1965 = LINE ( 'NONE', #78, #1117 ) ;
#1966 = ORIENTED_EDGE ( 'NONE', *, *, #1870, .T. ) ;
#1967 = EDGE_CURVE ( 'NONE', #801, #40, #1183, .T. ) ;
#1968 = DIRECTION ( 'NONE',  ( 0.000000000000000000, 0.000000000000000000, -1.000000000000000000 ) ) ;
#1969 = ADVANCED_FACE ( 'NONE', ( #674 ), #791, .T. ) ;
#1970 = SURFACE_STYLE_USAGE ( .BOTH. , #2141 ) ;
#1971 = CIRCLE ( 'NONE', #1721, 18.50000000000000000 ) ;
#1972 = AXIS2_PLACEMENT_3D ( 'NONE', #1354, #2004, #1697 ) ;
#1973 = VECTOR ( 'NONE', #804, 1000.000000000000000 ) ;
#1974 = CYLINDRICAL_SURFACE ( 'NONE', #651, 17.00000000000000000 ) ;
#1975 = LINE ( 'NONE', #1806, #2045 ) ;
#1976 = CARTESIAN_POINT ( 'NONE',  ( -2.519291540161140301E-14, -8.426525604890910515, 18.50000000000003553 ) ) ;
#1977 = ORIENTED_EDGE ( 'NONE', *, *, #1324, .F. ) ;
#1978 = B_SPLINE_CURVE_WITH_KNOTS ( 'NONE', 3,
 ( #932, #1622, #1992, #1807 ),
 .UNSPECIFIED., .F., .F.,
 ( 4, 4 ),
 ( 0.000000000000000000, 0.8724294488011775650 ),
 .UNSPECIFIED. ) ;
#1979 = ORIENTED_EDGE ( 'NONE', *, *, #1160, .T. ) ;
#1980 = FACE_OUTER_BOUND ( 'NONE', #1909, .T. ) ;
#1981 = EDGE_CURVE ( 'NONE', #1730, #276, #1537, .T. ) ;
#1982 = CARTESIAN_POINT ( 'NONE',  ( -13.44279531033789787, 15.57347439510908771, 10.40630838695254567 ) ) ;
#1983 =( LENGTH_UNIT ( ) NAMED_UNIT ( * ) SI_UNIT ( .MILLI., .METRE. ) );
#1984 = EDGE_CURVE ( 'NONE', #608, #1000, #81, .T. ) ;
#1985 = CARTESIAN_POINT ( 'NONE',  ( 13.01946550788610146, -2.426525604890910959, -6.883799039510247297 ) ) ;
#1986 = DIRECTION ( 'NONE',  ( -0.000000000000000000, -1.000000000000000000, -0.000000000000000000 ) ) ;
#1987 = ORIENTED_EDGE ( 'NONE', *, *, #2029, .F. ) ;
#1988 = PRODUCT ( 'Base Gear', 'Base Gear', '', ( #1845 ) ) ;
#1989 = VERTEX_POINT ( 'NONE', #1054 ) ;
#1990 = CARTESIAN_POINT ( 'NONE',  ( -2.519291540161140301E-14, 15.57347439510908771, 3.577994056599535359E-14 ) ) ;
#1991 = CARTESIAN_POINT ( 'NONE',  ( 11.93566519168847861, -2.426525604890910959, -6.307923305804776781 ) ) ;
#1992 = CARTESIAN_POINT ( 'NONE',  ( -12.11492379989998014, -2.426525604890910959, 10.27462712829646918 ) ) ;
#1993 = EDGE_CURVE ( 'NONE', #291, #11, #439, .T. ) ;
#1994 = VERTEX_POINT ( 'NONE', #885 ) ;
#1995 = CARTESIAN_POINT ( 'NONE',  ( -2.519291540161140301E-14, -8.426525604890910515, 3.577994056599535359E-14 ) ) ;
#1996 = ORIENTED_EDGE ( 'NONE', *, *, #182, .T. ) ;
#1997 = CARTESIAN_POINT ( 'NONE',  ( 4.917319120242207298, 15.57347439510908771, -16.27329016117204574 ) ) ;
#1998 = CARTESIAN_POINT ( 'NONE',  ( 11.93566519168847861, 15.57347439510908771, -6.307923305804776781 ) ) ;
#1999 =( GEOMETRIC_REPRESENTATION_CONTEXT ( 3 ) GLOBAL_UNCERTAINTY_ASSIGNED_CONTEXT ( ( #263 ) ) GLOBAL_UNIT_ASSIGNED_CONTEXT ( ( #975, #993, #166 ) ) REPRESENTATION_CONTEXT ( 'NONE', 'WORKASPACE' ) );
#2000 = DIRECTION ( 'NONE',  ( 0.000000000000000000, 0.000000000000000000, 1.000000000000000000 ) ) ;
#2001 = CIRCLE ( 'NONE', #438, 13.50000000000000178 ) ;
#2002 = AXIS2_PLACEMENT_3D ( 'NONE', #43, #714, #1397 ) ;
#2003 = EDGE_CURVE ( 'NONE', #1002, #1716, #2167, .T. ) ;
#2004 = DIRECTION ( 'NONE',  ( 0.000000000000000000, 1.000000000000000000, -0.000000000000000000 ) ) ;
#2005 = CIRCLE ( 'NONE', #111, 13.50000000000000178 ) ;
#2006 = VECTOR ( 'NONE', #1958, 1000.000000000000000 ) ;
#2007 = VERTEX_POINT ( 'NONE', #1043 ) ;
#2008 = CYLINDRICAL_SURFACE ( 'NONE', #1303, 17.00000000000000000 ) ;
#2009 = DIRECTION ( 'NONE',  ( -0.000000000000000000, -1.000000000000000000, -0.000000000000000000 ) ) ;
#2010 = VERTEX_POINT ( 'NONE', #192 ) ;
#2011 = CARTESIAN_POINT ( 'NONE',  ( -2.482552136186719757E-14, -2.426525604890910959, 3.000000000000036415 ) ) ;
#2012 = DIRECTION ( 'NONE',  ( -0.000000000000000000, -1.000000000000000000, -0.000000000000000000 ) ) ;
#2013 = VERTEX_POINT ( 'NONE', #225 ) ;
#2014 = ORIENTED_EDGE ( 'NONE', *, *, #685, .F. ) ;
#2015 = EDGE_CURVE ( 'NONE', #102, #1719, #66, .T. ) ;
#2016 = DIRECTION ( 'NONE',  ( 0.000000000000000000, 0.000000000000000000, 1.000000000000000000 ) ) ;
#2017 = ORIENTED_EDGE ( 'NONE', *, *, #1788, .T. ) ;
#2018 = ORIENTED_EDGE ( 'NONE', *, *, #187, .T. ) ;
#2019 = DIRECTION ( 'NONE',  ( -0.000000000000000000, -1.000000000000000000, -0.000000000000000000 ) ) ;
#2020 = VERTEX_POINT ( 'NONE', #1523 ) ;
#2021 = CARTESIAN_POINT ( 'NONE',  ( -10.07925159720333852, 15.57347439510908771, 8.981018162785057157 ) ) ;
#2022 = ORIENTED_EDGE ( 'NONE', *, *, #94, .F. ) ;
#2023 = CYLINDRICAL_SURFACE ( 'NONE', #867, 13.50000000000000178 ) ;
#2024 = CARTESIAN_POINT ( 'NONE',  ( -10.59929960701379059, 15.57347439510908771, -13.29115675329867230 ) ) ;
#2025 = ORIENTED_EDGE ( 'NONE', *, *, #1646, .T. ) ;
#2026 = B_SPLINE_CURVE_WITH_KNOTS ( 'NONE', 3,
 ( #817, #318, #650, #959 ),
 .UNSPECIFIED., .F., .F.,
 ( 4, 4 ),
 ( 0.1276832474596231171, 1.000000000000000000 ),
 .UNSPECIFIED. ) ;
#2027 = VERTEX_POINT ( 'NONE', #217 ) ;
#2028 = DIRECTION ( 'NONE',  ( -0.000000000000000000, -1.000000000000000000, -0.000000000000000000 ) ) ;
#2029 = EDGE_CURVE ( 'NONE', #392, #103, #868, .T. ) ;
#2030 = DIRECTION ( 'NONE',  ( 0.000000000000000000, 1.000000000000000000, -0.000000000000000000 ) ) ;
#2031 = EDGE_CURVE ( 'NONE', #1761, #1365, #1149, .T. ) ;
#2032 = DIRECTION ( 'NONE',  ( 0.000000000000000000, 1.000000000000000000, -0.000000000000000000 ) ) ;
#2033 = ORIENTED_EDGE ( 'NONE', *, *, #1513, .T. ) ;
#2034 = FACE_OUTER_BOUND ( 'NONE', #19, .T. ) ;
#2035 = DIRECTION ( 'NONE',  ( 0.000000000000000000, 1.000000000000000000, -0.000000000000000000 ) ) ;
#2036 = AXIS2_PLACEMENT_3D ( 'NONE', #251, #758, #239 ) ;
#2037 = EDGE_LOOP ( 'NONE', ( #788, #638, #647, #1033 ) ) ;
#2038 = CARTESIAN_POINT ( 'NONE',  ( 11.00958895370702173, 15.57347439510908771, -9.780085195827593836 ) ) ;
#2039 = CARTESIAN_POINT ( 'NONE',  ( 11.91664486836675074, -2.426525604890910959, -12.12409069090242397 ) ) ;
#2040 = VERTEX_POINT ( 'NONE', #50 ) ;
#2042 = AXIS2_PLACEMENT_3D ( 'NONE', #219, #1388, #2063 ) ;
#2041 = CARTESIAN_POINT ( 'NONE',  ( -7.670962217755761259, -2.426525604890907406, 11.10884056298247557 ) ) ;
#2043 = ORIENTED_EDGE ( 'NONE', *, *, #1644, .F. ) ;
#2044 = VECTOR ( 'NONE', #469, 1000.000000000000000 ) ;
#2045 = VECTOR ( 'NONE', #159, 1000.000000000000000 ) ;
#2046 = AXIS2_PLACEMENT_3D ( 'NONE', #1893, #2056, #705 ) ;
#2047 = DIRECTION ( 'NONE',  ( 0.000000000000000000, 1.000000000000000000, -0.000000000000000000 ) ) ;
#2048 = ORIENTED_EDGE ( 'NONE', *, *, #244, .F. ) ;
#2049 = EDGE_CURVE ( 'NONE', #2169, #2007, #431, .T. ) ;
#2050 = DIRECTION ( 'NONE',  ( 0.000000000000000000, 0.000000000000000000, 1.000000000000000000 ) ) ;
#2051 = ORIENTED_EDGE ( 'NONE', *, *, #1400, .T. ) ;
#2052 = CARTESIAN_POINT ( 'NONE',  ( -7.670962217755761259, 15.57347439510908771, 11.10884056298247557 ) ) ;
#2053 = ADVANCED_FACE ( 'NONE', ( #339 ), #26, .T. ) ;
#2054 = CARTESIAN_POINT ( 'NONE',  ( -10.13045595561753309, 15.57347439510908771, -8.923220390155853110 ) ) ;
#2055 = CARTESIAN_POINT ( 'NONE',  ( 16.96273565528138150, 15.57347439510908771, 1.124988483961061325 ) ) ;
#2056 = DIRECTION ( 'NONE',  ( -0.000000000000000000, 1.000000000000000000, -0.000000000000000000 ) ) ;
#2057 = DIRECTION ( 'NONE',  ( -0.000000000000000000, -1.000000000000000000, -0.000000000000000000 ) ) ;
#2058 = LINE ( 'NONE', #1048, #688 ) ;
#2059 = CARTESIAN_POINT ( 'NONE',  ( 15.51642829108393329, 15.57347439510908771, 3.400563404898202524 ) ) ;
#2060 = DIRECTION ( 'NONE',  ( 0.000000000000000000, 0.000000000000000000, 1.000000000000000000 ) ) ;
#2061 = VERTEX_POINT ( 'NONE', #1363 ) ;
#2062 = CARTESIAN_POINT ( 'NONE',  ( 5.240484465631881861, -2.426525604890910515, 13.76221050313890970 ) ) ;
#2063 = DIRECTION ( 'NONE',  ( 0.000000000000000000, 0.000000000000000000, 1.000000000000000000 ) ) ;
#2064 = CARTESIAN_POINT ( 'NONE',  ( 4.917319120242209074, -2.426525604890910515, -16.27329016117204574 ) ) ;
#2065 = ADVANCED_FACE ( 'NONE', ( #2034 ), #1318, .T. ) ;
#2066 = DIRECTION ( 'NONE',  ( -0.000000000000000000, -1.000000000000000000, -0.000000000000000000 ) ) ;
#2067 = ORIENTED_EDGE ( 'NONE', *, *, #38, .F. ) ;
#2068 = CARTESIAN_POINT ( 'NONE',  ( -1.624726215293451181, -2.426525604890907406, -13.40187541821432049 ) ) ;
#2069 = CARTESIAN_POINT ( 'NONE',  ( -13.09842130961059681, 15.57347439510908771, 3.268234874659390776 ) ) ;
#2070 = CARTESIAN_POINT ( 'NONE',  ( -11.95078460238869944, -2.426525604890910515, -12.09044033057973522 ) ) ;
#2071 = CARTESIAN_POINT ( 'NONE',  ( 7.110521216311523673, -2.426525604890910959, 15.44151832017772286 ) ) ;
#2072 = ORIENTED_EDGE ( 'NONE', *, *, #1926, .T. ) ;
#2073 = FACE_OUTER_BOUND ( 'NONE', #204, .T. ) ;
#2074 = CARTESIAN_POINT ( 'NONE',  ( 8.402931545048730300, 15.57347439510908771, 12.09478866192480240 ) ) ;
#2075 = ORIENTED_EDGE ( 'NONE', *, *, #295, .F. ) ;
#2076 = EDGE_CURVE ( 'NONE', #1114, #2187, #1555, .T. ) ;
#2077 = VECTOR ( 'NONE', #1350, 1000.000000000000000 ) ;
#2078 = EDGE_CURVE ( 'NONE', #298, #1740, #1235, .T. ) ;
#2079 = VECTOR ( 'NONE', #1392, 1000.000000000000000 ) ;
#2080 = CARTESIAN_POINT ( 'NONE',  ( -1.629764094112251316, 15.57347439510908771, 13.40126370897698393 ) ) ;
#2081 = CARTESIAN_POINT ( 'NONE',  ( 1.819697817546135576, -2.426525604890910515, 14.61444050178514864 ) ) ;
#2082 = FACE_OUTER_BOUND ( 'NONE', #1257, .T. ) ;
#2083 = ORIENTED_EDGE ( 'NONE', *, *, #386, .T. ) ;
#2084 = CARTESIAN_POINT ( 'NONE',  ( -2.519291540161140301E-14, 15.57347439510908771, 3.577994056599535359E-14 ) ) ;
#2086 = ORIENTED_EDGE ( 'NONE', *, *, #212, .F. ) ;
#2085 = CARTESIAN_POINT ( 'NONE',  ( -4.751046812026282318, 15.57347439510908771, 12.63635842281850508 ) ) ;
#2087 = VERTEX_POINT ( 'NONE', #1747 ) ;
#2088 = DIRECTION ( 'NONE',  ( 0.000000000000000000, 0.000000000000000000, 1.000000000000000000 ) ) ;
#2089 = EDGE_CURVE ( 'NONE', #2040, #1994, #1822, .T. ) ;
#2091 = CARTESIAN_POINT ( 'NONE',  ( -1.624726215293451181, 15.57347439510908771, -13.40187541821432227 ) ) ;
#2090 = B_SPLINE_SURFACE_WITH_KNOTS ( 'NONE', 3, 1, ( 
 ( #884, #1601 ),
 ( #396, #2081 ),
 ( #752, #552 ),
 ( #1589, #2117 ) ),
 .UNSPECIFIED., .F., .F., .F.,
 ( 4, 4 ),
 ( 2, 2 ),
 ( 0.000000000000000000, 0.8724294488011784532 ),
 ( 0.000000000000000000, 1.000000000000000000 ),
 .UNSPECIFIED. ) ;
#2092 = CARTESIAN_POINT ( 'NONE',  ( -2.519291540161140301E-14, -2.426525604890910959, 3.577994056599535359E-14 ) ) ;
#2093 = DIRECTION ( 'NONE',  ( 0.000000000000000000, 0.000000000000000000, -1.000000000000000000 ) ) ;
#2094 = CARTESIAN_POINT ( 'NONE',  ( -7.666785673056316419, -2.426525604890907406, -11.11172342363767029 ) ) ;
#2095 = CARTESIAN_POINT ( 'NONE',  ( -2.519291540161140301E-14, 15.57347439510908771, -13.49999999999996447 ) ) ;
#2096 = ORIENTED_EDGE ( 'NONE', *, *, #1805, .F. ) ;
#2097 = DIRECTION ( 'NONE',  ( -0.000000000000000000, -1.000000000000000000, -0.000000000000000000 ) ) ;
#2098 = ORIENTED_EDGE ( 'NONE', *, *, #1708, .T. ) ;
#2099 = DIRECTION ( 'NONE',  ( 0.000000000000000000, 0.000000000000000000, 1.000000000000000000 ) ) ;
#2100 = EDGE_CURVE ( 'NONE', #1730, #1399, #644, .T. ) ;
#2101 = CARTESIAN_POINT ( 'NONE',  ( -4.963186455635726801, -2.426525604890910959, -16.25935977234630769 ) ) ;
#2102 = CARTESIAN_POINT ( 'NONE',  ( -2.519291540161140301E-14, -2.426525604890910959, 3.577994056599535359E-14 ) ) ;
#2103 = CARTESIAN_POINT ( 'NONE',  ( -4.751046812026281430, -2.426525604890910959, 12.63635842281850330 ) ) ;
#2104 = CARTESIAN_POINT ( 'NONE',  ( -2.519291540161140301E-14, 15.57347439510908771, 3.577994056599535359E-14 ) ) ;
#2105 = DIRECTION ( 'NONE',  ( -0.000000000000000000, -1.000000000000000000, -0.000000000000000000 ) ) ;
#2106 = DIRECTION ( 'NONE',  ( -0.000000000000000000, -1.000000000000000000, -0.000000000000000000 ) ) ;
#2107 = CARTESIAN_POINT ( 'NONE',  ( -2.519291540161140301E-14, 15.57347439510908771, 3.577994056599535359E-14 ) ) ;
#2108 = ORIENTED_EDGE ( 'NONE', *, *, #1019, .F. ) ;
#2109 = EDGE_CURVE ( 'NONE', #1559, #93, #1607, .T. ) ;
#2110 = CARTESIAN_POINT ( 'NONE',  ( 15.54256471431051523, 15.57347439510908771, -6.886848488348530140 ) ) ;
#2111 = ORIENTED_EDGE ( 'NONE', *, *, #212, .T. ) ;
#2112 = AXIS2_PLACEMENT_3D ( 'NONE', #2123, #261, #921 ) ;
#2113 = CARTESIAN_POINT ( 'NONE',  ( 14.49694828075235620, -2.426525604890910515, 8.879104152176120479 ) ) ;
#2114 = ORIENTED_EDGE ( 'NONE', *, *, #559, .F. ) ;
#2115 = CIRCLE ( 'NONE', #1151, 13.50000000000000178 ) ;
#2116 = B_SPLINE_CURVE_WITH_KNOTS ( 'NONE', 3,
 ( #680, #825, #1017, #2041 ),
 .UNSPECIFIED., .F., .F.,
 ( 4, 4 ),
 ( 0.1276832474596244493, 1.000000000000000000 ),
 .UNSPECIFIED. ) ;
#2117 = CARTESIAN_POINT ( 'NONE',  ( 0.9278457926499157349, -2.426525604890910515, 16.97466059115948767 ) ) ;
#2118 = VECTOR ( 'NONE', #484, 1000.000000000000000 ) ;
#2119 = CARTESIAN_POINT ( 'NONE',  ( -5.180406750220301504, -2.426525604890910959, 13.78610014578714882 ) ) ;
#2120 = ADVANCED_FACE ( 'NONE', ( #1063 ), #397, .T. ) ;
#2121 = COLOUR_RGB ( '',0.7803921568627451011, 0.7607843137254901578, 0.7411764705882353255 ) ;
#2122 = FACE_OUTER_BOUND ( 'NONE', #80, .T. ) ;
#2123 = CARTESIAN_POINT ( 'NONE',  ( -2.519291540161140301E-14, -2.426525604890910959, 3.577994056599535359E-14 ) ) ;
#2124 = EDGE_CURVE ( 'NONE', #2087, #988, #1265, .T. ) ;
#2125 = ORIENTED_EDGE ( 'NONE', *, *, #490, .F. ) ;
#2126 = CARTESIAN_POINT ( 'NONE',  ( 10.56177950549847999, 15.57347439510908771, -13.32099146750086049 ) ) ;
#2127 = ORIENTED_EDGE ( 'NONE', *, *, #715, .F. ) ;
#2128 = CARTESIAN_POINT ( 'NONE',  ( -2.519291540161140301E-14, 15.57347439510908771, 3.577994056599535359E-14 ) ) ;
#2129 = CARTESIAN_POINT ( 'NONE',  ( -15.56192223125798790, 15.57347439510908771, -6.842994700295941257 ) ) ;
#2130 = VERTEX_POINT ( 'NONE', #99 ) ;
#2131 = LINE ( 'NONE', #1738, #1195 ) ;
#2132 = CARTESIAN_POINT ( 'NONE',  ( -7.066951466311151009, -2.426525604890910515, 15.46150694378798818 ) ) ;
#2133 = CARTESIAN_POINT ( 'NONE',  ( -10.59929960701378704, -2.426525604890910959, -13.29115675329866697 ) ) ;
#2134 = CARTESIAN_POINT ( 'NONE',  ( -4.751046812026282318, 15.57347439510908771, 12.63635842281850508 ) ) ;
#2135 = ORIENTED_EDGE ( 'NONE', *, *, #2015, .F. ) ;
#2136 = CARTESIAN_POINT ( 'NONE',  ( 9.304006915735117289, -2.426525604890910959, -12.87535617429139911 ) ) ;
#2137 = ADVANCED_FACE ( 'NONE', ( #1252 ), #636, .T. ) ;
#2138 = CARTESIAN_POINT ( 'NONE',  ( -13.49999976153325498, 15.57347439510908771, -0.002537440205371265748 ) ) ;
#2139 = ORIENTED_EDGE ( 'NONE', *, *, #1480, .T. ) ;
#2140 = CARTESIAN_POINT ( 'NONE',  ( 14.22176534876814991, 15.57347439510908771, -7.076774100357011932 ) ) ;
#2141 = SURFACE_SIDE_STYLE ('',( #1141 ) ) ;
#2142 = LINE ( 'NONE', #433, #67 ) ;
#2143 = FACE_OUTER_BOUND ( 'NONE', #783, .T. ) ;
#2144 = CARTESIAN_POINT ( 'NONE',  ( 14.49694828075235797, 15.57347439510908771, 8.879104152176118703 ) ) ;
#2145 = ORIENTED_EDGE ( 'NONE', *, *, #838, .T. ) ;
#2146 = EDGE_CURVE ( 'NONE', #169, #2013, #562, .T. ) ;
#2147 = ORIENTED_EDGE ( 'NONE', *, *, #1400, .F. ) ;
#2148 = FACE_OUTER_BOUND ( 'NONE', #1476, .T. ) ;
#2149 = ADVANCED_FACE ( 'NONE', ( #2082 ), #457, .T. ) ;
#2150 = CIRCLE ( 'NONE', #242, 16.99999999999999289 ) ;
#2151 = CARTESIAN_POINT ( 'NONE',  ( -2.519291540161140301E-14, -8.426525604890910515, 3.577994056599535359E-14 ) ) ;
#2152 = CIRCLE ( 'NONE', #1897, 3.000000000000000444 ) ;
#2153 = AXIS2_PLACEMENT_3D ( 'NONE', #181, #1395, #14 ) ;
#2154 = VECTOR ( 'NONE', #1603, 1000.000000000000000 ) ;
#2155 = CARTESIAN_POINT ( 'NONE',  ( 14.22176534876814991, -2.426525604890910959, -7.076774100357011932 ) ) ;
#2156 = CARTESIAN_POINT ( 'NONE',  ( -15.56192223125800211, 15.57347439510908771, -6.842994700295935928 ) ) ;
#2157 = ORIENTED_EDGE ( 'NONE', *, *, #378, .F. ) ;
#2158 = CARTESIAN_POINT ( 'NONE',  ( 6.015727090167088953, 15.57347439510908771, 14.70151032920473888 ) ) ;
#2159 = ORIENTED_EDGE ( 'NONE', *, *, #966, .T. ) ;
#2160 = CARTESIAN_POINT ( 'NONE',  ( -2.519291540161140301E-14, 15.57347439510908771, 3.577994056599535359E-14 ) ) ;
#2161 = ADVANCED_FACE ( 'NONE', ( #894 ), #1287, .T. ) ;
#2162 = LINE ( 'NONE', #991, #1188 ) ;
#2163 = DIRECTION ( 'NONE',  ( 0.000000000000000000, 1.000000000000000000, -0.000000000000000000 ) ) ;
#2164 = DIRECTION ( 'NONE',  ( 0.000000000000000000, 1.000000000000000000, -0.000000000000000000 ) ) ;
#2165 = FACE_OUTER_BOUND ( 'NONE', #191, .T. ) ;
#2166 = EDGE_LOOP ( 'NONE', ( #2125, #157, #1579, #763 ) ) ;
#2167 = B_SPLINE_CURVE_WITH_KNOTS ( 'NONE', 3,
 ( #1889, #1023, #1739, #1560 ),
 .UNSPECIFIED., .F., .F.,
 ( 4, 4 ),
 ( 0.1276832474596256706, 1.000000000000000000 ),
 .UNSPECIFIED. ) ;
#2168 = CARTESIAN_POINT ( 'NONE',  ( -2.519291540161140301E-14, 15.57347439510908771, -2.999999999999964473 ) ) ;
#2169 = VERTEX_POINT ( 'NONE', #1581 ) ;
#2170 = CARTESIAN_POINT ( 'NONE',  ( 16.96273565528138150, -2.426525604890910959, 1.124988483961061769 ) ) ;
#2171 = CARTESIAN_POINT ( 'NONE',  ( -2.519291540161140301E-14, 15.57347439510908771, 3.577994056599535359E-14 ) ) ;
#2172 = CARTESIAN_POINT ( 'NONE',  ( -3.208505178210123265, -2.426525604890910959, -16.69447496992336610 ) ) ;
#2173 = VERTEX_POINT ( 'NONE', #734 ) ;
#2174 = CARTESIAN_POINT ( 'NONE',  ( -8.349142722397818517, 15.57347439510908771, 12.13066078860784991 ) ) ;
#2175 = EDGE_CURVE ( 'NONE', #630, #312, #2150, .T. ) ;
#2176 = CARTESIAN_POINT ( 'NONE',  ( 13.01946550788610146, 15.57347439510908771, -6.883799039510247297 ) ) ;
#2177 = ORIENTED_EDGE ( 'NONE', *, *, #267, .T. ) ;
#2178 = DIRECTION ( 'NONE',  ( 0.000000000000000000, 0.000000000000000000, 1.000000000000000000 ) ) ;
#2179 = ORIENTED_EDGE ( 'NONE', *, *, #670, .F. ) ;
#2180 = CARTESIAN_POINT ( 'NONE',  ( -11.95078460238868701, 15.57347439510908771, -12.09044033057973522 ) ) ;
#2181 = CARTESIAN_POINT ( 'NONE',  ( -11.95247692790538530, 15.57347439510908771, -6.276009503489431651 ) ) ;
#2182 = CLOSED_SHELL ( 'NONE', ( #1548, #1813, #1263, #557, #2053, #1952, #1599, #729, #1453, #1528, #1239, #886, #781, #1896, #944, #1177, #1881, #214, #916, #303, #198, #402, #315, #1108, #632, #2065, #65, #2149, #1312, #820, #86, #1029, #1855, #1969, #657, #1540, #1332, #2137, #1189, #1391, #702, #1207, #351, #751, #443, #1024, #1659, #1148, #493, #536, #1633, #1064, #782, #453, #2120, #1094, #874, #806, #398, #1448, #2161 ) ) ;
#2183 = EDGE_CURVE ( 'NONE', #155, #460, #1757, .T. ) ;
#2184 = CARTESIAN_POINT ( 'NONE',  ( -13.04859256026000303, 15.57347439510908771, -6.826078490873273452 ) ) ;
#2185 = VECTOR ( 'NONE', #343, 1000.000000000000000 ) ;
#2186 = VERTEX_POINT ( 'NONE', #1665 ) ;
#2187 = VERTEX_POINT ( 'NONE', #1489 ) ;
#2188 = B_SPLINE_CURVE_WITH_KNOTS ( 'NONE', 3,
 ( #2172, #1468, #624, #1512 ),
 .UNSPECIFIED., .F., .F.,
 ( 4, 4 ),
 ( 0.1276832474596304168, 1.000000000000000000 ),
 .UNSPECIFIED. ) ;
#2189 = CARTESIAN_POINT ( 'NONE',  ( -1.624726215293451181, 15.57347439510908771, -13.40187541821432227 ) ) ;
ENDSEC;
END-ISO-10303-21;
