ISO-10303-21;
HEADER;
FILE_DESCRIPTION (( 'STEP AP214' ),
    '1' );
FILE_NAME ('Gear Link 1.STEP',
    '2026-04-30T16:21:41',
    ( '' ),
    ( '' ),
    'SwSTEP 2.0',
    'SolidWorks 2022',
    '' );
FILE_SCHEMA (( 'AUTOMOTIVE_DESIGN' ));
ENDSEC;

DATA;
#1 = LINE ( 'NONE', #2743, #2183 ) ;
#2 = VERTEX_POINT ( 'NONE', #2632 ) ;
#3 = CARTESIAN_POINT ( 'NONE',  ( -31.57994696786632716, 4.500000000000000888, -11.46756735960906504 ) ) ;
#4 = VERTEX_POINT ( 'NONE', #164 ) ;
#5 = CARTESIAN_POINT ( 'NONE',  ( -27.72289509339418601, 4.500000000000000888, 17.82965027890642418 ) ) ;
#6 = DIRECTION ( 'NONE',  ( 0.000000000000000000, 0.000000000000000000, -1.000000000000000000 ) ) ;
#7 = EDGE_CURVE ( 'NONE', #1667, #2182, #603, .T. ) ;
#8 = B_SPLINE_SURFACE_WITH_KNOTS ( 'NONE', 3, 1, ( 
 ( #413, #3450 ),
 ( #963, #3468 ),
 ( #2081, #2097 ),
 ( #3213, #2612 ) ),
 .UNSPECIFIED., .F., .F., .F.,
 ( 4, 4 ),
 ( 2, 2 ),
 ( 0.1547128134717859205, 1.000000000000000000 ),
 ( 0.000000000000000000, 1.000000000000000000 ),
 .UNSPECIFIED. ) ;
#9 = CARTESIAN_POINT ( 'NONE',  ( 12.34082274540609525, -1.500000000000000000, 22.23402457419382472 ) ) ;
#10 = ORIENTED_EDGE ( 'NONE', *, *, #319, .F. ) ;
#11 = CARTESIAN_POINT ( 'NONE',  ( -2.374486095268990571, 4.500000000000000888, -28.32934805621033192 ) ) ;
#12 = EDGE_CURVE ( 'NONE', #1158, #1696, #2201, .T. ) ;
#13 = CARTESIAN_POINT ( 'NONE',  ( -5.488849026350334448, 4.500000000000000888, -2.149285012149996658E-05 ) ) ;
#14 = AXIS2_PLACEMENT_3D ( 'NONE', #2150, #3522, #1354 ) ;
#15 = CARTESIAN_POINT ( 'NONE',  ( -5.488849026350334448, -1.500000000000000000, -2.149285012149996658E-05 ) ) ;
#16 = CARTESIAN_POINT ( 'NONE',  ( 17.48788598408414430, 4.500000000000000888, -16.86180218945136744 ) ) ;
#17 = EDGE_CURVE ( 'NONE', #731, #588, #981, .T. ) ;
#18 = ORIENTED_EDGE ( 'NONE', *, *, #473, .F. ) ;
#19 = CARTESIAN_POINT ( 'NONE',  ( -22.35062972295058614, -1.500000000000000000, 22.97671351758510028 ) ) ;
#20 = VERTEX_POINT ( 'NONE', #997 ) ;
#21 = DIRECTION ( 'NONE',  ( -0.000000000000000000, -1.000000000000000000, -0.000000000000000000 ) ) ;
#22 = VERTEX_POINT ( 'NONE', #415 ) ;
#23 = EDGE_CURVE ( 'NONE', #465, #3434, #1889, .T. ) ;
#24 = CARTESIAN_POINT ( 'NONE',  ( 15.97062280121407873, 4.500000000000000888, -11.14288777050576940 ) ) ;
#25 = CARTESIAN_POINT ( 'NONE',  ( -5.488849026350334448, 4.500000000000000888, -2.149285012149996658E-05 ) ) ;
#26 = CIRCLE ( 'NONE', #426, 28.49999999999999645 ) ;
#27 = CARTESIAN_POINT ( 'NONE',  ( -0.2800500088224457951, -1.500000000000000000, -23.61232364225407565 ) ) ;
#28 = ORIENTED_EDGE ( 'NONE', *, *, #545, .T. ) ;
#29 = EDGE_CURVE ( 'NONE', #570, #3066, #1066, .T. ) ;
#30 = VECTOR ( 'NONE', #2894, 1000.000000000000000 ) ;
#31 = DIRECTION ( 'NONE',  ( -0.000000000000000000, -1.000000000000000000, -0.000000000000000000 ) ) ;
#32 = CARTESIAN_POINT ( 'NONE',  ( 15.19807319634367637, 4.500000000000000888, 17.52073205889731256 ) ) ;
#33 = CARTESIAN_POINT ( 'NONE',  ( 15.18085071241583428, -1.499999999999999556, -17.54222607904825182 ) ) ;
#34 = VECTOR ( 'NONE', #1315, 1000.000000000000000 ) ;
#35 = DIRECTION ( 'NONE',  ( -0.000000000000000000, -1.000000000000000000, -0.000000000000000000 ) ) ;
#36 = ORIENTED_EDGE ( 'NONE', *, *, #2998, .T. ) ;
#37 = B_SPLINE_SURFACE_WITH_KNOTS ( 'NONE', 3, 1, ( 
 ( #535, #1847 ),
 ( #2962, #2687 ),
 ( #1630, #2406 ),
 ( #2133, #3251 ) ),
 .UNSPECIFIED., .F., .F., .F.,
 ( 4, 4 ),
 ( 2, 2 ),
 ( 0.000000000000000000, 0.8452273900860258760 ),
 ( 0.000000000000000000, 1.000000000000000000 ),
 .UNSPECIFIED. ) ;
#38 = CARTESIAN_POINT ( 'NONE',  ( -5.488849026350334448, -1.500000000000000000, -2.149285012149996658E-05 ) ) ;
#39 = ORIENTED_EDGE ( 'NONE', *, *, #1379, .T. ) ;
#40 = FACE_OUTER_BOUND ( 'NONE', #2762, .T. ) ;
#41 = ORIENTED_EDGE ( 'NONE', *, *, #1887, .T. ) ;
#42 = DIRECTION ( 'NONE',  ( 0.000000000000000000, 1.000000000000000000, 0.000000000000000000 ) ) ;
#43 = CYLINDRICAL_SURFACE ( 'NONE', #2990, 24.17999999999474880 ) ;
#44 = EDGE_LOOP ( 'NONE', ( #3545, #1735, #2819, #881 ) ) ;
#45 = FACE_OUTER_BOUND ( 'NONE', #3472, .T. ) ;
#46 = CARTESIAN_POINT ( 'NONE',  ( -5.488849026350334448, 4.500000000000000888, -2.149285012149996658E-05 ) ) ;
#47 = EDGE_CURVE ( 'NONE', #1362, #22, #2614, .T. ) ;
#48 = CARTESIAN_POINT ( 'NONE',  ( -27.72289509339417179, -1.499999999999999556, 17.82965027890643839 ) ) ;
#49 = FACE_OUTER_BOUND ( 'NONE', #367, .T. ) ;
#50 = DIRECTION ( 'NONE',  ( 0.000000000000000000, 0.000000000000000000, 1.000000000000000000 ) ) ;
#51 = EDGE_LOOP ( 'NONE', ( #3561, #519, #2889, #2963 ) ) ;
#52 = ADVANCED_FACE ( 'NONE', ( #148 ), #1198, .T. ) ;
#53 = AXIS2_PLACEMENT_3D ( 'NONE', #1698, #1370, #1405 ) ;
#54 = AXIS2_PLACEMENT_3D ( 'NONE', #1416, #649, #3334 ) ;
#55 = CARTESIAN_POINT ( 'NONE',  ( -18.50186364198975753, -1.500000000000000000, 20.37971968835483239 ) ) ;
#56 = AXIS2_PLACEMENT_3D ( 'NONE', #790, #1965, #829 ) ;
#57 = ORIENTED_EDGE ( 'NONE', *, *, #3318, .F. ) ;
#58 = CARTESIAN_POINT ( 'NONE',  ( 2.656435478561623764, -1.499999999999999556, 24.29243924875190075 ) ) ;
#59 = ORIENTED_EDGE ( 'NONE', *, *, #62, .T. ) ;
#60 = CIRCLE ( 'NONE', #2057, 24.17999999999474880 ) ;
#61 = LINE ( 'NONE', #342, #1554 ) ;
#62 = EDGE_CURVE ( 'NONE', #1389, #665, #1569, .T. ) ;
#63 = DIRECTION ( 'NONE',  ( 0.000000000000000000, 0.000000000000000000, 1.000000000000000000 ) ) ;
#64 = ORIENTED_EDGE ( 'NONE', *, *, #1745, .F. ) ;
#65 = CARTESIAN_POINT ( 'NONE',  ( -32.50575565983485404, -1.500000000000000000, 2.238797844756622357 ) ) ;
#66 = CARTESIAN_POINT ( 'NONE',  ( 15.97074705005230300, 4.500000000000000888, 11.14260549711014470 ) ) ;
#67 = FACE_OUTER_BOUND ( 'NONE', #1445, .T. ) ;
#68 = ORIENTED_EDGE ( 'NONE', *, *, #1816, .T. ) ;
#69 = ADVANCED_FACE ( 'NONE', ( #3471 ), #3254, .T. ) ;
#70 = DIRECTION ( 'NONE',  ( -0.000000000000000000, -1.000000000000000000, -0.000000000000000000 ) ) ;
#71 = LINE ( 'NONE', #847, #2738 ) ;
#72 = VERTEX_POINT ( 'NONE', #1069 ) ;
#73 = CIRCLE ( 'NONE', #1496, 28.50000000000000355 ) ;
#74 = CARTESIAN_POINT ( 'NONE',  ( -28.54218338308801961, -1.499999999999999556, -7.294963236017376396 ) ) ;
#75 = ORIENTED_EDGE ( 'NONE', *, *, #1023, .T. ) ;
#76 = CARTESIAN_POINT ( 'NONE',  ( 19.01680441295717827, -1.500000000000000000, -11.59477800376214773 ) ) ;
#77 = ORIENTED_EDGE ( 'NONE', *, *, #2545, .F. ) ;
#78 = CARTESIAN_POINT ( 'NONE',  ( -26.94844510275280314, -1.500000000000000000, -11.14264848281069220 ) ) ;
#79 = DIRECTION ( 'NONE',  ( 0.000000000000000000, 0.000000000000000000, 1.000000000000000000 ) ) ;
#80 = ORIENTED_EDGE ( 'NONE', *, *, #1314, .F. ) ;
#81 = CARTESIAN_POINT ( 'NONE',  ( 1.806349775965041760, 4.500000000000000888, 23.05323151913155755 ) ) ;
#82 = DIRECTION ( 'NONE',  ( 0.000000000000000000, 0.000000000000000000, 1.000000000000000000 ) ) ;
#83 = CARTESIAN_POINT ( 'NONE',  ( -28.54210203833218529, -1.500000000000000000, 7.295177309464720317 ) ) ;
#84 = VECTOR ( 'NONE', #1339, 1000.000000000000000 ) ;
#85 = CARTESIAN_POINT ( 'NONE',  ( -12.78379076951759252, -1.500000000000000000, 23.05331286388756240 ) ) ;
#86 = VERTEX_POINT ( 'NONE', #2725 ) ;
#87 = CARTESIAN_POINT ( 'NONE',  ( -18.50209088848757233, -1.500000000000000000, -20.37961756925126622 ) ) ;
#88 = VECTOR ( 'NONE', #883, 1000.000000000000000 ) ;
#89 = DIRECTION ( 'NONE',  ( 0.000000000000000000, 0.000000000000000000, 1.000000000000000000 ) ) ;
#90 = VERTEX_POINT ( 'NONE', #3544 ) ;
#91 = EDGE_CURVE ( 'NONE', #344, #3069, #1915, .T. ) ;
#92 = FACE_OUTER_BOUND ( 'NONE', #840, .T. ) ;
#93 = ORIENTED_EDGE ( 'NONE', *, *, #2831, .F. ) ;
#94 = DIRECTION ( 'NONE',  ( 0.000000000000000000, 0.000000000000000000, 1.000000000000000000 ) ) ;
#95 = DIRECTION ( 'NONE',  ( 0.000000000000000000, 0.000000000000000000, 1.000000000000000000 ) ) ;
#96 = ORIENTED_EDGE ( 'NONE', *, *, #1809, .F. ) ;
#97 = CARTESIAN_POINT ( 'NONE',  ( 7.524165589289098399, -1.500000000000000000, -20.37976267405506903 ) ) ;
#98 = CARTESIAN_POINT ( 'NONE',  ( -6.568849026351939457, 4.500000000000000888, -24.15589034494780307 ) ) ;
#99 = CARTESIAN_POINT ( 'NONE',  ( 16.78906878111621737, -1.499999999999999556, -15.44734923044364905 ) ) ;
#100 = CARTESIAN_POINT ( 'NONE',  ( 21.06912270265101128, 4.500000000000000888, 10.34039134424517492 ) ) ;
#101 = ORIENTED_EDGE ( 'NONE', *, *, #2839, .T. ) ;
#102 = EDGE_CURVE ( 'NONE', #3216, #2407, #2187, .T. ) ;
#103 = CARTESIAN_POINT ( 'NONE',  ( 4.851563810744874417, 4.500000000000000888, -26.55799322185150402 ) ) ;
#104 = CARTESIAN_POINT ( 'NONE',  ( 21.06912270265101128, 4.500000000000000888, 10.34039134424517492 ) ) ;
#105 = B_SPLINE_SURFACE_WITH_KNOTS ( 'NONE', 3, 1, ( 
 ( #2682, #2987 ),
 ( #1588, #1552 ),
 ( #1313, #1294 ),
 ( #2109, #1824 ) ),
 .UNSPECIFIED., .F., .F., .F.,
 ( 4, 4 ),
 ( 2, 2 ),
 ( 0.1547128134717859205, 1.000000000000000000 ),
 ( 0.000000000000000000, 1.000000000000000000 ),
 .UNSPECIFIED. ) ;
#106 = ORIENTED_EDGE ( 'NONE', *, *, #1599, .T. ) ;
#107 = DIRECTION ( 'NONE',  ( 0.000000000000000000, 0.000000000000000000, 1.000000000000000000 ) ) ;
#108 = ORIENTED_EDGE ( 'NONE', *, *, #2717, .F. ) ;
#109 = EDGE_CURVE ( 'NONE', #2225, #1591, #365, .T. ) ;
#110 = AXIS2_PLACEMENT_3D ( 'NONE', #460, #2918, #3478 ) ;
#111 = AXIS2_PLACEMENT_3D ( 'NONE', #1627, #2494, #3570 ) ;
#112 = DIRECTION ( 'NONE',  ( 0.000000000000000000, 1.000000000000000000, 0.000000000000000000 ) ) ;
#113 = DIRECTION ( 'NONE',  ( 0.000000000000000000, 0.000000000000000000, 1.000000000000000000 ) ) ;
#114 = ORIENTED_EDGE ( 'NONE', *, *, #2228, .T. ) ;
#115 = PRESENTATION_STYLE_ASSIGNMENT (( #2576 ) ) ;
#116 = EDGE_CURVE ( 'NONE', #1572, #1903, #3315, .T. ) ;
#117 = CARTESIAN_POINT ( 'NONE',  ( -7.727668363957083564, 4.500000000000000888, -27.01692812633463348 ) ) ;
#118 = CARTESIAN_POINT ( 'NONE',  ( -10.34599396699874241, -1.500000000000000000, -26.67160884831726975 ) ) ;
#119 = EDGE_CURVE ( 'NONE', #1690, #3555, #3018, .T. ) ;
#120 = PLANE ( 'NONE',  #3281 ) ;
#121 = VERTEX_POINT ( 'NONE', #1577 ) ;
#122 = DIRECTION ( 'NONE',  ( 0.000000000000000000, 0.000000000000000000, 1.000000000000000000 ) ) ;
#123 = CARTESIAN_POINT ( 'NONE',  ( 11.47639684385719150, -1.499999999999999556, -19.20027516595664352 ) ) ;
#124 = CARTESIAN_POINT ( 'NONE',  ( -5.488849026350334448, 4.500000000000000888, -2.149285012149996658E-05 ) ) ;
#125 = VERTEX_POINT ( 'NONE', #2152 ) ;
#126 = CIRCLE ( 'NONE', #2720, 24.17999999999474880 ) ;
#127 = CARTESIAN_POINT ( 'NONE',  ( -29.99450246565784184, 4.500000000000000888, 11.59473501806192886 ) ) ;
#128 = FACE_OUTER_BOUND ( 'NONE', #2870, .T. ) ;
#129 = EDGE_CURVE ( 'NONE', #2976, #295, #2893, .T. ) ;
#130 = ORIENTED_EDGE ( 'NONE', *, *, #3107, .F. ) ;
#131 = VERTEX_POINT ( 'NONE', #253 ) ;
#132 = CARTESIAN_POINT ( 'NONE',  ( -10.69764804387823887, -1.500000000000000000, 23.61228065655382835 ) ) ;
#133 = CARTESIAN_POINT ( 'NONE',  ( -33.65893363520208936, 4.500000000000000888, -4.323947154807512128 ) ) ;
#134 = EDGE_CURVE ( 'NONE', #2405, #2158, #3307, .T. ) ;
#135 = CARTESIAN_POINT ( 'NONE',  ( -10.69764804387823887, 4.500000000000000888, 23.61228065655382835 ) ) ;
#136 = DIRECTION ( 'NONE',  ( 0.000000000000000000, 0.000000000000000000, 1.000000000000000000 ) ) ;
#137 = PRODUCT_DEFINITION_SHAPE ( 'NONE', 'NONE',  #2172 ) ;
#138 = CARTESIAN_POINT ( 'NONE',  ( 16.74519704069359705, 4.500000000000000888, 17.82965027890631760 ) ) ;
#139 = VERTEX_POINT ( 'NONE', #201 ) ;
#140 =( GEOMETRIC_REPRESENTATION_CONTEXT ( 3 ) GLOBAL_UNCERTAINTY_ASSIGNED_CONTEXT ( ( #1203 ) ) GLOBAL_UNIT_ASSIGNED_CONTEXT ( ( #456, #1506, #3165 ) ) REPRESENTATION_CONTEXT ( 'NONE', 'WORKASPACE' ) );
#141 = CARTESIAN_POINT ( 'NONE',  ( -17.05842792224131443, -1.499999999999999556, 24.51671565222315152 ) ) ;
#142 = DIRECTION ( 'NONE',  ( 0.000000000000000000, 0.000000000000000000, -1.000000000000000000 ) ) ;
#143 = DIRECTION ( 'NONE',  ( -0.000000000000000000, -1.000000000000000000, -0.000000000000000000 ) ) ;
#144 = ORIENTED_EDGE ( 'NONE', *, *, #2785, .F. ) ;
#145 = AXIS2_PLACEMENT_3D ( 'NONE', #2382, #1844, #195 ) ;
#146 = DIRECTION ( 'NONE',  ( -0.000000000000000000, -1.000000000000000000, -0.000000000000000000 ) ) ;
#147 = ORIENTED_EDGE ( 'NONE', *, *, #586, .F. ) ;
#148 = FACE_OUTER_BOUND ( 'NONE', #2798, .T. ) ;
#149 = ORIENTED_EDGE ( 'NONE', *, *, #681, .T. ) ;
#150 = CARTESIAN_POINT ( 'NONE',  ( -9.812774688307740689, -1.500000000000000000, 28.17006311600162860 ) ) ;
#151 = DIRECTION ( 'NONE',  ( 0.000000000000000000, 0.000000000000000000, -1.000000000000000000 ) ) ;
#152 = CIRCLE ( 'NONE', #266, 24.17999999999474880 ) ;
#153 = CARTESIAN_POINT ( 'NONE',  ( 21.06912270265106102, 4.500000000000000888, 10.34039134424505413 ) ) ;
#154 = CARTESIAN_POINT ( 'NONE',  ( 11.47639684385719150, 4.500000000000000888, -19.20027516595664352 ) ) ;
#155 = FACE_OUTER_BOUND ( 'NONE', #2279, .T. ) ;
#156 = ORIENTED_EDGE ( 'NONE', *, *, #3487, .F. ) ;
#157 = CARTESIAN_POINT ( 'NONE',  ( -5.488849026350334448, 4.500000000000000888, -2.149285012149996658E-05 ) ) ;
#158 = EDGE_CURVE ( 'NONE', #1795, #121, #2384, .T. ) ;
#159 = CARTESIAN_POINT ( 'NONE',  ( 56.51115097364966289, 4.500000000000000888, -3.000021494369649044 ) ) ;
#160 = DIRECTION ( 'NONE',  ( 0.000000000000000000, 0.000000000000000000, 1.000000000000000000 ) ) ;
#161 = ORIENTED_EDGE ( 'NONE', *, *, #1282, .T. ) ;
#162 = CARTESIAN_POINT ( 'NONE',  ( -16.63147601631060013, 4.500000000000000888, 21.45957458355250225 ) ) ;
#163 = ORIENTED_EDGE ( 'NONE', *, *, #3575, .F. ) ;
#164 = CARTESIAN_POINT ( 'NONE',  ( 16.74519704069354731, -1.500000000000000000, -17.82969326460661819 ) ) ;
#165 = EDGE_LOOP ( 'NONE', ( #2978, #2193, #1082, #1235 ) ) ;
#166 = CIRCLE ( 'NONE', #3455, 24.17999999999474525 ) ;
#167 = CARTESIAN_POINT ( 'NONE',  ( -26.15854876511650318, 4.500000000000000888, 17.54218309334801873 ) ) ;
#168 = CARTESIAN_POINT ( 'NONE',  ( 4.851563810744874417, 4.500000000000000888, -26.55799322185150402 ) ) ;
#169 = EDGE_CURVE ( 'NONE', #2017, #1540, #540, .T. ) ;
#170 = VECTOR ( 'NONE', #3006, 1000.000000000000000 ) ;
#171 = CARTESIAN_POINT ( 'NONE',  ( 20.31616550725843240, -1.499999999999999556, 9.456064040667973458 ) ) ;
#172 = CARTESIAN_POINT ( 'NONE',  ( -29.64472991964541748, 4.500000000000000888, -1.079752139209572803 ) ) ;
#173 = EDGE_CURVE ( 'NONE', #946, #3289, #1390, .T. ) ;
#174 = CARTESIAN_POINT ( 'NONE',  ( 6.105907484561697629, 4.500000000000000888, 24.50563194645739173 ) ) ;
#175 = EDGE_LOOP ( 'NONE', ( #885, #1266, #887, #594 ) ) ;
#176 = EDGE_CURVE ( 'NONE', #2973, #2153, #1566, .T. ) ;
#177 = CARTESIAN_POINT ( 'NONE',  ( -14.61823179561934438, 4.500000000000000888, 25.52682318656443528 ) ) ;
#178 = CARTESIAN_POINT ( 'NONE',  ( 6.105907484561697629, -1.500000000000000000, 24.50563194645739173 ) ) ;
#179 = CARTESIAN_POINT ( 'NONE',  ( 56.51115097364966289, 4.500000000000000888, 7.999978505002538043 ) ) ;
#180 = FACE_OUTER_BOUND ( 'NONE', #301, .T. ) ;
#181 = EDGE_LOOP ( 'NONE', ( #3301, #3029, #163, #1340 ) ) ;
#182 = CARTESIAN_POINT ( 'NONE',  ( -9.812774688307900561, -1.500000000000000000, -28.17010610170184748 ) ) ;
#183 = ORIENTED_EDGE ( 'NONE', *, *, #3212, .T. ) ;
#184 = ORIENTED_EDGE ( 'NONE', *, *, #2074, .F. ) ;
#185 = ORIENTED_EDGE ( 'NONE', *, *, #1439, .F. ) ;
#186 = VECTOR ( 'NONE', #2591, 1000.000000000000000 ) ;
#187 = CARTESIAN_POINT ( 'NONE',  ( 15.97074705005229234, -1.500000000000000000, 11.14260549711014114 ) ) ;
#188 = CARTESIAN_POINT ( 'NONE',  ( 7.524392835787080180, 4.500000000000000888, 20.37957458355090878 ) ) ;
#189 = CYLINDRICAL_SURFACE ( 'NONE', #1810, 24.17999999999474880 ) ;
#190 =( LENGTH_UNIT ( ) NAMED_UNIT ( * ) SI_UNIT ( .MILLI., .METRE. ) );
#191 = CARTESIAN_POINT ( 'NONE',  ( -5.488849026350334448, -1.500000000000000000, -2.149285012149996658E-05 ) ) ;
#192 = ORIENTED_EDGE ( 'NONE', *, *, #2566, .F. ) ;
#193 = CARTESIAN_POINT ( 'NONE',  ( -13.60129457066705783, -1.499999999999999556, 24.32435444646826284 ) ) ;
#194 = VECTOR ( 'NONE', #1348, 1000.000000000000000 ) ;
#195 = DIRECTION ( 'NONE',  ( 0.000000000000000000, 0.000000000000000000, 1.000000000000000000 ) ) ;
#196 = ORIENTED_EDGE ( 'NONE', *, *, #1993, .T. ) ;
#197 = CLOSED_SHELL ( 'NONE', ( #3105, #2220, #2348, #433, #1821, #1970, #2657, #1088, #3051, #69, #268, #348, #1964, #1007, #2595, #1771, #2940, #546, #1200, #462, #1647, #3199, #1003, #755, #3480, #3061, #635, #1574, #1171, #2712, #2884, #52, #1328, #2497, #2959, #2416, #2398, #2503, #2815, #2331, #3312, #489, #3037, #1228, #3178, #838, #3130, #2038, #991, #2692, #363, #1653, #1167, #2132, #261, #2777, #2335, #955, #2974, #1625, #2512, #3158, #2390, #783, #1590, #277, #854, #3423, #483, #315, #2103, #2285, #2369, #568, #2944, #3266, #3377, #2063, #3260, #3429, #1730, #550, #2214, #325, #1432, #223, #910, #1276, #826, #1700, #1048, #1509, #936, #2849, #746, #219, #2453 ) ) ;
#198 = EDGE_CURVE ( 'NONE', #131, #2767, #2558, .T. ) ;
#199 = CARTESIAN_POINT ( 'NONE',  ( -4.408849026348733879, 4.500000000000000888, 24.15584735924754867 ) ) ;
#200 = VERTEX_POINT ( 'NONE', #2445 ) ;
#201 = CARTESIAN_POINT ( 'NONE',  ( -33.81817558971054893, -1.500000000000000000, -3.114384423931467971 ) ) ;
#202 = ORIENTED_EDGE ( 'NONE', *, *, #158, .T. ) ;
#203 = CARTESIAN_POINT ( 'NONE',  ( -5.488849026350334448, 4.500000000000000888, -2.149285012149996658E-05 ) ) ;
#204 = AXIS2_PLACEMENT_3D ( 'NONE', #923, #3175, #142 ) ;
#205 = CARTESIAN_POINT ( 'NONE',  ( -30.61059929316137840, -1.499999999999999556, 5.136582548612916632 ) ) ;
#206 = CARTESIAN_POINT ( 'NONE',  ( -16.63171530400598996, 4.500000000000000888, -21.45949332041453061 ) ) ;
#207 = CARTESIAN_POINT ( 'NONE',  ( 14.89089215485461182, 4.500000000000000888, 13.01299312278930920 ) ) ;
#208 = B_SPLINE_CURVE_WITH_KNOTS ( 'NONE', 3,
 ( #791, #3007, #3265, #2972 ),
 .UNSPECIFIED., .F., .F.,
 ( 4, 4 ),
 ( 0.000000000000000000, 0.8452273900860258760 ),
 .UNSPECIFIED. ) ;
#209 = DIRECTION ( 'NONE',  ( -0.000000000000000000, -1.000000000000000000, -0.000000000000000000 ) ) ;
#210 = LINE ( 'NONE', #1279, #2437 ) ;
#211 = EDGE_CURVE ( 'NONE', #2874, #72, #271, .T. ) ;
#212 = ORIENTED_EDGE ( 'NONE', *, *, #801, .T. ) ;
#213 = B_SPLINE_CURVE_WITH_KNOTS ( 'NONE', 3,
 ( #1398, #2210, #2229, #839 ),
 .UNSPECIFIED., .F., .F.,
 ( 4, 4 ),
 ( 0.1547128134717859205, 1.000000000000000000 ),
 .UNSPECIFIED. ) ;
#214 = ORIENTED_EDGE ( 'NONE', *, *, #173, .F. ) ;
#215 = DIRECTION ( 'NONE',  ( 0.000000000000000000, 1.000000000000000000, 0.000000000000000000 ) ) ;
#216 = VERTEX_POINT ( 'NONE', #3 ) ;
#217 = CARTESIAN_POINT ( 'NONE',  ( 15.86771143042667376, -1.500000000000000000, -14.15511365094866392 ) ) ;
#218 = EDGE_LOOP ( 'NONE', ( #1812, #3449, #2478, #2714 ) ) ;
#219 = ADVANCED_FACE ( 'NONE', ( #1085 ), #2689, .F. ) ;
#220 = CARTESIAN_POINT ( 'NONE',  ( -28.54210203833201476, 4.500000000000000888, 7.295177309465270987 ) ) ;
#221 = DIRECTION ( 'NONE',  ( -0.000000000000000000, -1.000000000000000000, -0.000000000000000000 ) ) ;
#222 = DIRECTION ( 'NONE',  ( -0.000000000000000000, -1.000000000000000000, -0.000000000000000000 ) ) ;
#223 = ADVANCED_FACE ( 'NONE', ( #765 ), #1597, .T. ) ;
#224 = FILL_AREA_STYLE ('',( #1873 ) ) ;
#225 = AXIS2_PLACEMENT_3D ( 'NONE', #3497, #1781, #2897 ) ;
#226 = AXIS2_PLACEMENT_3D ( 'NONE', #2957, #209, #2399 ) ;
#227 = CARTESIAN_POINT ( 'NONE',  ( -20.93617676394388738, -1.500000000000000000, -22.27793930031664615 ) ) ;
#229 = EDGE_CURVE ( 'NONE', #1156, #235, #289, .T. ) ;
#228 = CIRCLE ( 'NONE', #2113, 28.50000000000000355 ) ;
#230 = CARTESIAN_POINT ( 'NONE',  ( -15.82926186344550601, 4.500000000000000888, 26.55795023615127448 ) ) ;
#231 = CARTESIAN_POINT ( 'NONE',  ( -29.10115117575418964, 4.500000000000000888, -5.208820510378441959 ) ) ;
#232 = ORIENTED_EDGE ( 'NONE', *, *, #1865, .F. ) ;
#233 = VERTEX_POINT ( 'NONE', #1394 ) ;
#234 = CARTESIAN_POINT ( 'NONE',  ( -27.72289509339418601, -1.500000000000000000, 17.82965027890642418 ) ) ;
#235 = VERTEX_POINT ( 'NONE', #2835 ) ;
#236 = CARTESIAN_POINT ( 'NONE',  ( -22.35062972295058614, 4.500000000000000888, 22.97671351758510028 ) ) ;
#237 = EDGE_LOOP ( 'NONE', ( #28, #538, #2740, #3362 ) ) ;
#238 = CARTESIAN_POINT ( 'NONE',  ( -31.00572780695703301, -1.499999999999999556, 9.155001902242037914 ) ) ;
#239 = CARTESIAN_POINT ( 'NONE',  ( -1.164923364392769445, 4.500000000000000888, 28.17006311600160728 ) ) ;
#240 = DIRECTION ( 'NONE',  ( 0.000000000000000000, 0.000000000000000000, 1.000000000000000000 ) ) ;
#241 = EDGE_LOOP ( 'NONE', ( #3490, #806, #3207, #212 ) ) ;
#242 = CIRCLE ( 'NONE', #3240, 8.000000000000000000 ) ;
#243 = CARTESIAN_POINT ( 'NONE',  ( 14.89074705005069532, 4.500000000000000888, -13.01326335498752940 ) ) ;
#244 = EDGE_CURVE ( 'NONE', #1206, #946, #869, .T. ) ;
#245 = CARTESIAN_POINT ( 'NONE',  ( -32.04682075535166774, -1.500000000000000000, 10.34039134424520334 ) ) ;
#246 = FACE_OUTER_BOUND ( 'NONE', #2277, .T. ) ;
#247 = CARTESIAN_POINT ( 'NONE',  ( 6.080729869540658861, -1.500000000000000000, -24.51675863792339527 ) ) ;
#248 = VERTEX_POINT ( 'NONE', #1446 ) ;
#249 = EDGE_LOOP ( 'NONE', ( #2848, #759, #184, #1861 ) ) ;
#250 = CARTESIAN_POINT ( 'NONE',  ( -22.49815374884467190, -1.500000000000000000, -19.18779339070546897 ) ) ;
#251 = EDGE_LOOP ( 'NONE', ( #2827, #1047, #3453, #3572 ) ) ;
#252 = VECTOR ( 'NONE', #31, 1000.000000000000000 ) ;
#253 = CARTESIAN_POINT ( 'NONE',  ( 5.978696840408572299, 4.500000000000000888, 26.09107644866589126 ) ) ;
#254 = ORIENTED_EDGE ( 'NONE', *, *, #2916, .T. ) ;
#255 = CARTESIAN_POINT ( 'NONE',  ( -27.76676683381687027, -1.499999999999999556, 15.44730624474341596 ) ) ;
#256 = CARTESIAN_POINT ( 'NONE',  ( -0.6317040857019414757, -1.499999999999999556, 26.67156586261702245 ) ) ;
#257 = DIRECTION ( 'NONE',  ( 0.000000000000000000, 1.000000000000000000, 0.000000000000000000 ) ) ;
#258 = ORIENTED_EDGE ( 'NONE', *, *, #307, .T. ) ;
#259 = CARTESIAN_POINT ( 'NONE',  ( -26.17577124904435948, 4.500000000000000888, -17.52077504459753499 ) ) ;
#260 = CARTESIAN_POINT ( 'NONE',  ( -12.78379076951759252, 4.500000000000000888, 23.05331286388756240 ) ) ;
#261 = ADVANCED_FACE ( 'NONE', ( #92 ), #1610, .F. ) ;
#262 = B_SPLINE_SURFACE_WITH_KNOTS ( 'NONE', 3, 1, ( 
 ( #1490, #3202 ),
 ( #2359, #2914 ),
 ( #2635, #984 ),
 ( #949, #1817 ) ),
 .UNSPECIFIED., .F., .F., .F.,
 ( 4, 4 ),
 ( 2, 2 ),
 ( 0.000000000000000000, 0.8452273900860258760 ),
 ( 0.000000000000000000, 1.000000000000000000 ),
 .UNSPECIFIED. ) ;
#263 = LINE ( 'NONE', #810, #904 ) ;
#264 = LINE ( 'NONE', #2495, #3104 ) ;
#265 = ORIENTED_EDGE ( 'NONE', *, *, #3372, .T. ) ;
#266 = AXIS2_PLACEMENT_3D ( 'NONE', #1361, #1073, #559 ) ;
#267 = VERTEX_POINT ( 'NONE', #1988 ) ;
#268 = ADVANCED_FACE ( 'NONE', ( #40 ), #2531, .F. ) ;
#269 = DIRECTION ( 'NONE',  ( 0.000000000000000000, 0.000000000000000000, -1.000000000000000000 ) ) ;
#270 = ORIENTED_EDGE ( 'NONE', *, *, #375, .F. ) ;
#271 = LINE ( 'NONE', #1356, #1681 ) ;
#272 = VERTEX_POINT ( 'NONE', #1375 ) ;
#273 = LINE ( 'NONE', #2747, #2701 ) ;
#274 = CARTESIAN_POINT ( 'NONE',  ( -29.10109309280538525, -1.499999999999999556, 5.209040816808348850 ) ) ;
#275 = CARTESIAN_POINT ( 'NONE',  ( 11.37293167025091734, 4.500000000000000888, 22.97671351758435776 ) ) ;
#276 = EDGE_LOOP ( 'NONE', ( #1528, #437, #1951, #2721 ) ) ;
#277 = ADVANCED_FACE ( 'NONE', ( #623 ), #1703, .T. ) ;
#278 = CARTESIAN_POINT ( 'NONE',  ( -15.82926186344565167, 4.500000000000000888, -26.55799322185145783 ) ) ;
#279 = CARTESIAN_POINT ( 'NONE',  ( -26.15854876511650318, -1.499999999999999556, 17.54218309334801873 ) ) ;
#280 = LINE ( 'NONE', #3022, #2349 ) ;
#281 = VECTOR ( 'NONE', #385, 1000.000000000000000 ) ;
#282 = EDGE_CURVE ( 'NONE', #560, #2731, #922, .T. ) ;
#283 = VECTOR ( 'NONE', #3389, 1000.000000000000000 ) ;
#284 = CARTESIAN_POINT ( 'NONE',  ( 56.51115097364966289, 4.500000000000000888, -2.149499746348640849E-05 ) ) ;
#285 = EDGE_CURVE ( 'NONE', #3125, #1760, #3039, .T. ) ;
#286 = CARTESIAN_POINT ( 'NONE',  ( 17.48788598408414430, 4.500000000000000888, -16.86180218945136744 ) ) ;
#287 = VERTEX_POINT ( 'NONE', #3086 ) ;
#288 = EDGE_CURVE ( 'NONE', #696, #3289, #2481, .T. ) ;
#289 = B_SPLINE_CURVE_WITH_KNOTS ( 'NONE', 3,
 ( #304, #355, #607, #589 ),
 .UNSPECIFIED., .F., .F.,
 ( 4, 4 ),
 ( 0.1547128134717859205, 1.000000000000000000 ),
 .UNSPECIFIED. ) ;
#290 = CARTESIAN_POINT ( 'NONE',  ( 3.666174368741809797, -1.499999999999999556, 25.51685728775659001 ) ) ;
#291 = ORIENTED_EDGE ( 'NONE', *, *, #2194, .F. ) ;
#292 = CARTESIAN_POINT ( 'NONE',  ( -28.46558403678481497, 4.500000000000000888, 16.86175920375113080 ) ) ;
#293 = DIRECTION ( 'NONE',  ( -0.000000000000000000, -1.000000000000000000, -0.000000000000000000 ) ) ;
#294 = CARTESIAN_POINT ( 'NONE',  ( -29.64471787844801653, 4.500000000000000888, 1.079978507151481804 ) ) ;
#295 = VERTEX_POINT ( 'NONE', #2262 ) ;
#296 = LINE ( 'NONE', #1624, #252 ) ;
#297 = LINE ( 'NONE', #530, #2988 ) ;
#298 = AXIS2_PLACEMENT_3D ( 'NONE', #1863, #1575, #2975 ) ;
#299 = DIRECTION ( 'NONE',  ( -0.000000000000000000, -1.000000000000000000, -0.000000000000000000 ) ) ;
#300 = CARTESIAN_POINT ( 'NONE',  ( -2.374486095268816932, -1.500000000000000000, 28.32930507051007751 ) ) ;
#301 = EDGE_LOOP ( 'NONE', ( #1942, #1779, #3073, #2303 ) ) ;
#302 = CARTESIAN_POINT ( 'NONE',  ( -32.04682075535173880, 4.500000000000000888, -10.34043432994529255 ) ) ;
#303 = ORIENTED_EDGE ( 'NONE', *, *, #116, .T. ) ;
#304 = CARTESIAN_POINT ( 'NONE',  ( -23.33330302080391405, -1.500000000000000000, -16.31712483993889506 ) ) ;
#305 = ORIENTED_EDGE ( 'NONE', *, *, #1586, .F. ) ;
#306 = VECTOR ( 'NONE', #1157, 1000.000000000000000 ) ;
#307 = EDGE_CURVE ( 'NONE', #1987, #2841, #555, .T. ) ;
#308 = CARTESIAN_POINT ( 'NONE',  ( -26.15854876511650318, -1.500000000000000000, 17.54218309334801873 ) ) ;
#309 = PRESENTATION_LAYER_ASSIGNMENT (  '', '', ( #2492 ) ) ;
#310 = DIRECTION ( 'NONE',  ( -0.000000000000000000, -1.000000000000000000, -0.000000000000000000 ) ) ;
#311 = ORIENTED_EDGE ( 'NONE', *, *, #2013, .T. ) ;
#312 = EDGE_CURVE ( 'NONE', #86, #654, #3250, .T. ) ;
#313 = CARTESIAN_POINT ( 'NONE',  ( 4.851563810744841554, 4.500000000000000888, -26.55799322185151823 ) ) ;
#314 = CARTESIAN_POINT ( 'NONE',  ( -19.62048144529864402, 4.500000000000000888, 21.39586602607567656 ) ) ;
#315 = ADVANCED_FACE ( 'NONE', ( #2224 ), #3326, .F. ) ;
#316 = CARTESIAN_POINT ( 'NONE',  ( -22.35062972295145656, 4.500000000000000888, 22.97671351758445368 ) ) ;
#317 = CARTESIAN_POINT ( 'NONE',  ( 5.653777963609929458, 4.500000000000000888, -21.45961756925274955 ) ) ;
#318 = VERTEX_POINT ( 'NONE', #3047 ) ;
#319 = EDGE_CURVE ( 'NONE', #642, #1156, #2608, .T. ) ;
#320 = CARTESIAN_POINT ( 'NONE',  ( -5.488849026350334448, 4.500000000000000888, -2.149285012149996658E-05 ) ) ;
#321 = ORIENTED_EDGE ( 'NONE', *, *, #477, .F. ) ;
#322 = CARTESIAN_POINT ( 'NONE',  ( 3.640533742918683480, -1.500000000000000000, -25.52686617226466836 ) ) ;
#323 = ORIENTED_EDGE ( 'NONE', *, *, #613, .F. ) ;
#324 = CYLINDRICAL_SURFACE ( 'NONE', #636, 24.17999999999474880 ) ;
#325 = ADVANCED_FACE ( 'NONE', ( #2905 ), #1754, .T. ) ;
#326 = CARTESIAN_POINT ( 'NONE',  ( -5.488849026350334448, 4.500000000000000888, -2.149285012149996658E-05 ) ) ;
#327 = EDGE_LOOP ( 'NONE', ( #3521, #1188, #321, #536 ) ) ;
#328 = DIRECTION ( 'NONE',  ( 0.000000000000000000, 0.000000000000000000, -1.000000000000000000 ) ) ;
#329 = CARTESIAN_POINT ( 'NONE',  ( 20.60224891516562806, 4.500000000000000888, -11.46756735960912899 ) ) ;
#330 = CARTESIAN_POINT ( 'NONE',  ( -24.67662092420568598, -1.499999999999999556, 17.00928322964421113 ) ) ;
#331 = EDGE_LOOP ( 'NONE', ( #1629, #3034, #3467, #265 ) ) ;
#332 = CARTESIAN_POINT ( 'NONE',  ( 12.35542302072888887, -1.499999999999999556, -16.31732381613791816 ) ) ;
#333 = CARTESIAN_POINT ( 'NONE',  ( 7.524165589289098399, -1.500000000000000000, -20.37976267405506903 ) ) ;
#334 = ORIENTED_EDGE ( 'NONE', *, *, #3531, .F. ) ;
#335 = AXIS2_PLACEMENT_3D ( 'NONE', #2217, #2256, #830 ) ;
#336 = CARTESIAN_POINT ( 'NONE',  ( -28.54210203833218529, 4.500000000000000888, 7.295177309464720317 ) ) ;
#337 = CIRCLE ( 'NONE', #3110, 28.50000000000000000 ) ;
#338 = ORIENTED_EDGE ( 'NONE', *, *, #1241, .F. ) ;
#339 = UNCERTAINTY_MEASURE_WITH_UNIT (LENGTH_MEASURE( 1.000000000000000082E-05 ), #190, 'distance_accuracy_value', 'NONE');
#340 = CARTESIAN_POINT ( 'NONE',  ( -5.488849026350334448, 4.500000000000000888, 2.999978507149879015 ) ) ;
#341 = ORIENTED_EDGE ( 'NONE', *, *, #91, .T. ) ;
#342 = CARTESIAN_POINT ( 'NONE',  ( 5.978696840408572299, 4.500000000000000888, 26.09107644866589126 ) ) ;
#343 = CARTESIAN_POINT ( 'NONE',  ( -10.69791133600880428, 4.500000000000000888, -23.61226555930517179 ) ) ;
#344 = VERTEX_POINT ( 'NONE', #2367 ) ;
#345 = CYLINDRICAL_SURFACE ( 'NONE', #1969, 24.17999999999475236 ) ;
#346 = DIRECTION ( 'NONE',  ( -0.000000000000000000, -1.000000000000000000, -0.000000000000000000 ) ) ;
#347 = CARTESIAN_POINT ( 'NONE',  ( -31.08404736372862587, 4.500000000000000888, -1.540430405140194692 ) ) ;
#348 = ADVANCED_FACE ( 'NONE', ( #3156 ), #430, .T. ) ;
#349 = CARTESIAN_POINT ( 'NONE',  ( 8.642783392597976899, 4.500000000000000888, -21.39590901177591675 ) ) ;
#350 = ORIENTED_EDGE ( 'NONE', *, *, #1288, .T. ) ;
#351 = AXIS2_PLACEMENT_3D ( 'NONE', #2156, #1582, #1072 ) ;
#352 = CARTESIAN_POINT ( 'NONE',  ( -16.90662684032815477, -1.499999999999999556, 22.93692813736161185 ) ) ;
#353 = DIRECTION ( 'NONE',  ( 0.000000000000000000, 1.000000000000000000, 0.000000000000000000 ) ) ;
#354 = VERTEX_POINT ( 'NONE', #1500 ) ;
#355 = CARTESIAN_POINT ( 'NONE',  ( -24.68910269945685698, -1.500000000000000000, -16.96526736305765581 ) ) ;
#356 = VERTEX_POINT ( 'NONE', #1517 ) ;
#357 = CARTESIAN_POINT ( 'NONE',  ( -24.67662092420568598, -1.500000000000000000, 17.00928322964421113 ) ) ;
#358 = FACE_OUTER_BOUND ( 'NONE', #2613, .T. ) ;
#359 = ORIENTED_EDGE ( 'NONE', *, *, #3511, .F. ) ;
#360 = B_SPLINE_SURFACE_WITH_KNOTS ( 'NONE', 3, 1, ( 
 ( #230, #2144 ),
 ( #177, #3553 ),
 ( #1331, #193 ),
 ( #1278, #1611 ) ),
 .UNSPECIFIED., .F., .F., .F.,
 ( 4, 4 ),
 ( 2, 2 ),
 ( 0.000000000000000000, 0.8452273900860258760 ),
 ( 0.000000000000000000, 1.000000000000000000 ),
 .UNSPECIFIED. ) ;
#361 = CARTESIAN_POINT ( 'NONE',  ( -28.46558403678491089, 4.500000000000000888, -16.86180218945124665 ) ) ;
#362 = CARTESIAN_POINT ( 'NONE',  ( 12.34082274540610591, -1.500000000000000000, -22.23406755989405426 ) ) ;
#363 = ADVANCED_FACE ( 'NONE', ( #180 ), #1174, .F. ) ;
#364 = CARTESIAN_POINT ( 'NONE',  ( -26.94832085391474408, 4.500000000000000888, 11.14284478480553986 ) ) ;
#365 = CIRCLE ( 'NONE', #2851, 28.50000000000000355 ) ;
#366 = LINE ( 'NONE', #897, #1475 ) ;
#367 = EDGE_LOOP ( 'NONE', ( #1981, #2993, #3046, #114 ) ) ;
#368 = EDGE_CURVE ( 'NONE', #272, #3283, #446, .T. ) ;
#369 = CARTESIAN_POINT ( 'NONE',  ( 14.89074705005069532, -1.500000000000000000, -13.01326335498752940 ) ) ;
#370 = CIRCLE ( 'NONE', #3496, 28.50000000000000355 ) ;
#371 = DIRECTION ( 'NONE',  ( -0.000000000000000000, -1.000000000000000000, -0.000000000000000000 ) ) ;
#372 = VERTEX_POINT ( 'NONE', #2299 ) ;
#373 = DIRECTION ( 'NONE',  ( 0.000000000000000000, 0.000000000000000000, 1.000000000000000000 ) ) ;
#374 = ORIENTED_EDGE ( 'NONE', *, *, #2302, .T. ) ;
#375 = EDGE_CURVE ( 'NONE', #3375, #487, #2059, .T. ) ;
#376 = CARTESIAN_POINT ( 'NONE',  ( 5.928928787627477881, 4.500000000000000888, -22.93697112306185559 ) ) ;
#377 = B_SPLINE_SURFACE_WITH_KNOTS ( 'NONE', 3, 1, ( 
 ( #1601, #1208 ),
 ( #2313, #2350 ),
 ( #1497, #2606 ),
 ( #573, #2865 ) ),
 .UNSPECIFIED., .F., .F., .F.,
 ( 4, 4 ),
 ( 2, 2 ),
 ( 0.1547128134717859205, 1.000000000000000000 ),
 ( 0.000000000000000000, 1.000000000000000000 ),
 .UNSPECIFIED. ) ;
#378 = CARTESIAN_POINT ( 'NONE',  ( -1.164923364392945526, -1.499999999999999556, -28.17010610170187590 ) ) ;
#379 = ORIENTED_EDGE ( 'NONE', *, *, #1426, .T. ) ;
#380 = EDGE_CURVE ( 'NONE', #3101, #770, #2041, .T. ) ;
#381 = LINE ( 'NONE', #2232, #872 ) ;
#382 = DIRECTION ( 'NONE',  ( -0.000000000000000000, -1.000000000000000000, -0.000000000000000000 ) ) ;
#383 = EDGE_CURVE ( 'NONE', #2906, #1097, #2414, .T. ) ;
#384 = FACE_OUTER_BOUND ( 'NONE', #410, .T. ) ;
#385 = DIRECTION ( 'NONE',  ( -0.000000000000000000, -1.000000000000000000, -0.000000000000000000 ) ) ;
#386 = VERTEX_POINT ( 'NONE', #1195 ) ;
#387 = CARTESIAN_POINT ( 'NONE',  ( -33.81817558971054893, -1.500000000000000000, -3.114384423931467971 ) ) ;
#388 = B_SPLINE_CURVE_WITH_KNOTS ( 'NONE', 3,
 ( #2268, #875, #3387, #3111 ),
 .UNSPECIFIED., .F., .F.,
 ( 4, 4 ),
 ( 0.000000000000000000, 0.8452273900860258760 ),
 .UNSPECIFIED. ) ;
#389 = EDGE_CURVE ( 'NONE', #3314, #2520, #976, .T. ) ;
#390 = FACE_BOUND ( 'NONE', #3327, .T. ) ;
#391 = VERTEX_POINT ( 'NONE', #1774 ) ;
#392 = CARTESIAN_POINT ( 'NONE',  ( -7.700322056859242537, 4.500000000000000888, 27.01987517738370670 ) ) ;
#393 = VERTEX_POINT ( 'NONE', #1736 ) ;
#394 = AXIS2_PLACEMENT_3D ( 'NONE', #3280, #1946, #3336 ) ;
#395 = EDGE_CURVE ( 'NONE', #356, #1948, #1896, .T. ) ;
#396 = CARTESIAN_POINT ( 'NONE',  ( -29.99450246565784184, -1.500000000000000000, 11.59473501806192886 ) ) ;
#397 = CARTESIAN_POINT ( 'NONE',  ( 3.666174368741809797, -1.500000000000000000, 25.51685728775659001 ) ) ;
#398 = CARTESIAN_POINT ( 'NONE',  ( -5.488849026350334448, 4.500000000000000888, -2.149285012149996658E-05 ) ) ;
#399 = ORIENTED_EDGE ( 'NONE', *, *, #3556, .T. ) ;
#400 = PRODUCT_DEFINITION_FORMATION_WITH_SPECIFIED_SOURCE ( 'HERHANGÝ', '', #1470, .NOT_KNOWN. ) ;
#401 = CARTESIAN_POINT ( 'NONE',  ( 8.642783392597976899, -1.500000000000000000, -21.39590901177591675 ) ) ;
#402 = CARTESIAN_POINT ( 'NONE',  ( -2.374486095268995900, 4.500000000000000888, -28.32934805621033547 ) ) ;
#403 = CARTESIAN_POINT ( 'NONE',  ( -23.00960257809775911, -1.500000000000000000, 20.68690072984389872 ) ) ;
#404 = LINE ( 'NONE', #2846, #3398 ) ;
#405 = CARTESIAN_POINT ( 'NONE',  ( -29.64471787844803075, -1.500000000000000000, 1.079978507150981315 ) ) ;
#406 = ORIENTED_EDGE ( 'NONE', *, *, #7, .F. ) ;
#407 = CARTESIAN_POINT ( 'NONE',  ( -29.64472991964541748, -1.500000000000000000, -1.079752139209572803 ) ) ;
#408 = CARTESIAN_POINT ( 'NONE',  ( -15.82926186344456987, -1.500000000000000000, 26.55795023615164396 ) ) ;
#409 = CARTESIAN_POINT ( 'NONE',  ( -8.603211957431856405, -1.500000000000000000, -28.32934805621031416 ) ) ;
#410 = EDGE_LOOP ( 'NONE', ( #2631, #1053, #3139, #2029 ) ) ;
#411 = VECTOR ( 'NONE', #221, 1000.000000000000000 ) ;
#412 = VECTOR ( 'NONE', #1941, 1000.000000000000000 ) ;
#413 = CARTESIAN_POINT ( 'NONE',  ( 5.653777963609933011, 4.500000000000000888, -21.45961756925276021 ) ) ;
#414 = EDGE_LOOP ( 'NONE', ( #431, #1268, #926, #1785 ) ) ;
#415 = CARTESIAN_POINT ( 'NONE',  ( -10.69764804387823887, -1.500000000000000000, 23.61228065655382835 ) ) ;
#416 = VERTEX_POINT ( 'NONE', #2078 ) ;
#417 = EDGE_CURVE ( 'NONE', #2741, #1680, #756, .T. ) ;
#418 = DIRECTION ( 'NONE',  ( 0.000000000000000000, 1.000000000000000000, 0.000000000000000000 ) ) ;
#419 = CARTESIAN_POINT ( 'NONE',  ( -32.04682075535173880, 4.500000000000000888, -10.34043432994529788 ) ) ;
#420 = CARTESIAN_POINT ( 'NONE',  ( -4.408849026348733879, 4.500000000000000888, 24.15584735924754867 ) ) ;
#421 = EDGE_CURVE ( 'NONE', #1898, #3375, #1075, .T. ) ;
#422 = CARTESIAN_POINT ( 'NONE',  ( -32.50874569658416391, 4.500000000000000888, -2.211494523359009978 ) ) ;
#423 = VECTOR ( 'NONE', #571, 1000.000000000000000 ) ;
#424 = CARTESIAN_POINT ( 'NONE',  ( 20.31616550725843240, 4.500000000000000888, 9.456064040667973458 ) ) ;
#425 = ORIENTED_EDGE ( 'NONE', *, *, #368, .F. ) ;
#426 = AXIS2_PLACEMENT_3D ( 'NONE', #1164, #1979, #2808 ) ;
#427 = EDGE_CURVE ( 'NONE', #487, #1317, #2624, .T. ) ;
#428 = CARTESIAN_POINT ( 'NONE',  ( -17.08360553726237896, 4.500000000000000888, -24.50567493215763548 ) ) ;
#429 = CARTESIAN_POINT ( 'NONE',  ( -5.488849026350334448, -1.500000000000000000, -2.149285012149996658E-05 ) ) ;
#430 = CYLINDRICAL_SURFACE ( 'NONE', #2961, 28.50000000000000355 ) ;
#431 = ORIENTED_EDGE ( 'NONE', *, *, #2757, .T. ) ;
#432 = AXIS2_PLACEMENT_3D ( 'NONE', #1260, #3537, #2739 ) ;
#433 = ADVANCED_FACE ( 'NONE', ( #3138, #660, #2589 ), #1481, .T. ) ;
#434 = CARTESIAN_POINT ( 'NONE',  ( -29.64472991964541748, 4.500000000000000888, -1.079752139209572803 ) ) ;
#435 = ORIENTED_EDGE ( 'NONE', *, *, #3032, .F. ) ;
#436 = DIRECTION ( 'NONE',  ( -0.000000000000000000, -1.000000000000000000, -0.000000000000000000 ) ) ;
#437 = ORIENTED_EDGE ( 'NONE', *, *, #2126, .T. ) ;
#438 = FACE_OUTER_BOUND ( 'NONE', #848, .T. ) ;
#439 = CARTESIAN_POINT ( 'NONE',  ( -30.59937940146982882, -1.499999999999999556, -5.092228561345613080 ) ) ;
#440 = EDGE_CURVE ( 'NONE', #1521, #1447, #1419, .T. ) ;
#441 = CIRCLE ( 'NONE', #583, 28.50000000000000355 ) ;
#442 = DIRECTION ( 'NONE',  ( 0.000000000000000000, 1.000000000000000000, 0.000000000000000000 ) ) ;
#443 = DIRECTION ( 'NONE',  ( 0.000000000000000000, 1.000000000000000000, 0.000000000000000000 ) ) ;
#444 = CARTESIAN_POINT ( 'NONE',  ( -7.069238199785051968, 4.500000000000000888, -25.57289146492648158 ) ) ;
#445 = ORIENTED_EDGE ( 'NONE', *, *, #1019, .F. ) ;
#446 = B_SPLINE_CURVE_WITH_KNOTS ( 'NONE', 3,
 ( #959, #392, #2628, #3448 ),
 .UNSPECIFIED., .F., .F.,
 ( 4, 4 ),
 ( 0.000000000000000000, 0.8452273900860258760 ),
 .UNSPECIFIED. ) ;
#447 = CYLINDRICAL_SURFACE ( 'NONE', #226, 24.17999999999474880 ) ;
#448 = DIRECTION ( 'NONE',  ( 0.000000000000000000, 0.000000000000000000, 1.000000000000000000 ) ) ;
#449 = CARTESIAN_POINT ( 'NONE',  ( 12.34082274540610591, 4.500000000000000888, -22.23406755989405426 ) ) ;
#450 = DIRECTION ( 'NONE',  ( 0.000000000000000000, 1.000000000000000000, 0.000000000000000000 ) ) ;
#451 = ORIENTED_EDGE ( 'NONE', *, *, #3526, .T. ) ;
#452 = CARTESIAN_POINT ( 'NONE',  ( 5.653777963609929458, 4.500000000000000888, -21.45961756925274955 ) ) ;
#453 = ORIENTED_EDGE ( 'NONE', *, *, #1954, .T. ) ;
#454 = ORIENTED_EDGE ( 'NONE', *, *, #2274, .T. ) ;
#455 = ORIENTED_EDGE ( 'NONE', *, *, #1438, .T. ) ;
#456 =( LENGTH_UNIT ( ) NAMED_UNIT ( * ) SI_UNIT ( .MILLI., .METRE. ) );
#457 = FACE_OUTER_BOUND ( 'NONE', #249, .T. ) ;
#458 = CIRCLE ( 'NONE', #678, 28.50000000000000000 ) ;
#459 = CARTESIAN_POINT ( 'NONE',  ( -21.80595237343942472, -1.500000000000000000, 17.84443250160316907 ) ) ;
#460 = CARTESIAN_POINT ( 'NONE',  ( -5.488849026350334448, 4.500000000000000888, -2.149285012149996658E-05 ) ) ;
#461 = ORIENTED_EDGE ( 'NONE', *, *, #2890, .F. ) ;
#462 = ADVANCED_FACE ( 'NONE', ( #2095 ), #1546, .T. ) ;
#463 = FACE_OUTER_BOUND ( 'NONE', #218, .T. ) ;
#464 = CARTESIAN_POINT ( 'NONE',  ( -23.33330302080391405, 4.500000000000000888, -16.31712483993889506 ) ) ;
#465 = VERTEX_POINT ( 'NONE', #2620 ) ;
#466 = LINE ( 'NONE', #3505, #2553 ) ;
#467 = ORIENTED_EDGE ( 'NONE', *, *, #1212, .F. ) ;
#468 = CARTESIAN_POINT ( 'NONE',  ( -5.488849026350334448, 4.500000000000000888, -2.149285012149996658E-05 ) ) ;
#469 = ORIENTED_EDGE ( 'NONE', *, *, #950, .T. ) ;
#470 = CIRCLE ( 'NONE', #975, 24.17999999999474880 ) ;
#471 = CARTESIAN_POINT ( 'NONE',  ( -22.45409489655786572, -1.499999999999999556, 19.20023218025640332 ) ) ;
#472 = CARTESIAN_POINT ( 'NONE',  ( -2.374486095268990571, -1.500000000000000000, -28.32934805621033192 ) ) ;
#473 = EDGE_CURVE ( 'NONE', #3306, #3055, #3091, .T. ) ;
#474 = CARTESIAN_POINT ( 'NONE',  ( 19.47184343706675236, 4.500000000000000888, 8.675233254695498886 ) ) ;
#475 = B_SPLINE_CURVE_WITH_KNOTS ( 'NONE', 3,
 ( #2736, #2475, #314, #860 ),
 .UNSPECIFIED., .F., .F.,
 ( 4, 4 ),
 ( 0.000000000000000000, 0.8452273900860258760 ),
 .UNSPECIFIED. ) ;
#476 = SURFACE_STYLE_USAGE ( .BOTH. , #2655 ) ;
#477 = EDGE_CURVE ( 'NONE', #1362, #1848, #1550, .T. ) ;
#478 = CARTESIAN_POINT ( 'NONE',  ( 19.43553142416642032, 4.500000000000000888, -8.689077604523317788 ) ) ;
#479 = ORIENTED_EDGE ( 'NONE', *, *, #689, .T. ) ;
#480 = CARTESIAN_POINT ( 'NONE',  ( -5.488849026350334448, -1.500000000000000000, -2.149285012149996658E-05 ) ) ;
#481 = COLOUR_RGB ( '',0.7803921568627451011, 0.7607843137254901578, 0.7411764705882353255 ) ;
#482 = CARTESIAN_POINT ( 'NONE',  ( -21.80615134963814583, -1.499999999999999556, -17.84429353992933542 ) ) ;
#483 = ADVANCED_FACE ( 'NONE', ( #2343 ), #828, .F. ) ;
#484 = VERTEX_POINT ( 'NONE', #1819 ) ;
#485 = B_SPLINE_CURVE_WITH_KNOTS ( 'NONE', 3,
 ( #472, #1001, #2675, #700 ),
 .UNSPECIFIED., .F., .F.,
 ( 4, 4 ),
 ( 0.000000000000000000, 0.8452273900860258760 ),
 .UNSPECIFIED. ) ;
#486 = CARTESIAN_POINT ( 'NONE',  ( -2.374486095268990571, 4.500000000000000888, -28.32934805621033192 ) ) ;
#487 = VERTEX_POINT ( 'NONE', #2917 ) ;
#488 = B_SPLINE_CURVE_WITH_KNOTS ( 'NONE', 3,
 ( #420, #3221, #2933, #738 ),
 .UNSPECIFIED., .F., .F.,
 ( 4, 4 ),
 ( 0.1547128134717859205, 1.000000000000000000 ),
 .UNSPECIFIED. ) ;
#489 = ADVANCED_FACE ( 'NONE', ( #951 ), #189, .T. ) ;
#490 = CARTESIAN_POINT ( 'NONE',  ( 5.974716892079644737, 4.500000000000000888, 22.93627493836575226 ) ) ;
#491 = ORIENTED_EDGE ( 'NONE', *, *, #1537, .F. ) ;
#492 = CARTESIAN_POINT ( 'NONE',  ( -5.488849026350334448, 4.500000000000000888, -2.149285012149996658E-05 ) ) ;
#493 = LINE ( 'NONE', #3310, #1033 ) ;
#494 = EDGE_CURVE ( 'NONE', #3289, #946, #2920, .T. ) ;
#495 = CARTESIAN_POINT ( 'NONE',  ( -5.488849026350334448, 4.500000000000000888, -2.149285012149996658E-05 ) ) ;
#496 = CARTESIAN_POINT ( 'NONE',  ( 12.34082274540610591, 4.500000000000000888, -22.23406755989405426 ) ) ;
#497 = FACE_OUTER_BOUND ( 'NONE', #2022, .T. ) ;
#498 = CYLINDRICAL_SURFACE ( 'NONE', #2288, 3.000000000000000444 ) ;
#499 = CARTESIAN_POINT ( 'NONE',  ( 13.71140464675618631, -1.500000000000000000, 16.96522437735740851 ) ) ;
#500 = ORIENTED_EDGE ( 'NONE', *, *, #3556, .F. ) ;
#501 = VERTEX_POINT ( 'NONE', #2360 ) ;
#502 = EDGE_CURVE ( 'NONE', #2300, #590, #1723, .T. ) ;
#503 = DIRECTION ( 'NONE',  ( 0.000000000000000000, 1.000000000000000000, 0.000000000000000000 ) ) ;
#504 = ORIENTED_EDGE ( 'NONE', *, *, #3093, .F. ) ;
#505 = CARTESIAN_POINT ( 'NONE',  ( -5.488849026350334448, 4.500000000000000888, -2.149285012149996658E-05 ) ) ;
#506 = ORIENTED_EDGE ( 'NONE', *, *, #2219, .F. ) ;
#507 = CARTESIAN_POINT ( 'NONE',  ( -8.603211957430776380, -1.500000000000000000, 28.32930507051019475 ) ) ;
#508 = EDGE_CURVE ( 'NONE', #3492, #1598, #488, .T. ) ;
#509 = CARTESIAN_POINT ( 'NONE',  ( -32.16043638181748321, 4.500000000000000888, 4.857123447798279869 ) ) ;
#510 = CARTESIAN_POINT ( 'NONE',  ( 11.37293167025091734, -1.500000000000000000, 22.97671351758435776 ) ) ;
#511 = ORIENTED_EDGE ( 'NONE', *, *, #1396, .T. ) ;
#512 = PRESENTATION_STYLE_ASSIGNMENT (( #476 ) ) ;
#513 = DIRECTION ( 'NONE',  ( -0.000000000000000000, -1.000000000000000000, -0.000000000000000000 ) ) ;
#514 = CARTESIAN_POINT ( 'NONE',  ( -6.568849026351868403, 4.500000000000000888, -24.15589034494779952 ) ) ;
#515 = AXIS2_PLACEMENT_3D ( 'NONE', #2415, #2377, #3222 ) ;
#516 = DIRECTION ( 'NONE',  ( -0.000000000000000000, -1.000000000000000000, -0.000000000000000000 ) ) ;
#517 = CARTESIAN_POINT ( 'NONE',  ( 5.928928787627477881, -1.500000000000000000, -22.93697112306185559 ) ) ;
#518 = EDGE_LOOP ( 'NONE', ( #2389, #1717, #2864, #1280 ) ) ;
#519 = ORIENTED_EDGE ( 'NONE', *, *, #1379, .F. ) ;
#520 = CARTESIAN_POINT ( 'NONE',  ( -5.488849026350334448, 4.500000000000000888, -2.149285012149996658E-05 ) ) ;
#521 = EDGE_LOOP ( 'NONE', ( #1646, #3401, #2131, #1327 ) ) ;
#522 = CARTESIAN_POINT ( 'NONE',  ( 14.89074705005069532, -1.500000000000000000, -13.01326335498752940 ) ) ;
#523 = ORIENTED_EDGE ( 'NONE', *, *, #3328, .T. ) ;
#524 = DIRECTION ( 'NONE',  ( 0.000000000000000000, 0.000000000000000000, 1.000000000000000000 ) ) ;
#525 = CARTESIAN_POINT ( 'NONE',  ( -33.65893363520206094, -1.499999999999999556, 4.323904169107447792 ) ) ;
#526 = VECTOR ( 'NONE', #3159, 1000.000000000000000 ) ;
#527 = DIRECTION ( 'NONE',  ( 0.000000000000000000, 0.000000000000000000, 1.000000000000000000 ) ) ;
#528 = ORIENTED_EDGE ( 'NONE', *, *, #368, .T. ) ;
#529 = CARTESIAN_POINT ( 'NONE',  ( -12.78404782866571843, 4.500000000000000888, -23.05327450483180840 ) ) ;
#530 = CARTESIAN_POINT ( 'NONE',  ( 11.37293167025091734, 4.500000000000000888, 22.97671351758435776 ) ) ;
#531 = EDGE_CURVE ( 'NONE', #1399, #3101, #1231, .T. ) ;
#532 = CARTESIAN_POINT ( 'NONE',  ( -23.03105361254849726, 4.500000000000000888, -20.66972123161627550 ) ) ;
#533 = CARTESIAN_POINT ( 'NONE',  ( -18.50186364198975753, -1.500000000000000000, 20.37971968835483239 ) ) ;
#534 = ORIENTED_EDGE ( 'NONE', *, *, #1842, .F. ) ;
#535 = CARTESIAN_POINT ( 'NONE',  ( 17.48788598408423667, 4.500000000000000888, 16.86175920375100290 ) ) ;
#536 = ORIENTED_EDGE ( 'NONE', *, *, #47, .T. ) ;
#537 = CARTESIAN_POINT ( 'NONE',  ( -8.603211957430776380, -1.500000000000000000, 28.32930507051019475 ) ) ;
#538 = ORIENTED_EDGE ( 'NONE', *, *, #2021, .F. ) ;
#539 = EDGE_CURVE ( 'NONE', #1760, #2976, #3267, .T. ) ;
#540 = CIRCLE ( 'NONE', #2375, 24.17999999999474880 ) ;
#541 = CARTESIAN_POINT ( 'NONE',  ( -21.80595237343942472, 4.500000000000000888, 17.84443250160316907 ) ) ;
#542 = CARTESIAN_POINT ( 'NONE',  ( -25.86844510275171061, 4.500000000000000888, 13.01322036928675452 ) ) ;
#543 = CARTESIAN_POINT ( 'NONE',  ( -10.69791133600880428, -1.500000000000000000, -23.61226555930517179 ) ) ;
#544 = ORIENTED_EDGE ( 'NONE', *, *, #586, .T. ) ;
#545 = EDGE_CURVE ( 'NONE', #2997, #853, #3245, .T. ) ;
#546 = ADVANCED_FACE ( 'NONE', ( #2088 ), #2678, .T. ) ;
#547 = CARTESIAN_POINT ( 'NONE',  ( -13.63413353126228778, -1.499999999999999556, -24.29248223445214805 ) ) ;
#548 = CARTESIAN_POINT ( 'NONE',  ( 16.74519704069354731, 4.500000000000000888, -17.82969326460661819 ) ) ;
#549 = DIRECTION ( 'NONE',  ( 0.000000000000000000, 1.000000000000000000, 0.000000000000000000 ) ) ;
#550 = ADVANCED_FACE ( 'NONE', ( #2600 ), #2376, .T. ) ;
#551 = CARTESIAN_POINT ( 'NONE',  ( 18.57617268906778563, -1.500000000000000000, 7.999978505002542484 ) ) ;
#552 = ORIENTED_EDGE ( 'NONE', *, *, #2006, .F. ) ;
#553 = DIRECTION ( 'NONE',  ( -0.000000000000000000, -1.000000000000000000, -0.000000000000000000 ) ) ;
#554 = EDGE_LOOP ( 'NONE', ( #3215, #2010, #1606, #1284 ) ) ;
#555 = LINE ( 'NONE', #3361, #1041 ) ;
#556 = EDGE_LOOP ( 'NONE', ( #2042, #1420, #2243, #1742 ) ) ;
#557 = FACE_OUTER_BOUND ( 'NONE', #851, .T. ) ;
#558 = CARTESIAN_POINT ( 'NONE',  ( -0.3522449848872948319, -1.499999999999999556, 25.12172877396092474 ) ) ;
#559 = DIRECTION ( 'NONE',  ( 0.000000000000000000, 0.000000000000000000, 1.000000000000000000 ) ) ;
#560 = VERTEX_POINT ( 'NONE', #2325 ) ;
#561 = B_SPLINE_CURVE_WITH_KNOTS ( 'NONE', 3,
 ( #3019, #178, #3261, #771 ),
 .UNSPECIFIED., .F., .F.,
 ( 4, 4 ),
 ( 0.000000000000000000, 0.8452273900860258760 ),
 .UNSPECIFIED. ) ;
#562 = CARTESIAN_POINT ( 'NONE',  ( 12.05335555984780171, -1.499999999999999556, 20.66967824591604597 ) ) ;
#563 = CYLINDRICAL_SURFACE ( 'NONE', #1218, 24.17999999999474880 ) ;
#564 = DIRECTION ( 'NONE',  ( 0.000000000000000000, 1.000000000000000000, 0.000000000000000000 ) ) ;
#565 = VECTOR ( 'NONE', #2051, 1000.000000000000000 ) ;
#566 = CARTESIAN_POINT ( 'NONE',  ( -5.488849026350334448, 4.500000000000000888, -2.149285012149996658E-05 ) ) ;
#567 = COLOUR_RGB ( '',0.7803921568627451011, 0.7607843137254901578, 0.7411764705882353255 ) ;
#568 = ADVANCED_FACE ( 'NONE', ( #3169 ), #685, .T. ) ;
#569 = CARTESIAN_POINT ( 'NONE',  ( -31.01569370576489959, 4.500000000000000888, -9.129404262119123814 ) ) ;
#570 = VERTEX_POINT ( 'NONE', #2713 ) ;
#571 = DIRECTION ( 'NONE',  ( -0.000000000000000000, -1.000000000000000000, -0.000000000000000000 ) ) ;
#572 = ORIENTED_EDGE ( 'NONE', *, *, #3328, .F. ) ;
#573 = CARTESIAN_POINT ( 'NONE',  ( 11.37293167025091734, 4.500000000000000888, 22.97671351758435776 ) ) ;
#574 = CARTESIAN_POINT ( 'NONE',  ( -5.488849026350334448, 4.500000000000000888, -2.149285012149996658E-05 ) ) ;
#575 = B_SPLINE_SURFACE_WITH_KNOTS ( 'NONE', 3, 1, ( 
 ( #2007, #3123 ),
 ( #3399, #1160 ),
 ( #1448, #3348 ),
 ( #2518, #1397 ) ),
 .UNSPECIFIED., .F., .F., .F.,
 ( 4, 4 ),
 ( 2, 2 ),
 ( 0.1547128134717859205, 1.000000000000000000 ),
 ( 0.000000000000000000, 1.000000000000000000 ),
 .UNSPECIFIED. ) ;
#576 = CARTESIAN_POINT ( 'NONE',  ( -4.408849026348733879, -1.500000000000000000, 24.15584735924754867 ) ) ;
#577 = ORIENTED_EDGE ( 'NONE', *, *, #3445, .T. ) ;
#578 = CARTESIAN_POINT ( 'NONE',  ( -5.488849026350334448, 4.500000000000000888, -2.149285012149996658E-05 ) ) ;
#579 = DIRECTION ( 'NONE',  ( -0.000000000000000000, -1.000000000000000000, -0.000000000000000000 ) ) ;
#580 = VECTOR ( 'NONE', #1304, 1000.000000000000000 ) ;
#581 = EDGE_CURVE ( 'NONE', #20, #372, #1596, .T. ) ;
#582 = CARTESIAN_POINT ( 'NONE',  ( -5.488849026350334448, 4.500000000000000888, -2.149285012149996658E-05 ) ) ;
#583 = AXIS2_PLACEMENT_3D ( 'NONE', #495, #2730, #527 ) ;
#584 = CARTESIAN_POINT ( 'NONE',  ( -5.488849026350334448, 4.500000000000000888, -2.149285012149996658E-05 ) ) ;
#585 = ORIENTED_EDGE ( 'NONE', *, *, #2058, .T. ) ;
#586 = EDGE_CURVE ( 'NONE', #1576, #2250, #152, .T. ) ;
#587 = DIRECTION ( 'NONE',  ( 0.000000000000000000, 0.000000000000000000, -1.000000000000000000 ) ) ;
#588 = VERTEX_POINT ( 'NONE', #543 ) ;
#589 = CARTESIAN_POINT ( 'NONE',  ( -27.72289509339427482, -1.500000000000000000, -17.82969326460655424 ) ) ;
#590 = VERTEX_POINT ( 'NONE', #2173 ) ;
#591 = FACE_OUTER_BOUND ( 'NONE', #554, .T. ) ;
#592 = VECTOR ( 'NONE', #707, 1000.000000000000000 ) ;
#593 = CARTESIAN_POINT ( 'NONE',  ( -5.488849026350334448, -1.500000000000000000, -2.149285012149996658E-05 ) ) ;
#594 = ORIENTED_EDGE ( 'NONE', *, *, #1314, .T. ) ;
#595 = FACE_OUTER_BOUND ( 'NONE', #2629, .T. ) ;
#596 = CARTESIAN_POINT ( 'NONE',  ( -13.63413353126228778, -1.500000000000000000, -24.29248223445214805 ) ) ;
#597 = CARTESIAN_POINT ( 'NONE',  ( -27.72289509339417179, 4.500000000000000888, 17.82965027890643839 ) ) ;
#598 = AXIS2_PLACEMENT_3D ( 'NONE', #320, #2498, #1718 ) ;
#599 = ORIENTED_EDGE ( 'NONE', *, *, #2551, .F. ) ;
#600 = CARTESIAN_POINT ( 'NONE',  ( -18.50186364198975753, 4.500000000000000888, 20.37971968835483239 ) ) ;
#601 = FACE_OUTER_BOUND ( 'NONE', #2787, .T. ) ;
#602 = ORIENTED_EDGE ( 'NONE', *, *, #1368, .T. ) ;
#603 = B_SPLINE_CURVE_WITH_KNOTS ( 'NONE', 3,
 ( #3491, #682, #2099, #965 ),
 .UNSPECIFIED., .F., .F.,
 ( 4, 4 ),
 ( 0.1547128134717859205, 1.000000000000000000 ),
 .UNSPECIFIED. ) ;
#604 = CARTESIAN_POINT ( 'NONE',  ( -8.603211957431856405, 4.500000000000000888, -28.32934805621031416 ) ) ;
#605 = AXIS2_PLACEMENT_3D ( 'NONE', #925, #2333, #160 ) ;
#606 = ORIENTED_EDGE ( 'NONE', *, *, #545, .F. ) ;
#607 = CARTESIAN_POINT ( 'NONE',  ( -26.17577124904435948, -1.500000000000000000, -17.52077504459753499 ) ) ;
#608 = ORIENTED_EDGE ( 'NONE', *, *, #2727, .T. ) ;
#609 = B_SPLINE_CURVE_WITH_KNOTS ( 'NONE', 3,
 ( #3382, #1180, #3052, #909 ),
 .UNSPECIFIED., .F., .F.,
 ( 4, 4 ),
 ( 0.000000000000000000, 0.8452273900860258760 ),
 .UNSPECIFIED. ) ;
#610 = DIRECTION ( 'NONE',  ( -0.000000000000000000, -1.000000000000000000, -0.000000000000000000 ) ) ;
#611 = DIRECTION ( 'NONE',  ( -0.000000000000000000, -1.000000000000000000, -0.000000000000000000 ) ) ;
#612 = VERTEX_POINT ( 'NONE', #1381 ) ;
#613 = EDGE_CURVE ( 'NONE', #1920, #2169, #2067, .T. ) ;
#614 = CARTESIAN_POINT ( 'NONE',  ( -5.488849026350334448, 4.500000000000000888, -2.149285012149996658E-05 ) ) ;
#615 = CARTESIAN_POINT ( 'NONE',  ( 3.640533742918683480, -1.499999999999999556, -25.52686617226466836 ) ) ;
#616 = ORIENTED_EDGE ( 'NONE', *, *, #3357, .T. ) ;
#617 = CARTESIAN_POINT ( 'NONE',  ( -32.50874569658416391, -1.499999999999999556, -2.211494523359009978 ) ) ;
#618 = B_SPLINE_SURFACE_WITH_KNOTS ( 'NONE', 3, 1, ( 
 ( #686, #2271 ),
 ( #1204, #2880 ),
 ( #3128, #99 ),
 ( #632, #1729 ) ),
 .UNSPECIFIED., .F., .F., .F.,
 ( 4, 4 ),
 ( 2, 2 ),
 ( 0.1547128134717859205, 1.000000000000000000 ),
 ( 0.000000000000000000, 1.000000000000000000 ),
 .UNSPECIFIED. ) ;
#619 = DIRECTION ( 'NONE',  ( 0.000000000000000000, 1.000000000000000000, 0.000000000000000000 ) ) ;
#620 = ORIENTED_EDGE ( 'NONE', *, *, #3303, .F. ) ;
#621 = DIRECTION ( 'NONE',  ( 0.000000000000000000, 1.000000000000000000, 0.000000000000000000 ) ) ;
#622 = ORIENTED_EDGE ( 'NONE', *, *, #3093, .T. ) ;
#623 = FACE_OUTER_BOUND ( 'NONE', #730, .T. ) ;
#624 = ORIENTED_EDGE ( 'NONE', *, *, #1282, .F. ) ;
#625 = CARTESIAN_POINT ( 'NONE',  ( -5.488849026350334448, -1.500000000000000000, -2.149285012149996658E-05 ) ) ;
#626 = CARTESIAN_POINT ( 'NONE',  ( -9.812774688307905890, -1.499999999999999556, -28.17010610170184748 ) ) ;
#627 = ORIENTED_EDGE ( 'NONE', *, *, #1136, .T. ) ;
#628 = CARTESIAN_POINT ( 'NONE',  ( 5.654017251305313074, 4.500000000000000888, 21.45945033471429397 ) ) ;
#629 = CARTESIAN_POINT ( 'NONE',  ( 19.02788811872293806, 4.500000000000000888, 11.56955740304086788 ) ) ;
#630 = EDGE_CURVE ( 'NONE', #1848, #272, #441, .T. ) ;
#631 = B_SPLINE_SURFACE_WITH_KNOTS ( 'NONE', 3, 1, ( 
 ( #2020, #2056 ),
 ( #3465, #123 ),
 ( #1227, #3412 ),
 ( #449, #691 ) ),
 .UNSPECIFIED., .F., .F., .F.,
 ( 4, 4 ),
 ( 2, 2 ),
 ( 0.1547128134717859205, 1.000000000000000000 ),
 ( 0.000000000000000000, 1.000000000000000000 ),
 .UNSPECIFIED. ) ;
#632 = CARTESIAN_POINT ( 'NONE',  ( 17.48788598408414430, 4.500000000000000888, -16.86180218945136744 ) ) ;
#633 = CARTESIAN_POINT ( 'NONE',  ( -33.65893363520208936, 4.500000000000000888, -4.323947154807512128 ) ) ;
#634 = ORIENTED_EDGE ( 'NONE', *, *, #307, .F. ) ;
#635 = ADVANCED_FACE ( 'NONE', ( #822 ), #1312, .F. ) ;
#636 = AXIS2_PLACEMENT_3D ( 'NONE', #574, #1990, #3106 ) ;
#637 = CARTESIAN_POINT ( 'NONE',  ( 3.640533742918683480, 4.500000000000000888, -25.52686617226466836 ) ) ;
#638 = DIRECTION ( 'NONE',  ( 0.000000000000000000, 1.000000000000000000, 0.000000000000000000 ) ) ;
#639 = EDGE_CURVE ( 'NONE', #867, #640, #1890, .T. ) ;
#640 = VERTEX_POINT ( 'NONE', #3512 ) ;
#641 = CARTESIAN_POINT ( 'NONE',  ( -0.2797867166918679427, 4.500000000000000888, 23.61222257360492804 ) ) ;
#642 = VERTEX_POINT ( 'NONE', #1344 ) ;
#643 = DIRECTION ( 'NONE',  ( 0.000000000000000000, 0.000000000000000000, 1.000000000000000000 ) ) ;
#644 = EDGE_CURVE ( 'NONE', #1732, #2615, #242, .T. ) ;
#645 = LINE ( 'NONE', #3089, #1786 ) ;
#646 = ORIENTED_EDGE ( 'NONE', *, *, #211, .T. ) ;
#647 = SURFACE_STYLE_FILL_AREA ( #913 ) ;
#648 = VECTOR ( 'NONE', #1994, 1000.000000000000000 ) ;
#649 = DIRECTION ( 'NONE',  ( 0.000000000000000000, 1.000000000000000000, 0.000000000000000000 ) ) ;
#650 = EDGE_CURVE ( 'NONE', #588, #3501, #2898, .T. ) ;
#651 = CARTESIAN_POINT ( 'NONE',  ( -5.488849026350334448, 4.500000000000000888, -2.149285012149996658E-05 ) ) ;
#652 = AXIS2_PLACEMENT_3D ( 'NONE', #2064, #1794, #113 ) ;
#653 = CARTESIAN_POINT ( 'NONE',  ( 56.51115097364966289, 4.500000000000000888, 7.999978505002538043 ) ) ;
#654 = VERTEX_POINT ( 'NONE', #2982 ) ;
#655 = EDGE_CURVE ( 'NONE', #501, #1196, #3494, .T. ) ;
#656 = FACE_OUTER_BOUND ( 'NONE', #2311, .T. ) ;
#657 = AXIS2_PLACEMENT_3D ( 'NONE', #2259, #353, #89 ) ;
#658 = PLANE ( 'NONE',  #1688 ) ;
#659 = ORIENTED_EDGE ( 'NONE', *, *, #2771, .F. ) ;
#660 = FACE_OUTER_BOUND ( 'NONE', #966, .T. ) ;
#661 = ORIENTED_EDGE ( 'NONE', *, *, #2669, .F. ) ;
#662 = CARTESIAN_POINT ( 'NONE',  ( 14.89074705005069532, 4.500000000000000888, -13.01326335498752940 ) ) ;
#663 = DIRECTION ( 'NONE',  ( 0.000000000000000000, 0.000000000000000000, -1.000000000000000000 ) ) ;
#664 = CARTESIAN_POINT ( 'NONE',  ( -26.88473654527613022, -1.500000000000000000, -14.13165391179843233 ) ) ;
#665 = VERTEX_POINT ( 'NONE', #3529 ) ;
#666 = DIRECTION ( 'NONE',  ( -0.000000000000000000, -1.000000000000000000, -0.000000000000000000 ) ) ;
#667 = LINE ( 'NONE', #419, #2227 ) ;
#668 = CARTESIAN_POINT ( 'NONE',  ( 21.06912270265106102, -1.499999999999999556, 10.34039134424505413 ) ) ;
#669 = CYLINDRICAL_SURFACE ( 'NONE', #2464, 28.50000000000000000 ) ;
#670 = CARTESIAN_POINT ( 'NONE',  ( -6.568579672709797812, -1.500000000000000000, 24.15585940044496027 ) ) ;
#671 = ORIENTED_EDGE ( 'NONE', *, *, #1551, .T. ) ;
#672 = CARTESIAN_POINT ( 'NONE',  ( 56.51115097364966289, 4.500000000000000888, -3.000021494369649044 ) ) ;
#673 = CARTESIAN_POINT ( 'NONE',  ( -14.64387242144249157, 4.500000000000000888, -25.51690027345681955 ) ) ;
#674 = EDGE_CURVE ( 'NONE', #2960, #2997, #3533, .T. ) ;
#675 = CARTESIAN_POINT ( 'NONE',  ( -2.374486095268816932, 4.500000000000000888, 28.32930507051007751 ) ) ;
#676 = ORIENTED_EDGE ( 'NONE', *, *, #1042, .T. ) ;
#677 = CIRCLE ( 'NONE', #54, 24.17999999999474880 ) ;
#678 = AXIS2_PLACEMENT_3D ( 'NONE', #3244, #2436, #3190 ) ;
#679 = DIRECTION ( 'NONE',  ( -0.000000000000000000, -1.000000000000000000, -0.000000000000000000 ) ) ;
#680 = ORIENTED_EDGE ( 'NONE', *, *, #1706, .T. ) ;
#681 = EDGE_CURVE ( 'NONE', #715, #1898, #2599, .T. ) ;
#682 = CARTESIAN_POINT ( 'NONE',  ( 13.71140464675618631, 4.500000000000000888, 16.96522437735740851 ) ) ;
#683 = ORIENTED_EDGE ( 'NONE', *, *, #1173, .T. ) ;
#684 = CARTESIAN_POINT ( 'NONE',  ( -5.488849026350334448, 4.500000000000000888, -2.149285012149996658E-05 ) ) ;
#685 = CYLINDRICAL_SURFACE ( 'NONE', #1519, 28.50000000000000000 ) ;
#686 = CARTESIAN_POINT ( 'NONE',  ( 14.89074705005070598, 4.500000000000000888, -13.01326335498753828 ) ) ;
#687 = CARTESIAN_POINT ( 'NONE',  ( 8.642783392597976899, -1.499999999999999556, -21.39590901177591675 ) ) ;
#688 = ORIENTED_EDGE ( 'NONE', *, *, #733, .F. ) ;
#689 = EDGE_CURVE ( 'NONE', #835, #487, #2664, .T. ) ;
#690 = CARTESIAN_POINT ( 'NONE',  ( -17.05842792224131443, 4.500000000000000888, 24.51671565222315152 ) ) ;
#691 = CARTESIAN_POINT ( 'NONE',  ( 12.34082274540610591, -1.499999999999999556, -22.23406755989405426 ) ) ;
#692 = CARTESIAN_POINT ( 'NONE',  ( -2.374486095268816932, -1.499999999999999556, 28.32930507051007751 ) ) ;
#693 = ORIENTED_EDGE ( 'NONE', *, *, #2831, .T. ) ;
#694 = EDGE_CURVE ( 'NONE', #1685, #2488, #2530, .T. ) ;
#695 = CARTESIAN_POINT ( 'NONE',  ( -28.42514545756620592, -1.500000000000000000, 11.46354442557986708 ) ) ;
#696 = VERTEX_POINT ( 'NONE', #3001 ) ;
#697 = ORIENTED_EDGE ( 'NONE', *, *, #3318, .T. ) ;
#698 = VERTEX_POINT ( 'NONE', #3275 ) ;
#699 = DIRECTION ( 'NONE',  ( 0.000000000000000000, 0.000000000000000000, -1.000000000000000000 ) ) ;
#700 = CARTESIAN_POINT ( 'NONE',  ( -4.409118379990886183, -1.500000000000000000, -24.15590238614520402 ) ) ;
#701 = DIRECTION ( 'NONE',  ( 0.000000000000000000, 0.000000000000000000, 1.000000000000000000 ) ) ;
#702 = B_SPLINE_SURFACE_WITH_KNOTS ( 'NONE', 3, 1, ( 
 ( #1783, #2900 ),
 ( #422, #617 ),
 ( #347, #3530 ),
 ( #172, #2122 ) ),
 .UNSPECIFIED., .F., .F., .F.,
 ( 4, 4 ),
 ( 2, 2 ),
 ( 0.000000000000000000, 0.8452273900860258760 ),
 ( 0.000000000000000000, 1.000000000000000000 ),
 .UNSPECIFIED. ) ;
#703 = CARTESIAN_POINT ( 'NONE',  ( -33.65893363520208936, -1.500000000000000000, -4.323947154807512128 ) ) ;
#704 = ORIENTED_EDGE ( 'NONE', *, *, #1212, .T. ) ;
#705 = AXIS2_PLACEMENT_3D ( 'NONE', #2474, #1329, #1909 ) ;
#706 = CARTESIAN_POINT ( 'NONE',  ( -8.603211957431856405, 4.500000000000000888, -28.32934805621031416 ) ) ;
#707 = DIRECTION ( 'NONE',  ( -0.000000000000000000, -1.000000000000000000, -0.000000000000000000 ) ) ;
#708 = CARTESIAN_POINT ( 'NONE',  ( -26.94844510275280314, -1.500000000000000000, -11.14264848281069220 ) ) ;
#709 = CARTESIAN_POINT ( 'NONE',  ( 10.82845329693746628, 4.500000000000000888, 17.84425055422909878 ) ) ;
#710 = EDGE_LOOP ( 'NONE', ( #2744, #2186, #2024, #3214 ) ) ;
#711 = AXIS2_PLACEMENT_3D ( 'NONE', #3554, #2438, #1897 ) ;
#712 = CARTESIAN_POINT ( 'NONE',  ( -31.57994696786624900, -1.500000000000000000, 11.46752437390897938 ) ) ;
#713 = ORIENTED_EDGE ( 'NONE', *, *, #2732, .T. ) ;
#714 = ORIENTED_EDGE ( 'NONE', *, *, #2013, .F. ) ;
#715 = VERTEX_POINT ( 'NONE', #275 ) ;
#716 = FACE_OUTER_BOUND ( 'NONE', #1450, .T. ) ;
#717 = LINE ( 'NONE', #3219, #3167 ) ;
#718 = AXIS2_PLACEMENT_3D ( 'NONE', #2393, #2032, #3148 ) ;
#719 = EDGE_CURVE ( 'NONE', #3062, #698, #3064, .T. ) ;
#720 = CARTESIAN_POINT ( 'NONE',  ( -5.488849026350334448, 4.500000000000000888, -2.149285012149996658E-05 ) ) ;
#721 = DIRECTION ( 'NONE',  ( 0.000000000000000000, 1.000000000000000000, 0.000000000000000000 ) ) ;
#722 = CARTESIAN_POINT ( 'NONE',  ( -5.488849026350334448, 4.500000000000000888, -2.149285012149996658E-05 ) ) ;
#723 = ORIENTED_EDGE ( 'NONE', *, *, #581, .T. ) ;
#724 = CARTESIAN_POINT ( 'NONE',  ( 14.89089215485461182, -1.500000000000000000, 13.01299312278930920 ) ) ;
#725 = CARTESIAN_POINT ( 'NONE',  ( 16.74519704069354731, 4.500000000000000888, -17.82969326460661819 ) ) ;
#726 = CARTESIAN_POINT ( 'NONE',  ( -2.374486095268990571, 4.500000000000000888, -28.32934805621033192 ) ) ;
#727 = ORIENTED_EDGE ( 'NONE', *, *, #3526, .F. ) ;
#728 = CARTESIAN_POINT ( 'NONE',  ( -25.86844510275171061, 4.500000000000000888, 13.01322036928675452 ) ) ;
#729 = ORIENTED_EDGE ( 'NONE', *, *, #427, .F. ) ;
#730 = EDGE_LOOP ( 'NONE', ( #577, #2511, #1972, #2760 ) ) ;
#731 = VERTEX_POINT ( 'NONE', #343 ) ;
#732 = B_SPLINE_SURFACE_WITH_KNOTS ( 'NONE', 3, 1, ( 
 ( #3154, #2585 ),
 ( #428, #1242 ),
 ( #2295, #3446 ),
 ( #939, #2783 ) ),
 .UNSPECIFIED., .F., .F., .F.,
 ( 4, 4 ),
 ( 2, 2 ),
 ( 0.000000000000000000, 0.8452273900860258760 ),
 ( 0.000000000000000000, 1.000000000000000000 ),
 .UNSPECIFIED. ) ;
#733 = EDGE_CURVE ( 'NONE', #612, #200, #645, .T. ) ;
#734 = VECTOR ( 'NONE', #1663, 1000.000000000000000 ) ;
#735 = CARTESIAN_POINT ( 'NONE',  ( -10.31880558426302663, -1.500000000000000000, 26.67575545398944925 ) ) ;
#736 = CIRCLE ( 'NONE', #1077, 24.17999999999474880 ) ;
#737 = CARTESIAN_POINT ( 'NONE',  ( -32.16462597318990646, 4.500000000000000888, -4.829978050762793629 ) ) ;
#738 = CARTESIAN_POINT ( 'NONE',  ( -2.374486095268816932, 4.500000000000000888, 28.32930507051007751 ) ) ;
#739 = EDGE_CURVE ( 'NONE', #2805, #1070, #1433, .T. ) ;
#740 = CARTESIAN_POINT ( 'NONE',  ( 5.974716892079644737, -1.499999999999999556, 22.93627493836575226 ) ) ;
#741 = ORIENTED_EDGE ( 'NONE', *, *, #421, .F. ) ;
#742 = CARTESIAN_POINT ( 'NONE',  ( 12.34082274540610591, 4.500000000000000888, -22.23406755989405426 ) ) ;
#743 = EDGE_CURVE ( 'NONE', #72, #560, #1323, .T. ) ;
#744 = CARTESIAN_POINT ( 'NONE',  ( -23.03105361254849726, 4.500000000000000888, -20.66972123161627550 ) ) ;
#745 = ORIENTED_EDGE ( 'NONE', *, *, #1930, .T. ) ;
#746 = ADVANCED_FACE ( 'NONE', ( #3384 ), #2442, .F. ) ;
#747 = DIRECTION ( 'NONE',  ( 0.000000000000000000, 0.000000000000000000, 1.000000000000000000 ) ) ;
#748 = ORIENTED_EDGE ( 'NONE', *, *, #2194, .T. ) ;
#749 = DIRECTION ( 'NONE',  ( 0.000000000000000000, 1.000000000000000000, 0.000000000000000000 ) ) ;
#750 = VERTEX_POINT ( 'NONE', #2266 ) ;
#751 = VECTOR ( 'NONE', #293, 1000.000000000000000 ) ;
#752 = CARTESIAN_POINT ( 'NONE',  ( -1.164923364392945526, 4.500000000000000888, -28.17010610170187590 ) ) ;
#753 = CARTESIAN_POINT ( 'NONE',  ( -5.488849026350334448, -1.500000000000000000, -2.149285012149996658E-05 ) ) ;
#754 = DIRECTION ( 'NONE',  ( -0.000000000000000000, -1.000000000000000000, -0.000000000000000000 ) ) ;
#755 = ADVANCED_FACE ( 'NONE', ( #1707 ), #1991, .T. ) ;
#756 = CIRCLE ( 'NONE', #605, 24.17999999999474880 ) ;
#757 = DIRECTION ( 'NONE',  ( -0.000000000000000000, -1.000000000000000000, -0.000000000000000000 ) ) ;
#758 = CARTESIAN_POINT ( 'NONE',  ( 12.35560496810342990, -1.500000000000000000, 16.31708185423844526 ) ) ;
#759 = ORIENTED_EDGE ( 'NONE', *, *, #1776, .F. ) ;
#760 = EDGE_CURVE ( 'NONE', #1032, #3194, #126, .T. ) ;
#761 = EDGE_LOOP ( 'NONE', ( #898, #3270, #3413, #1549 ) ) ;
#762 = FACE_OUTER_BOUND ( 'NONE', #1335, .T. ) ;
#763 = EDGE_LOOP ( 'NONE', ( #59, #1068, #2667, #455 ) ) ;
#764 = B_SPLINE_CURVE_WITH_KNOTS ( 'NONE', 3,
 ( #842, #2770, #1386, #2810 ),
 .UNSPECIFIED., .F., .F.,
 ( 4, 4 ),
 ( 0.1547128134717859205, 1.000000000000000000 ),
 .UNSPECIFIED. ) ;
#765 = FACE_OUTER_BOUND ( 'NONE', #2811, .T. ) ;
#766 = ORIENTED_EDGE ( 'NONE', *, *, #176, .F. ) ;
#767 = CARTESIAN_POINT ( 'NONE',  ( -31.00572780695703301, 4.500000000000000888, 9.155001902242037914 ) ) ;
#768 = CARTESIAN_POINT ( 'NONE',  ( -26.84540948312735154, 4.500000000000000888, 14.15507066524841484 ) ) ;
#769 = DIRECTION ( 'NONE',  ( 0.000000000000000000, 1.000000000000000000, 0.000000000000000000 ) ) ;
#770 = VERTEX_POINT ( 'NONE', #27 ) ;
#771 = CARTESIAN_POINT ( 'NONE',  ( 5.654017251305313074, -1.500000000000000000, 21.45945033471429397 ) ) ;
#772 = AXIS2_PLACEMENT_3D ( 'NONE', #2654, #442, #701 ) ;
#773 = CARTESIAN_POINT ( 'NONE',  ( -18.50209088848757233, -1.500000000000000000, -20.37961756925126622 ) ) ;
#774 = DIRECTION ( 'NONE',  ( 0.000000000000000000, 0.000000000000000000, -1.000000000000000000 ) ) ;
#775 = LINE ( 'NONE', #3519, #3083 ) ;
#776 = EDGE_LOOP ( 'NONE', ( #1215, #108, #1406, #2550 ) ) ;
#777 = DIRECTION ( 'NONE',  ( 0.000000000000000000, 0.000000000000000000, 1.000000000000000000 ) ) ;
#778 = ORIENTED_EDGE ( 'NONE', *, *, #12, .F. ) ;
#779 = DIRECTION ( 'NONE',  ( -0.000000000000000000, -1.000000000000000000, -0.000000000000000000 ) ) ;
#780 = EDGE_LOOP ( 'NONE', ( #676, #3360, #1634, #2363 ) ) ;
#781 = CARTESIAN_POINT ( 'NONE',  ( -5.488849026350334448, 4.500000000000000888, -2.149285012149996658E-05 ) ) ;
#782 = CARTESIAN_POINT ( 'NONE',  ( -16.95639489310928028, -1.500000000000000000, 26.09107644866586995 ) ) ;
#783 = ADVANCED_FACE ( 'NONE', ( #2840 ), #2822, .T. ) ;
#784 = CIRCLE ( 'NONE', #3397, 24.17999999999474880 ) ;
#785 = CARTESIAN_POINT ( 'NONE',  ( 7.524392835787080180, -1.500000000000000000, 20.37957458355090878 ) ) ;
#786 = EDGE_LOOP ( 'NONE', ( #874, #1216, #1755, #311 ) ) ;
#787 = DIRECTION ( 'NONE',  ( 0.000000000000000000, 0.000000000000000000, 1.000000000000000000 ) ) ;
#788 = AXIS2_PLACEMENT_3D ( 'NONE', #15, #1929, #1895 ) ;
#789 = CARTESIAN_POINT ( 'NONE',  ( -16.95639489310928028, 4.500000000000000888, 26.09107644866586995 ) ) ;
#790 = CARTESIAN_POINT ( 'NONE',  ( -5.488849026350334448, -1.500000000000000000, -2.149285012149996658E-05 ) ) ;
#791 = CARTESIAN_POINT ( 'NONE',  ( 17.48788598408414430, -1.500000000000000000, 16.86175920375113435 ) ) ;
#792 = EDGE_CURVE ( 'NONE', #2300, #3196, #3349, .T. ) ;
#793 = ORIENTED_EDGE ( 'NONE', *, *, #421, .T. ) ;
#794 = ORIENTED_EDGE ( 'NONE', *, *, #173, .T. ) ;
#795 = B_SPLINE_SURFACE_WITH_KNOTS ( 'NONE', 3, 1, ( 
 ( #2622, #1187 ),
 ( #1766, #3172 ),
 ( #349, #687 ),
 ( #2328, #3408 ) ),
 .UNSPECIFIED., .F., .F., .F.,
 ( 4, 4 ),
 ( 2, 2 ),
 ( 0.000000000000000000, 0.8452273900860258760 ),
 ( 0.000000000000000000, 1.000000000000000000 ),
 .UNSPECIFIED. ) ;
#796 = CARTESIAN_POINT ( 'NONE',  ( 13.69892287150501708, -1.500000000000000000, -17.00932621534445843 ) ) ;
#797 = EDGE_CURVE ( 'NONE', #3194, #2225, #213, .T. ) ;
#798 = ORIENTED_EDGE ( 'NONE', *, *, #389, .T. ) ;
#799 = DIRECTION ( 'NONE',  ( 0.000000000000000000, 0.000000000000000000, 1.000000000000000000 ) ) ;
#800 = ORIENTED_EDGE ( 'NONE', *, *, #502, .F. ) ;
#801 = EDGE_CURVE ( 'NONE', #1780, #750, #3124, .T. ) ;
#802 = CARTESIAN_POINT ( 'NONE',  ( 7.524392835787080180, 4.500000000000000888, 20.37957458355090878 ) ) ;
#803 = CARTESIAN_POINT ( 'NONE',  ( -33.65893363520208936, 4.500000000000000888, -4.323947154807512128 ) ) ;
#804 = AXIS2_PLACEMENT_3D ( 'NONE', #25, #2765, #2264 ) ;
#805 = DIRECTION ( 'NONE',  ( 0.000000000000000000, 0.000000000000000000, 1.000000000000000000 ) ) ;
#806 = ORIENTED_EDGE ( 'NONE', *, *, #1129, .F. ) ;
#807 = CARTESIAN_POINT ( 'NONE',  ( -24.68910269945685698, 4.500000000000000888, -16.96526736305765581 ) ) ;
#808 = CYLINDRICAL_SURFACE ( 'NONE', #1098, 24.17999999999474880 ) ;
#809 = B_SPLINE_CURVE_WITH_KNOTS ( 'NONE', 3,
 ( #3236, #3456, #1851, #983 ),
 .UNSPECIFIED., .F., .F.,
 ( 4, 4 ),
 ( 0.1547128134717859205, 1.000000000000000000 ),
 .UNSPECIFIED. ) ;
#810 = CARTESIAN_POINT ( 'NONE',  ( -16.63171530400598996, 4.500000000000000888, -21.45949332041453061 ) ) ;
#811 = CARTESIAN_POINT ( 'NONE',  ( -5.488849026350334448, 4.500000000000000888, -2.149285012149996658E-05 ) ) ;
#812 = ORIENTED_EDGE ( 'NONE', *, *, #1664, .T. ) ;
#813 = CIRCLE ( 'NONE', #1565, 24.17999999999474525 ) ;
#814 = CARTESIAN_POINT ( 'NONE',  ( -4.409118379990886183, 4.500000000000000888, -24.15590238614520402 ) ) ;
#815 = ORIENTED_EDGE ( 'NONE', *, *, #2033, .F. ) ;
#816 = CARTESIAN_POINT ( 'NONE',  ( -29.81322496566872005, 4.500000000000000888, -8.112467037166847916 ) ) ;
#817 = VERTEX_POINT ( 'NONE', #576 ) ;
#818 = B_SPLINE_CURVE_WITH_KNOTS ( 'NONE', 3,
 ( #542, #768, #2967, #3292 ),
 .UNSPECIFIED., .F., .F.,
 ( 4, 4 ),
 ( 0.1547128134717859205, 1.000000000000000000 ),
 .UNSPECIFIED. ) ;
#819 = VECTOR ( 'NONE', #436, 1000.000000000000000 ) ;
#820 = CARTESIAN_POINT ( 'NONE',  ( 20.60224891516559964, -1.499999999999999556, -11.46756735960920359 ) ) ;
#821 = CARTESIAN_POINT ( 'NONE',  ( -0.6588924684376683549, 4.500000000000000888, -26.67579843968969655 ) ) ;
#822 = FACE_OUTER_BOUND ( 'NONE', #3090, .T. ) ;
#823 = EDGE_LOOP ( 'NONE', ( #3082, #552, #2604, #2501 ) ) ;
#824 = VECTOR ( 'NONE', #2222, 1000.000000000000000 ) ;
#825 = LINE ( 'NONE', #2715, #2197 ) ;
#826 = ADVANCED_FACE ( 'NONE', ( #358 ), #2209, .F. ) ;
#827 = DIRECTION ( 'NONE',  ( 0.000000000000000000, 0.000000000000000000, -1.000000000000000000 ) ) ;
#828 = B_SPLINE_SURFACE_WITH_KNOTS ( 'NONE', 3, 1, ( 
 ( #153, #668 ),
 ( #2899, #171 ),
 ( #474, #2048 ),
 ( #3439, #1764 ) ),
 .UNSPECIFIED., .F., .F., .F.,
 ( 4, 4 ),
 ( 2, 2 ),
 ( 0.2280192144657617603, 0.8452273900860258760 ),
 ( 0.000000000000000000, 1.000000000000000000 ),
 .UNSPECIFIED. ) ;
#829 = DIRECTION ( 'NONE',  ( 0.000000000000000000, 0.000000000000000000, 1.000000000000000000 ) ) ;
#830 = DIRECTION ( 'NONE',  ( 0.000000000000000000, 0.000000000000000000, -1.000000000000000000 ) ) ;
#831 = ORIENTED_EDGE ( 'NONE', *, *, #2981, .F. ) ;
#832 = CARTESIAN_POINT ( 'NONE',  ( -29.64472991964541748, -1.500000000000000000, -1.079752139209572803 ) ) ;
#833 = EDGE_LOOP ( 'NONE', ( #1558, #2883, #3504, #1963 ) ) ;
#834 = CARTESIAN_POINT ( 'NONE',  ( 56.51115097364966289, 4.500000000000000888, 7.999978505002538043 ) ) ;
#835 = VERTEX_POINT ( 'NONE', #3054 ) ;
#836 = CARTESIAN_POINT ( 'NONE',  ( -27.78302943514895063, 4.500000000000000888, -15.42516165217189439 ) ) ;
#837 = CARTESIAN_POINT ( 'NONE',  ( 17.48788598408414430, 4.500000000000000888, 16.86175920375113435 ) ) ;
#838 = ADVANCED_FACE ( 'NONE', ( #2786 ), #43, .T. ) ;
#839 = CARTESIAN_POINT ( 'NONE',  ( -28.46558403678481497, -1.500000000000000000, 16.86175920375113080 ) ) ;
#840 = EDGE_LOOP ( 'NONE', ( #1713, #57, #659, #3197 ) ) ;
#841 = CARTESIAN_POINT ( 'NONE',  ( 20.60224891516565648, 4.500000000000000888, 11.46752437390882484 ) ) ;
#842 = CARTESIAN_POINT ( 'NONE',  ( -28.54210203833218529, 4.500000000000000888, 7.295177309464720317 ) ) ;
#843 = EDGE_CURVE ( 'NONE', #3501, #2407, #2312, .T. ) ;
#844 = VECTOR ( 'NONE', #382, 1000.000000000000000 ) ;
#845 = CARTESIAN_POINT ( 'NONE',  ( 13.69892287150501708, 4.500000000000000888, -17.00932621534445843 ) ) ;
#846 = AXIS2_PLACEMENT_3D ( 'NONE', #1457, #1477, #122 ) ;
#847 = CARTESIAN_POINT ( 'NONE',  ( 11.37293167025083740, 4.500000000000000888, -22.97675650328465835 ) ) ;
#848 = EDGE_LOOP ( 'NONE', ( #1830, #80, #2294, #697 ) ) ;
#849 = EDGE_CURVE ( 'NONE', #696, #1206, #1421, .T. ) ;
#850 = CARTESIAN_POINT ( 'NONE',  ( 12.35560496810342990, 4.500000000000000888, 16.31708185423844526 ) ) ;
#851 = EDGE_LOOP ( 'NONE', ( #1028, #144, #3302, #2426 ) ) ;
#852 = CARTESIAN_POINT ( 'NONE',  ( 3.666174368741809797, 4.500000000000000888, 25.51685728775659001 ) ) ;
#853 = VERTEX_POINT ( 'NONE', #859 ) ;
#854 = ADVANCED_FACE ( 'NONE', ( #894 ), #2241, .F. ) ;
#855 = CARTESIAN_POINT ( 'NONE',  ( -5.488849026350334448, -1.500000000000000000, -2.149285012149996658E-05 ) ) ;
#856 = DIRECTION ( 'NONE',  ( -0.000000000000000000, -1.000000000000000000, -0.000000000000000000 ) ) ;
#857 = ORIENTED_EDGE ( 'NONE', *, *, #2394, .T. ) ;
#858 = CARTESIAN_POINT ( 'NONE',  ( 20.60224891516565648, 4.500000000000000888, 11.46752437390882484 ) ) ;
#859 = CARTESIAN_POINT ( 'NONE',  ( -23.31852079810676770, -1.500000000000000000, 22.23402457419381761 ) ) ;
#860 = CARTESIAN_POINT ( 'NONE',  ( -18.50186364198975753, 4.500000000000000888, 20.37971968835483239 ) ) ;
#861 = EDGE_LOOP ( 'NONE', ( #453, #2688, #3120, #3444 ) ) ;
#862 = DIRECTION ( 'NONE',  ( 0.000000000000000000, 0.000000000000000000, 1.000000000000000000 ) ) ;
#863 = AXIS2_PLACEMENT_3D ( 'NONE', #753, #257, #1639 ) ;
#864 = CARTESIAN_POINT ( 'NONE',  ( 18.57617268906778563, 4.500000000000000888, 7.999978505002542484 ) ) ;
#865 = ORIENTED_EDGE ( 'NONE', *, *, #395, .F. ) ;
#866 = CARTESIAN_POINT ( 'NONE',  ( -5.488849026350334448, -1.500000000000000000, -2.149285012149996658E-05 ) ) ;
#867 = VERTEX_POINT ( 'NONE', #1693 ) ;
#868 = EDGE_CURVE ( 'NONE', #2731, #770, #677, .T. ) ;
#869 = LINE ( 'NONE', #340, #423 ) ;
#870 = ORIENTED_EDGE ( 'NONE', *, *, #383, .T. ) ;
#871 = CARTESIAN_POINT ( 'NONE',  ( -18.50209088848757233, 4.500000000000000888, -20.37961756925126622 ) ) ;
#872 = VECTOR ( 'NONE', #1726, 1000.000000000000000 ) ;
#873 = DIRECTION ( 'NONE',  ( -0.000000000000000000, -1.000000000000000000, -0.000000000000000000 ) ) ;
#874 = ORIENTED_EDGE ( 'NONE', *, *, #1860, .T. ) ;
#875 = CARTESIAN_POINT ( 'NONE',  ( -27.78302943514895063, 4.500000000000000888, -15.42516165217189439 ) ) ;
#876 = DIRECTION ( 'NONE',  ( 0.000000000000000000, 1.000000000000000000, 0.000000000000000000 ) ) ;
#877 = CARTESIAN_POINT ( 'NONE',  ( 4.851563810744978333, -1.500000000000000000, 26.55795023615122119 ) ) ;
#878 = ORIENTED_EDGE ( 'NONE', *, *, #999, .T. ) ;
#879 = DIRECTION ( 'NONE',  ( -0.000000000000000000, -1.000000000000000000, -0.000000000000000000 ) ) ;
#880 = CYLINDRICAL_SURFACE ( 'NONE', #1996, 8.000000000000000000 ) ;
#881 = ORIENTED_EDGE ( 'NONE', *, *, #17, .T. ) ;
#882 = B_SPLINE_SURFACE_WITH_KNOTS ( 'NONE', 3, 1, ( 
 ( #98, #2286 ),
 ( #3405, #914 ),
 ( #117, #2012 ),
 ( #2506, #2789 ) ),
 .UNSPECIFIED., .F., .F., .F.,
 ( 4, 4 ),
 ( 2, 2 ),
 ( 0.1547128134717859205, 1.000000000000000000 ),
 ( 0.000000000000000000, 1.000000000000000000 ),
 .UNSPECIFIED. ) ;
#883 = DIRECTION ( 'NONE',  ( -0.000000000000000000, -1.000000000000000000, -0.000000000000000000 ) ) ;
#884 = AXIS2_PLACEMENT_3D ( 'NONE', #124, #992, #3210 ) ;
#885 = ORIENTED_EDGE ( 'NONE', *, *, #2619, .T. ) ;
#886 = CARTESIAN_POINT ( 'NONE',  ( 2.656435478561623764, 4.500000000000000888, 24.29243924875190075 ) ) ;
#887 = ORIENTED_EDGE ( 'NONE', *, *, #198, .F. ) ;
#888 = EDGE_CURVE ( 'NONE', #3434, #1032, #2809, .T. ) ;
#889 = CARTESIAN_POINT ( 'NONE',  ( 56.51115097364966289, -1.500000000000000000, -2.149499746348640849E-05 ) ) ;
#890 = CARTESIAN_POINT ( 'NONE',  ( -10.69791133600880428, 4.500000000000000888, -23.61226555930517179 ) ) ;
#891 = ORIENTED_EDGE ( 'NONE', *, *, #1261, .F. ) ;
#892 = DIRECTION ( 'NONE',  ( -0.000000000000000000, -1.000000000000000000, -0.000000000000000000 ) ) ;
#893 = EDGE_CURVE ( 'NONE', #665, #2593, #1881, .T. ) ;
#894 = FACE_OUTER_BOUND ( 'NONE', #982, .T. ) ;
#895 = EDGE_CURVE ( 'NONE', #1097, #2083, #961, .T. ) ;
#896 = DIRECTION ( 'NONE',  ( 0.000000000000000000, 0.000000000000000000, -1.000000000000000000 ) ) ;
#897 = CARTESIAN_POINT ( 'NONE',  ( -25.86844510275171061, 4.500000000000000888, 13.01322036928675452 ) ) ;
#898 = ORIENTED_EDGE ( 'NONE', *, *, #285, .T. ) ;
#899 = CIRCLE ( 'NONE', #1534, 28.49999999999999645 ) ;
#900 = CIRCLE ( 'NONE', #1828, 28.50000000000000355 ) ;
#901 = CARTESIAN_POINT ( 'NONE',  ( -30.59937940146982882, -1.500000000000000000, -5.092228561345613080 ) ) ;
#902 = EDGE_CURVE ( 'NONE', #3079, #3125, #1452, .T. ) ;
#903 = CARTESIAN_POINT ( 'NONE',  ( -29.64471787844803075, 4.500000000000000888, 1.079978507150981315 ) ) ;
#904 = VECTOR ( 'NONE', #1644, 1000.000000000000000 ) ;
#905 = ORIENTED_EDGE ( 'NONE', *, *, #940, .F. ) ;
#906 = CARTESIAN_POINT ( 'NONE',  ( -22.35062972295160222, 4.500000000000000888, -22.97675650328459085 ) ) ;
#907 = ORIENTED_EDGE ( 'NONE', *, *, #2571, .T. ) ;
#908 = EDGE_CURVE ( 'NONE', #2909, #20, #2234, .T. ) ;
#909 = CARTESIAN_POINT ( 'NONE',  ( -10.69791133600880428, 4.500000000000000888, -23.61226555930517179 ) ) ;
#910 = ADVANCED_FACE ( 'NONE', ( #3094 ), #1982, .F. ) ;
#911 = CARTESIAN_POINT ( 'NONE',  ( -0.3966419578548376346, 4.500000000000000888, -25.11055186796961536 ) ) ;
#912 = ORIENTED_EDGE ( 'NONE', *, *, #843, .F. ) ;
#913 = FILL_AREA_STYLE ('',( #2284 ) ) ;
#914 = CARTESIAN_POINT ( 'NONE',  ( -7.069238199785051968, -1.499999999999999556, -25.57289146492648158 ) ) ;
#915 = EDGE_CURVE ( 'NONE', #2062, #295, #2843, .T. ) ;
#916 = B_SPLINE_SURFACE_WITH_KNOTS ( 'NONE', 3, 1, ( 
 ( #1652, #2410 ),
 ( #2728, #2763 ),
 ( #1035, #255 ),
 ( #292, #2137 ) ),
 .UNSPECIFIED., .F., .F., .F.,
 ( 4, 4 ),
 ( 2, 2 ),
 ( 0.1547128134717859205, 1.000000000000000000 ),
 ( 0.000000000000000000, 1.000000000000000000 ),
 .UNSPECIFIED. ) ;
#917 = DIRECTION ( 'NONE',  ( 0.000000000000000000, 1.000000000000000000, 0.000000000000000000 ) ) ;
#918 = CARTESIAN_POINT ( 'NONE',  ( 18.57617268906778563, 4.500000000000000888, 7.999978505002542484 ) ) ;
#919 = ORIENTED_EDGE ( 'NONE', *, *, #2118, .T. ) ;
#920 = AXIS2_PLACEMENT_3D ( 'NONE', #3269, #215, #777 ) ;
#921 = CARTESIAN_POINT ( 'NONE',  ( -5.488849026350334448, -1.500000000000000000, -2.149285012149996658E-05 ) ) ;
#922 = B_SPLINE_CURVE_WITH_KNOTS ( 'NONE', 3,
 ( #2800, #322, #3395, #2818 ),
 .UNSPECIFIED., .F., .F.,
 ( 4, 4 ),
 ( 0.000000000000000000, 0.8452273900860258760 ),
 .UNSPECIFIED. ) ;
#923 = CARTESIAN_POINT ( 'NONE',  ( -5.488849026350334448, 4.500000000000000888, -2.149285012149996658E-05 ) ) ;
#924 = ORIENTED_EDGE ( 'NONE', *, *, #2123, .F. ) ;
#925 = CARTESIAN_POINT ( 'NONE',  ( -5.488849026350334448, 4.500000000000000888, -2.149285012149996658E-05 ) ) ;
#926 = ORIENTED_EDGE ( 'NONE', *, *, #158, .F. ) ;
#927 = CARTESIAN_POINT ( 'NONE',  ( -5.488849026350334448, -1.500000000000000000, -2.149285012149996658E-05 ) ) ;
#928 = ORIENTED_EDGE ( 'NONE', *, *, #2844, .F. ) ;
#929 = ORIENTED_EDGE ( 'NONE', *, *, #539, .F. ) ;
#930 = AXIS2_PLACEMENT_3D ( 'NONE', #1285, #2965, #2425 ) ;
#931 = CARTESIAN_POINT ( 'NONE',  ( -28.54218338308801961, -1.500000000000000000, -7.294963236017376396 ) ) ;
#932 = CYLINDRICAL_SURFACE ( 'NONE', #1768, 24.17999999999474880 ) ;
#933 = B_SPLINE_CURVE_WITH_KNOTS ( 'NONE', 3,
 ( #1045, #3209, #2719, #3503 ),
 .UNSPECIFIED., .F., .F.,
 ( 4, 4 ),
 ( 0.2280192144657617603, 0.8452273900860258760 ),
 .UNSPECIFIED. ) ;
#934 = DIRECTION ( 'NONE',  ( -0.000000000000000000, -1.000000000000000000, -0.000000000000000000 ) ) ;
#935 = CARTESIAN_POINT ( 'NONE',  ( -16.63147601631060013, -1.500000000000000000, 21.45957458355250225 ) ) ;
#936 = ADVANCED_FACE ( 'NONE', ( #2557 ), #882, .F. ) ;
#937 = CARTESIAN_POINT ( 'NONE',  ( 21.06912270265101128, 4.500000000000000888, 10.34039134424517492 ) ) ;
#938 = ORIENTED_EDGE ( 'NONE', *, *, #3303, .T. ) ;
#939 = CARTESIAN_POINT ( 'NONE',  ( -16.63171530400598996, 4.500000000000000888, -21.45949332041453061 ) ) ;
#940 = EDGE_CURVE ( 'NONE', #1891, #125, #1130, .T. ) ;
#941 = CARTESIAN_POINT ( 'NONE',  ( -13.63413353126228778, 4.500000000000000888, -24.29248223445214805 ) ) ;
#942 = DIRECTION ( 'NONE',  ( -0.000000000000000000, -1.000000000000000000, -0.000000000000000000 ) ) ;
#943 = EDGE_LOOP ( 'NONE', ( #1250, #3137, #185, #865, #924, #3542, #3182, #2254, #1882, #2304, #2836, #1623, #1456, #2149, #2465, #1748, #2533, #2496, #305, #2230, #1640, #929, #2380, #1163, #1442, #1006, #2003, #2946, #2610, #1541, #1245, #1884, #2246, #778, #232, #729, #1030, #727, #3565, #2726, #1803, #1395, #1725, #998, #2174, #1264, #2321, #572, #766, #3160, #3161, #1275, #2164, #3181, #2355, #2911, #1959, #2724, #606, #1103, #2525, #2544, #977, #3122, #1933, #2588, #3332, #2647, #1937, #2151, #1592, #3041, #831, #1616, #504, #624, #1296, #2823, #96, #461, #1542, #1466, #1170, #10, #1578, #467, #1414, #2092, #2633, #2649, #912 ) ) ;
#944 = APPLICATION_CONTEXT ( 'automotive_design' ) ;
#945 = CARTESIAN_POINT ( 'NONE',  ( -31.57994696786624900, 4.500000000000000888, 11.46752437390897938 ) ) ;
#946 = VERTEX_POINT ( 'NONE', #2213 ) ;
#947 = ORIENTED_EDGE ( 'NONE', *, *, #2342, .T. ) ;
#948 = DIRECTION ( 'NONE',  ( 0.000000000000000000, 0.000000000000000000, -1.000000000000000000 ) ) ;
#949 = CARTESIAN_POINT ( 'NONE',  ( -6.568579672709797812, 4.500000000000000888, 24.15585940044496027 ) ) ;
#950 = EDGE_CURVE ( 'NONE', #2782, #1362, #3514, .T. ) ;
#951 = FACE_OUTER_BOUND ( 'NONE', #51, .T. ) ;
#952 = CARTESIAN_POINT ( 'NONE',  ( -6.568849026351868403, 4.500000000000000888, -24.15589034494779952 ) ) ;
#953 = FACE_OUTER_BOUND ( 'NONE', #2685, .T. ) ;
#954 = EDGE_LOOP ( 'NONE', ( #3109, #1480, #1814, #214 ) ) ;
#955 = ADVANCED_FACE ( 'NONE', ( #1562 ), #932, .T. ) ;
#956 = DIRECTION ( 'NONE',  ( -0.000000000000000000, -1.000000000000000000, -0.000000000000000000 ) ) ;
#957 = LINE ( 'NONE', #903, #2617 ) ;
#958 = VECTOR ( 'NONE', #754, 1000.000000000000000 ) ;
#959 = CARTESIAN_POINT ( 'NONE',  ( -8.603211957430776380, 4.500000000000000888, 28.32930507051019475 ) ) ;
#960 = ORIENTED_EDGE ( 'NONE', *, *, #3020, .T. ) ;
#961 = CIRCLE ( 'NONE', #3458, 28.50000000000000355 ) ;
#962 = AXIS2_PLACEMENT_3D ( 'NONE', #2198, #564, #862 ) ;
#963 = CARTESIAN_POINT ( 'NONE',  ( 5.928928787627477881, 4.500000000000000888, -22.93697112306185559 ) ) ;
#964 = ORIENTED_EDGE ( 'NONE', *, *, #1474, .T. ) ;
#965 = CARTESIAN_POINT ( 'NONE',  ( 16.74519704069359705, 4.500000000000000888, 17.82965027890631760 ) ) ;
#966 = EDGE_LOOP ( 'NONE', ( #1651, #1118, #2060, #2892, #919, #3385, #36, #3255, #3272, #3027, #2134, #1121, #2218, #1503, #1345, #202, #1925, #870, #2223, #2756, #3396, #1233, #2690, #1101, #1846, #857, #1463, #2594, #680, #2707, #511, #1321, #544, #2650, #1382, #2473, #2037, #1595, #254, #671, #469, #2966, #2700, #528, #2409, #2440, #2052, #2000, #101, #2575, #3085, #2065, #878, #75, #149, #793, #1879, #3211, #2995, #1046, #3409, #2005, #3248, #748, #2796, #3009, #1719, #3486, #693, #1864, #1708, #996, #2514, #2181, #3011, #2665, #1953, #454, #2834, #1989, #3157, #2927, #3381, #627, #3144, #1841, #1240, #303, #1568, #2590, #2928 ) ) ;
#967 = CARTESIAN_POINT ( 'NONE',  ( -21.80595237343890602, 4.500000000000000888, 17.84443250160366290 ) ) ;
#968 = CARTESIAN_POINT ( 'NONE',  ( -3.948440114060258743, -1.499999999999999556, -25.59521983022841241 ) ) ;
#969 = CARTESIAN_POINT ( 'NONE',  ( -16.95639489310941528, 4.500000000000000888, -26.09111943436605330 ) ) ;
#970 = DIRECTION ( 'NONE',  ( -0.000000000000000000, -1.000000000000000000, -0.000000000000000000 ) ) ;
#971 = LINE ( 'NONE', #937, #1131 ) ;
#972 = ORIENTED_EDGE ( 'NONE', *, *, #950, .F. ) ;
#973 = DIRECTION ( 'NONE',  ( 0.000000000000000000, 0.000000000000000000, 1.000000000000000000 ) ) ;
#974 = LINE ( 'NONE', #2276, #2379 ) ;
#975 = AXIS2_PLACEMENT_3D ( 'NONE', #1900, #503, #747 ) ;
#976 = LINE ( 'NONE', #641, #2315 ) ;
#977 = ORIENTED_EDGE ( 'NONE', *, *, #797, .F. ) ;
#978 = EDGE_CURVE ( 'NONE', #1732, #2163, #717, .T. ) ;
#979 = CARTESIAN_POINT ( 'NONE',  ( -5.488849026350334448, 4.500000000000000888, -2.149285012149996658E-05 ) ) ;
#980 = ORIENTED_EDGE ( 'NONE', *, *, #849, .F. ) ;
#981 = LINE ( 'NONE', #1759, #30 ) ;
#982 = EDGE_LOOP ( 'NONE', ( #1256, #2098, #1675, #3025 ) ) ;
#983 = CARTESIAN_POINT ( 'NONE',  ( 20.60224891516565648, 4.500000000000000888, 11.46752437390882484 ) ) ;
#984 = CARTESIAN_POINT ( 'NONE',  ( -7.029257938640416370, -1.499999999999999556, 25.59517684452817221 ) ) ;
#985 = CARTESIAN_POINT ( 'NONE',  ( -23.31852079810676770, -1.500000000000000000, 22.23402457419381761 ) ) ;
#986 = CARTESIAN_POINT ( 'NONE',  ( -28.54218338308801961, -1.500000000000000000, -7.294963236017376396 ) ) ;
#987 = CYLINDRICAL_SURFACE ( 'NONE', #2165, 24.17999999999474880 ) ;
#988 = VERTEX_POINT ( 'NONE', #168 ) ;
#989 = CARTESIAN_POINT ( 'NONE',  ( 20.60224891516562806, -1.500000000000000000, -11.46756735960912899 ) ) ;
#990 = DIRECTION ( 'NONE',  ( 0.000000000000000000, 0.000000000000000000, 1.000000000000000000 ) ) ;
#991 = ADVANCED_FACE ( 'NONE', ( #1252 ), #262, .F. ) ;
#992 = DIRECTION ( 'NONE',  ( 0.000000000000000000, 1.000000000000000000, 0.000000000000000000 ) ) ;
#993 = ORIENTED_EDGE ( 'NONE', *, *, #395, .T. ) ;
#994 = VECTOR ( 'NONE', #553, 1000.000000000000000 ) ;
#995 = CARTESIAN_POINT ( 'NONE',  ( -31.57994696786625610, 4.500000000000000888, 11.46752437390897228 ) ) ;
#996 = ORIENTED_EDGE ( 'NONE', *, *, #1643, .T. ) ;
#997 = CARTESIAN_POINT ( 'NONE',  ( 7.524392835787080180, -1.500000000000000000, 20.37957458355090878 ) ) ;
#998 = ORIENTED_EDGE ( 'NONE', *, *, #1816, .F. ) ;
#999 = EDGE_CURVE ( 'NONE', #2767, #2909, #3340, .T. ) ;
#1000 = CARTESIAN_POINT ( 'NONE',  ( -28.46558403678481497, 4.500000000000000888, 16.86175920375113080 ) ) ;
#1001 = CARTESIAN_POINT ( 'NONE',  ( -3.277375995841452117, -1.500000000000000000, -27.01991816308395755 ) ) ;
#1002 = DIRECTION ( 'NONE',  ( -0.000000000000000000, -1.000000000000000000, -0.000000000000000000 ) ) ;
#1003 = ADVANCED_FACE ( 'NONE', ( #2932 ), #2803, .F. ) ;
#1004 = APPLICATION_PROTOCOL_DEFINITION ( 'draft international standard', 'automotive_design', 1998, #944 ) ;
#1005 = DIRECTION ( 'NONE',  ( -0.000000000000000000, -1.000000000000000000, -0.000000000000000000 ) ) ;
#1006 = ORIENTED_EDGE ( 'NONE', *, *, #1493, .F. ) ;
#1007 = ADVANCED_FACE ( 'NONE', ( #457 ), #3422, .T. ) ;
#1008 = CARTESIAN_POINT ( 'NONE',  ( -0.2800500088224457951, 4.500000000000000888, -23.61232364225407565 ) ) ;
#1009 = CARTESIAN_POINT ( 'NONE',  ( -6.568849026351868403, 4.500000000000000888, -24.15589034494779952 ) ) ;
#1010 = VERTEX_POINT ( 'NONE', #2374 ) ;
#1011 = EDGE_CURVE ( 'NONE', #1795, #1057, #667, .T. ) ;
#1012 = CARTESIAN_POINT ( 'NONE',  ( 16.74519704069354731, -1.500000000000000000, -17.82969326460661819 ) ) ;
#1013 = VERTEX_POINT ( 'NONE', #1798 ) ;
#1014 = DIRECTION ( 'NONE',  ( 0.000000000000000000, 1.000000000000000000, 0.000000000000000000 ) ) ;
#1015 = ORIENTED_EDGE ( 'NONE', *, *, #1637, .T. ) ;
#1016 = CARTESIAN_POINT ( 'NONE',  ( -32.04682075535166774, -1.500000000000000000, 10.34039134424520334 ) ) ;
#1017 = AXIS2_PLACEMENT_3D ( 'NONE', #781, #1302, #524 ) ;
#1018 = CARTESIAN_POINT ( 'NONE',  ( -0.2800500088224457951, -1.500000000000000000, -23.61232364225407565 ) ) ;
#1019 = EDGE_CURVE ( 'NONE', #698, #3508, #1290, .T. ) ;
#1020 = AXIS2_PLACEMENT_3D ( 'NONE', #3477, #2984, #2934 ) ;
#1021 = CARTESIAN_POINT ( 'NONE',  ( -32.50575565983485404, -1.499999999999999556, 2.238797844756622357 ) ) ;
#1022 = CARTESIAN_POINT ( 'NONE',  ( -5.488849026350334448, -1.500000000000000000, -2.149285012149996658E-05 ) ) ;
#1023 = EDGE_CURVE ( 'NONE', #2909, #715, #2586, .T. ) ;
#1024 = CARTESIAN_POINT ( 'NONE',  ( 21.06912270265100773, -1.499999999999999556, -10.34043432994543288 ) ) ;
#1025 = DIRECTION ( 'NONE',  ( 0.000000000000000000, 0.000000000000000000, -1.000000000000000000 ) ) ;
#1026 = DIRECTION ( 'NONE',  ( -0.000000000000000000, -1.000000000000000000, -0.000000000000000000 ) ) ;
#1027 = EDGE_LOOP ( 'NONE', ( #1050, #891, #147, #2746 ) ) ;
#1028 = ORIENTED_EDGE ( 'NONE', *, *, #797, .T. ) ;
#1029 = DIRECTION ( 'NONE',  ( 0.000000000000000000, 0.000000000000000000, -1.000000000000000000 ) ) ;
#1030 = ORIENTED_EDGE ( 'NONE', *, *, #689, .F. ) ;
#1031 = DIRECTION ( 'NONE',  ( -0.000000000000000000, -1.000000000000000000, -0.000000000000000000 ) ) ;
#1032 = VERTEX_POINT ( 'NONE', #2102 ) ;
#1033 = VECTOR ( 'NONE', #1636, 1000.000000000000000 ) ;
#1034 = AXIS2_PLACEMENT_3D ( 'NONE', #2472, #3564, #2750 ) ;
#1035 = CARTESIAN_POINT ( 'NONE',  ( -27.76676683381687027, 4.500000000000000888, 15.44730624474341596 ) ) ;
#1036 = CARTESIAN_POINT ( 'NONE',  ( -33.65893363520206094, 4.500000000000000888, 4.323904169107442463 ) ) ;
#1037 = CARTESIAN_POINT ( 'NONE',  ( 9.958478711243198944, -1.500000000000000000, 22.27789631461642017 ) ) ;
#1038 = LINE ( 'NONE', #2969, #3228 ) ;
#1039 = CARTESIAN_POINT ( 'NONE',  ( 12.34082274540610591, -1.500000000000000000, -22.23406755989405426 ) ) ;
#1040 = CARTESIAN_POINT ( 'NONE',  ( 21.06912270265100773, 4.500000000000000888, -10.34043432994543288 ) ) ;
#1041 = VECTOR ( 'NONE', #21, 1000.000000000000000 ) ;
#1042 = EDGE_CURVE ( 'NONE', #484, #267, #485, .T. ) ;
#1043 = CARTESIAN_POINT ( 'NONE',  ( -5.488849026350334448, 4.500000000000000888, -2.149285012149996658E-05 ) ) ;
#1044 = AXIS2_PLACEMENT_3D ( 'NONE', #1743, #666, #328 ) ;
#1045 = CARTESIAN_POINT ( 'NONE',  ( 21.06912270265101128, -1.500000000000000000, 10.34039134424517492 ) ) ;
#1046 = ORIENTED_EDGE ( 'NONE', *, *, #3403, .T. ) ;
#1047 = ORIENTED_EDGE ( 'NONE', *, *, #3495, .F. ) ;
#1048 = ADVANCED_FACE ( 'NONE', ( #2876 ), #3383, .F. ) ;
#1049 = CARTESIAN_POINT ( 'NONE',  ( -23.31852079810690270, -1.500000000000000000, -22.23406755989395478 ) ) ;
#1050 = ORIENTED_EDGE ( 'NONE', *, *, #674, .T. ) ;
#1051 = AXIS2_PLACEMENT_3D ( 'NONE', #1427, #3324, #3044 ) ;
#1052 = DIRECTION ( 'NONE',  ( 0.000000000000000000, 1.000000000000000000, 0.000000000000000000 ) ) ;
#1053 = ORIENTED_EDGE ( 'NONE', *, *, #915, .F. ) ;
#1054 = CARTESIAN_POINT ( 'NONE',  ( 17.44744740486553880, 4.500000000000000888, -11.46358741128010550 ) ) ;
#1055 = CARTESIAN_POINT ( 'NONE',  ( -33.65893363520206094, 4.500000000000000888, 4.323904169107447792 ) ) ;
#1056 = CARTESIAN_POINT ( 'NONE',  ( -16.95639489310928028, 4.500000000000000888, 26.09107644866586995 ) ) ;
#1057 = VERTEX_POINT ( 'NONE', #1525 ) ;
#1058 = EDGE_CURVE ( 'NONE', #216, #1795, #2699, .T. ) ;
#1059 = LINE ( 'NONE', #1874, #592 ) ;
#1060 = CARTESIAN_POINT ( 'NONE',  ( 5.654017251305313074, 4.500000000000000888, 21.45945033471429397 ) ) ;
#1061 = CARTESIAN_POINT ( 'NONE',  ( -5.488849026350334448, 4.500000000000000888, -2.149285012149996658E-05 ) ) ;
#1062 = CARTESIAN_POINT ( 'NONE',  ( 15.18085071241583428, 4.500000000000000888, -17.54222607904825182 ) ) ;
#1063 = EDGE_CURVE ( 'NONE', #770, #318, #2108, .T. ) ;
#1064 = EDGE_LOOP ( 'NONE', ( #3557, #1065, #406, #2482 ) ) ;
#1065 = ORIENTED_EDGE ( 'NONE', *, *, #3484, .F. ) ;
#1066 = B_SPLINE_CURVE_WITH_KNOTS ( 'NONE', 3,
 ( #1465, #2574, #664, #1504 ),
 .UNSPECIFIED., .F., .F.,
 ( 4, 4 ),
 ( 0.000000000000000000, 0.8452273900860258760 ),
 .UNSPECIFIED. ) ;
#1067 = DIRECTION ( 'NONE',  ( -0.000000000000000000, -1.000000000000000000, -0.000000000000000000 ) ) ;
#1068 = ORIENTED_EDGE ( 'NONE', *, *, #2383, .F. ) ;
#1069 = CARTESIAN_POINT ( 'NONE',  ( 5.978696840408614044, -1.500000000000000000, -26.09111943436611369 ) ) ;
#1070 = VERTEX_POINT ( 'NONE', #1325 ) ;
#1071 = CARTESIAN_POINT ( 'NONE',  ( -28.54210203833201476, -1.499999999999999556, 7.295177309465270987 ) ) ;
#1072 = DIRECTION ( 'NONE',  ( 0.000000000000000000, 0.000000000000000000, 1.000000000000000000 ) ) ;
#1073 = DIRECTION ( 'NONE',  ( 0.000000000000000000, 1.000000000000000000, 0.000000000000000000 ) ) ;
#1074 = EDGE_LOOP ( 'NONE', ( #341, #1670, #1109, #938 ) ) ;
#1075 = B_SPLINE_CURVE_WITH_KNOTS ( 'NONE', 3,
 ( #2023, #2569, #3176, #709 ),
 .UNSPECIFIED., .F., .F.,
 ( 4, 4 ),
 ( 0.000000000000000000, 0.8452273900860258760 ),
 .UNSPECIFIED. ) ;
#1076 = LINE ( 'NONE', #11, #2141 ) ;
#1077 = AXIS2_PLACEMENT_3D ( 'NONE', #1105, #2709, #2154 ) ;
#1078 = FACE_OUTER_BOUND ( 'NONE', #518, .T. ) ;
#1079 = CYLINDRICAL_SURFACE ( 'NONE', #394, 24.17999999999474525 ) ;
#1080 = CARTESIAN_POINT ( 'NONE',  ( 4.851563810744874417, 4.500000000000000888, -26.55799322185150402 ) ) ;
#1081 = EDGE_LOOP ( 'NONE', ( #993, #1371, #3287, #1791 ) ) ;
#1082 = ORIENTED_EDGE ( 'NONE', *, *, #531, .F. ) ;
#1083 = CARTESIAN_POINT ( 'NONE',  ( -23.03105361254849726, -1.500000000000000000, -20.66972123161627550 ) ) ;
#1084 = ORIENTED_EDGE ( 'NONE', *, *, #1385, .T. ) ;
#1085 = FACE_OUTER_BOUND ( 'NONE', #2853, .T. ) ;
#1086 = ORIENTED_EDGE ( 'NONE', *, *, #2768, .T. ) ;
#1087 = FACE_OUTER_BOUND ( 'NONE', #761, .T. ) ;
#1088 = ADVANCED_FACE ( 'NONE', ( #2138 ), #1359, .T. ) ;
#1089 = CARTESIAN_POINT ( 'NONE',  ( -0.2800500088224457951, 4.500000000000000888, -23.61232364225407565 ) ) ;
#1090 = VECTOR ( 'NONE', #2184, 1000.000000000000000 ) ;
#1091 = CARTESIAN_POINT ( 'NONE',  ( 10.82845329693746628, -1.500000000000000000, 17.84425055422909878 ) ) ;
#1092 = ORIENTED_EDGE ( 'NONE', *, *, #3218, .F. ) ;
#1093 = CARTESIAN_POINT ( 'NONE',  ( -9.812774688307900561, 4.500000000000000888, -28.17010610170184748 ) ) ;
#1094 = CARTESIAN_POINT ( 'NONE',  ( 19.01680441295717827, 4.500000000000000888, -11.59477800376214773 ) ) ;
#1095 = CARTESIAN_POINT ( 'NONE',  ( 4.851563810744978333, 4.500000000000000888, 26.55795023615122119 ) ) ;
#1096 = CARTESIAN_POINT ( 'NONE',  ( -23.31852079810676770, 4.500000000000000888, 22.23402457419381761 ) ) ;
#1097 = VERTEX_POINT ( 'NONE', #803 ) ;
#1098 = AXIS2_PLACEMENT_3D ( 'NONE', #1910, #3021, #1642 ) ;
#1099 = EDGE_CURVE ( 'NONE', #1518, #318, #2693, .T. ) ;
#1100 = CARTESIAN_POINT ( 'NONE',  ( -31.08404736372862587, 4.500000000000000888, -1.540430405140194692 ) ) ;
#1101 = ORIENTED_EDGE ( 'NONE', *, *, #1159, .T. ) ;
#1102 = DIRECTION ( 'NONE',  ( 0.000000000000000000, 0.000000000000000000, 1.000000000000000000 ) ) ;
#1103 = ORIENTED_EDGE ( 'NONE', *, *, #674, .F. ) ;
#1104 = AXIS2_PLACEMENT_3D ( 'NONE', #2356, #1522, #1249 ) ;
#1105 = CARTESIAN_POINT ( 'NONE',  ( -5.488849026350334448, -1.500000000000000000, -2.149285012149996658E-05 ) ) ;
#1106 = DIRECTION ( 'NONE',  ( 0.000000000000000000, 1.000000000000000000, 0.000000000000000000 ) ) ;
#1107 = EDGE_CURVE ( 'NONE', #1495, #1872, #818, .T. ) ;
#1108 = CARTESIAN_POINT ( 'NONE',  ( -10.62545306781336762, -1.499999999999999556, -25.12177175966116494 ) ) ;
#1109 = ORIENTED_EDGE ( 'NONE', *, *, #2118, .F. ) ;
#1110 = VECTOR ( 'NONE', #1243, 1000.000000000000000 ) ;
#1111 = CARTESIAN_POINT ( 'NONE',  ( 0.000000000000000000, 0.000000000000000000, 0.000000000000000000 ) ) ;
#1112 = LINE ( 'NONE', #243, #1797 ) ;
#1113 = CARTESIAN_POINT ( 'NONE',  ( -22.35062972295058614, 4.500000000000000888, 22.97671351758510028 ) ) ;
#1114 = EDGE_CURVE ( 'NONE', #2488, #1150, #493, .T. ) ;
#1115 = CARTESIAN_POINT ( 'NONE',  ( 12.35542302072888887, 4.500000000000000888, -16.31732381613791816 ) ) ;
#1116 = FACE_OUTER_BOUND ( 'NONE', #3520, .T. ) ;
#1117 = B_SPLINE_CURVE_WITH_KNOTS ( 'NONE', 3,
 ( #1089, #2171, #821, #2411 ),
 .UNSPECIFIED., .F., .F.,
 ( 4, 4 ),
 ( 0.1547128134717859205, 1.000000000000000000 ),
 .UNSPECIFIED. ) ;
#1118 = ORIENTED_EDGE ( 'NONE', *, *, #1800, .T. ) ;
#1119 = EDGE_CURVE ( 'NONE', #2273, #22, #1956, .T. ) ;
#1120 = CARTESIAN_POINT ( 'NONE',  ( -2.374486095268816932, 4.500000000000000888, 28.32930507051007751 ) ) ;
#1121 = ORIENTED_EDGE ( 'NONE', *, *, #2686, .T. ) ;
#1122 = CARTESIAN_POINT ( 'NONE',  ( 15.97062280121407873, -1.500000000000000000, -11.14288777050576940 ) ) ;
#1123 = ORIENTED_EDGE ( 'NONE', *, *, #2237, .T. ) ;
#1124 = DIRECTION ( 'NONE',  ( 0.000000000000000000, 0.000000000000000000, 1.000000000000000000 ) ) ;
#1125 = APPLICATION_CONTEXT ( 'automotive_design' ) ;
#1126 = CARTESIAN_POINT ( 'NONE',  ( -5.488849026350334448, 4.500000000000000888, -2.149285012149996658E-05 ) ) ;
#1127 = ORIENTED_EDGE ( 'NONE', *, *, #1749, .T. ) ;
#1128 = CARTESIAN_POINT ( 'NONE',  ( -0.3522449848872948319, -1.500000000000000000, 25.12172877396092474 ) ) ;
#1129 = EDGE_CURVE ( 'NONE', #248, #642, #1905, .T. ) ;
#1130 = LINE ( 'NONE', #3127, #844 ) ;
#1131 = VECTOR ( 'NONE', #3131, 1000.000000000000000 ) ;
#1132 = CYLINDRICAL_SURFACE ( 'NONE', #2345, 28.50000000000000355 ) ;
#1133 = AXIS2_PLACEMENT_3D ( 'NONE', #684, #3146, #1544 ) ;
#1134 = CARTESIAN_POINT ( 'NONE',  ( 15.18085071241583428, 4.500000000000000888, -17.54222607904825182 ) ) ;
#1135 = CIRCLE ( 'NONE', #56, 28.50000000000000355 ) ;
#1136 = EDGE_CURVE ( 'NONE', #3101, #1518, #1117, .T. ) ;
#1137 = CARTESIAN_POINT ( 'NONE',  ( 4.851563810744978333, -1.500000000000000000, 26.55795023615122119 ) ) ;
#1138 = ORIENTED_EDGE ( 'NONE', *, *, #494, .T. ) ;
#1139 = CYLINDRICAL_SURFACE ( 'NONE', #598, 28.50000000000000711 ) ;
#1140 = EDGE_LOOP ( 'NONE', ( #2260, #3343, #2028, #2424 ) ) ;
#1141 = DIRECTION ( 'NONE',  ( -0.000000000000000000, -1.000000000000000000, -0.000000000000000000 ) ) ;
#1142 = ORIENTED_EDGE ( 'NONE', *, *, #3323, .F. ) ;
#1143 = B_SPLINE_CURVE_WITH_KNOTS ( 'NONE', 3,
 ( #3390, #1999, #1747, #2036 ),
 .UNSPECIFIED., .F., .F.,
 ( 4, 4 ),
 ( 0.000000000000000000, 0.8452273900860258760 ),
 .UNSPECIFIED. ) ;
#1144 = DIRECTION ( 'NONE',  ( 0.000000000000000000, 1.000000000000000000, 0.000000000000000000 ) ) ;
#1145 = CARTESIAN_POINT ( 'NONE',  ( -9.812774688307905890, 4.500000000000000888, -28.17010610170184748 ) ) ;
#1146 = VERTEX_POINT ( 'NONE', #3274 ) ;
#1147 = CARTESIAN_POINT ( 'NONE',  ( -1.164923364392980165, -1.500000000000000000, 28.17006311600163215 ) ) ;
#1148 = CARTESIAN_POINT ( 'NONE',  ( -14.64387242144249157, -1.500000000000000000, -25.51690027345681955 ) ) ;
#1149 = LINE ( 'NONE', #2491, #1711 ) ;
#1150 = VERTEX_POINT ( 'NONE', #782 ) ;
#1151 = CARTESIAN_POINT ( 'NONE',  ( -5.488849026350334448, -1.500000000000000000, -2.149285012149996658E-05 ) ) ;
#1152 = VECTOR ( 'NONE', #1689, 1000.000000000000000 ) ;
#1153 = DIRECTION ( 'NONE',  ( -0.000000000000000000, -1.000000000000000000, -0.000000000000000000 ) ) ;
#1154 = EDGE_LOOP ( 'NONE', ( #960, #2480, #2240, #3523 ) ) ;
#1155 = CYLINDRICAL_SURFACE ( 'NONE', #1976, 28.50000000000000000 ) ;
#1156 = VERTEX_POINT ( 'NONE', #1621 ) ;
#1157 = DIRECTION ( 'NONE',  ( -0.000000000000000000, -1.000000000000000000, -0.000000000000000000 ) ) ;
#1158 = VERTEX_POINT ( 'NONE', #1654 ) ;
#1159 = EDGE_CURVE ( 'NONE', #1891, #2741, #3548, .T. ) ;
#1160 = CARTESIAN_POINT ( 'NONE',  ( -28.42579865656206906, -1.499999999999999556, -11.41779930682794664 ) ) ;
#1161 = AXIS2_PLACEMENT_3D ( 'NONE', #2922, #3482, #448 ) ;
#1162 = CARTESIAN_POINT ( 'NONE',  ( -10.34599396699874241, -1.499999999999999556, -26.67160884831726975 ) ) ;
#1163 = ORIENTED_EDGE ( 'NONE', *, *, #3067, .F. ) ;
#1164 = CARTESIAN_POINT ( 'NONE',  ( -5.488849026350334448, -1.500000000000000000, -2.149285012149996658E-05 ) ) ;
#1165 = CARTESIAN_POINT ( 'NONE',  ( 7.524392835787080180, 4.500000000000000888, 20.37957458355090878 ) ) ;
#1166 = VECTOR ( 'NONE', #3355, 1000.000000000000000 ) ;
#1167 = ADVANCED_FACE ( 'NONE', ( #2711 ), #2832, .F. ) ;
#1168 = DIRECTION ( 'NONE',  ( -0.000000000000000000, -1.000000000000000000, -0.000000000000000000 ) ) ;
#1169 = CARTESIAN_POINT ( 'NONE',  ( -5.488849026350334448, -1.500000000000000000, -2.149285012149996658E-05 ) ) ;
#1170 = ORIENTED_EDGE ( 'NONE', *, *, #229, .F. ) ;
#1171 = ADVANCED_FACE ( 'NONE', ( #3528 ), #3263, .F. ) ;
#1172 = CARTESIAN_POINT ( 'NONE',  ( 20.60224891516562806, 4.500000000000000888, -11.46756735960912899 ) ) ;
#1173 = EDGE_CURVE ( 'NONE', #3196, #344, #2722, .T. ) ;
#1174 = B_SPLINE_SURFACE_WITH_KNOTS ( 'NONE', 3, 1, ( 
 ( #2609, #1807 ),
 ( #2854, #3485 ),
 ( #2869, #2924 ),
 ( #675, #692 ) ),
 .UNSPECIFIED., .F., .F., .F.,
 ( 4, 4 ),
 ( 2, 2 ),
 ( 0.1547128134717859205, 1.000000000000000000 ),
 ( 0.000000000000000000, 1.000000000000000000 ),
 .UNSPECIFIED. ) ;
#1175 = CARTESIAN_POINT ( 'NONE',  ( -5.488849026350334448, 4.500000000000000888, -2.149285012149996658E-05 ) ) ;
#1176 = ORIENTED_EDGE ( 'NONE', *, *, #2785, .T. ) ;
#1177 = CARTESIAN_POINT ( 'NONE',  ( -18.50209088848776418, -1.499999999999999556, -20.37961756925115608 ) ) ;
#1178 = ORIENTED_EDGE ( 'NONE', *, *, #655, .F. ) ;
#1179 = EDGE_CURVE ( 'NONE', #3555, #731, #609, .T. ) ;
#1180 = CARTESIAN_POINT ( 'NONE',  ( -10.34599396699874241, 4.500000000000000888, -26.67160884831726975 ) ) ;
#1181 = CARTESIAN_POINT ( 'NONE',  ( -0.2800500088224388562, -1.499999999999999556, -23.61232364225407565 ) ) ;
#1182 = EDGE_LOOP ( 'NONE', ( #1813, #2329, #156, #2136 ) ) ;
#1183 = CARTESIAN_POINT ( 'NONE',  ( -29.81322496566872005, -1.500000000000000000, -8.112467037166847916 ) ) ;
#1184 = DIRECTION ( 'NONE',  ( -0.000000000000000000, -1.000000000000000000, -0.000000000000000000 ) ) ;
#1185 = CARTESIAN_POINT ( 'NONE',  ( -16.95639489310928028, -1.500000000000000000, 26.09107644866586995 ) ) ;
#1186 = B_SPLINE_SURFACE_WITH_KNOTS ( 'NONE', 3, 1, ( 
 ( #3430, #1733 ),
 ( #1191, #352 ),
 ( #690, #141 ),
 ( #2019, #1515 ) ),
 .UNSPECIFIED., .F., .F., .F.,
 ( 4, 4 ),
 ( 2, 2 ),
 ( 0.1547128134717859205, 1.000000000000000000 ),
 ( 0.000000000000000000, 1.000000000000000000 ),
 .UNSPECIFIED. ) ;
#1187 = CARTESIAN_POINT ( 'NONE',  ( 11.37293167025079477, -1.499999999999999556, -22.97675650328469033 ) ) ;
#1188 = ORIENTED_EDGE ( 'NONE', *, *, #2148, .F. ) ;
#1189 = VECTOR ( 'NONE', #1932, 1000.000000000000000 ) ;
#1190 = CIRCLE ( 'NONE', #2878, 28.50000000000000355 ) ;
#1191 = CARTESIAN_POINT ( 'NONE',  ( -16.90662684032815477, 4.500000000000000888, 22.93692813736161185 ) ) ;
#1192 = DIRECTION ( 'NONE',  ( 0.000000000000000000, 1.000000000000000000, 0.000000000000000000 ) ) ;
#1193 = PRESENTATION_LAYER_ASSIGNMENT (  '', '', ( #2703 ) ) ;
#1194 = ORIENTED_EDGE ( 'NONE', *, *, #1664, .F. ) ;
#1195 = CARTESIAN_POINT ( 'NONE',  ( -26.94844510275280314, 4.500000000000000888, -11.14264848281069220 ) ) ;
#1196 = VERTEX_POINT ( 'NONE', #2392 ) ;
#1197 = DIRECTION ( 'NONE',  ( 0.000000000000000000, 1.000000000000000000, 0.000000000000000000 ) ) ;
#1198 = CYLINDRICAL_SURFACE ( 'NONE', #1277, 28.49999999999999645 ) ;
#1199 = ORIENTED_EDGE ( 'NONE', *, *, #1114, .F. ) ;
#1200 = ADVANCED_FACE ( 'NONE', ( #591 ), #575, .F. ) ;
#1201 = DIRECTION ( 'NONE',  ( 0.000000000000000000, 0.000000000000000000, -1.000000000000000000 ) ) ;
#1202 = DIRECTION ( 'NONE',  ( -0.000000000000000000, -1.000000000000000000, -0.000000000000000000 ) ) ;
#1203 = UNCERTAINTY_MEASURE_WITH_UNIT (LENGTH_MEASURE( 1.000000000000000082E-05 ), #456, 'distance_accuracy_value', 'NONE');
#1204 = CARTESIAN_POINT ( 'NONE',  ( 15.86771143042667376, 4.500000000000000888, -14.15511365094866392 ) ) ;
#1205 = CARTESIAN_POINT ( 'NONE',  ( 56.51115097364966289, 4.500000000000000888, -8.000021494997461957 ) ) ;
#1206 = VERTEX_POINT ( 'NONE', #1431 ) ;
#1207 = CIRCLE ( 'NONE', #1380, 24.17999999999475236 ) ;
#1208 = CARTESIAN_POINT ( 'NONE',  ( 7.524392835787081957, -1.499999999999999556, 20.37957458355091944 ) ) ;
#1209 = CARTESIAN_POINT ( 'NONE',  ( -23.33330302080391405, 4.500000000000000888, -16.31712483993889506 ) ) ;
#1210 = CARTESIAN_POINT ( 'NONE',  ( 10.82845329693746628, 4.500000000000000888, 17.84425055422909878 ) ) ;
#1211 = ORIENTED_EDGE ( 'NONE', *, *, #1911, .T. ) ;
#1212 = EDGE_CURVE ( 'NONE', #1070, #750, #2598, .T. ) ;
#1213 = CARTESIAN_POINT ( 'NONE',  ( -28.42514545756620592, -1.499999999999999556, 11.46354442557986708 ) ) ;
#1214 = CARTESIAN_POINT ( 'NONE',  ( 12.34082274540622493, 4.500000000000000888, 22.23402457419371459 ) ) ;
#1215 = ORIENTED_EDGE ( 'NONE', *, *, #3042, .T. ) ;
#1216 = ORIENTED_EDGE ( 'NONE', *, *, #211, .F. ) ;
#1217 = CARTESIAN_POINT ( 'NONE',  ( 20.60224891516565648, -1.500000000000000000, 11.46752437390882484 ) ) ;
#1218 = AXIS2_PLACEMENT_3D ( 'NONE', #2027, #3142, #663 ) ;
#1219 = CARTESIAN_POINT ( 'NONE',  ( -2.374486095268995900, -1.499999999999999556, -28.32934805621033547 ) ) ;
#1220 = EDGE_CURVE ( 'NONE', #3375, #1667, #2656, .T. ) ;
#1221 = CARTESIAN_POINT ( 'NONE',  ( -16.95241494478030830, 4.500000000000000888, -22.93631792406599601 ) ) ;
#1222 = CYLINDRICAL_SURFACE ( 'NONE', #3402, 24.17999999999474880 ) ;
#1223 = DIRECTION ( 'NONE',  ( 0.000000000000000000, 0.000000000000000000, -1.000000000000000000 ) ) ;
#1224 = CIRCLE ( 'NONE', #657, 24.17999999999474525 ) ;
#1225 = VERTEX_POINT ( 'NONE', #2537 ) ;
#1226 = CARTESIAN_POINT ( 'NONE',  ( -5.488849026350334448, -1.500000000000000000, -2.149285012149996658E-05 ) ) ;
#1227 = CARTESIAN_POINT ( 'NONE',  ( 12.03190452539710797, 4.500000000000000888, -20.68694371554413536 ) ) ;
#1228 = ADVANCED_FACE ( 'NONE', ( #1975 ), #1955, .T. ) ;
#1229 = CARTESIAN_POINT ( 'NONE',  ( -29.10115117575418964, 4.500000000000000888, -5.208820510378441959 ) ) ;
#1230 = ORIENTED_EDGE ( 'NONE', *, *, #229, .T. ) ;
#1231 = CIRCLE ( 'NONE', #3386, 24.17999999999474880 ) ;
#1232 = CARTESIAN_POINT ( 'NONE',  ( 19.43553142416642032, -1.500000000000000000, -8.689077604523317788 ) ) ;
#1233 = ORIENTED_EDGE ( 'NONE', *, *, #1019, .T. ) ;
#1234 = VERTEX_POINT ( 'NONE', #78 ) ;
#1235 = ORIENTED_EDGE ( 'NONE', *, *, #3323, .T. ) ;
#1236 = B_SPLINE_CURVE_WITH_KNOTS ( 'NONE', 3,
 ( #387, #1750, #2885, #407 ),
 .UNSPECIFIED., .F., .F.,
 ( 4, 4 ),
 ( 0.000000000000000000, 0.8452273900860258760 ),
 .UNSPECIFIED. ) ;
#1237 = CARTESIAN_POINT ( 'NONE',  ( -29.64471787844803075, 4.500000000000000888, 1.079978507150981315 ) ) ;
#1238 = CARTESIAN_POINT ( 'NONE',  ( -5.488849026350334448, 4.500000000000000888, -2.149285012149996658E-05 ) ) ;
#1239 = LINE ( 'NONE', #2346, #3515 ) ;
#1240 = ORIENTED_EDGE ( 'NONE', *, *, #1537, .T. ) ;
#1241 = EDGE_CURVE ( 'NONE', #2858, #2805, #3242, .T. ) ;
#1242 = CARTESIAN_POINT ( 'NONE',  ( -17.08360553726237896, -1.499999999999999556, -24.50567493215763548 ) ) ;
#1243 = DIRECTION ( 'NONE',  ( -0.000000000000000000, -1.000000000000000000, -0.000000000000000000 ) ) ;
#1244 = CARTESIAN_POINT ( 'NONE',  ( -32.16462597318990646, 4.500000000000000888, -4.829978050762793629 ) ) ;
#1245 = ORIENTED_EDGE ( 'NONE', *, *, #2790, .F. ) ;
#1246 = CIRCLE ( 'NONE', #3284, 28.50000000000000355 ) ;
#1247 = CARTESIAN_POINT ( 'NONE',  ( -31.57994696786625610, -1.499999999999999556, 11.46752437390897228 ) ) ;
#1248 = EDGE_LOOP ( 'NONE', ( #2044, #77, #334, #1560 ) ) ;
#1249 = DIRECTION ( 'NONE',  ( 0.000000000000000000, 0.000000000000000000, 1.000000000000000000 ) ) ;
#1250 = ORIENTED_EDGE ( 'NONE', *, *, #650, .F. ) ;
#1251 = CARTESIAN_POINT ( 'NONE',  ( -23.00960257809775911, -1.499999999999999556, 20.68690072984389872 ) ) ;
#1252 = FACE_OUTER_BOUND ( 'NONE', #2444, .T. ) ;
#1253 = CARTESIAN_POINT ( 'NONE',  ( -5.488849026350334448, 4.500000000000000888, -2.149285012149996658E-05 ) ) ;
#1254 = CARTESIAN_POINT ( 'NONE',  ( -5.488849026350334448, 4.500000000000000888, -2.149285012149996658E-05 ) ) ;
#1255 = DIRECTION ( 'NONE',  ( 0.000000000000000000, 0.000000000000000000, 1.000000000000000000 ) ) ;
#1256 = ORIENTED_EDGE ( 'NONE', *, *, #2790, .T. ) ;
#1257 = B_SPLINE_CURVE_WITH_KNOTS ( 'NONE', 3,
 ( #935, #3442, #1983, #1185 ),
 .UNSPECIFIED., .F., .F.,
 ( 4, 4 ),
 ( 0.1547128134717859205, 1.000000000000000000 ),
 .UNSPECIFIED. ) ;
#1258 = DIRECTION ( 'NONE',  ( -0.000000000000000000, -1.000000000000000000, -0.000000000000000000 ) ) ;
#1259 = CARTESIAN_POINT ( 'NONE',  ( 11.52045569614399945, 4.500000000000000888, 19.18775040500522877 ) ) ;
#1260 = CARTESIAN_POINT ( 'NONE',  ( -5.488849026350334448, -1.500000000000000000, -2.149285012149996658E-05 ) ) ;
#1261 = EDGE_CURVE ( 'NONE', #2250, #2997, #2821, .T. ) ;
#1262 = CIRCLE ( 'NONE', #2071, 24.17999999999474170 ) ;
#1263 = CARTESIAN_POINT ( 'NONE',  ( -5.488849026350334448, 4.500000000000000888, -2.149285012149996658E-05 ) ) ;
#1264 = ORIENTED_EDGE ( 'NONE', *, *, #3113, .F. ) ;
#1265 = CARTESIAN_POINT ( 'NONE',  ( -10.69764804387823887, 4.500000000000000888, 23.61228065655382835 ) ) ;
#1266 = ORIENTED_EDGE ( 'NONE', *, *, #2527, .F. ) ;
#1267 = EDGE_CURVE ( 'NONE', #3008, #1696, #3330, .T. ) ;
#1268 = ORIENTED_EDGE ( 'NONE', *, *, #1368, .F. ) ;
#1269 = VERTEX_POINT ( 'NONE', #2802 ) ;
#1270 = CARTESIAN_POINT ( 'NONE',  ( 11.37293167025091734, 4.500000000000000888, 22.97671351758435776 ) ) ;
#1271 = EDGE_CURVE ( 'NONE', #2163, #3436, #3532, .T. ) ;
#1272 = CARTESIAN_POINT ( 'NONE',  ( -10.31880558426302663, 4.500000000000000888, 26.67575545398944925 ) ) ;
#1273 = DIRECTION ( 'NONE',  ( 0.000000000000000000, 1.000000000000000000, 0.000000000000000000 ) ) ;
#1274 = B_SPLINE_CURVE_WITH_KNOTS ( 'NONE', 3,
 ( #452, #376, #2061, #3489 ),
 .UNSPECIFIED., .F., .F.,
 ( 4, 4 ),
 ( 0.1547128134717859205, 1.000000000000000000 ),
 .UNSPECIFIED. ) ;
#1275 = ORIENTED_EDGE ( 'NONE', *, *, #1119, .F. ) ;
#1276 = ADVANCED_FACE ( 'NONE', ( #2486 ), #324, .T. ) ;
#1277 = AXIS2_PLACEMENT_3D ( 'NONE', #398, #1486, #2338 ) ;
#1278 = CARTESIAN_POINT ( 'NONE',  ( -12.78379076951759252, 4.500000000000000888, 23.05331286388756240 ) ) ;
#1279 = CARTESIAN_POINT ( 'NONE',  ( 56.51115097364966289, 4.500000000000000888, -8.000021494997461957 ) ) ;
#1280 = ORIENTED_EDGE ( 'NONE', *, *, #888, .T. ) ;
#1281 = CIRCLE ( 'NONE', #3320, 28.49999999999999645 ) ;
#1282 = EDGE_CURVE ( 'NONE', #3539, #3276, #2778, .T. ) ;
#1283 = CARTESIAN_POINT ( 'NONE',  ( -5.488849026350334448, 4.500000000000000888, -24.18002149284486890 ) ) ;
#1284 = ORIENTED_EDGE ( 'NONE', *, *, #1756, .T. ) ;
#1285 = CARTESIAN_POINT ( 'NONE',  ( -5.488849026350334448, -1.500000000000000000, -2.149285012149996658E-05 ) ) ;
#1286 = EDGE_LOOP ( 'NONE', ( #1230, #1614, #323, #1319 ) ) ;
#1287 = CARTESIAN_POINT ( 'NONE',  ( -5.488849026350334448, 4.500000000000000888, -2.149285012149996658E-05 ) ) ;
#1288 = EDGE_CURVE ( 'NONE', #1591, #2960, #3070, .T. ) ;
#1289 = CARTESIAN_POINT ( 'NONE',  ( -0.6588924684376683549, -1.500000000000000000, -26.67579843968969655 ) ) ;
#1290 = B_SPLINE_CURVE_WITH_KNOTS ( 'NONE', 3,
 ( #1237, #2653, #3438, #2949 ),
 .UNSPECIFIED., .F., .F.,
 ( 4, 4 ),
 ( 0.1547128134717859205, 1.000000000000000000 ),
 .UNSPECIFIED. ) ;
#1291 = DIRECTION ( 'NONE',  ( 0.000000000000000000, 0.000000000000000000, 1.000000000000000000 ) ) ;
#1292 = CARTESIAN_POINT ( 'NONE',  ( 12.35560496810342990, 4.500000000000000888, 16.31708185423844526 ) ) ;
#1293 = CARTESIAN_POINT ( 'NONE',  ( -28.54210203833218529, -1.500000000000000000, 7.295177309464720317 ) ) ;
#1294 = CARTESIAN_POINT ( 'NONE',  ( -10.31880558426302663, -1.499999999999999556, 26.67575545398944925 ) ) ;
#1295 = CARTESIAN_POINT ( 'NONE',  ( 5.653777963609929458, 4.500000000000000888, -21.45961756925274955 ) ) ;
#1296 = ORIENTED_EDGE ( 'NONE', *, *, #2757, .F. ) ;
#1297 = CARTESIAN_POINT ( 'NONE',  ( -23.33312107342955599, 4.500000000000000888, 16.31728083043768152 ) ) ;
#1298 = ORIENTED_EDGE ( 'NONE', *, *, #2327, .F. ) ;
#1299 = CARTESIAN_POINT ( 'NONE',  ( -31.01569370576489959, 4.500000000000000888, -9.129404262119123814 ) ) ;
#1300 = ORIENTED_EDGE ( 'NONE', *, *, #2148, .T. ) ;
#1301 = VECTOR ( 'NONE', #3057, 1000.000000000000000 ) ;
#1302 = DIRECTION ( 'NONE',  ( 0.000000000000000000, 1.000000000000000000, 0.000000000000000000 ) ) ;
#1303 = AXIS2_PLACEMENT_3D ( 'NONE', #157, #2001, #973 ) ;
#1304 = DIRECTION ( 'NONE',  ( -0.000000000000000000, -1.000000000000000000, -0.000000000000000000 ) ) ;
#1305 = CIRCLE ( 'NONE', #1020, 28.50000000000000711 ) ;
#1306 = EDGE_CURVE ( 'NONE', #2751, #3366, #1207, .T. ) ;
#1307 = DIRECTION ( 'NONE',  ( 0.000000000000000000, 1.000000000000000000, 0.000000000000000000 ) ) ;
#1308 = SURFACE_STYLE_FILL_AREA ( #224 ) ;
#1309 = CARTESIAN_POINT ( 'NONE',  ( -8.603211957431856405, 4.500000000000000888, -28.32934805621031416 ) ) ;
#1310 = B_SPLINE_CURVE_WITH_KNOTS ( 'NONE', 3,
 ( #2698, #517, #247, #2366 ),
 .UNSPECIFIED., .F., .F.,
 ( 4, 4 ),
 ( 0.1547128134717859205, 1.000000000000000000 ),
 .UNSPECIFIED. ) ;
#1311 = EDGE_CURVE ( 'NONE', #731, #1409, #1262, .T. ) ;
#1312 = B_SPLINE_SURFACE_WITH_KNOTS ( 'NONE', 3, 1, ( 
 ( #294, #3016 ),
 ( #1871, #1584 ),
 ( #1924, #1021 ),
 ( #2694, #2157 ) ),
 .UNSPECIFIED., .F., .F., .F.,
 ( 4, 4 ),
 ( 2, 2 ),
 ( 0.1547128134717859205, 1.000000000000000000 ),
 ( 0.000000000000000000, 1.000000000000000000 ),
 .UNSPECIFIED. ) ;
#1313 = CARTESIAN_POINT ( 'NONE',  ( -10.31880558426302663, 4.500000000000000888, 26.67575545398944925 ) ) ;
#1314 = EDGE_CURVE ( 'NONE', #131, #416, #61, .T. ) ;
#1315 = DIRECTION ( 'NONE',  ( -0.000000000000000000, -1.000000000000000000, -0.000000000000000000 ) ) ;
#1316 = ORIENTED_EDGE ( 'NONE', *, *, #2274, .F. ) ;
#1317 = VERTEX_POINT ( 'NONE', #2247 ) ;
#1318 = CARTESIAN_POINT ( 'NONE',  ( 20.30208337371831817, -1.500000000000000000, -9.467082605183424704 ) ) ;
#1319 = ORIENTED_EDGE ( 'NONE', *, *, #1776, .T. ) ;
#1320 = CARTESIAN_POINT ( 'NONE',  ( -5.488849026350334448, -1.500000000000000000, -2.149285012149996658E-05 ) ) ;
#1321 = ORIENTED_EDGE ( 'NONE', *, *, #2868, .T. ) ;
#1322 = EDGE_CURVE ( 'NONE', #1935, #2874, #1274, .T. ) ;
#1323 = CIRCLE ( 'NONE', #1619, 28.50000000000000000 ) ;
#1324 = CARTESIAN_POINT ( 'NONE',  ( 12.34082274540610591, 4.500000000000000888, -22.23406755989405426 ) ) ;
#1325 = CARTESIAN_POINT ( 'NONE',  ( -22.35062972295160222, -1.500000000000000000, -22.97675650328459085 ) ) ;
#1326 = CARTESIAN_POINT ( 'NONE',  ( 11.52045569614399945, -1.500000000000000000, 19.18775040500522877 ) ) ;
#1327 = ORIENTED_EDGE ( 'NONE', *, *, #288, .F. ) ;
#1328 = ADVANCED_FACE ( 'NONE', ( #1792 ), #1894, .F. ) ;
#1329 = DIRECTION ( 'NONE',  ( 0.000000000000000000, 1.000000000000000000, 0.000000000000000000 ) ) ;
#1330 = LINE ( 'NONE', #207, #1593 ) ;
#1331 = CARTESIAN_POINT ( 'NONE',  ( -13.60129457066705783, 4.500000000000000888, 24.32435444646826284 ) ) ;
#1332 = CIRCLE ( 'NONE', #2907, 28.49999999999999645 ) ;
#1333 = CARTESIAN_POINT ( 'NONE',  ( -22.49815374884467190, -1.499999999999999556, -19.18779339070546897 ) ) ;
#1334 = ORIENTED_EDGE ( 'NONE', *, *, #2228, .F. ) ;
#1335 = EDGE_LOOP ( 'NONE', ( #1127, #905, #359, #106 ) ) ;
#1336 = DIRECTION ( 'NONE',  ( -0.000000000000000000, -1.000000000000000000, -0.000000000000000000 ) ) ;
#1337 = ORIENTED_EDGE ( 'NONE', *, *, #2292, .F. ) ;
#1338 = CIRCLE ( 'NONE', #1051, 24.17999999999474880 ) ;
#1339 = DIRECTION ( 'NONE',  ( -0.000000000000000000, -1.000000000000000000, -0.000000000000000000 ) ) ;
#1340 = ORIENTED_EDGE ( 'NONE', *, *, #2383, .T. ) ;
#1341 = FACE_OUTER_BOUND ( 'NONE', #3451, .T. ) ;
#1342 = CARTESIAN_POINT ( 'NONE',  ( -32.16043638181748321, 4.500000000000000888, 4.857123447798279869 ) ) ;
#1343 = B_SPLINE_SURFACE_WITH_KNOTS ( 'NONE', 3, 1, ( 
 ( #3230, #1877 ),
 ( #744, #2989 ),
 ( #1612, #1333 ),
 ( #2958, #482 ) ),
 .UNSPECIFIED., .F., .F., .F.,
 ( 4, 4 ),
 ( 2, 2 ),
 ( 0.000000000000000000, 0.8452273900860258760 ),
 ( 0.000000000000000000, 1.000000000000000000 ),
 .UNSPECIFIED. ) ;
#1344 = CARTESIAN_POINT ( 'NONE',  ( -21.80615134963814583, -1.500000000000000000, -17.84429353992933542 ) ) ;
#1345 = ORIENTED_EDGE ( 'NONE', *, *, #1058, .T. ) ;
#1346 = CARTESIAN_POINT ( 'NONE',  ( -26.17577124904435948, -1.499999999999999556, -17.52077504459753499 ) ) ;
#1347 = AXIS2_PLACEMENT_3D ( 'NONE', #720, #3203, #2069 ) ;
#1348 = DIRECTION ( 'NONE',  ( -0.000000000000000000, -1.000000000000000000, -0.000000000000000000 ) ) ;
#1349 = CARTESIAN_POINT ( 'NONE',  ( 16.74519704069350468, 4.500000000000000888, -17.82969326460667858 ) ) ;
#1350 = CARTESIAN_POINT ( 'NONE',  ( -32.04682075535166774, 4.500000000000000888, 10.34039134424520334 ) ) ;
#1351 = ORIENTED_EDGE ( 'NONE', *, *, #2058, .F. ) ;
#1352 = EDGE_CURVE ( 'NONE', #3062, #1631, #2891, .T. ) ;
#1353 = ORIENTED_EDGE ( 'NONE', *, *, #843, .T. ) ;
#1354 = DIRECTION ( 'NONE',  ( 0.000000000000000000, 0.000000000000000000, 1.000000000000000000 ) ) ;
#1355 = EDGE_LOOP ( 'NONE', ( #1657, #714, #3356, #2516 ) ) ;
#1356 = CARTESIAN_POINT ( 'NONE',  ( 5.978696840408614044, 4.500000000000000888, -26.09111943436611369 ) ) ;
#1357 = ORIENTED_EDGE ( 'NONE', *, *, #3372, .F. ) ;
#1358 = CARTESIAN_POINT ( 'NONE',  ( -28.46558403678491445, 4.500000000000000888, -16.86180218945123954 ) ) ;
#1359 = CYLINDRICAL_SURFACE ( 'NONE', #3063, 28.50000000000000000 ) ;
#1360 = AXIS2_PLACEMENT_3D ( 'NONE', #584, #3462, #1223 ) ;
#1361 = CARTESIAN_POINT ( 'NONE',  ( -5.488849026350334448, 4.500000000000000888, -2.149285012149996658E-05 ) ) ;
#1362 = VERTEX_POINT ( 'NONE', #1265 ) ;
#1363 = CIRCLE ( 'NONE', #1943, 28.49999999999999645 ) ;
#1364 = DIRECTION ( 'NONE',  ( 1.000000000000000000, 0.000000000000000000, 0.000000000000000000 ) ) ;
#1365 = LINE ( 'NONE', #1093, #3253 ) ;
#1366 =( GEOMETRIC_REPRESENTATION_CONTEXT ( 3 ) GLOBAL_UNCERTAINTY_ASSIGNED_CONTEXT ( ( #2799 ) ) GLOBAL_UNIT_ASSIGNED_CONTEXT ( ( #1585, #2695, #3187 ) ) REPRESENTATION_CONTEXT ( 'NONE', 'WORKASPACE' ) );
#1367 = DIRECTION ( 'NONE',  ( -0.000000000000000000, -1.000000000000000000, -0.000000000000000000 ) ) ;
#1368 = EDGE_CURVE ( 'NONE', #121, #3539, #2370, .T. ) ;
#1369 = DIRECTION ( 'NONE',  ( 0.000000000000000000, 0.000000000000000000, 1.000000000000000000 ) ) ;
#1370 = DIRECTION ( 'NONE',  ( -0.000000000000000000, -1.000000000000000000, -0.000000000000000000 ) ) ;
#1371 = ORIENTED_EDGE ( 'NONE', *, *, #3147, .F. ) ;
#1372 = EDGE_CURVE ( 'NONE', #121, #2906, #3239, .T. ) ;
#1373 = CARTESIAN_POINT ( 'NONE',  ( -28.54218338308801961, 4.500000000000000888, -7.294963236017376396 ) ) ;
#1374 = VERTEX_POINT ( 'NONE', #2319 ) ;
#1375 = CARTESIAN_POINT ( 'NONE',  ( -8.603211957430776380, 4.500000000000000888, 28.32930507051019475 ) ) ;
#1376 = EDGE_LOOP ( 'NONE', ( #41, #2372, #1613, #2830 ) ) ;
#1377 = CARTESIAN_POINT ( 'NONE',  ( -27.78302943514895063, -1.499999999999999556, -15.42516165217189439 ) ) ;
#1378 = CARTESIAN_POINT ( 'NONE',  ( -5.488849026350334448, -1.500000000000000000, -2.149285012149996658E-05 ) ) ;
#1379 = EDGE_CURVE ( 'NONE', #1685, #1010, #3435, .T. ) ;
#1380 = AXIS2_PLACEMENT_3D ( 'NONE', #625, #1672, #2784 ) ;
#1381 = CARTESIAN_POINT ( 'NONE',  ( 1.806349775965041760, 4.500000000000000888, 23.05323151913155755 ) ) ;
#1382 = ORIENTED_EDGE ( 'NONE', *, *, #2611, .T. ) ;
#1383 = APPLICATION_PROTOCOL_DEFINITION ( 'draft international standard', 'automotive_design', 1998, #1125 ) ;
#1384 = CARTESIAN_POINT ( 'NONE',  ( -0.2797867166918679427, -1.500000000000000000, 23.61222257360492804 ) ) ;
#1385 = EDGE_CURVE ( 'NONE', #1374, #1032, #1530, .T. ) ;
#1386 = CARTESIAN_POINT ( 'NONE',  ( -31.00572780695703301, 4.500000000000000888, 9.155001902242037914 ) ) ;
#1387 = CARTESIAN_POINT ( 'NONE',  ( 18.57617268906778563, 4.500000000000000888, 7.999978505002542484 ) ) ;
#1388 = DIRECTION ( 'NONE',  ( 0.000000000000000000, 0.000000000000000000, 1.000000000000000000 ) ) ;
#1389 = VERTEX_POINT ( 'NONE', #2354 ) ;
#1390 = CIRCLE ( 'NONE', #930, 3.000000000000000444 ) ;
#1391 = AXIS2_PLACEMENT_3D ( 'NONE', #13, #1367, #1694 ) ;
#1392 = LINE ( 'NONE', #1682, #88 ) ;
#1393 = ORIENTED_EDGE ( 'NONE', *, *, #2308, .T. ) ;
#1394 = CARTESIAN_POINT ( 'NONE',  ( 7.524165589289098399, 4.500000000000000888, -20.37976267405506903 ) ) ;
#1395 = ORIENTED_EDGE ( 'NONE', *, *, #3249, .F. ) ;
#1396 = EDGE_CURVE ( 'NONE', #1872, #2925, #1845, .T. ) ;
#1397 = CARTESIAN_POINT ( 'NONE',  ( -31.57994696786632716, -1.499999999999999556, -11.46756735960906504 ) ) ;
#1398 = CARTESIAN_POINT ( 'NONE',  ( -25.86844510275171061, -1.500000000000000000, 13.01322036928675452 ) ) ;
#1399 = VERTEX_POINT ( 'NONE', #2648 ) ;
#1400 = EDGE_CURVE ( 'NONE', #465, #1374, #1484, .T. ) ;
#1401 = CARTESIAN_POINT ( 'NONE',  ( 1.806092716816924959, 4.500000000000000888, -23.05335584958780260 ) ) ;
#1402 = CARTESIAN_POINT ( 'NONE',  ( -26.94844510275280314, 4.500000000000000888, -11.14264848281069220 ) ) ;
#1403 = B_SPLINE_CURVE_WITH_KNOTS ( 'NONE', 3,
 ( #708, #2923, #3155, #2587 ),
 .UNSPECIFIED., .F., .F.,
 ( 4, 4 ),
 ( 0.1547128134717859205, 1.000000000000000000 ),
 .UNSPECIFIED. ) ;
#1404 = CARTESIAN_POINT ( 'NONE',  ( -22.35062972295145656, -1.499999999999999556, 22.97671351758445368 ) ) ;
#1405 = DIRECTION ( 'NONE',  ( 0.000000000000000000, 0.000000000000000000, -1.000000000000000000 ) ) ;
#1406 = ORIENTED_EDGE ( 'NONE', *, *, #895, .F. ) ;
#1407 = B_SPLINE_CURVE_WITH_KNOTS ( 'NONE', 3,
 ( #1485, #2872, #397, #877 ),
 .UNSPECIFIED., .F., .F.,
 ( 4, 4 ),
 ( 0.1547128134717859205, 1.000000000000000000 ),
 .UNSPECIFIED. ) ;
#1408 = CARTESIAN_POINT ( 'NONE',  ( -33.81817558971054893, 4.500000000000000888, -3.114384423931467971 ) ) ;
#1409 = VERTEX_POINT ( 'NONE', #2926 ) ;
#1410 = DIRECTION ( 'NONE',  ( -9.145772869372436484E-17, 0.000000000000000000, -1.000000000000000000 ) ) ;
#1411 = ORIENTED_EDGE ( 'NONE', *, *, #2950, .F. ) ;
#1412 = DIRECTION ( 'NONE',  ( 0.000000000000000000, 0.000000000000000000, 1.000000000000000000 ) ) ;
#1413 = DIRECTION ( 'NONE',  ( 0.000000000000000000, 0.000000000000000000, -1.000000000000000000 ) ) ;
#1414 = ORIENTED_EDGE ( 'NONE', *, *, #2302, .F. ) ;
#1415 = CARTESIAN_POINT ( 'NONE',  ( -0.6317040857019414757, 4.500000000000000888, 26.67156586261702245 ) ) ;
#1416 = CARTESIAN_POINT ( 'NONE',  ( -5.488849026350334448, -1.500000000000000000, -2.149285012149996658E-05 ) ) ;
#1417 = VECTOR ( 'NONE', #2199, 1000.000000000000000 ) ;
#1418 = CARTESIAN_POINT ( 'NONE',  ( 16.74519704069359705, 4.500000000000000888, 17.82965027890631760 ) ) ;
#1419 = B_SPLINE_CURVE_WITH_KNOTS ( 'NONE', 3,
 ( #726, #1829, #2942, #1510 ),
 .UNSPECIFIED., .F., .F.,
 ( 4, 4 ),
 ( 0.000000000000000000, 0.8452273900860258760 ),
 .UNSPECIFIED. ) ;
#1420 = ORIENTED_EDGE ( 'NONE', *, *, #1011, .F. ) ;
#1421 = CIRCLE ( 'NONE', #2402, 3.000000000000000444 ) ;
#1422 = LINE ( 'NONE', #1095, #3168 ) ;
#1423 = VECTOR ( 'NONE', #2125, 1000.000000000000000 ) ;
#1424 = CARTESIAN_POINT ( 'NONE',  ( -4.408849026348733879, -1.500000000000000000, 24.15584735924754867 ) ) ;
#1425 = VERTEX_POINT ( 'NONE', #2336 ) ;
#1426 = EDGE_CURVE ( 'NONE', #2084, #2163, #1502, .T. ) ;
#1427 = CARTESIAN_POINT ( 'NONE',  ( -5.488849026350334448, -1.500000000000000000, -2.149285012149996658E-05 ) ) ;
#1428 = VERTEX_POINT ( 'NONE', #182 ) ;
#1429 = CARTESIAN_POINT ( 'NONE',  ( 4.851563810744978333, 4.500000000000000888, 26.55795023615122119 ) ) ;
#1430 = EDGE_LOOP ( 'NONE', ( #2623, #2211, #2801, #1300 ) ) ;
#1431 = CARTESIAN_POINT ( 'NONE',  ( -5.488849026350334448, 4.500000000000000888, 2.999978507149879015 ) ) ;
#1432 = ADVANCED_FACE ( 'NONE', ( #1739 ), #8, .F. ) ;
#1433 = LINE ( 'NONE', #2554, #1957 ) ;
#1434 = ORIENTED_EDGE ( 'NONE', *, *, #2261, .F. ) ;
#1435 = CARTESIAN_POINT ( 'NONE',  ( -33.81817558971052762, -1.500000000000000000, 3.114341438231399639 ) ) ;
#1436 = CARTESIAN_POINT ( 'NONE',  ( 11.47639684385719150, -1.500000000000000000, -19.20027516595664352 ) ) ;
#1437 = CIRCLE ( 'NONE', #14, 28.50000000000000355 ) ;
#1438 = EDGE_CURVE ( 'NONE', #3339, #1389, #1464, .T. ) ;
#1439 = EDGE_CURVE ( 'NONE', #1948, #1428, #73, .T. ) ;
#1440 = DIRECTION ( 'NONE',  ( -0.000000000000000000, -1.000000000000000000, -0.000000000000000000 ) ) ;
#1441 = DIRECTION ( 'NONE',  ( 1.000000000000000000, -0.000000000000000000, -9.145772869372436484E-17 ) ) ;
#1442 = ORIENTED_EDGE ( 'NONE', *, *, #1461, .F. ) ;
#1443 = DIRECTION ( 'NONE',  ( 0.000000000000000000, 1.000000000000000000, 0.000000000000000000 ) ) ;
#1444 = CARTESIAN_POINT ( 'NONE',  ( 17.48788598408414430, -1.500000000000000000, 16.86175920375113435 ) ) ;
#1445 = EDGE_LOOP ( 'NONE', ( #1917, #1298, #2461, #1176 ) ) ;
#1446 = CARTESIAN_POINT ( 'NONE',  ( -21.80615134963814583, 4.500000000000000888, -17.84429353992933542 ) ) ;
#1447 = VERTEX_POINT ( 'NONE', #3140 ) ;
#1448 = CARTESIAN_POINT ( 'NONE',  ( -30.00558617142361229, 4.500000000000000888, -11.56960038874109564 ) ) ;
#1449 = CARTESIAN_POINT ( 'NONE',  ( -0.2800500088224388562, 4.500000000000000888, -23.61232364225407565 ) ) ;
#1450 = EDGE_LOOP ( 'NONE', ( #1393, #634, #3235, #2357 ) ) ;
#1451 = CARTESIAN_POINT ( 'NONE',  ( 4.851563810744978333, 4.500000000000000888, 26.55795023615122119 ) ) ;
#1452 = LINE ( 'NONE', #329, #1473 ) ;
#1453 = AXIS2_PLACEMENT_3D ( 'NONE', #866, #3084, #2779 ) ;
#1454 = CARTESIAN_POINT ( 'NONE',  ( 56.51115097364966289, 4.500000000000000888, -8.000021494997461957 ) ) ;
#1455 = CARTESIAN_POINT ( 'NONE',  ( 56.51115097364966289, -1.500000000000000000, 7.999978505002538043 ) ) ;
#1456 = ORIENTED_EDGE ( 'NONE', *, *, #1860, .F. ) ;
#1457 = CARTESIAN_POINT ( 'NONE',  ( -5.488849026350334448, -1.500000000000000000, -2.149285012149996658E-05 ) ) ;
#1458 = B_SPLINE_SURFACE_WITH_KNOTS ( 'NONE', 3, 1, ( 
 ( #220, #1071 ),
 ( #3527, #3014 ),
 ( #767, #238 ),
 ( #2170, #1868 ) ),
 .UNSPECIFIED., .F., .F., .F.,
 ( 4, 4 ),
 ( 2, 2 ),
 ( 0.1547128134717859205, 1.000000000000000000 ),
 ( 0.000000000000000000, 1.000000000000000000 ),
 .UNSPECIFIED. ) ;
#1459 = CARTESIAN_POINT ( 'NONE',  ( -5.488849026350334448, 4.500000000000000888, -2.149285012149996658E-05 ) ) ;
#1460 = ORIENTED_EDGE ( 'NONE', *, *, #2412, .F. ) ;
#1461 = EDGE_CURVE ( 'NONE', #1225, #2387, #3056, .T. ) ;
#1462 = CARTESIAN_POINT ( 'NONE',  ( -30.59937940146982882, 4.500000000000000888, -5.092228561345613080 ) ) ;
#1463 = ORIENTED_EDGE ( 'NONE', *, *, #2844, .T. ) ;
#1464 = LINE ( 'NONE', #2572, #2420 ) ;
#1465 = CARTESIAN_POINT ( 'NONE',  ( -28.46558403678491089, -1.500000000000000000, -16.86180218945124665 ) ) ;
#1466 = ORIENTED_EDGE ( 'NONE', *, *, #3569, .F. ) ;
#1467 = CARTESIAN_POINT ( 'NONE',  ( 2.656435478561623764, 4.500000000000000888, 24.29243924875190075 ) ) ;
#1468 = DIRECTION ( 'NONE',  ( 0.000000000000000000, 0.000000000000000000, 1.000000000000000000 ) ) ;
#1469 = DIRECTION ( 'NONE',  ( 0.000000000000000000, 0.000000000000000000, 1.000000000000000000 ) ) ;
#1470 = PRODUCT ( 'Gear Link 1', 'Gear Link 1', '', ( #2433 ) ) ;
#1471 = CARTESIAN_POINT ( 'NONE',  ( -28.46558403678481497, -1.500000000000000000, 16.86175920375113080 ) ) ;
#1472 = VERTEX_POINT ( 'NONE', #662 ) ;
#1473 = VECTOR ( 'NONE', #1980, 1000.000000000000000 ) ;
#1474 = EDGE_CURVE ( 'NONE', #501, #1225, #1, .T. ) ;
#1475 = VECTOR ( 'NONE', #1731, 1000.000000000000000 ) ;
#1476 = AXIS2_PLACEMENT_3D ( 'NONE', #1061, #2661, #774 ) ;
#1477 = DIRECTION ( 'NONE',  ( 0.000000000000000000, 1.000000000000000000, 0.000000000000000000 ) ) ;
#1478 = CYLINDRICAL_SURFACE ( 'NONE', #204, 28.50000000000000355 ) ;
#1479 = AXIS2_PLACEMENT_3D ( 'NONE', #1111, #2212, #1364 ) ;
#1480 = ORIENTED_EDGE ( 'NONE', *, *, #3440, .T. ) ;
#1481 = PLANE ( 'NONE',  #884 ) ;
#1482 = ORIENTED_EDGE ( 'NONE', *, *, #1267, .F. ) ;
#1483 = EDGE_CURVE ( 'NONE', #3492, #817, #3286, .T. ) ;
#1484 = LINE ( 'NONE', #945, #526 ) ;
#1485 = CARTESIAN_POINT ( 'NONE',  ( 1.806349775965041760, -1.500000000000000000, 23.05323151913155755 ) ) ;
#1486 = DIRECTION ( 'NONE',  ( -0.000000000000000000, -1.000000000000000000, -0.000000000000000000 ) ) ;
#1487 = ORIENTED_EDGE ( 'NONE', *, *, #3067, .T. ) ;
#1488 = CARTESIAN_POINT ( 'NONE',  ( -15.82926186344456987, -1.500000000000000000, 26.55795023615164396 ) ) ;
#1489 = EDGE_CURVE ( 'NONE', #750, #642, #2573, .T. ) ;
#1490 = CARTESIAN_POINT ( 'NONE',  ( -8.603211957431691204, 4.500000000000000888, 28.32930507051009172 ) ) ;
#1491 = DIRECTION ( 'NONE',  ( 0.000000000000000000, 1.000000000000000000, 0.000000000000000000 ) ) ;
#1492 = DIRECTION ( 'NONE',  ( 0.000000000000000000, 1.000000000000000000, 0.000000000000000000 ) ) ;
#1493 = EDGE_CURVE ( 'NONE', #3436, #1225, #3010, .T. ) ;
#1494 = CARTESIAN_POINT ( 'NONE',  ( -27.72289509339427482, 4.500000000000000888, -17.82969326460655424 ) ) ;
#1495 = VERTEX_POINT ( 'NONE', #728 ) ;
#1496 = AXIS2_PLACEMENT_3D ( 'NONE', #927, #112, #2026 ) ;
#1497 = CARTESIAN_POINT ( 'NONE',  ( 9.958478711243198944, 4.500000000000000888, 22.27789631461642017 ) ) ;
#1498 = B_SPLINE_CURVE_WITH_KNOTS ( 'NONE', 3,
 ( #2011, #1415, #1691, #2251 ),
 .UNSPECIFIED., .F., .F.,
 ( 4, 4 ),
 ( 0.000000000000000000, 0.8452273900860258760 ),
 .UNSPECIFIED. ) ;
#1499 = CARTESIAN_POINT ( 'NONE',  ( -12.78404782866558520, 4.500000000000000888, -23.05327450483183682 ) ) ;
#1500 = CARTESIAN_POINT ( 'NONE',  ( 10.82825432073823002, 4.500000000000000888, -17.84447548730388888 ) ) ;
#1501 = ORIENTED_EDGE ( 'NONE', *, *, #739, .T. ) ;
#1502 = LINE ( 'NONE', #1777, #186 ) ;
#1503 = ORIENTED_EDGE ( 'NONE', *, *, #2466, .T. ) ;
#1504 = CARTESIAN_POINT ( 'NONE',  ( -25.86859020755528960, -1.500000000000000000, -13.01303610848954406 ) ) ;
#1505 = ORIENTED_EDGE ( 'NONE', *, *, #12, .T. ) ;
#1506 =( NAMED_UNIT ( * ) PLANE_ANGLE_UNIT ( ) SI_UNIT ( $, .RADIAN. ) );
#1507 = VECTOR ( 'NONE', #2391, 1000.000000000000000 ) ;
#1508 = CARTESIAN_POINT ( 'NONE',  ( -3.277375995841452117, 4.500000000000000888, -27.01991816308395755 ) ) ;
#1509 = ADVANCED_FACE ( 'NONE', ( #1557 ), #3541, .T. ) ;
#1510 = CARTESIAN_POINT ( 'NONE',  ( -4.409118379990886183, 4.500000000000000888, -24.15590238614520402 ) ) ;
#1511 = FACE_OUTER_BOUND ( 'NONE', #3454, .T. ) ;
#1512 = CARTESIAN_POINT ( 'NONE',  ( 19.47184343706675236, 4.500000000000000888, 8.675233254695498886 ) ) ;
#1513 = CIRCLE ( 'NONE', #3201, 28.50000000000000355 ) ;
#1514 = ORIENTED_EDGE ( 'NONE', *, *, #1099, .F. ) ;
#1515 = CARTESIAN_POINT ( 'NONE',  ( -16.95639489310928028, -1.499999999999999556, 26.09107644866586995 ) ) ;
#1516 = CARTESIAN_POINT ( 'NONE',  ( -9.812774688307740689, 4.500000000000000888, 28.17006311600162860 ) ) ;
#1517 = CARTESIAN_POINT ( 'NONE',  ( -6.568849026351868403, -1.500000000000000000, -24.15589034494779952 ) ) ;
#1518 = VERTEX_POINT ( 'NONE', #2386 ) ;
#1519 = AXIS2_PLACEMENT_3D ( 'NONE', #3294, #3313, #1907 ) ;
#1520 = CARTESIAN_POINT ( 'NONE',  ( -26.94832085391474408, -1.499999999999999556, 11.14284478480553986 ) ) ;
#1521 = VERTEX_POINT ( 'NONE', #486 ) ;
#1522 = DIRECTION ( 'NONE',  ( 0.000000000000000000, 1.000000000000000000, 0.000000000000000000 ) ) ;
#1523 = EDGE_LOOP ( 'NONE', ( #1487, #2499, #93, #2322 ) ) ;
#1524 = DIRECTION ( 'NONE',  ( -0.000000000000000000, -1.000000000000000000, -0.000000000000000000 ) ) ;
#1525 = CARTESIAN_POINT ( 'NONE',  ( -32.04682075535173880, -1.500000000000000000, -10.34043432994529788 ) ) ;
#1526 = DIRECTION ( 'NONE',  ( 0.000000000000000000, 0.000000000000000000, 1.000000000000000000 ) ) ;
#1527 = CARTESIAN_POINT ( 'NONE',  ( -29.78130976795235441, -1.500000000000000000, 8.145263012061844776 ) ) ;
#1528 = ORIENTED_EDGE ( 'NONE', *, *, #116, .F. ) ;
#1529 = FACE_OUTER_BOUND ( 'NONE', #327, .T. ) ;
#1530 = B_SPLINE_CURVE_WITH_KNOTS ( 'NONE', 3,
 ( #712, #396, #695, #2908 ),
 .UNSPECIFIED., .F., .F.,
 ( 4, 4 ),
 ( 0.000000000000000000, 0.8452273900860258760 ),
 .UNSPECIFIED. ) ;
#1531 = CARTESIAN_POINT ( 'NONE',  ( -24.68910269945685698, -1.499999999999999556, -16.96526736305765581 ) ) ;
#1532 = PRODUCT_RELATED_PRODUCT_CATEGORY ( 'part', '', ( #1470 ) ) ;
#1533 = DIRECTION ( 'NONE',  ( 0.000000000000000000, 1.000000000000000000, 0.000000000000000000 ) ) ;
#1534 = AXIS2_PLACEMENT_3D ( 'NONE', #191, #1273, #1255 ) ;
#1535 = DIRECTION ( 'NONE',  ( -0.000000000000000000, -1.000000000000000000, -0.000000000000000000 ) ) ;
#1536 = ORIENTED_EDGE ( 'NONE', *, *, #3099, .F. ) ;
#1537 = EDGE_CURVE ( 'NONE', #1447, #1572, #470, .T. ) ;
#1538 = CIRCLE ( 'NONE', #3573, 28.50000000000000000 ) ;
#1539 = DIRECTION ( 'NONE',  ( 0.000000000000000000, 0.000000000000000000, 1.000000000000000000 ) ) ;
#1540 = VERTEX_POINT ( 'NONE', #2704 ) ;
#1541 = ORIENTED_EDGE ( 'NONE', *, *, #1547, .F. ) ;
#1542 = ORIENTED_EDGE ( 'NONE', *, *, #29, .F. ) ;
#1543 = CARTESIAN_POINT ( 'NONE',  ( 19.02788811872293806, -1.500000000000000000, 11.56955740304086788 ) ) ;
#1544 = DIRECTION ( 'NONE',  ( 0.000000000000000000, 0.000000000000000000, 1.000000000000000000 ) ) ;
#1545 = EDGE_CURVE ( 'NONE', #1150, #2705, #1437, .T. ) ;
#1546 = CYLINDRICAL_SURFACE ( 'NONE', #1347, 28.50000000000000355 ) ;
#1547 = EDGE_CURVE ( 'NONE', #391, #2505, #2014, .T. ) ;
#1548 = DIRECTION ( 'NONE',  ( 1.000000000000000000, 0.000000000000000000, -1.370446048119726253E-16 ) ) ;
#1549 = ORIENTED_EDGE ( 'NONE', *, *, #902, .T. ) ;
#1550 = B_SPLINE_CURVE_WITH_KNOTS ( 'NONE', 3,
 ( #135, #1782, #1272, #1799 ),
 .UNSPECIFIED., .F., .F.,
 ( 4, 4 ),
 ( 0.1547128134717859205, 1.000000000000000000 ),
 .UNSPECIFIED. ) ;
#1551 = EDGE_CURVE ( 'NONE', #3162, #2782, #2886, .T. ) ;
#1552 = CARTESIAN_POINT ( 'NONE',  ( -10.58105609484583454, -1.499999999999999556, 25.11050888226937161 ) ) ;
#1553 = CARTESIAN_POINT ( 'NONE',  ( -29.10109309280538525, -1.500000000000000000, 5.209040816808348850 ) ) ;
#1554 = VECTOR ( 'NONE', #2226, 1000.000000000000000 ) ;
#1555 = EDGE_CURVE ( 'NONE', #1425, #131, #3473, .T. ) ;
#1556 = ORIENTED_EDGE ( 'NONE', *, *, #417, .F. ) ;
#1557 = FACE_OUTER_BOUND ( 'NONE', #2385, .T. ) ;
#1558 = ORIENTED_EDGE ( 'NONE', *, *, #3569, .T. ) ;
#1559 = CARTESIAN_POINT ( 'NONE',  ( 56.51115097364966289, 4.500000000000000888, -2.149499746348640849E-05 ) ) ;
#1560 = ORIENTED_EDGE ( 'NONE', *, *, #2080, .T. ) ;
#1561 = CARTESIAN_POINT ( 'NONE',  ( -23.31852079810676770, 4.500000000000000888, 22.23402457419381761 ) ) ;
#1562 = FACE_OUTER_BOUND ( 'NONE', #1154, .T. ) ;
#1563 = B_SPLINE_CURVE_WITH_KNOTS ( 'NONE', 3,
 ( #2070, #154, #3461, #496 ),
 .UNSPECIFIED., .F., .F.,
 ( 4, 4 ),
 ( 0.1547128134717859205, 1.000000000000000000 ),
 .UNSPECIFIED. ) ;
#1564 = DIRECTION ( 'NONE',  ( 0.000000000000000000, 0.000000000000000000, -1.000000000000000000 ) ) ;
#1565 = AXIS2_PLACEMENT_3D ( 'NONE', #2159, #3277, #787 ) ;
#1566 = B_SPLINE_CURVE_WITH_KNOTS ( 'NONE', 3,
 ( #537, #1633, #3234, #3524 ),
 .UNSPECIFIED., .F., .F.,
 ( 4, 4 ),
 ( 0.000000000000000000, 0.8452273900860258760 ),
 .UNSPECIFIED. ) ;
#1567 = CARTESIAN_POINT ( 'NONE',  ( 19.43553142416642032, -1.499999999999999556, -8.689077604523317788 ) ) ;
#1568 = ORIENTED_EDGE ( 'NONE', *, *, #2296, .T. ) ;
#1569 = CIRCLE ( 'NONE', #1104, 24.17999999999474880 ) ;
#1570 = CARTESIAN_POINT ( 'NONE',  ( 56.51115097364966289, 4.500000000000000888, 2.999978504374722466 ) ) ;
#1571 = CYLINDRICAL_SURFACE ( 'NONE', #711, 24.17999999999474880 ) ;
#1572 = VERTEX_POINT ( 'NONE', #1283 ) ;
#1573 = AXIS2_PLACEMENT_3D ( 'NONE', #2401, #1628, #990 ) ;
#1574 = ADVANCED_FACE ( 'NONE', ( #762 ), #1832, .T. ) ;
#1575 = DIRECTION ( 'NONE',  ( 0.000000000000000000, 1.000000000000000000, 0.000000000000000000 ) ) ;
#1576 = VERTEX_POINT ( 'NONE', #1297 ) ;
#1577 = CARTESIAN_POINT ( 'NONE',  ( -28.54218338308801961, 4.500000000000000888, -7.294963236017376396 ) ) ;
#1578 = ORIENTED_EDGE ( 'NONE', *, *, #1489, .F. ) ;
#1579 = B_SPLINE_CURVE_WITH_KNOTS ( 'NONE', 3,
 ( #2941, #2162, #2127, #1553 ),
 .UNSPECIFIED., .F., .F.,
 ( 4, 4 ),
 ( 0.000000000000000000, 0.8452273900860258760 ),
 .UNSPECIFIED. ) ;
#1580 = FACE_OUTER_BOUND ( 'NONE', #2439, .T. ) ;
#1581 = B_SPLINE_CURVE_WITH_KNOTS ( 'NONE', 3,
 ( #1648, #2242, #3304, #286 ),
 .UNSPECIFIED., .F., .F.,
 ( 4, 4 ),
 ( 0.1547128134717859205, 1.000000000000000000 ),
 .UNSPECIFIED. ) ;
#1582 = DIRECTION ( 'NONE',  ( 0.000000000000000000, 1.000000000000000000, 0.000000000000000000 ) ) ;
#1583 = EDGE_CURVE ( 'NONE', #2948, #393, #466, .T. ) ;
#1584 = CARTESIAN_POINT ( 'NONE',  ( -31.06171899842669504, -1.499999999999999556, 1.580367680584599199 ) ) ;
#1585 =( LENGTH_UNIT ( ) NAMED_UNIT ( * ) SI_UNIT ( .MILLI., .METRE. ) );
#1586 = EDGE_CURVE ( 'NONE', #4, #1389, #2710, .T. ) ;
#1587 = DIRECTION ( 'NONE',  ( 0.000000000000000000, 0.000000000000000000, -1.000000000000000000 ) ) ;
#1588 = CARTESIAN_POINT ( 'NONE',  ( -10.58105609484583454, 4.500000000000000888, 25.11050888226937161 ) ) ;
#1589 = CARTESIAN_POINT ( 'NONE',  ( -28.46558403678481497, 4.500000000000000888, 16.86175920375113080 ) ) ;
#1590 = ADVANCED_FACE ( 'NONE', ( #1594 ), #37, .F. ) ;
#1591 = VERTEX_POINT ( 'NONE', #234 ) ;
#1592 = ORIENTED_EDGE ( 'NONE', *, *, #2768, .F. ) ;
#1593 = VECTOR ( 'NONE', #2160, 1000.000000000000000 ) ;
#1594 = FACE_OUTER_BOUND ( 'NONE', #1376, .T. ) ;
#1595 = ORIENTED_EDGE ( 'NONE', *, *, #694, .T. ) ;
#1596 = B_SPLINE_CURVE_WITH_KNOTS ( 'NONE', 3,
 ( #785, #3033, #1037, #510 ),
 .UNSPECIFIED., .F., .F.,
 ( 4, 4 ),
 ( 0.1547128134717859205, 1.000000000000000000 ),
 .UNSPECIFIED. ) ;
#1597 = CYLINDRICAL_SURFACE ( 'NONE', #2139, 28.50000000000000000 ) ;
#1598 = VERTEX_POINT ( 'NONE', #1120 ) ;
#1599 = EDGE_CURVE ( 'NONE', #3508, #1862, #2513, .T. ) ;
#1600 = AXIS2_PLACEMENT_3D ( 'NONE', #3031, #3257, #2120 ) ;
#1601 = CARTESIAN_POINT ( 'NONE',  ( 7.524392835787081957, 4.500000000000000888, 20.37957458355091944 ) ) ;
#1602 = CIRCLE ( 'NONE', #962, 28.49999999999999645 ) ;
#1603 = CARTESIAN_POINT ( 'NONE',  ( -30.61059929316137840, 4.500000000000000888, 5.136582548612916632 ) ) ;
#1604 =( GEOMETRIC_REPRESENTATION_CONTEXT ( 3 ) GLOBAL_UNCERTAINTY_ASSIGNED_CONTEXT ( ( #339 ) ) GLOBAL_UNIT_ASSIGNED_CONTEXT ( ( #190, #2788, #3566 ) ) REPRESENTATION_CONTEXT ( 'NONE', 'WORKASPACE' ) );
#1605 = CARTESIAN_POINT ( 'NONE',  ( 12.05335555984780171, -1.500000000000000000, 20.66967824591604597 ) ) ;
#1606 = ORIENTED_EDGE ( 'NONE', *, *, #2466, .F. ) ;
#1607 = DIRECTION ( 'NONE',  ( 0.000000000000000000, 0.000000000000000000, 1.000000000000000000 ) ) ;
#1608 = DIRECTION ( 'NONE',  ( -0.000000000000000000, -1.000000000000000000, -0.000000000000000000 ) ) ;
#1609 = CARTESIAN_POINT ( 'NONE',  ( -16.95639489310941528, 4.500000000000000888, -26.09111943436605330 ) ) ;
#1610 = B_SPLINE_SURFACE_WITH_KNOTS ( 'NONE', 3, 1, ( 
 ( #2549, #2205 ),
 ( #886, #58 ),
 ( #852, #290 ),
 ( #1429, #2500 ) ),
 .UNSPECIFIED., .F., .F., .F.,
 ( 4, 4 ),
 ( 2, 2 ),
 ( 0.1547128134717859205, 1.000000000000000000 ),
 ( 0.000000000000000000, 1.000000000000000000 ),
 .UNSPECIFIED. ) ;
#1611 = CARTESIAN_POINT ( 'NONE',  ( -12.78379076951759252, -1.499999999999999556, 23.05331286388756240 ) ) ;
#1612 = CARTESIAN_POINT ( 'NONE',  ( -22.49815374884467190, 4.500000000000000888, -19.18779339070546897 ) ) ;
#1613 = ORIENTED_EDGE ( 'NONE', *, *, #3403, .F. ) ;
#1614 = ORIENTED_EDGE ( 'NONE', *, *, #3333, .F. ) ;
#1615 = DIRECTION ( 'NONE',  ( -0.000000000000000000, -1.000000000000000000, -0.000000000000000000 ) ) ;
#1616 = ORIENTED_EDGE ( 'NONE', *, *, #3042, .F. ) ;
#1617 = CARTESIAN_POINT ( 'NONE',  ( 17.48788598408414430, -1.500000000000000000, -16.86180218945136744 ) ) ;
#1618 = ORIENTED_EDGE ( 'NONE', *, *, #3417, .T. ) ;
#1619 = AXIS2_PLACEMENT_3D ( 'NONE', #2249, #2538, #79 ) ;
#1620 = DIRECTION ( 'NONE',  ( 0.000000000000000000, 0.000000000000000000, 1.000000000000000000 ) ) ;
#1621 = CARTESIAN_POINT ( 'NONE',  ( -23.33330302080391405, -1.500000000000000000, -16.31712483993889506 ) ) ;
#1622 = CARTESIAN_POINT ( 'NONE',  ( -26.17577124904435948, 4.500000000000000888, -17.52077504459753499 ) ) ;
#1623 = ORIENTED_EDGE ( 'NONE', *, *, #743, .F. ) ;
#1624 = CARTESIAN_POINT ( 'NONE',  ( -28.54210203833218529, 4.500000000000000888, 7.295177309464720317 ) ) ;
#1625 = ADVANCED_FACE ( 'NONE', ( #3026 ), #1139, .T. ) ;
#1626 = LINE ( 'NONE', #260, #194 ) ;
#1627 = CARTESIAN_POINT ( 'NONE',  ( -5.488849026350334448, 4.500000000000000888, -2.149285012149996658E-05 ) ) ;
#1628 = DIRECTION ( 'NONE',  ( 0.000000000000000000, 1.000000000000000000, 0.000000000000000000 ) ) ;
#1629 = ORIENTED_EDGE ( 'NONE', *, *, #1493, .T. ) ;
#1630 = CARTESIAN_POINT ( 'NONE',  ( 15.90703849257545777, 4.500000000000000888, 14.13161092609819214 ) ) ;
#1631 = VERTEX_POINT ( 'NONE', #832 ) ;
#1632 = VECTOR ( 'NONE', #1153, 1000.000000000000000 ) ;
#1633 = CARTESIAN_POINT ( 'NONE',  ( -7.700322056859242537, -1.500000000000000000, 27.01987517738370670 ) ) ;
#1634 = ORIENTED_EDGE ( 'NONE', *, *, #440, .F. ) ;
#1635 = CARTESIAN_POINT ( 'NONE',  ( -23.00960257809775911, 4.500000000000000888, 20.68690072984389872 ) ) ;
#1636 = DIRECTION ( 'NONE',  ( -0.000000000000000000, -1.000000000000000000, -0.000000000000000000 ) ) ;
#1637 = EDGE_CURVE ( 'NONE', #1447, #267, #2758, .T. ) ;
#1638 = B_SPLINE_SURFACE_WITH_KNOTS ( 'NONE', 3, 1, ( 
 ( #597, #48 ),
 ( #3335, #279 ),
 ( #1661, #330 ),
 ( #3058, #2215 ) ),
 .UNSPECIFIED., .F., .F., .F.,
 ( 4, 4 ),
 ( 2, 2 ),
 ( 0.000000000000000000, 0.8452273900860258760 ),
 ( 0.000000000000000000, 1.000000000000000000 ),
 .UNSPECIFIED. ) ;
#1639 = DIRECTION ( 'NONE',  ( 0.000000000000000000, 0.000000000000000000, 1.000000000000000000 ) ) ;
#1640 = ORIENTED_EDGE ( 'NONE', *, *, #129, .F. ) ;
#1641 = CARTESIAN_POINT ( 'NONE',  ( -14.64387242144249157, 4.500000000000000888, -25.51690027345681955 ) ) ;
#1642 = DIRECTION ( 'NONE',  ( 0.000000000000000000, 0.000000000000000000, -1.000000000000000000 ) ) ;
#1643 = EDGE_CURVE ( 'NONE', #1472, #2062, #1581, .T. ) ;
#1644 = DIRECTION ( 'NONE',  ( -0.000000000000000000, -1.000000000000000000, -0.000000000000000000 ) ) ;
#1645 = CARTESIAN_POINT ( 'NONE',  ( -33.81817558971054893, 4.500000000000000888, -3.114384423931467971 ) ) ;
#1646 = ORIENTED_EDGE ( 'NONE', *, *, #849, .T. ) ;
#1647 = ADVANCED_FACE ( 'NONE', ( #3341 ), #2270, .F. ) ;
#1648 = CARTESIAN_POINT ( 'NONE',  ( 14.89074705005069532, 4.500000000000000888, -13.01326335498752940 ) ) ;
#1649 = EDGE_LOOP ( 'NONE', ( #2929, #64, #3345, #3103 ) ) ;
#1650 = CARTESIAN_POINT ( 'NONE',  ( 56.51115097364966289, -1.500000000000000000, -2.149499746348640849E-05 ) ) ;
#1651 = ORIENTED_EDGE ( 'NONE', *, *, #1311, .T. ) ;
#1652 = CARTESIAN_POINT ( 'NONE',  ( -25.86844510275137665, 4.500000000000000888, 13.01322036928729808 ) ) ;
#1653 = ADVANCED_FACE ( 'NONE', ( #2816 ), #2479, .T. ) ;
#1654 = CARTESIAN_POINT ( 'NONE',  ( 16.74519704069359705, -1.500000000000000000, 17.82965027890631760 ) ) ;
#1655 = AXIS2_PLACEMENT_3D ( 'NONE', #1169, #2847, #2863 ) ;
#1656 = CARTESIAN_POINT ( 'NONE',  ( -23.33330302080391405, 4.500000000000000888, -16.31712483993889506 ) ) ;
#1657 = ORIENTED_EDGE ( 'NONE', *, *, #169, .T. ) ;
#1658 = EDGE_CURVE ( 'NONE', #2158, #1901, #3535, .T. ) ;
#1659 = CARTESIAN_POINT ( 'NONE',  ( 5.654017251305313074, 4.500000000000000888, 21.45945033471429397 ) ) ;
#1660 = CIRCLE ( 'NONE', #3347, 28.50000000000000355 ) ;
#1661 = CARTESIAN_POINT ( 'NONE',  ( -24.67662092420568598, 4.500000000000000888, 17.00928322964421113 ) ) ;
#1662 = CARTESIAN_POINT ( 'NONE',  ( -23.33312107342955599, 4.500000000000000888, 16.31728083043768152 ) ) ;
#1663 = DIRECTION ( 'NONE',  ( -0.000000000000000000, -1.000000000000000000, -0.000000000000000000 ) ) ;
#1664 = EDGE_CURVE ( 'NONE', #3283, #2153, #1392, .T. ) ;
#1665 = ORIENTED_EDGE ( 'NONE', *, *, #2677, .T. ) ;
#1666 = DIRECTION ( 'NONE',  ( 0.000000000000000000, 0.000000000000000000, -1.000000000000000000 ) ) ;
#1667 = VERTEX_POINT ( 'NONE', #850 ) ;
#1668 = EDGE_CURVE ( 'NONE', #2083, #3062, #2660, .T. ) ;
#1669 = DIRECTION ( 'NONE',  ( 0.000000000000000000, 0.000000000000000000, -1.000000000000000000 ) ) ;
#1670 = ORIENTED_EDGE ( 'NONE', *, *, #3432, .F. ) ;
#1671 = DIRECTION ( 'NONE',  ( 0.000000000000000000, 0.000000000000000000, 1.000000000000000000 ) ) ;
#1672 = DIRECTION ( 'NONE',  ( 0.000000000000000000, 1.000000000000000000, 0.000000000000000000 ) ) ;
#1673 = AXIS2_PLACEMENT_3D ( 'NONE', #3179, #1197, #1539 ) ;
#1674 = DIRECTION ( 'NONE',  ( 0.000000000000000000, 1.000000000000000000, 0.000000000000000000 ) ) ;
#1675 = ORIENTED_EDGE ( 'NONE', *, *, #2845, .F. ) ;
#1676 = DIRECTION ( 'NONE',  ( 0.000000000000000000, 1.000000000000000000, 0.000000000000000000 ) ) ;
#1677 = DIRECTION ( 'NONE',  ( -0.000000000000000000, -1.000000000000000000, -0.000000000000000000 ) ) ;
#1678 = CARTESIAN_POINT ( 'NONE',  ( 56.51115097364966289, 4.500000000000000888, 2.999978504374722466 ) ) ;
#1679 = DIRECTION ( 'NONE',  ( -0.000000000000000000, -1.000000000000000000, -0.000000000000000000 ) ) ;
#1680 = VERTEX_POINT ( 'NONE', #336 ) ;
#1681 = VECTOR ( 'NONE', #2467, 1000.000000000000000 ) ;
#1682 = CARTESIAN_POINT ( 'NONE',  ( -6.568579672709797812, 4.500000000000000888, 24.15585940044496027 ) ) ;
#1683 = ORIENTED_EDGE ( 'NONE', *, *, #3470, .T. ) ;
#1684 = DIRECTION ( 'NONE',  ( 0.000000000000000000, 0.000000000000000000, -1.000000000000000000 ) ) ;
#1685 = VERTEX_POINT ( 'NONE', #1934 ) ;
#1686 = EDGE_CURVE ( 'NONE', #1901, #1010, #1338, .T. ) ;
#1687 = CARTESIAN_POINT ( 'NONE',  ( -20.93617676394388738, 4.500000000000000888, -22.27793930031664615 ) ) ;
#1688 = AXIS2_PLACEMENT_3D ( 'NONE', #429, #638, #1734 ) ;
#1689 = DIRECTION ( 'NONE',  ( -0.000000000000000000, -1.000000000000000000, -0.000000000000000000 ) ) ;
#1690 = VERTEX_POINT ( 'NONE', #604 ) ;
#1691 = CARTESIAN_POINT ( 'NONE',  ( -0.3522449848872948319, 4.500000000000000888, 25.12172877396092474 ) ) ;
#1692 = EDGE_CURVE ( 'NONE', #267, #90, #1918, .T. ) ;
#1693 = CARTESIAN_POINT ( 'NONE',  ( -1.164923364392980165, 4.500000000000000888, 28.17006311600163215 ) ) ;
#1694 = DIRECTION ( 'NONE',  ( 0.000000000000000000, 0.000000000000000000, -1.000000000000000000 ) ) ;
#1695 = EDGE_CURVE ( 'NONE', #1269, #2973, #1513, .T. ) ;
#1696 = VERTEX_POINT ( 'NONE', #1444 ) ;
#1697 = CARTESIAN_POINT ( 'NONE',  ( 13.69892287150501708, -1.499999999999999556, -17.00932621534445843 ) ) ;
#1698 = CARTESIAN_POINT ( 'NONE',  ( -5.488849026350334448, 4.500000000000000888, -2.149285012149996658E-05 ) ) ;
#1699 = EDGE_LOOP ( 'NONE', ( #1505, #1482, #2780, #2702 ) ) ;
#1700 = ADVANCED_FACE ( 'NONE', ( #2532 ), #1155, .T. ) ;
#1701 = DIRECTION ( 'NONE',  ( -0.000000000000000000, -1.000000000000000000, -0.000000000000000000 ) ) ;
#1702 = ORIENTED_EDGE ( 'NONE', *, *, #2033, .T. ) ;
#1703 = CYLINDRICAL_SURFACE ( 'NONE', #2791, 24.17999999999474880 ) ;
#1704 = EDGE_LOOP ( 'NONE', ( #3002, #3252, #1178, #964 ) ) ;
#1705 = CARTESIAN_POINT ( 'NONE',  ( -16.63171530400598996, -1.500000000000000000, -21.45949332041453061 ) ) ;
#1706 = EDGE_CURVE ( 'NONE', #3434, #1495, #1224, .T. ) ;
#1707 = FACE_OUTER_BOUND ( 'NONE', #776, .T. ) ;
#1708 = ORIENTED_EDGE ( 'NONE', *, *, #3531, .T. ) ;
#1709 = CARTESIAN_POINT ( 'NONE',  ( -29.10109309280538525, -1.500000000000000000, 5.209040816808348850 ) ) ;
#1710 = CARTESIAN_POINT ( 'NONE',  ( 20.60224891516565648, -1.499999999999999556, 11.46752437390882484 ) ) ;
#1711 = VECTOR ( 'NONE', #579, 1000.000000000000000 ) ;
#1712 = B_SPLINE_CURVE_WITH_KNOTS ( 'NONE', 3,
 ( #541, #1904, #1635, #3329 ),
 .UNSPECIFIED., .F., .F.,
 ( 4, 4 ),
 ( 0.1547128134717859205, 1.000000000000000000 ),
 .UNSPECIFIED. ) ;
#1713 = ORIENTED_EDGE ( 'NONE', *, *, #2508, .T. ) ;
#1714 = CARTESIAN_POINT ( 'NONE',  ( 16.80533138244825864, 4.500000000000000888, 15.42511866647166485 ) ) ;
#1715 = VECTOR ( 'NONE', #1168, 1000.000000000000000 ) ;
#1716 = DIRECTION ( 'NONE',  ( 0.000000000000000000, 0.000000000000000000, 1.000000000000000000 ) ) ;
#1717 = ORIENTED_EDGE ( 'NONE', *, *, #2189, .F. ) ;
#1718 = DIRECTION ( 'NONE',  ( 0.000000000000000000, 0.000000000000000000, -1.000000000000000000 ) ) ;
#1719 = ORIENTED_EDGE ( 'NONE', *, *, #1931, .T. ) ;
#1720 = CARTESIAN_POINT ( 'NONE',  ( -5.488849026350334448, 4.500000000000000888, -2.149285012149996658E-05 ) ) ;
#1721 = VERTEX_POINT ( 'NONE', #104 ) ;
#1722 = CARTESIAN_POINT ( 'NONE',  ( -5.488849026350334448, 4.500000000000000888, -2.149285012149996658E-05 ) ) ;
#1723 = B_SPLINE_CURVE_WITH_KNOTS ( 'NONE', 3,
 ( #969, #2951, #1221, #206 ),
 .UNSPECIFIED., .F., .F.,
 ( 4, 4 ),
 ( 0.000000000000000000, 0.8452273900860258760 ),
 .UNSPECIFIED. ) ;
#1724 = CARTESIAN_POINT ( 'NONE',  ( -23.31852079810690270, 4.500000000000000888, -22.23406755989395478 ) ) ;
#1725 = ORIENTED_EDGE ( 'NONE', *, *, #2508, .F. ) ;
#1726 = DIRECTION ( 'NONE',  ( -0.000000000000000000, -1.000000000000000000, -0.000000000000000000 ) ) ;
#1727 = CARTESIAN_POINT ( 'NONE',  ( 4.851563810744841554, -1.499999999999999556, -26.55799322185151823 ) ) ;
#1728 = VECTOR ( 'NONE', #679, 1000.000000000000000 ) ;
#1729 = CARTESIAN_POINT ( 'NONE',  ( 17.48788598408414430, -1.499999999999999556, -16.86180218945136744 ) ) ;
#1730 = ADVANCED_FACE ( 'NONE', ( #3431 ), #631, .F. ) ;
#1731 = DIRECTION ( 'NONE',  ( -0.000000000000000000, -1.000000000000000000, -0.000000000000000000 ) ) ;
#1732 = VERTEX_POINT ( 'NONE', #179 ) ;
#1733 = CARTESIAN_POINT ( 'NONE',  ( -16.63147601631059658, -1.499999999999999556, 21.45957458355251646 ) ) ;
#1734 = DIRECTION ( 'NONE',  ( 0.000000000000000000, -0.000000000000000000, 1.000000000000000000 ) ) ;
#1735 = ORIENTED_EDGE ( 'NONE', *, *, #1993, .F. ) ;
#1736 = CARTESIAN_POINT ( 'NONE',  ( 15.97074705005229234, -1.500000000000000000, 11.14260549711014114 ) ) ;
#1737 = ORIENTED_EDGE ( 'NONE', *, *, #383, .F. ) ;
#1738 = CIRCLE ( 'NONE', #3078, 2.999999999372185755 ) ;
#1739 = FACE_OUTER_BOUND ( 'NONE', #786, .T. ) ;
#1740 = AXIS2_PLACEMENT_3D ( 'NONE', #505, #1052, #2996 ) ;
#1741 = CARTESIAN_POINT ( 'NONE',  ( -0.6588924684376683549, 4.500000000000000888, -26.67579843968969655 ) ) ;
#1742 = ORIENTED_EDGE ( 'NONE', *, *, #2441, .T. ) ;
#1743 = CARTESIAN_POINT ( 'NONE',  ( -5.488849026350334448, 4.500000000000000888, -2.149285012149996658E-05 ) ) ;
#1744 = CARTESIAN_POINT ( 'NONE',  ( 17.44810060386139838, -1.499999999999999556, 11.41775632112769756 ) ) ;
#1745 = EDGE_CURVE ( 'NONE', #698, #2147, #957, .T. ) ;
#1746 = DIRECTION ( 'NONE',  ( 0.000000000000000000, 0.000000000000000000, -1.000000000000000000 ) ) ;
#1747 = CARTESIAN_POINT ( 'NONE',  ( 8.642783392597976899, 4.500000000000000888, -21.39590901177591675 ) ) ;
#1748 = ORIENTED_EDGE ( 'NONE', *, *, #2956, .F. ) ;
#1749 = EDGE_CURVE ( 'NONE', #1862, #125, #370, .T. ) ;
#1750 = CARTESIAN_POINT ( 'NONE',  ( -32.50874569658416391, -1.500000000000000000, -2.211494523359009978 ) ) ;
#1751 = LINE ( 'NONE', #1209, #3376 ) ;
#1752 = EDGE_LOOP ( 'NONE', ( #1793, #1357, #3189, #2373 ) ) ;
#1753 = B_SPLINE_CURVE_WITH_KNOTS ( 'NONE', 3,
 ( #2634, #167, #2085, #3200 ),
 .UNSPECIFIED., .F., .F.,
 ( 4, 4 ),
 ( 0.000000000000000000, 0.8452273900860258760 ),
 .UNSPECIFIED. ) ;
#1754 = CYLINDRICAL_SURFACE ( 'NONE', #3076, 24.17999999999474880 ) ;
#1755 = ORIENTED_EDGE ( 'NONE', *, *, #1322, .F. ) ;
#1756 = EDGE_CURVE ( 'NONE', #386, #1234, #974, .T. ) ;
#1757 = CARTESIAN_POINT ( 'NONE',  ( 18.53686927849919286, -1.500000000000000000, -8.000021494997456628 ) ) ;
#1758 = CARTESIAN_POINT ( 'NONE',  ( 12.34082274540622493, -1.499999999999999556, 22.23402457419371459 ) ) ;
#1759 = CARTESIAN_POINT ( 'NONE',  ( -10.69791133600880428, 4.500000000000000888, -23.61226555930517179 ) ) ;
#1760 = VERTEX_POINT ( 'NONE', #2076 ) ;
#1761 = EDGE_CURVE ( 'NONE', #1598, #867, #1281, .T. ) ;
#1762 = DIRECTION ( 'NONE',  ( -0.000000000000000000, -1.000000000000000000, -0.000000000000000000 ) ) ;
#1763 = CARTESIAN_POINT ( 'NONE',  ( 9.958478711243198944, 4.500000000000000888, 22.27789631461642017 ) ) ;
#1764 = CARTESIAN_POINT ( 'NONE',  ( 18.57617268906778563, -1.499999999999999556, 7.999978505002542484 ) ) ;
#1765 = DIRECTION ( 'NONE',  ( -0.000000000000000000, -1.000000000000000000, -0.000000000000000000 ) ) ;
#1766 = CARTESIAN_POINT ( 'NONE',  ( 9.936291132971460272, 4.500000000000000888, -22.29420190164870874 ) ) ;
#1767 = ORIENTED_EDGE ( 'NONE', *, *, #134, .T. ) ;
#1768 = AXIS2_PLACEMENT_3D ( 'NONE', #2086, #1837, #151 ) ;
#1769 = AXIS2_PLACEMENT_3D ( 'NONE', #1770, #956, #2039 ) ;
#1770 = CARTESIAN_POINT ( 'NONE',  ( -5.488849026350334448, 4.500000000000000888, -2.149285012149996658E-05 ) ) ;
#1771 = ADVANCED_FACE ( 'NONE', ( #3393 ), #1478, .T. ) ;
#1772 = DIRECTION ( 'NONE',  ( 0.000000000000000000, 1.000000000000000000, 0.000000000000000000 ) ) ;
#1773 = VECTOR ( 'NONE', #2344, 1000.000000000000000 ) ;
#1774 = CARTESIAN_POINT ( 'NONE',  ( 20.60224891516565648, -1.500000000000000000, 11.46752437390882484 ) ) ;
#1775 = ORIENTED_EDGE ( 'NONE', *, *, #2686, .F. ) ;
#1776 = EDGE_CURVE ( 'NONE', #1920, #1156, #1751, .T. ) ;
#1777 = CARTESIAN_POINT ( 'NONE',  ( 56.51115097364966289, -1.500000000000000000, 7.999978505002538043 ) ) ;
#1778 = EDGE_LOOP ( 'NONE', ( #704, #1914, #3574, #1501 ) ) ;
#1779 = ORIENTED_EDGE ( 'NONE', *, *, #1949, .F. ) ;
#1780 = VERTEX_POINT ( 'NONE', #2314 ) ;
#1781 = DIRECTION ( 'NONE',  ( -0.000000000000000000, -1.000000000000000000, -0.000000000000000000 ) ) ;
#1782 = CARTESIAN_POINT ( 'NONE',  ( -10.58105609484583454, 4.500000000000000888, 25.11050888226937161 ) ) ;
#1783 = CARTESIAN_POINT ( 'NONE',  ( -33.81817558971054893, 4.500000000000000888, -3.114384423931462198 ) ) ;
#1784 = LINE ( 'NONE', #2272, #565 ) ;
#1785 = ORIENTED_EDGE ( 'NONE', *, *, #1011, .T. ) ;
#1786 = VECTOR ( 'NONE', #611, 1000.000000000000000 ) ;
#1787 = CARTESIAN_POINT ( 'NONE',  ( -5.488849026350334448, -1.500000000000000000, -2.149285012149996658E-05 ) ) ;
#1788 = B_SPLINE_CURVE_WITH_KNOTS ( 'NONE', 3,
 ( #773, #3206, #227, #2716 ),
 .UNSPECIFIED., .F., .F.,
 ( 4, 4 ),
 ( 0.1547128134717859205, 1.000000000000000000 ),
 .UNSPECIFIED. ) ;
#1789 = CARTESIAN_POINT ( 'NONE',  ( -5.488849026350334448, -1.500000000000000000, -2.149285012149996658E-05 ) ) ;
#1790 = CARTESIAN_POINT ( 'NONE',  ( -6.568849026351868403, -1.500000000000000000, -24.15589034494779952 ) ) ;
#1791 = ORIENTED_EDGE ( 'NONE', *, *, #3363, .T. ) ;
#1792 = FACE_OUTER_BOUND ( 'NONE', #1908, .T. ) ;
#1793 = ORIENTED_EDGE ( 'NONE', *, *, #1271, .T. ) ;
#1794 = DIRECTION ( 'NONE',  ( 0.000000000000000000, 1.000000000000000000, 0.000000000000000000 ) ) ;
#1795 = VERTEX_POINT ( 'NONE', #2887 ) ;
#1796 = CARTESIAN_POINT ( 'NONE',  ( -18.50209088848757233, 4.500000000000000888, -20.37961756925126622 ) ) ;
#1797 = VECTOR ( 'NONE', #1608, 1000.000000000000000 ) ;
#1798 = CARTESIAN_POINT ( 'NONE',  ( -23.31852079810676770, 4.500000000000000888, 22.23402457419381761 ) ) ;
#1799 = CARTESIAN_POINT ( 'NONE',  ( -9.812774688307740689, 4.500000000000000888, 28.17006311600162860 ) ) ;
#1800 = EDGE_CURVE ( 'NONE', #1409, #3216, #3053, .T. ) ;
#1801 = CARTESIAN_POINT ( 'NONE',  ( 11.37293167025083740, -1.500000000000000000, -22.97675650328465835 ) ) ;
#1802 = AXIS2_PLACEMENT_3D ( 'NONE', #1459, #2607, #3447 ) ;
#1803 = ORIENTED_EDGE ( 'NONE', *, *, #2619, .F. ) ;
#1804 = LINE ( 'NONE', #2921, #170 ) ;
#1805 = DIRECTION ( 'NONE',  ( -0.000000000000000000, -1.000000000000000000, -0.000000000000000000 ) ) ;
#1806 = CARTESIAN_POINT ( 'NONE',  ( -12.78379076951759252, -1.500000000000000000, 23.05331286388756240 ) ) ;
#1807 = CARTESIAN_POINT ( 'NONE',  ( -4.408849026348732991, -1.499999999999999556, 24.15584735924755577 ) ) ;
#1808 = ORIENTED_EDGE ( 'NONE', *, *, #739, .F. ) ;
#1809 = EDGE_CURVE ( 'NONE', #1234, #2919, #1403, .T. ) ;
#1810 = AXIS2_PLACEMENT_3D ( 'NONE', #1253, #934, #1564 ) ;
#1811 = DIRECTION ( 'NONE',  ( 0.000000000000000000, 1.000000000000000000, 0.000000000000000000 ) ) ;
#1812 = ORIENTED_EDGE ( 'NONE', *, *, #1818, .T. ) ;
#1813 = ORIENTED_EDGE ( 'NONE', *, *, #2890, .T. ) ;
#1814 = ORIENTED_EDGE ( 'NONE', *, *, #288, .T. ) ;
#1815 = FACE_OUTER_BOUND ( 'NONE', #1140, .T. ) ;
#1816 = EDGE_CURVE ( 'NONE', #2520, #200, #2145, .T. ) ;
#1817 = CARTESIAN_POINT ( 'NONE',  ( -6.568579672709797812, -1.499999999999999556, 24.15585940044496027 ) ) ;
#1818 = EDGE_CURVE ( 'NONE', #2705, #2273, #2708, .T. ) ;
#1819 = CARTESIAN_POINT ( 'NONE',  ( -2.374486095268990571, -1.500000000000000000, -28.32934805621033192 ) ) ;
#1820 = DIRECTION ( 'NONE',  ( 0.000000000000000000, 1.000000000000000000, 0.000000000000000000 ) ) ;
#1821 = ADVANCED_FACE ( 'NONE', ( #2040, #2297, #390 ), #658, .F. ) ;
#1822 = CARTESIAN_POINT ( 'NONE',  ( 18.53686927849919286, 4.500000000000000888, -8.000021494997456628 ) ) ;
#1823 = ORIENTED_EDGE ( 'NONE', *, *, #2674, .T. ) ;
#1824 = CARTESIAN_POINT ( 'NONE',  ( -9.812774688307740689, -1.499999999999999556, 28.17006311600162860 ) ) ;
#1825 = DIRECTION ( 'NONE',  ( -1.000000000000000000, 0.000000000000000000, 1.370446048119726253E-16 ) ) ;
#1826 = CIRCLE ( 'NONE', #2462, 24.17999999999474880 ) ;
#1827 = B_SPLINE_CURVE_WITH_KNOTS ( 'NONE', 3,
 ( #2794, #532, #3354, #2178 ),
 .UNSPECIFIED., .F., .F.,
 ( 4, 4 ),
 ( 0.000000000000000000, 0.8452273900860258760 ),
 .UNSPECIFIED. ) ;
#1828 = AXIS2_PLACEMENT_3D ( 'NONE', #2427, #2691, #2190 ) ;
#1829 = CARTESIAN_POINT ( 'NONE',  ( -3.277375995841452117, 4.500000000000000888, -27.01991816308395755 ) ) ;
#1830 = ORIENTED_EDGE ( 'NONE', *, *, #3249, .T. ) ;
#1831 = CIRCLE ( 'NONE', #515, 24.17999999999474880 ) ;
#1832 = CYLINDRICAL_SURFACE ( 'NONE', #2913, 28.50000000000000355 ) ;
#1833 = ORIENTED_EDGE ( 'NONE', *, *, #2717, .T. ) ;
#1834 = CARTESIAN_POINT ( 'NONE',  ( -28.42514545756620592, 4.500000000000000888, 11.46354442557986708 ) ) ;
#1835 = ORIENTED_EDGE ( 'NONE', *, *, #1761, .F. ) ;
#1836 = CARTESIAN_POINT ( 'NONE',  ( -21.80595237343890602, -1.499999999999999556, 17.84443250160366290 ) ) ;
#1837 = DIRECTION ( 'NONE',  ( -0.000000000000000000, -1.000000000000000000, -0.000000000000000000 ) ) ;
#1838 = CARTESIAN_POINT ( 'NONE',  ( -22.45409489655786572, -1.500000000000000000, 19.20023218025640332 ) ) ;
#1839 = CARTESIAN_POINT ( 'NONE',  ( -12.78404782866558520, -1.500000000000000000, -23.05327450483183682 ) ) ;
#1840 = DIRECTION ( 'NONE',  ( 1.370446048119726253E-16, -0.000000000000000000, 1.000000000000000000 ) ) ;
#1841 = ORIENTED_EDGE ( 'NONE', *, *, #440, .T. ) ;
#1842 = EDGE_CURVE ( 'NONE', #1518, #1521, #2681, .T. ) ;
#1843 = FACE_OUTER_BOUND ( 'NONE', #251, .T. ) ;
#1844 = DIRECTION ( 'NONE',  ( 0.000000000000000000, 1.000000000000000000, 0.000000000000000000 ) ) ;
#1845 = CIRCLE ( 'NONE', #2128, 28.50000000000000355 ) ;
#1846 = ORIENTED_EDGE ( 'NONE', *, *, #417, .T. ) ;
#1847 = CARTESIAN_POINT ( 'NONE',  ( 17.48788598408423667, -1.499999999999999556, 16.86175920375100290 ) ) ;
#1848 = VERTEX_POINT ( 'NONE', #1516 ) ;
#1849 = DIRECTION ( 'NONE',  ( 0.000000000000000000, 0.000000000000000000, 1.000000000000000000 ) ) ;
#1850 = EDGE_LOOP ( 'NONE', ( #2659, #2431, #3419, #2206 ) ) ;
#1851 = CARTESIAN_POINT ( 'NONE',  ( 19.02788811872293806, 4.500000000000000888, 11.56955740304086788 ) ) ;
#1852 = CARTESIAN_POINT ( 'NONE',  ( -1.164923364392945526, -1.500000000000000000, -28.17010610170187590 ) ) ;
#1853 = AXIS2_PLACEMENT_3D ( 'NONE', #1650, #2515, #1102 ) ;
#1854 = CARTESIAN_POINT ( 'NONE',  ( 19.43553142416642032, 4.500000000000000888, -8.689077604523317788 ) ) ;
#1855 = LINE ( 'NONE', #1292, #2881 ) ;
#1856 = EDGE_CURVE ( 'NONE', #3055, #86, #2627, .T. ) ;
#1857 = FACE_OUTER_BOUND ( 'NONE', #1064, .T. ) ;
#1858 = DIRECTION ( 'NONE',  ( 0.000000000000000000, 0.000000000000000000, 1.000000000000000000 ) ) ;
#1859 = CARTESIAN_POINT ( 'NONE',  ( 16.74519704069359705, -1.500000000000000000, 17.82965027890631760 ) ) ;
#1860 = EDGE_CURVE ( 'NONE', #1540, #72, #1310, .T. ) ;
#1861 = ORIENTED_EDGE ( 'NONE', *, *, #1129, .T. ) ;
#1862 = VERTEX_POINT ( 'NONE', #2852 ) ;
#1863 = CARTESIAN_POINT ( 'NONE',  ( -5.488849026350334448, 4.500000000000000888, -2.149285012149996658E-05 ) ) ;
#1864 = ORIENTED_EDGE ( 'NONE', *, *, #2485, .T. ) ;
#1865 = EDGE_CURVE ( 'NONE', #1317, #1158, #1878, .T. ) ;
#1866 = DIRECTION ( 'NONE',  ( 0.000000000000000000, 1.000000000000000000, 0.000000000000000000 ) ) ;
#1867 = ORIENTED_EDGE ( 'NONE', *, *, #1856, .F. ) ;
#1868 = CARTESIAN_POINT ( 'NONE',  ( -32.04682075535166774, -1.499999999999999556, 10.34039134424520334 ) ) ;
#1869 = DIRECTION ( 'NONE',  ( -0.000000000000000000, -1.000000000000000000, -0.000000000000000000 ) ) ;
#1870 = EDGE_CURVE ( 'NONE', #3216, #2300, #3141, .T. ) ;
#1871 = CARTESIAN_POINT ( 'NONE',  ( -31.06171899842669504, 4.500000000000000888, 1.580367680584599199 ) ) ;
#1872 = VERTEX_POINT ( 'NONE', #1589 ) ;
#1873 = FILL_AREA_STYLE_COLOUR ( '', #567 ) ;
#1874 = CARTESIAN_POINT ( 'NONE',  ( 20.60224891516565648, 4.500000000000000888, 11.46752437390882484 ) ) ;
#1875 = FACE_OUTER_BOUND ( 'NONE', #1704, .T. ) ;
#1876 = DIRECTION ( 'NONE',  ( -0.000000000000000000, -1.000000000000000000, -0.000000000000000000 ) ) ;
#1877 = CARTESIAN_POINT ( 'NONE',  ( -23.31852079810690626, -1.499999999999999556, -22.23406755989395123 ) ) ;
#1878 = B_SPLINE_CURVE_WITH_KNOTS ( 'NONE', 3,
 ( #758, #499, #3483, #1859 ),
 .UNSPECIFIED., .F., .F.,
 ( 4, 4 ),
 ( 0.1547128134717859205, 1.000000000000000000 ),
 .UNSPECIFIED. ) ;
#1879 = ORIENTED_EDGE ( 'NONE', *, *, #1220, .T. ) ;
#1880 = CARTESIAN_POINT ( 'NONE',  ( -15.82926186344456987, 4.500000000000000888, 26.55795023615164396 ) ) ;
#1881 = B_SPLINE_CURVE_WITH_KNOTS ( 'NONE', 3,
 ( #3369, #1436, #2523, #362 ),
 .UNSPECIFIED., .F., .F.,
 ( 4, 4 ),
 ( 0.1547128134717859205, 1.000000000000000000 ),
 .UNSPECIFIED. ) ;
#1882 = ORIENTED_EDGE ( 'NONE', *, *, #1063, .F. ) ;
#1883 = DIRECTION ( 'NONE',  ( 0.000000000000000000, 0.000000000000000000, 1.000000000000000000 ) ) ;
#1884 = ORIENTED_EDGE ( 'NONE', *, *, #3445, .F. ) ;
#1885 = CARTESIAN_POINT ( 'NONE',  ( 17.44744740486553880, -1.499999999999999556, -11.46358741128010550 ) ) ;
#1886 = CIRCLE ( 'NONE', #2054, 24.17999999999474525 ) ;
#1887 = EDGE_CURVE ( 'NONE', #1696, #3132, #208, .T. ) ;
#1888 = CARTESIAN_POINT ( 'NONE',  ( -0.2797867166918679427, 4.500000000000000888, 23.61222257360492804 ) ) ;
#1889 = B_SPLINE_CURVE_WITH_KNOTS ( 'NONE', 3,
 ( #2910, #3143, #1834, #2873 ),
 .UNSPECIFIED., .F., .F.,
 ( 4, 4 ),
 ( 0.000000000000000000, 0.8452273900860258760 ),
 .UNSPECIFIED. ) ;
#1890 = LINE ( 'NONE', #2121, #2421 ) ;
#1891 = VERTEX_POINT ( 'NONE', #2146 ) ;
#1892 = FACE_OUTER_BOUND ( 'NONE', #2317, .T. ) ;
#1893 = CARTESIAN_POINT ( 'NONE',  ( 13.71140464675618631, -1.499999999999999556, 16.96522437735740851 ) ) ;
#1894 = B_SPLINE_SURFACE_WITH_KNOTS ( 'NONE', 3, 1, ( 
 ( #995, #1247 ),
 ( #127, #2301 ),
 ( #3418, #1213 ),
 ( #3195, #1520 ) ),
 .UNSPECIFIED., .F., .F., .F.,
 ( 4, 4 ),
 ( 2, 2 ),
 ( 0.000000000000000000, 0.8452273900860258760 ),
 ( 0.000000000000000000, 1.000000000000000000 ),
 .UNSPECIFIED. ) ;
#1895 = DIRECTION ( 'NONE',  ( 0.000000000000000000, 0.000000000000000000, 1.000000000000000000 ) ) ;
#1896 = B_SPLINE_CURVE_WITH_KNOTS ( 'NONE', 3,
 ( #1790, #2352, #2888, #409 ),
 .UNSPECIFIED., .F., .F.,
 ( 4, 4 ),
 ( 0.1547128134717859205, 1.000000000000000000 ),
 .UNSPECIFIED. ) ;
#1897 = DIRECTION ( 'NONE',  ( 0.000000000000000000, 0.000000000000000000, -1.000000000000000000 ) ) ;
#1898 = VERTEX_POINT ( 'NONE', #3246 ) ;
#1899 = AXIS2_PLACEMENT_3D ( 'NONE', #1378, #3088, #643 ) ;
#1900 = CARTESIAN_POINT ( 'NONE',  ( -5.488849026350334448, 4.500000000000000888, -2.149285012149996658E-05 ) ) ;
#1901 = VERTEX_POINT ( 'NONE', #533 ) ;
#1902 = CARTESIAN_POINT ( 'NONE',  ( -32.04682075535173880, 4.500000000000000888, -10.34043432994529788 ) ) ;
#1903 = VERTEX_POINT ( 'NONE', #1009 ) ;
#1904 = CARTESIAN_POINT ( 'NONE',  ( -22.45409489655786572, 4.500000000000000888, 19.20023218025640332 ) ) ;
#1905 = LINE ( 'NONE', #2980, #580 ) ;
#1906 = EDGE_CURVE ( 'NONE', #1631, #2147, #2091, .T. ) ;
#1907 = DIRECTION ( 'NONE',  ( 0.000000000000000000, 0.000000000000000000, -1.000000000000000000 ) ) ;
#1908 = EDGE_LOOP ( 'NONE', ( #1084, #2200, #2584, #3371 ) ) ;
#1909 = DIRECTION ( 'NONE',  ( 0.000000000000000000, 0.000000000000000000, 1.000000000000000000 ) ) ;
#1910 = CARTESIAN_POINT ( 'NONE',  ( -5.488849026350334448, 4.500000000000000888, -2.149285012149996658E-05 ) ) ;
#1911 = EDGE_CURVE ( 'NONE', #2906, #3276, #2110, .T. ) ;
#1912 = CARTESIAN_POINT ( 'NONE',  ( -19.62048144529864402, -1.499999999999999556, 21.39586602607567656 ) ) ;
#1913 = DIRECTION ( 'NONE',  ( -0.000000000000000000, -1.000000000000000000, -0.000000000000000000 ) ) ;
#1914 = ORIENTED_EDGE ( 'NONE', *, *, #801, .F. ) ;
#1915 = CIRCLE ( 'NONE', #2676, 24.17999999999474880 ) ;
#1916 = CARTESIAN_POINT ( 'NONE',  ( -33.81817558971052762, 4.500000000000000888, 3.114341438231399639 ) ) ;
#1917 = ORIENTED_EDGE ( 'NONE', *, *, #109, .T. ) ;
#1918 = CIRCLE ( 'NONE', #1453, 24.17999999999474880 ) ;
#1919 = DIRECTION ( 'NONE',  ( -0.000000000000000000, -1.000000000000000000, -0.000000000000000000 ) ) ;
#1920 = VERTEX_POINT ( 'NONE', #464 ) ;
#1921 = EDGE_CURVE ( 'NONE', #2446, #3339, #2396, .T. ) ;
#1922 = CARTESIAN_POINT ( 'NONE',  ( 15.97062280121407873, -1.499999999999999556, -11.14288777050576940 ) ) ;
#1923 = CARTESIAN_POINT ( 'NONE',  ( -0.3522449848872948319, 4.500000000000000888, 25.12172877396092474 ) ) ;
#1924 = CARTESIAN_POINT ( 'NONE',  ( -32.50575565983485404, 4.500000000000000888, 2.238797844756622357 ) ) ;
#1925 = ORIENTED_EDGE ( 'NONE', *, *, #1372, .T. ) ;
#1926 = EDGE_CURVE ( 'NONE', #2775, #1685, #3259, .T. ) ;
#1927 = CARTESIAN_POINT ( 'NONE',  ( -15.82926186344565167, -1.499999999999999556, -26.55799322185145783 ) ) ;
#1928 = CARTESIAN_POINT ( 'NONE',  ( -5.488849026350334448, 4.500000000000000888, -2.149285012149996658E-05 ) ) ;
#1929 = DIRECTION ( 'NONE',  ( 0.000000000000000000, 1.000000000000000000, 0.000000000000000000 ) ) ;
#1930 = EDGE_CURVE ( 'NONE', #2505, #2084, #933, .T. ) ;
#1931 = EDGE_CURVE ( 'NONE', #2615, #501, #210, .T. ) ;
#1932 = DIRECTION ( 'NONE',  ( -0.000000000000000000, -1.000000000000000000, -0.000000000000000000 ) ) ;
#1933 = ORIENTED_EDGE ( 'NONE', *, *, #1385, .F. ) ;
#1934 = CARTESIAN_POINT ( 'NONE',  ( -16.63147601631060013, 4.500000000000000888, 21.45957458355250225 ) ) ;
#1935 = VERTEX_POINT ( 'NONE', #1295 ) ;
#1936 = DIRECTION ( 'NONE',  ( -1.000000000000000000, 0.000000000000000000, 9.145772869372436484E-17 ) ) ;
#1937 = ORIENTED_EDGE ( 'NONE', *, *, #1954, .F. ) ;
#1938 = CARTESIAN_POINT ( 'NONE',  ( -31.57994696786632716, -1.500000000000000000, -11.46756735960906504 ) ) ;
#1939 = CARTESIAN_POINT ( 'NONE',  ( -22.35062972295160222, 4.500000000000000888, -22.97675650328459085 ) ) ;
#1940 = AXIS2_PLACEMENT_3D ( 'NONE', #578, #1676, #2618 ) ;
#1941 = DIRECTION ( 'NONE',  ( -0.000000000000000000, -1.000000000000000000, -0.000000000000000000 ) ) ;
#1942 = ORIENTED_EDGE ( 'NONE', *, *, #2077, .T. ) ;
#1943 = AXIS2_PLACEMENT_3D ( 'NONE', #480, #3536, #1858 ) ;
#1944 = CARTESIAN_POINT ( 'NONE',  ( 3.640533742918683480, 4.500000000000000888, -25.52686617226466836 ) ) ;
#1945 = DIRECTION ( 'NONE',  ( -0.000000000000000000, -1.000000000000000000, -0.000000000000000000 ) ) ;
#1946 = DIRECTION ( 'NONE',  ( -0.000000000000000000, -1.000000000000000000, -0.000000000000000000 ) ) ;
#1947 = CYLINDRICAL_SURFACE ( 'NONE', #1360, 24.17999999999474880 ) ;
#1948 = VERTEX_POINT ( 'NONE', #2419 ) ;
#1949 = EDGE_CURVE ( 'NONE', #1598, #1146, #775, .T. ) ;
#1950 = DIRECTION ( 'NONE',  ( -0.000000000000000000, -1.000000000000000000, -0.000000000000000000 ) ) ;
#1951 = ORIENTED_EDGE ( 'NONE', *, *, #2123, .T. ) ;
#1952 = CARTESIAN_POINT ( 'NONE',  ( -20.93617676394388738, -1.499999999999999556, -22.27793930031664615 ) ) ;
#1953 = ORIENTED_EDGE ( 'NONE', *, *, #3243, .T. ) ;
#1954 = EDGE_CURVE ( 'NONE', #125, #2751, #1579, .T. ) ;
#1955 = CYLINDRICAL_SURFACE ( 'NONE', #2361, 28.50000000000000355 ) ;
#1956 = CIRCLE ( 'NONE', #351, 24.17999999999474880 ) ;
#1957 = VECTOR ( 'NONE', #873, 1000.000000000000000 ) ;
#1958 = DIRECTION ( 'NONE',  ( 0.000000000000000000, 0.000000000000000000, -1.000000000000000000 ) ) ;
#1959 = ORIENTED_EDGE ( 'NONE', *, *, #1658, .F. ) ;
#1960 = CARTESIAN_POINT ( 'NONE',  ( 1.806092716816924959, -1.500000000000000000, -23.05335584958780260 ) ) ;
#1961 = CARTESIAN_POINT ( 'NONE',  ( -12.78404782866558520, -1.500000000000000000, -23.05327450483183682 ) ) ;
#1962 = CARTESIAN_POINT ( 'NONE',  ( 17.44744740486553880, 4.500000000000000888, -11.46358741128010550 ) ) ;
#1963 = ORIENTED_EDGE ( 'NONE', *, *, #3333, .T. ) ;
#1964 = ADVANCED_FACE ( 'NONE', ( #2662 ), #1343, .F. ) ;
#1965 = DIRECTION ( 'NONE',  ( 0.000000000000000000, 1.000000000000000000, 0.000000000000000000 ) ) ;
#1966 = DIRECTION ( 'NONE',  ( -0.000000000000000000, -1.000000000000000000, -0.000000000000000000 ) ) ;
#1967 = EDGE_LOOP ( 'NONE', ( #713, #3325, #661, #3394 ) ) ;
#1968 = AXIS2_PLACEMENT_3D ( 'NONE', #834, #1410, #1936 ) ;
#1969 = AXIS2_PLACEMENT_3D ( 'NONE', #614, #892, #1201 ) ;
#1970 = ADVANCED_FACE ( 'NONE', ( #3282 ), #1571, .T. ) ;
#1971 = CARTESIAN_POINT ( 'NONE',  ( -29.81322496566872005, 4.500000000000000888, -8.112467037166847916 ) ) ;
#1972 = ORIENTED_EDGE ( 'NONE', *, *, #2642, .F. ) ;
#1973 = CARTESIAN_POINT ( 'NONE',  ( -5.488849026350334448, 4.500000000000000888, -3.000021492850122318 ) ) ;
#1974 = ORIENTED_EDGE ( 'NONE', *, *, #3220, .F. ) ;
#1975 = FACE_OUTER_BOUND ( 'NONE', #1850, .T. ) ;
#1976 = AXIS2_PLACEMENT_3D ( 'NONE', #2833, #1950, #587 ) ;
#1977 = DIRECTION ( 'NONE',  ( 0.000000000000000000, 1.000000000000000000, 0.000000000000000000 ) ) ;
#1978 = EDGE_LOOP ( 'NONE', ( #2983, #2283, #3322, #1833 ) ) ;
#1979 = DIRECTION ( 'NONE',  ( 0.000000000000000000, 1.000000000000000000, 0.000000000000000000 ) ) ;
#1980 = DIRECTION ( 'NONE',  ( -0.000000000000000000, -1.000000000000000000, -0.000000000000000000 ) ) ;
#1981 = ORIENTED_EDGE ( 'NONE', *, *, #1586, .T. ) ;
#1982 = B_SPLINE_SURFACE_WITH_KNOTS ( 'NONE', 3, 1, ( 
 ( #313, #1727 ),
 ( #1944, #615 ),
 ( #3388, #1995 ),
 ( #1401, #2578 ) ),
 .UNSPECIFIED., .F., .F., .F.,
 ( 4, 4 ),
 ( 2, 2 ),
 ( 0.000000000000000000, 0.8452273900860258760 ),
 ( 0.000000000000000000, 1.000000000000000000 ),
 .UNSPECIFIED. ) ;
#1983 = CARTESIAN_POINT ( 'NONE',  ( -17.05842792224131443, -1.500000000000000000, 24.51671565222315152 ) ) ;
#1984 = DIRECTION ( 'NONE',  ( 0.000000000000000000, 1.000000000000000000, 0.000000000000000000 ) ) ;
#1985 = ORIENTED_EDGE ( 'NONE', *, *, #176, .T. ) ;
#1986 = CARTESIAN_POINT ( 'NONE',  ( -31.01569370576489959, -1.499999999999999556, -9.129404262119123814 ) ) ;
#1987 = VERTEX_POINT ( 'NONE', #1350 ) ;
#1988 = CARTESIAN_POINT ( 'NONE',  ( -4.409118379990886183, -1.500000000000000000, -24.15590238614520402 ) ) ;
#1989 = ORIENTED_EDGE ( 'NONE', *, *, #1322, .T. ) ;
#1990 = DIRECTION ( 'NONE',  ( -0.000000000000000000, -1.000000000000000000, -0.000000000000000000 ) ) ;
#1991 = CYLINDRICAL_SURFACE ( 'NONE', #3358, 28.50000000000000355 ) ;
#1992 = EDGE_LOOP ( 'NONE', ( #980, #2855 ) ) ;
#1993 = EDGE_CURVE ( 'NONE', #1409, #3501, #3097, .T. ) ;
#1994 = DIRECTION ( 'NONE',  ( -0.000000000000000000, -1.000000000000000000, -0.000000000000000000 ) ) ;
#1995 = CARTESIAN_POINT ( 'NONE',  ( 2.623596517966381381, -1.499999999999999556, -24.32439743216851369 ) ) ;
#1996 = AXIS2_PLACEMENT_3D ( 'NONE', #284, #2510, #3338 ) ;
#1997 = CARTESIAN_POINT ( 'NONE',  ( -9.812774688307900561, -1.500000000000000000, -28.17010610170184748 ) ) ;
#1998 = VECTOR ( 'NONE', #299, 1000.000000000000000 ) ;
#1999 = CARTESIAN_POINT ( 'NONE',  ( 9.936291132971460272, 4.500000000000000888, -22.29420190164870874 ) ) ;
#2000 = ORIENTED_EDGE ( 'NONE', *, *, #2669, .T. ) ;
#2001 = DIRECTION ( 'NONE',  ( 0.000000000000000000, 1.000000000000000000, 0.000000000000000000 ) ) ;
#2002 = CARTESIAN_POINT ( 'NONE',  ( -5.488849026350334448, 4.500000000000000888, -2.149285012149996658E-05 ) ) ;
#2003 = ORIENTED_EDGE ( 'NONE', *, *, #1271, .F. ) ;
#2004 = CARTESIAN_POINT ( 'NONE',  ( -0.2800500088224457951, 4.500000000000000888, -23.61232364225407565 ) ) ;
#2005 = ORIENTED_EDGE ( 'NONE', *, *, #2845, .T. ) ;
#2006 = EDGE_CURVE ( 'NONE', #3198, #2337, #71, .T. ) ;
#2007 = CARTESIAN_POINT ( 'NONE',  ( -26.94844510275297722, 4.500000000000000888, -11.14264848281038489 ) ) ;
#2008 = B_SPLINE_SURFACE_WITH_KNOTS ( 'NONE', 3, 1, ( 
 ( #3309, #820 ),
 ( #2484, #2999 ),
 ( #1054, #1885 ),
 ( #24, #1922 ) ),
 .UNSPECIFIED., .F., .F., .F.,
 ( 4, 4 ),
 ( 2, 2 ),
 ( 0.000000000000000000, 0.8452273900860258760 ),
 ( 0.000000000000000000, 1.000000000000000000 ),
 .UNSPECIFIED. ) ;
#2009 = CARTESIAN_POINT ( 'NONE',  ( -0.3966419578548376346, -1.499999999999999556, -25.11055186796961536 ) ) ;
#2010 = ORIENTED_EDGE ( 'NONE', *, *, #2441, .F. ) ;
#2011 = CARTESIAN_POINT ( 'NONE',  ( -1.164923364392980165, 4.500000000000000888, 28.17006311600163215 ) ) ;
#2012 = CARTESIAN_POINT ( 'NONE',  ( -7.727668363957083564, -1.499999999999999556, -27.01692812633463348 ) ) ;
#2013 = EDGE_CURVE ( 'NONE', #1935, #1540, #2458, .T. ) ;
#2014 = CIRCLE ( 'NONE', #920, 28.50000000000000000 ) ;
#2015 = CARTESIAN_POINT ( 'NONE',  ( -5.488849026350334448, -1.500000000000000000, -2.149285012149996658E-05 ) ) ;
#2016 = CYLINDRICAL_SURFACE ( 'NONE', #3223, 2.999999999372185755 ) ;
#2017 = VERTEX_POINT ( 'NONE', #333 ) ;
#2018 = EDGE_CURVE ( 'NONE', #3162, #2705, #2239, .T. ) ;
#2019 = CARTESIAN_POINT ( 'NONE',  ( -16.95639489310928028, 4.500000000000000888, 26.09107644866586995 ) ) ;
#2020 = CARTESIAN_POINT ( 'NONE',  ( 10.82825432073824068, 4.500000000000000888, -17.84447548730389244 ) ) ;
#2021 = EDGE_CURVE ( 'NONE', #1013, #853, #2528, .T. ) ;
#2022 = EDGE_LOOP ( 'NONE', ( #2339, #3350, #2167, #2535 ) ) ;
#2023 = CARTESIAN_POINT ( 'NONE',  ( 12.34082274540609525, 4.500000000000000888, 22.23402457419382472 ) ) ;
#2024 = ORIENTED_EDGE ( 'NONE', *, *, #1870, .F. ) ;
#2025 = VECTOR ( 'NONE', #1762, 1000.000000000000000 ) ;
#2026 = DIRECTION ( 'NONE',  ( 0.000000000000000000, 0.000000000000000000, 1.000000000000000000 ) ) ;
#2027 = CARTESIAN_POINT ( 'NONE',  ( -5.488849026350334448, 4.500000000000000888, -2.149285012149996658E-05 ) ) ;
#2028 = ORIENTED_EDGE ( 'NONE', *, *, #119, .F. ) ;
#2029 = ORIENTED_EDGE ( 'NONE', *, *, #2545, .T. ) ;
#2030 = CARTESIAN_POINT ( 'NONE',  ( -29.64471787844803075, -1.500000000000000000, 1.079978507150981315 ) ) ;
#2031 = CARTESIAN_POINT ( 'NONE',  ( -33.65893363520208936, -1.499999999999999556, -4.323947154807512128 ) ) ;
#2032 = DIRECTION ( 'NONE',  ( -0.000000000000000000, -1.000000000000000000, -0.000000000000000000 ) ) ;
#2033 = EDGE_CURVE ( 'NONE', #3231, #2084, #3024, .T. ) ;
#2034 = CARTESIAN_POINT ( 'NONE',  ( 10.82845329693746628, 4.500000000000000888, 17.84425055422909878 ) ) ;
#2035 = B_SPLINE_CURVE_WITH_KNOTS ( 'NONE', 3,
 ( #103, #637, #2625, #3134 ),
 .UNSPECIFIED., .F., .F.,
 ( 4, 4 ),
 ( 0.000000000000000000, 0.8452273900860258760 ),
 .UNSPECIFIED. ) ;
#2036 = CARTESIAN_POINT ( 'NONE',  ( 7.524165589289098399, 4.500000000000000888, -20.37976267405506903 ) ) ;
#2037 = ORIENTED_EDGE ( 'NONE', *, *, #1926, .T. ) ;
#2038 = ADVANCED_FACE ( 'NONE', ( #2755 ), #3081, .T. ) ;
#2039 = DIRECTION ( 'NONE',  ( 0.000000000000000000, 0.000000000000000000, -1.000000000000000000 ) ) ;
#2040 = FACE_OUTER_BOUND ( 'NONE', #943, .T. ) ;
#2041 = LINE ( 'NONE', #2004, #3425 ) ;
#2042 = ORIENTED_EDGE ( 'NONE', *, *, #2991, .T. ) ;
#2043 = DIRECTION ( 'NONE',  ( -0.000000000000000000, -1.000000000000000000, -0.000000000000000000 ) ) ;
#2044 = ORIENTED_EDGE ( 'NONE', *, *, #539, .T. ) ;
#2045 = ORIENTED_EDGE ( 'NONE', *, *, #2493, .T. ) ;
#2046 = DIRECTION ( 'NONE',  ( 0.000000000000000000, 0.000000000000000000, 1.000000000000000000 ) ) ;
#2047 = CARTESIAN_POINT ( 'NONE',  ( -29.10115117575429267, 4.500000000000000888, -5.208820510378017410 ) ) ;
#2048 = CARTESIAN_POINT ( 'NONE',  ( 19.47184343706675236, -1.499999999999999556, 8.675233254695498886 ) ) ;
#2049 = CARTESIAN_POINT ( 'NONE',  ( -5.488849026350334448, 4.500000000000000888, -2.149285012149996658E-05 ) ) ;
#2050 = VECTOR ( 'NONE', #2378, 1000.000000000000000 ) ;
#2051 = DIRECTION ( 'NONE',  ( -0.000000000000000000, -1.000000000000000000, -0.000000000000000000 ) ) ;
#2052 = ORIENTED_EDGE ( 'NONE', *, *, #1761, .T. ) ;
#2053 = VECTOR ( 'NONE', #346, 1000.000000000000000 ) ;
#2054 = AXIS2_PLACEMENT_3D ( 'NONE', #582, #549, #1369 ) ;
#2055 = CARTESIAN_POINT ( 'NONE',  ( -29.64472991964541748, 4.500000000000000888, -1.079752139209572803 ) ) ;
#2056 = CARTESIAN_POINT ( 'NONE',  ( 10.82825432073824068, -1.499999999999999556, -17.84447548730389244 ) ) ;
#2057 = AXIS2_PLACEMENT_3D ( 'NONE', #1254, #721, #2637 ) ;
#2058 = EDGE_CURVE ( 'NONE', #988, #560, #3374, .T. ) ;
#2059 = LINE ( 'NONE', #1210, #2490 ) ;
#2060 = ORIENTED_EDGE ( 'NONE', *, *, #1870, .T. ) ;
#2061 = CARTESIAN_POINT ( 'NONE',  ( 6.080729869540658861, 4.500000000000000888, -24.51675863792339527 ) ) ;
#2062 = VERTEX_POINT ( 'NONE', #16 ) ;
#2063 = ADVANCED_FACE ( 'NONE', ( #601 ), #2179, .T. ) ;
#2064 = CARTESIAN_POINT ( 'NONE',  ( -5.488849026350334448, -1.500000000000000000, -2.149285012149996658E-05 ) ) ;
#2065 = ORIENTED_EDGE ( 'NONE', *, *, #198, .T. ) ;
#2066 = DIRECTION ( 'NONE',  ( -0.000000000000000000, -1.000000000000000000, -0.000000000000000000 ) ) ;
#2067 = B_SPLINE_CURVE_WITH_KNOTS ( 'NONE', 3,
 ( #1656, #3258, #1622, #2766 ),
 .UNSPECIFIED., .F., .F.,
 ( 4, 4 ),
 ( 0.1547128134717859205, 1.000000000000000000 ),
 .UNSPECIFIED. ) ;
#2068 = CARTESIAN_POINT ( 'NONE',  ( -4.409118379990886183, 4.500000000000000888, -24.15590238614520402 ) ) ;
#2069 = DIRECTION ( 'NONE',  ( 0.000000000000000000, 0.000000000000000000, -1.000000000000000000 ) ) ;
#2070 = CARTESIAN_POINT ( 'NONE',  ( 10.82825432073823002, 4.500000000000000888, -17.84447548730388888 ) ) ;
#2071 = AXIS2_PLACEMENT_3D ( 'NONE', #2838, #42, #1124 ) ;
#2072 = CARTESIAN_POINT ( 'NONE',  ( -21.80595237343942472, 4.500000000000000888, 17.84443250160316907 ) ) ;
#2073 = ORIENTED_EDGE ( 'NONE', *, *, #2571, .F. ) ;
#2074 = EDGE_CURVE ( 'NONE', #248, #1920, #166, .T. ) ;
#2075 = CYLINDRICAL_SURFACE ( 'NONE', #1769, 24.17999999999474880 ) ;
#2076 = CARTESIAN_POINT ( 'NONE',  ( 15.97062280121407873, -1.500000000000000000, -11.14288777050576940 ) ) ;
#2077 = EDGE_CURVE ( 'NONE', #817, #1146, #2221, .T. ) ;
#2078 = CARTESIAN_POINT ( 'NONE',  ( 5.978696840408572299, -1.500000000000000000, 26.09107644866589126 ) ) ;
#2079 = ORIENTED_EDGE ( 'NONE', *, *, #1949, .T. ) ;
#2080 = EDGE_CURVE ( 'NONE', #287, #1760, #3300, .T. ) ;
#2081 = CARTESIAN_POINT ( 'NONE',  ( 6.080729869540658861, 4.500000000000000888, -24.51675863792339527 ) ) ;
#2082 = ORIENTED_EDGE ( 'NONE', *, *, #743, .T. ) ;
#2083 = VERTEX_POINT ( 'NONE', #1645 ) ;
#2084 = VERTEX_POINT ( 'NONE', #551 ) ;
#2085 = CARTESIAN_POINT ( 'NONE',  ( -24.67662092420568598, 4.500000000000000888, 17.00928322964421113 ) ) ;
#2086 = CARTESIAN_POINT ( 'NONE',  ( -5.488849026350334448, 4.500000000000000888, -2.149285012149996658E-05 ) ) ;
#2087 = AXIS2_PLACEMENT_3D ( 'NONE', #468, #2388, #799 ) ;
#2088 = FACE_OUTER_BOUND ( 'NONE', #1182, .T. ) ;
#2089 = CARTESIAN_POINT ( 'NONE',  ( -9.812774688307900561, 4.500000000000000888, -28.17010610170184748 ) ) ;
#2090 = CARTESIAN_POINT ( 'NONE',  ( -7.727668363957083564, 4.500000000000000888, -27.01692812633463348 ) ) ;
#2091 = CIRCLE ( 'NONE', #432, 24.17999999999474880 ) ;
#2092 = ORIENTED_EDGE ( 'NONE', *, *, #91, .F. ) ;
#2093 = CYLINDRICAL_SURFACE ( 'NONE', #1476, 24.17999999999474880 ) ;
#2094 = CARTESIAN_POINT ( 'NONE',  ( 12.35542302072888887, 4.500000000000000888, -16.31732381613791816 ) ) ;
#2095 = FACE_OUTER_BOUND ( 'NONE', #556, .T. ) ;
#2096 = ORIENTED_EDGE ( 'NONE', *, *, #2457, .F. ) ;
#2097 = CARTESIAN_POINT ( 'NONE',  ( 6.080729869540658861, -1.499999999999999556, -24.51675863792339527 ) ) ;
#2098 = ORIENTED_EDGE ( 'NONE', *, *, #2559, .F. ) ;
#2099 = CARTESIAN_POINT ( 'NONE',  ( 15.19807319634367637, 4.500000000000000888, 17.52073205889731256 ) ) ;
#2100 = EDGE_LOOP ( 'NONE', ( #451, #500, #3247, #3152 ) ) ;
#2101 = CARTESIAN_POINT ( 'NONE',  ( -22.35062972295160222, 4.500000000000000888, -22.97675650328459085 ) ) ;
#2102 = CARTESIAN_POINT ( 'NONE',  ( -26.94832085391474408, -1.500000000000000000, 11.14284478480553986 ) ) ;
#2103 = ADVANCED_FACE ( 'NONE', ( #3040 ), #880, .T. ) ;
#2104 = DIRECTION ( 'NONE',  ( 0.000000000000000000, 0.000000000000000000, -1.000000000000000000 ) ) ;
#2105 = DIRECTION ( 'NONE',  ( -0.000000000000000000, -1.000000000000000000, -0.000000000000000000 ) ) ;
#2106 = CARTESIAN_POINT ( 'NONE',  ( 18.53686927849919286, -1.499999999999999556, -8.000021494997456628 ) ) ;
#2107 = ORIENTED_EDGE ( 'NONE', *, *, #17, .F. ) ;
#2108 = B_SPLINE_CURVE_WITH_KNOTS ( 'NONE', 3,
 ( #1018, #3015, #1289, #1852 ),
 .UNSPECIFIED., .F., .F.,
 ( 4, 4 ),
 ( 0.1547128134717859205, 1.000000000000000000 ),
 .UNSPECIFIED. ) ;
#2109 = CARTESIAN_POINT ( 'NONE',  ( -9.812774688307740689, 4.500000000000000888, 28.17006311600162860 ) ) ;
#2110 = LINE ( 'NONE', #231, #34 ) ;
#2111 = VECTOR ( 'NONE', #1913, 1000.000000000000000 ) ;
#2112 = EDGE_LOOP ( 'NONE', ( #3308, #3506 ) ) ;
#2113 = AXIS2_PLACEMENT_3D ( 'NONE', #1022, #443, #1607 ) ;
#2114 = CARTESIAN_POINT ( 'NONE',  ( 12.35542302072888887, -1.500000000000000000, -16.31732381613791816 ) ) ;
#2115 = VERTEX_POINT ( 'NONE', #1137 ) ;
#2116 = CARTESIAN_POINT ( 'NONE',  ( 6.105907484561697629, 4.500000000000000888, 24.50563194645739173 ) ) ;
#2117 = ORIENTED_EDGE ( 'NONE', *, *, #1306, .T. ) ;
#2118 = EDGE_CURVE ( 'NONE', #590, #2858, #1826, .T. ) ;
#2119 = CYLINDRICAL_SURFACE ( 'NONE', #2641, 28.50000000000000355 ) ;
#2120 = DIRECTION ( 'NONE',  ( 0.000000000000000000, 0.000000000000000000, 1.000000000000000000 ) ) ;
#2121 = CARTESIAN_POINT ( 'NONE',  ( -1.164923364392980165, 4.500000000000000888, 28.17006311600163215 ) ) ;
#2122 = CARTESIAN_POINT ( 'NONE',  ( -29.64472991964541748, -1.499999999999999556, -1.079752139209572803 ) ) ;
#2123 = EDGE_CURVE ( 'NONE', #90, #356, #2820, .T. ) ;
#2124 = LINE ( 'NONE', #3241, #958 ) ;
#2125 = DIRECTION ( 'NONE',  ( -0.000000000000000000, -1.000000000000000000, -0.000000000000000000 ) ) ;
#2126 = EDGE_CURVE ( 'NONE', #1572, #90, #264, .T. ) ;
#2127 = CARTESIAN_POINT ( 'NONE',  ( -30.61059929316137840, -1.500000000000000000, 5.136582548612916632 ) ) ;
#2128 = AXIS2_PLACEMENT_3D ( 'NONE', #979, #1811, #2856 ) ;
#2129 = ORIENTED_EDGE ( 'NONE', *, *, #978, .F. ) ;
#2130 = AXIS2_PLACEMENT_3D ( 'NONE', #2282, #1674, #63 ) ;
#2131 = ORIENTED_EDGE ( 'NONE', *, *, #494, .F. ) ;
#2132 = ADVANCED_FACE ( 'NONE', ( #1116 ), #1947, .T. ) ;
#2133 = CARTESIAN_POINT ( 'NONE',  ( 14.89089215485461182, 4.500000000000000888, 13.01299312278930920 ) ) ;
#2134 = ORIENTED_EDGE ( 'NONE', *, *, #3337, .T. ) ;
#2135 = DIRECTION ( 'NONE',  ( 0.000000000000000000, 0.000000000000000000, -1.000000000000000000 ) ) ;
#2136 = ORIENTED_EDGE ( 'NONE', *, *, #2601, .T. ) ;
#2137 = CARTESIAN_POINT ( 'NONE',  ( -28.46558403678481497, -1.499999999999999556, 16.86175920375113080 ) ) ;
#2138 = FACE_OUTER_BOUND ( 'NONE', #710, .T. ) ;
#2139 = AXIS2_PLACEMENT_3D ( 'NONE', #2706, #1141, #1669 ) ;
#2140 = CARTESIAN_POINT ( 'NONE',  ( -5.488849026350334448, 4.500000000000000888, -2.149285012149996658E-05 ) ) ;
#2141 = VECTOR ( 'NONE', #1805, 1000.000000000000000 ) ;
#2142 = CARTESIAN_POINT ( 'NONE',  ( 5.654017251305313074, -1.500000000000000000, 21.45945033471429397 ) ) ;
#2143 = CARTESIAN_POINT ( 'NONE',  ( 21.06912270265100773, -1.500000000000000000, -10.34043432994543288 ) ) ;
#2144 = CARTESIAN_POINT ( 'NONE',  ( -15.82926186344550601, -1.499999999999999556, 26.55795023615127448 ) ) ;
#2145 = CIRCLE ( 'NONE', #2204, 24.17999999999474880 ) ;
#2146 = CARTESIAN_POINT ( 'NONE',  ( -33.65893363520206094, 4.500000000000000888, 4.323904169107442463 ) ) ;
#2147 = VERTEX_POINT ( 'NONE', #405 ) ;
#2148 = EDGE_CURVE ( 'NONE', #1848, #1269, #2882, .T. ) ;
#2149 = ORIENTED_EDGE ( 'NONE', *, *, #169, .F. ) ;
#2150 = CARTESIAN_POINT ( 'NONE',  ( -5.488849026350334448, -1.500000000000000000, -2.149285012149996658E-05 ) ) ;
#2151 = ORIENTED_EDGE ( 'NONE', *, *, #1749, .F. ) ;
#2152 = CARTESIAN_POINT ( 'NONE',  ( -33.65893363520206094, -1.500000000000000000, 4.323904169107442463 ) ) ;
#2153 = VERTEX_POINT ( 'NONE', #670 ) ;
#2154 = DIRECTION ( 'NONE',  ( 0.000000000000000000, 0.000000000000000000, 1.000000000000000000 ) ) ;
#2155 = AXIS2_PLACEMENT_3D ( 'NONE', #3193, #450, #107 ) ;
#2156 = CARTESIAN_POINT ( 'NONE',  ( -5.488849026350334448, -1.500000000000000000, -2.149285012149996658E-05 ) ) ;
#2157 = CARTESIAN_POINT ( 'NONE',  ( -33.81817558971052762, -1.499999999999999556, 3.114341438231399639 ) ) ;
#2158 = VERTEX_POINT ( 'NONE', #3151 ) ;
#2159 = CARTESIAN_POINT ( 'NONE',  ( -5.488849026350334448, 4.500000000000000888, -2.149285012149996658E-05 ) ) ;
#2160 = DIRECTION ( 'NONE',  ( -0.000000000000000000, -1.000000000000000000, -0.000000000000000000 ) ) ;
#2161 = CARTESIAN_POINT ( 'NONE',  ( -20.91398918567211496, 4.500000000000000888, 22.29415891594848631 ) ) ;
#2162 = CARTESIAN_POINT ( 'NONE',  ( -32.16043638181748321, -1.500000000000000000, 4.857123447798279869 ) ) ;
#2163 = VERTEX_POINT ( 'NONE', #1455 ) ;
#2164 = ORIENTED_EDGE ( 'NONE', *, *, #1818, .F. ) ;
#2165 = AXIS2_PLACEMENT_3D ( 'NONE', #722, #1005, #2417 ) ;
#2166 = CARTESIAN_POINT ( 'NONE',  ( -21.80615134963814583, -1.500000000000000000, -17.84429353992933542 ) ) ;
#2167 = ORIENTED_EDGE ( 'NONE', *, *, #2611, .F. ) ;
#2168 = CARTESIAN_POINT ( 'NONE',  ( 16.78906878111621737, -1.500000000000000000, -15.44734923044364905 ) ) ;
#2169 = VERTEX_POINT ( 'NONE', #1494 ) ;
#2170 = CARTESIAN_POINT ( 'NONE',  ( -32.04682075535166774, 4.500000000000000888, 10.34039134424520334 ) ) ;
#2171 = CARTESIAN_POINT ( 'NONE',  ( -0.3966419578548376346, 4.500000000000000888, -25.11055186796961536 ) ) ;
#2172 = PRODUCT_DEFINITION ( 'BÝLÝNMEYEN', '', #400, #2244 ) ;
#2173 = CARTESIAN_POINT ( 'NONE',  ( -16.63171530400598996, 4.500000000000000888, -21.45949332041453061 ) ) ;
#2174 = ORIENTED_EDGE ( 'NONE', *, *, #2732, .F. ) ;
#2175 = CARTESIAN_POINT ( 'NONE',  ( 56.51115097364966289, -1.500000000000000000, -2.149499746348640849E-05 ) ) ;
#2176 = CARTESIAN_POINT ( 'NONE',  ( 13.71140464675618631, 4.500000000000000888, 16.96522437735740851 ) ) ;
#2177 = B_SPLINE_SURFACE_WITH_KNOTS ( 'NONE', 3, 1, ( 
 ( #1822, #2106 ),
 ( #478, #1567 ),
 ( #3534, #2680 ),
 ( #1040, #1024 ) ),
 .UNSPECIFIED., .F., .F., .F.,
 ( 4, 4 ),
 ( 2, 2 ),
 ( 0.1547128134717859205, 0.7774895956119340923 ),
 ( 0.000000000000000000, 1.000000000000000000 ),
 .UNSPECIFIED. ) ;
#2178 = CARTESIAN_POINT ( 'NONE',  ( -21.80615134963814583, 4.500000000000000888, -17.84429353992933542 ) ) ;
#2179 = CYLINDRICAL_SURFACE ( 'NONE', #53, 28.49999999999999645 ) ;
#2180 = EDGE_CURVE ( 'NONE', #3339, #354, #784, .T. ) ;
#2181 = ORIENTED_EDGE ( 'NONE', *, *, #1921, .T. ) ;
#2182 = VERTEX_POINT ( 'NONE', #138 ) ;
#2183 = VECTOR ( 'NONE', #1067, 1000.000000000000000 ) ;
#2184 = DIRECTION ( 'NONE',  ( -1.000000000000000000, 0.000000000000000000, 1.370446048119726253E-16 ) ) ;
#2185 = EDGE_CURVE ( 'NONE', #1196, #2387, #1784, .T. ) ;
#2186 = ORIENTED_EDGE ( 'NONE', *, *, #792, .F. ) ;
#2187 = LINE ( 'NONE', #3271, #3135 ) ;
#2188 = ORIENTED_EDGE ( 'NONE', *, *, #473, .T. ) ;
#2189 = EDGE_CURVE ( 'NONE', #1495, #3194, #366, .T. ) ;
#2190 = DIRECTION ( 'NONE',  ( 0.000000000000000000, 0.000000000000000000, 1.000000000000000000 ) ) ;
#2191 = CARTESIAN_POINT ( 'NONE',  ( -16.95639489310941528, -1.500000000000000000, -26.09111943436605330 ) ) ;
#2192 = CARTESIAN_POINT ( 'NONE',  ( -16.63147601631060013, 4.500000000000000888, 21.45957458355250225 ) ) ;
#2193 = ORIENTED_EDGE ( 'NONE', *, *, #380, .F. ) ;
#2194 = EDGE_CURVE ( 'NONE', #1721, #3231, #2483, .T. ) ;
#2195 = CARTESIAN_POINT ( 'NONE',  ( -13.63413353126228778, 4.500000000000000888, -24.29248223445214805 ) ) ;
#2196 = FACE_OUTER_BOUND ( 'NONE', #3013, .T. ) ;
#2197 = VECTOR ( 'NONE', #513, 1000.000000000000000 ) ;
#2198 = CARTESIAN_POINT ( 'NONE',  ( -5.488849026350334448, 4.500000000000000888, -2.149285012149996658E-05 ) ) ;
#2199 = DIRECTION ( 'NONE',  ( -0.000000000000000000, -1.000000000000000000, -0.000000000000000000 ) ) ;
#2200 = ORIENTED_EDGE ( 'NONE', *, *, #888, .F. ) ;
#2201 = CIRCLE ( 'NONE', #652, 28.50000000000000711 ) ;
#2202 = CARTESIAN_POINT ( 'NONE',  ( -29.64472991964541748, 4.500000000000000888, -1.079752139209572803 ) ) ;
#2203 = ORIENTED_EDGE ( 'NONE', *, *, #1745, .T. ) ;
#2204 = AXIS2_PLACEMENT_3D ( 'NONE', #2866, #1772, #2351 ) ;
#2205 = CARTESIAN_POINT ( 'NONE',  ( 1.806349775965047089, -1.499999999999999556, 23.05323151913156465 ) ) ;
#2206 = ORIENTED_EDGE ( 'NONE', *, *, #1114, .T. ) ;
#2207 = CARTESIAN_POINT ( 'NONE',  ( -26.88473654527613022, 4.500000000000000888, -14.13165391179843233 ) ) ;
#2208 = CARTESIAN_POINT ( 'NONE',  ( -23.33312107342955599, -1.500000000000000000, 16.31728083043768152 ) ) ;
#2209 = B_SPLINE_SURFACE_WITH_KNOTS ( 'NONE', 3, 1, ( 
 ( #1449, #1181 ),
 ( #911, #2009 ),
 ( #1741, #2857 ),
 ( #2504, #378 ) ),
 .UNSPECIFIED., .F., .F., .F.,
 ( 4, 4 ),
 ( 2, 2 ),
 ( 0.1547128134717859205, 1.000000000000000000 ),
 ( 0.000000000000000000, 1.000000000000000000 ),
 .UNSPECIFIED. ) ;
#2210 = CARTESIAN_POINT ( 'NONE',  ( -26.84540948312735154, -1.500000000000000000, 14.15507066524841484 ) ) ;
#2211 = ORIENTED_EDGE ( 'NONE', *, *, #3212, .F. ) ;
#2212 = DIRECTION ( 'NONE',  ( 0.000000000000000000, 0.000000000000000000, 1.000000000000000000 ) ) ;
#2213 = CARTESIAN_POINT ( 'NONE',  ( -5.488849026350334448, -1.500000000000000000, 2.999978507149879015 ) ) ;
#2214 = ADVANCED_FACE ( 'NONE', ( #155 ), #795, .F. ) ;
#2215 = CARTESIAN_POINT ( 'NONE',  ( -23.33312107342955599, -1.499999999999999556, 16.31728083043768152 ) ) ;
#2216 = FACE_OUTER_BOUND ( 'NONE', #1248, .T. ) ;
#2217 = CARTESIAN_POINT ( 'NONE',  ( -5.488849026350334448, 4.500000000000000888, -2.149285012149996658E-05 ) ) ;
#2218 = ORIENTED_EDGE ( 'NONE', *, *, #3487, .T. ) ;
#2219 = EDGE_CURVE ( 'NONE', #1097, #2257, #3188, .T. ) ;
#2220 = ADVANCED_FACE ( 'NONE', ( #953 ), #2016, .F. ) ;
#2221 = B_SPLINE_CURVE_WITH_KNOTS ( 'NONE', 3,
 ( #1424, #3321, #3060, #300 ),
 .UNSPECIFIED., .F., .F.,
 ( 4, 4 ),
 ( 0.1547128134717859205, 1.000000000000000000 ),
 .UNSPECIFIED. ) ;
#2222 = DIRECTION ( 'NONE',  ( -0.000000000000000000, -1.000000000000000000, -0.000000000000000000 ) ) ;
#2223 = ORIENTED_EDGE ( 'NONE', *, *, #895, .T. ) ;
#2224 = FACE_OUTER_BOUND ( 'NONE', #3098, .T. ) ;
#2225 = VERTEX_POINT ( 'NONE', #1471 ) ;
#2226 = DIRECTION ( 'NONE',  ( -0.000000000000000000, -1.000000000000000000, -0.000000000000000000 ) ) ;
#2227 = VECTOR ( 'NONE', #1202, 1000.000000000000000 ) ;
#2228 = EDGE_CURVE ( 'NONE', #2446, #4, #1239, .T. ) ;
#2229 = CARTESIAN_POINT ( 'NONE',  ( -27.76676683381687027, -1.500000000000000000, 15.44730624474341596 ) ) ;
#2230 = ORIENTED_EDGE ( 'NONE', *, *, #2342, .F. ) ;
#2231 = CIRCLE ( 'NONE', #3459, 28.50000000000000000 ) ;
#2232 = CARTESIAN_POINT ( 'NONE',  ( -29.10109309280538525, 4.500000000000000888, 5.209040816808348850 ) ) ;
#2233 = SHAPE_DEFINITION_REPRESENTATION ( #137, #3305 ) ;
#2234 = LINE ( 'NONE', #1165, #2877 ) ;
#2235 = CIRCLE ( 'NONE', #2582, 24.17999999999474880 ) ;
#2236 = FACE_OUTER_BOUND ( 'NONE', #954, .T. ) ;
#2237 = EDGE_CURVE ( 'NONE', #1721, #2505, #971, .T. ) ;
#2238 = CARTESIAN_POINT ( 'NONE',  ( -6.568579672709797812, 4.500000000000000888, 24.15585940044496027 ) ) ;
#2239 = LINE ( 'NONE', #2795, #1632 ) ;
#2240 = ORIENTED_EDGE ( 'NONE', *, *, #999, .F. ) ;
#2241 = B_SPLINE_SURFACE_WITH_KNOTS ( 'NONE', 3, 1, ( 
 ( #66, #2252 ),
 ( #3352, #1744 ),
 ( #629, #2826 ),
 ( #841, #1710 ) ),
 .UNSPECIFIED., .F., .F., .F.,
 ( 4, 4 ),
 ( 2, 2 ),
 ( 0.1547128134717859205, 1.000000000000000000 ),
 ( 0.000000000000000000, 1.000000000000000000 ),
 .UNSPECIFIED. ) ;
#2242 = CARTESIAN_POINT ( 'NONE',  ( 15.86771143042667376, 4.500000000000000888, -14.15511365094866392 ) ) ;
#2243 = ORIENTED_EDGE ( 'NONE', *, *, #1058, .F. ) ;
#2244 = PRODUCT_DEFINITION_CONTEXT ( 'detailed design', #1125, 'design' ) ;
#2245 = CARTESIAN_POINT ( 'NONE',  ( -18.50209088848776418, 4.500000000000000888, -20.37961756925115608 ) ) ;
#2246 = ORIENTED_EDGE ( 'NONE', *, *, #1887, .F. ) ;
#2247 = CARTESIAN_POINT ( 'NONE',  ( 12.35560496810342990, -1.500000000000000000, 16.31708185423844526 ) ) ;
#2248 = AXIS2_PLACEMENT_3D ( 'NONE', #2140, #769, #240 ) ;
#2249 = CARTESIAN_POINT ( 'NONE',  ( -5.488849026350334448, -1.500000000000000000, -2.149285012149996658E-05 ) ) ;
#2250 = VERTEX_POINT ( 'NONE', #2072 ) ;
#2251 = CARTESIAN_POINT ( 'NONE',  ( -0.2797867166918679427, 4.500000000000000888, 23.61222257360492804 ) ) ;
#2252 = CARTESIAN_POINT ( 'NONE',  ( 15.97074705005230300, -1.499999999999999556, 11.14260549711014470 ) ) ;
#2253 = DIRECTION ( 'NONE',  ( 0.000000000000000000, 1.000000000000000000, 0.000000000000000000 ) ) ;
#2254 = ORIENTED_EDGE ( 'NONE', *, *, #3470, .F. ) ;
#2255 = DIRECTION ( 'NONE',  ( 0.000000000000000000, 0.000000000000000000, 1.000000000000000000 ) ) ;
#2256 = DIRECTION ( 'NONE',  ( -0.000000000000000000, -1.000000000000000000, -0.000000000000000000 ) ) ;
#2257 = VERTEX_POINT ( 'NONE', #703 ) ;
#2258 = CIRCLE ( 'NONE', #705, 28.50000000000000355 ) ;
#2259 = CARTESIAN_POINT ( 'NONE',  ( -5.488849026350334448, 4.500000000000000888, -2.149285012149996658E-05 ) ) ;
#2260 = ORIENTED_EDGE ( 'NONE', *, *, #1439, .T. ) ;
#2261 = EDGE_CURVE ( 'NONE', #3231, #1732, #2829, .T. ) ;
#2262 = CARTESIAN_POINT ( 'NONE',  ( 17.48788598408414430, -1.500000000000000000, -16.86180218945136744 ) ) ;
#2263 = EDGE_LOOP ( 'NONE', ( #2422, #2460, #1835, #2079 ) ) ;
#2264 = DIRECTION ( 'NONE',  ( 0.000000000000000000, 0.000000000000000000, 1.000000000000000000 ) ) ;
#2265 = VECTOR ( 'NONE', #1966, 1000.000000000000000 ) ;
#2266 = CARTESIAN_POINT ( 'NONE',  ( -23.31852079810690270, -1.500000000000000000, -22.23406755989395478 ) ) ;
#2267 = EDGE_LOOP ( 'NONE', ( #1618, #2107, #3116, #2371 ) ) ;
#2268 = CARTESIAN_POINT ( 'NONE',  ( -28.46558403678491089, 4.500000000000000888, -16.86180218945124665 ) ) ;
#2269 = CARTESIAN_POINT ( 'NONE',  ( -5.488849026350334448, 4.500000000000000888, -2.149285012149996658E-05 ) ) ;
#2270 = B_SPLINE_SURFACE_WITH_KNOTS ( 'NONE', 3, 1, ( 
 ( #302, #3065 ),
 ( #569, #1986 ),
 ( #1971, #2547 ),
 ( #1373, #74 ) ),
 .UNSPECIFIED., .F., .F., .F.,
 ( 4, 4 ),
 ( 2, 2 ),
 ( 0.000000000000000000, 0.8452273900860258760 ),
 ( 0.000000000000000000, 1.000000000000000000 ),
 .UNSPECIFIED. ) ;
#2271 = CARTESIAN_POINT ( 'NONE',  ( 14.89074705005070598, -1.499999999999999556, -13.01326335498753828 ) ) ;
#2272 = CARTESIAN_POINT ( 'NONE',  ( 21.06912270265100773, 4.500000000000000888, -10.34043432994543288 ) ) ;
#2273 = VERTEX_POINT ( 'NONE', #85 ) ;
#2274 = EDGE_CURVE ( 'NONE', #3198, #233, #1143, .T. ) ;
#2275 = LINE ( 'NONE', #1570, #3224 ) ;
#2276 = CARTESIAN_POINT ( 'NONE',  ( -26.94844510275280314, 4.500000000000000888, -11.14264848281069220 ) ) ;
#2277 = EDGE_LOOP ( 'NONE', ( #161, #3048, #3095, #602 ) ) ;
#2278 = CARTESIAN_POINT ( 'NONE',  ( -20.93617676394388738, 4.500000000000000888, -22.27793930031664615 ) ) ;
#2279 = EDGE_LOOP ( 'NONE', ( #1665, #130, #1316, #2334 ) ) ;
#2280 = EDGE_CURVE ( 'NONE', #853, #2158, #3164, .T. ) ;
#2281 = CARTESIAN_POINT ( 'NONE',  ( -19.64394118444887738, 4.500000000000000888, -21.35658194962713452 ) ) ;
#2282 = CARTESIAN_POINT ( 'NONE',  ( -5.488849026350334448, 4.500000000000000888, -2.149285012149996658E-05 ) ) ;
#2283 = ORIENTED_EDGE ( 'NONE', *, *, #1352, .F. ) ;
#2284 = FILL_AREA_STYLE_COLOUR ( '', #481 ) ;
#2285 = ADVANCED_FACE ( 'NONE', ( #2583 ), #120, .F. ) ;
#2286 = CARTESIAN_POINT ( 'NONE',  ( -6.568849026351939457, -1.499999999999999556, -24.15589034494780307 ) ) ;
#2287 = VECTOR ( 'NONE', #3443, 1000.000000000000000 ) ;
#2288 = AXIS2_PLACEMENT_3D ( 'NONE', #3264, #1876, #1025 ) ;
#2289 = EDGE_CURVE ( 'NONE', #2, #3132, #1330, .T. ) ;
#2290 = CARTESIAN_POINT ( 'NONE',  ( -10.62545306781336762, -1.500000000000000000, -25.12177175966116494 ) ) ;
#2292 = EDGE_CURVE ( 'NONE', #2671, #1721, #2638, .T. ) ;
#2291 = CIRCLE ( 'NONE', #2938, 28.50000000000000000 ) ;
#2293 = DIRECTION ( 'NONE',  ( 0.000000000000000000, 0.000000000000000000, 1.000000000000000000 ) ) ;
#2294 = ORIENTED_EDGE ( 'NONE', *, *, #1555, .F. ) ;
#2295 = CARTESIAN_POINT ( 'NONE',  ( -16.95241494478030830, 4.500000000000000888, -22.93631792406599601 ) ) ;
#2296 = EDGE_CURVE ( 'NONE', #1903, #1690, #3441, .T. ) ;
#2297 = FACE_BOUND ( 'NONE', #2112, .T. ) ;
#2298 = ORIENTED_EDGE ( 'NONE', *, *, #908, .T. ) ;
#2299 = CARTESIAN_POINT ( 'NONE',  ( 11.37293167025091734, -1.500000000000000000, 22.97671351758435776 ) ) ;
#2300 = VERTEX_POINT ( 'NONE', #1609 ) ;
#2301 = CARTESIAN_POINT ( 'NONE',  ( -29.99450246565784184, -1.499999999999999556, 11.59473501806192886 ) ) ;
#2302 = EDGE_CURVE ( 'NONE', #3069, #1070, #1788, .T. ) ;
#2303 = ORIENTED_EDGE ( 'NONE', *, *, #1483, .T. ) ;
#2304 = ORIENTED_EDGE ( 'NONE', *, *, #868, .F. ) ;
#2305 = CYLINDRICAL_SURFACE ( 'NONE', #1044, 24.17999999999474525 ) ;
#2306 = DIRECTION ( 'NONE',  ( -0.000000000000000000, -1.000000000000000000, -0.000000000000000000 ) ) ;
#2307 = VECTOR ( 'NONE', #2502, 1000.000000000000000 ) ;
#2308 = EDGE_CURVE ( 'NONE', #3366, #2841, #2400, .T. ) ;
#2309 = DIRECTION ( 'NONE',  ( -0.000000000000000000, -1.000000000000000000, -0.000000000000000000 ) ) ;
#2310 = DIRECTION ( 'NONE',  ( -0.000000000000000000, -1.000000000000000000, -0.000000000000000000 ) ) ;
#2311 = EDGE_LOOP ( 'NONE', ( #683, #620, #800, #2867 ) ) ;
#2312 = B_SPLINE_CURVE_WITH_KNOTS ( 'NONE', 3,
 ( #1961, #596, #1148, #2541 ),
 .UNSPECIFIED., .F., .F.,
 ( 4, 4 ),
 ( 0.1547128134717859205, 1.000000000000000000 ),
 .UNSPECIFIED. ) ;
#2313 = CARTESIAN_POINT ( 'NONE',  ( 8.666243131748203155, 4.500000000000000888, 21.35653896392689077 ) ) ;
#2314 = CARTESIAN_POINT ( 'NONE',  ( -23.31852079810690270, 4.500000000000000888, -22.23406755989395478 ) ) ;
#2315 = VECTOR ( 'NONE', #143, 1000.000000000000000 ) ;
#2316 = DIRECTION ( 'NONE',  ( 0.000000000000000000, 0.000000000000000000, -1.000000000000000000 ) ) ;
#2317 = EDGE_LOOP ( 'NONE', ( #1353, #2452, #2568, #196 ) ) ;
#2318 = VECTOR ( 'NONE', #2769, 1000.000000000000000 ) ;
#2319 = CARTESIAN_POINT ( 'NONE',  ( -31.57994696786624900, -1.500000000000000000, 11.46752437390897938 ) ) ;
#2320 = B_SPLINE_CURVE_WITH_KNOTS ( 'NONE', 3,
 ( #3353, #1094, #1962, #3036 ),
 .UNSPECIFIED., .F., .F.,
 ( 4, 4 ),
 ( 0.000000000000000000, 0.8452273900860258760 ),
 .UNSPECIFIED. ) ;
#2321 = ORIENTED_EDGE ( 'NONE', *, *, #2077, .F. ) ;
#2322 = ORIENTED_EDGE ( 'NONE', *, *, #2185, .T. ) ;
#2323 = CARTESIAN_POINT ( 'NONE',  ( -22.45409489655786572, 4.500000000000000888, 19.20023218025640332 ) ) ;
#2324 = CARTESIAN_POINT ( 'NONE',  ( -32.16462597318990646, -1.499999999999999556, -4.829978050762793629 ) ) ;
#2325 = CARTESIAN_POINT ( 'NONE',  ( 4.851563810744874417, -1.500000000000000000, -26.55799322185150402 ) ) ;
#2326 = FACE_OUTER_BOUND ( 'NONE', #1978, .T. ) ;
#2327 = EDGE_CURVE ( 'NONE', #2925, #1591, #3226, .T. ) ;
#2328 = CARTESIAN_POINT ( 'NONE',  ( 7.524165589289098399, 4.500000000000000888, -20.37976267405506903 ) ) ;
#2329 = ORIENTED_EDGE ( 'NONE', *, *, #1756, .F. ) ;
#2330 = DIRECTION ( 'NONE',  ( 0.000000000000000000, 1.000000000000000000, 0.000000000000000000 ) ) ;
#2331 = ADVANCED_FACE ( 'NONE', ( #497 ), #2954, .T. ) ;
#2332 = CARTESIAN_POINT ( 'NONE',  ( -14.61823179561934438, -1.500000000000000000, 25.52682318656443528 ) ) ;
#2333 = DIRECTION ( 'NONE',  ( 0.000000000000000000, 1.000000000000000000, 0.000000000000000000 ) ) ;
#2334 = ORIENTED_EDGE ( 'NONE', *, *, #2006, .T. ) ;
#2335 = ADVANCED_FACE ( 'NONE', ( #3552 ), #3293, .F. ) ;
#2336 = CARTESIAN_POINT ( 'NONE',  ( 4.851563810744978333, 4.500000000000000888, 26.55795023615122119 ) ) ;
#2337 = VERTEX_POINT ( 'NONE', #1801 ) ;
#2338 = DIRECTION ( 'NONE',  ( 0.000000000000000000, 0.000000000000000000, -1.000000000000000000 ) ) ;
#2339 = ORIENTED_EDGE ( 'NONE', *, *, #2280, .T. ) ;
#2340 = FACE_OUTER_BOUND ( 'NONE', #237, .T. ) ;
#2341 = CARTESIAN_POINT ( 'NONE',  ( -3.277375995841452117, -1.499999999999999556, -27.01991816308395755 ) ) ;
#2342 = EDGE_CURVE ( 'NONE', #295, #4, #899, .T. ) ;
#2343 = FACE_OUTER_BOUND ( 'NONE', #3559, .T. ) ;
#2344 = DIRECTION ( 'NONE',  ( -0.000000000000000000, -1.000000000000000000, -0.000000000000000000 ) ) ;
#2345 = AXIS2_PLACEMENT_3D ( 'NONE', #2753, #1945, #827 ) ;
#2346 = CARTESIAN_POINT ( 'NONE',  ( 16.74519704069354731, 4.500000000000000888, -17.82969326460661819 ) ) ;
#2347 = VERTEX_POINT ( 'NONE', #3517 ) ;
#2348 = ADVANCED_FACE ( 'NONE', ( #2362 ), #987, .T. ) ;
#2349 = VECTOR ( 'NONE', #2476, 1000.000000000000000 ) ;
#2350 = CARTESIAN_POINT ( 'NONE',  ( 8.666243131748203155, -1.499999999999999556, 21.35653896392689077 ) ) ;
#2351 = DIRECTION ( 'NONE',  ( 0.000000000000000000, 0.000000000000000000, 1.000000000000000000 ) ) ;
#2352 = CARTESIAN_POINT ( 'NONE',  ( -7.069238199785051968, -1.500000000000000000, -25.57289146492648158 ) ) ;
#2353 = ORIENTED_EDGE ( 'NONE', *, *, #1400, .F. ) ;
#2354 = CARTESIAN_POINT ( 'NONE',  ( 12.35542302072888887, -1.500000000000000000, -16.31732381613791816 ) ) ;
#2355 = ORIENTED_EDGE ( 'NONE', *, *, #3357, .F. ) ;
#2356 = CARTESIAN_POINT ( 'NONE',  ( -5.488849026350334448, -1.500000000000000000, -2.149285012149996658E-05 ) ) ;
#2357 = ORIENTED_EDGE ( 'NONE', *, *, #2551, .T. ) ;
#2358 = DIRECTION ( 'NONE',  ( 0.000000000000000000, 0.000000000000000000, 1.000000000000000000 ) ) ;
#2359 = CARTESIAN_POINT ( 'NONE',  ( -7.700322056859242537, 4.500000000000000888, 27.01987517738370670 ) ) ;
#2360 = CARTESIAN_POINT ( 'NONE',  ( 18.53686927849919286, 4.500000000000000888, -8.000021494997456628 ) ) ;
#2361 = AXIS2_PLACEMENT_3D ( 'NONE', #1722, #610, #3364 ) ;
#2362 = FACE_OUTER_BOUND ( 'NONE', #276, .T. ) ;
#2363 = ORIENTED_EDGE ( 'NONE', *, *, #2564, .T. ) ;
#2364 = FACE_OUTER_BOUND ( 'NONE', #521, .T. ) ;
#2365 = DIRECTION ( 'NONE',  ( 0.000000000000000000, 0.000000000000000000, 1.000000000000000000 ) ) ;
#2366 = CARTESIAN_POINT ( 'NONE',  ( 5.978696840408614044, -1.500000000000000000, -26.09111943436611369 ) ) ;
#2367 = CARTESIAN_POINT ( 'NONE',  ( -16.63171530400598996, -1.500000000000000000, -21.45949332041453061 ) ) ;
#2368 = ORIENTED_EDGE ( 'NONE', *, *, #3432, .T. ) ;
#2369 = ADVANCED_FACE ( 'NONE', ( #1875 ), #2177, .F. ) ;
#2370 = LINE ( 'NONE', #2871, #3298 ) ;
#2371 = ORIENTED_EDGE ( 'NONE', *, *, #2663, .T. ) ;
#2372 = ORIENTED_EDGE ( 'NONE', *, *, #2289, .F. ) ;
#2373 = ORIENTED_EDGE ( 'NONE', *, *, #978, .T. ) ;
#2374 = CARTESIAN_POINT ( 'NONE',  ( -16.63147601631060013, -1.500000000000000000, 21.45957458355250225 ) ) ;
#2375 = AXIS2_PLACEMENT_3D ( 'NONE', #1320, #1866, #1849 ) ;
#2376 = CYLINDRICAL_SURFACE ( 'NONE', #2748, 28.50000000000000000 ) ;
#2377 = DIRECTION ( 'NONE',  ( 0.000000000000000000, 1.000000000000000000, 0.000000000000000000 ) ) ;
#2378 = DIRECTION ( 'NONE',  ( -0.000000000000000000, -1.000000000000000000, -0.000000000000000000 ) ) ;
#2379 = VECTOR ( 'NONE', #2567, 1000.000000000000000 ) ;
#2380 = ORIENTED_EDGE ( 'NONE', *, *, #285, .F. ) ;
#2381 = CARTESIAN_POINT ( 'NONE',  ( -16.95639489310941528, -1.500000000000000000, -26.09111943436605330 ) ) ;
#2382 = CARTESIAN_POINT ( 'NONE',  ( -5.488849026350334448, 4.500000000000000888, -2.149285012149996658E-05 ) ) ;
#2383 = EDGE_CURVE ( 'NONE', #354, #665, #2124, .T. ) ;
#2384 = B_SPLINE_CURVE_WITH_KNOTS ( 'NONE', 3,
 ( #1902, #1299, #816, #3288 ),
 .UNSPECIFIED., .F., .F.,
 ( 4, 4 ),
 ( 0.000000000000000000, 0.8452273900860258760 ),
 .UNSPECIFIED. ) ;
#2385 = EDGE_LOOP ( 'NONE', ( #3227, #491, #1015, #3177 ) ) ;
#2386 = CARTESIAN_POINT ( 'NONE',  ( -1.164923364392945526, 4.500000000000000888, -28.17010610170187590 ) ) ;
#2387 = VERTEX_POINT ( 'NONE', #2143 ) ;
#2388 = DIRECTION ( 'NONE',  ( 0.000000000000000000, 1.000000000000000000, 0.000000000000000000 ) ) ;
#2389 = ORIENTED_EDGE ( 'NONE', *, *, #760, .T. ) ;
#2390 = ADVANCED_FACE ( 'NONE', ( #1857 ), #2742, .F. ) ;
#2391 = DIRECTION ( 'NONE',  ( -0.000000000000000000, -1.000000000000000000, -0.000000000000000000 ) ) ;
#2392 = CARTESIAN_POINT ( 'NONE',  ( 21.06912270265100773, 4.500000000000000888, -10.34043432994543288 ) ) ;
#2393 = CARTESIAN_POINT ( 'NONE',  ( -5.488849026350334448, 4.500000000000000888, -2.149285012149996658E-05 ) ) ;
#2394 = EDGE_CURVE ( 'NONE', #1680, #1987, #764, .T. ) ;
#2395 = LINE ( 'NONE', #3513, #1773 ) ;
#2396 = B_SPLINE_CURVE_WITH_KNOTS ( 'NONE', 3,
 ( #725, #1062, #2683, #2094 ),
 .UNSPECIFIED., .F., .F.,
 ( 4, 4 ),
 ( 0.000000000000000000, 0.8452273900860258760 ),
 .UNSPECIFIED. ) ;
#2397 = CARTESIAN_POINT ( 'NONE',  ( -31.00572780695703301, -1.500000000000000000, 9.155001902242037914 ) ) ;
#2398 = ADVANCED_FACE ( 'NONE', ( #2196 ), #1638, .F. ) ;
#2399 = DIRECTION ( 'NONE',  ( 0.000000000000000000, 0.000000000000000000, -1.000000000000000000 ) ) ;
#2400 = B_SPLINE_CURVE_WITH_KNOTS ( 'NONE', 3,
 ( #1293, #1527, #2397, #245 ),
 .UNSPECIFIED., .F., .F.,
 ( 4, 4 ),
 ( 0.1547128134717859205, 1.000000000000000000 ),
 .UNSPECIFIED. ) ;
#2401 = CARTESIAN_POINT ( 'NONE',  ( -5.488849026350334448, 4.500000000000000888, -2.149285012149996658E-05 ) ) ;
#2402 = AXIS2_PLACEMENT_3D ( 'NONE', #2269, #3075, #1468 ) ;
#2403 = ORIENTED_EDGE ( 'NONE', *, *, #2327, .T. ) ;
#2404 = CIRCLE ( 'NONE', #788, 24.17999999999474525 ) ;
#2405 = VERTEX_POINT ( 'NONE', #1113 ) ;
#2406 = CARTESIAN_POINT ( 'NONE',  ( 15.90703849257545777, -1.499999999999999556, 14.13161092609819214 ) ) ;
#2407 = VERTEX_POINT ( 'NONE', #3077 ) ;
#2408 = DIRECTION ( 'NONE',  ( 0.000000000000000000, 0.000000000000000000, 1.000000000000000000 ) ) ;
#2409 = ORIENTED_EDGE ( 'NONE', *, *, #2950, .T. ) ;
#2410 = CARTESIAN_POINT ( 'NONE',  ( -25.86844510275137665, -1.499999999999999556, 13.01322036928729808 ) ) ;
#2411 = CARTESIAN_POINT ( 'NONE',  ( -1.164923364392945526, 4.500000000000000888, -28.17010610170187590 ) ) ;
#2412 = EDGE_CURVE ( 'NONE', #715, #372, #297, .T. ) ;
#2413 = CARTESIAN_POINT ( 'NONE',  ( 20.30208337371831817, 4.500000000000000888, -9.467082605183424704 ) ) ;
#2414 = B_SPLINE_CURVE_WITH_KNOTS ( 'NONE', 3,
 ( #1229, #1462, #1244, #3121 ),
 .UNSPECIFIED., .F., .F.,
 ( 4, 4 ),
 ( 0.1547128134717859205, 1.000000000000000000 ),
 .UNSPECIFIED. ) ;
#2415 = CARTESIAN_POINT ( 'NONE',  ( -5.488849026350334448, 4.500000000000000888, -2.149285012149996658E-05 ) ) ;
#2416 = ADVANCED_FACE ( 'NONE', ( #67 ), #1132, .T. ) ;
#2417 = DIRECTION ( 'NONE',  ( 0.000000000000000000, 0.000000000000000000, -1.000000000000000000 ) ) ;
#2418 = CARTESIAN_POINT ( 'NONE',  ( -15.82926186344456987, 4.500000000000000888, 26.55795023615164396 ) ) ;
#2419 = CARTESIAN_POINT ( 'NONE',  ( -8.603211957431856405, -1.500000000000000000, -28.32934805621031416 ) ) ;
#2420 = VECTOR ( 'NONE', #146, 1000.000000000000000 ) ;
#2421 = VECTOR ( 'NONE', #222, 1000.000000000000000 ) ;
#2422 = ORIENTED_EDGE ( 'NONE', *, *, #3113, .T. ) ;
#2423 = CARTESIAN_POINT ( 'NONE',  ( -5.488849026350334448, 4.500000000000000888, -2.149285012149996658E-05 ) ) ;
#2424 = ORIENTED_EDGE ( 'NONE', *, *, #3147, .T. ) ;
#2425 = DIRECTION ( 'NONE',  ( 0.000000000000000000, 0.000000000000000000, 1.000000000000000000 ) ) ;
#2426 = ORIENTED_EDGE ( 'NONE', *, *, #2189, .T. ) ;
#2427 = CARTESIAN_POINT ( 'NONE',  ( -5.488849026350334448, 4.500000000000000888, -2.149285012149996658E-05 ) ) ;
#2428 = CARTESIAN_POINT ( 'NONE',  ( -1.164923364392769445, -1.499999999999999556, 28.17006311600160728 ) ) ;
#2429 = AXIS2_PLACEMENT_3D ( 'NONE', #2781, #3344, #373 ) ;
#2430 = CARTESIAN_POINT ( 'NONE',  ( -16.90662684032815477, 4.500000000000000888, 22.93692813736161185 ) ) ;
#2431 = ORIENTED_EDGE ( 'NONE', *, *, #2018, .F. ) ;
#2432 = AXIS2_PLACEMENT_3D ( 'NONE', #2931, #418, #2046 ) ;
#2433 = PRODUCT_CONTEXT ( 'NONE', #944, 'mechanical' ) ;
#2434 = CARTESIAN_POINT ( 'NONE',  ( 56.51115097364966289, 4.500000000000000888, -8.000021494997461957 ) ) ;
#2435 = CARTESIAN_POINT ( 'NONE',  ( 6.105907484561697629, -1.499999999999999556, 24.50563194645739173 ) ) ;
#2436 = DIRECTION ( 'NONE',  ( 0.000000000000000000, 1.000000000000000000, 0.000000000000000000 ) ) ;
#2437 = VECTOR ( 'NONE', #1825, 1000.000000000000000 ) ;
#2438 = DIRECTION ( 'NONE',  ( -0.000000000000000000, -1.000000000000000000, -0.000000000000000000 ) ) ;
#2439 = EDGE_LOOP ( 'NONE', ( #2895, #3538, #1775, #608 ) ) ;
#2440 = ORIENTED_EDGE ( 'NONE', *, *, #508, .T. ) ;
#2441 = EDGE_CURVE ( 'NONE', #216, #2919, #1149, .T. ) ;
#2442 = B_SPLINE_SURFACE_WITH_KNOTS ( 'NONE', 3, 1, ( 
 ( #1145, #626 ),
 ( #3365, #1162 ),
 ( #2487, #1108 ),
 ( #890, #3072 ) ),
 .UNSPECIFIED., .F., .F., .F.,
 ( 4, 4 ),
 ( 2, 2 ),
 ( 0.000000000000000000, 0.8452273900860258760 ),
 ( 0.000000000000000000, 1.000000000000000000 ),
 .UNSPECIFIED. ) ;
#2443 = CARTESIAN_POINT ( 'NONE',  ( 56.51115097364966289, -1.500000000000000000, -8.000021494997461957 ) ) ;
#2444 = EDGE_LOOP ( 'NONE', ( #1985, #1194, #425, #183 ) ) ;
#2445 = CARTESIAN_POINT ( 'NONE',  ( 1.806349775965041760, -1.500000000000000000, 23.05323151913155755 ) ) ;
#2446 = VERTEX_POINT ( 'NONE', #548 ) ;
#2447 = CARTESIAN_POINT ( 'NONE',  ( -23.33312107342955599, -1.500000000000000000, 16.31728083043768152 ) ) ;
#2448 = AXIS2_PLACEMENT_3D ( 'NONE', #2636, #3476, #2879 ) ;
#2449 = B_SPLINE_CURVE_WITH_KNOTS ( 'NONE', 3,
 ( #1147, #2875, #1128, #3126 ),
 .UNSPECIFIED., .F., .F.,
 ( 4, 4 ),
 ( 0.000000000000000000, 0.8452273900860258760 ),
 .UNSPECIFIED. ) ;
#2450 = CARTESIAN_POINT ( 'NONE',  ( -32.16043638181748321, -1.499999999999999556, 4.857123447798279869 ) ) ;
#2451 = CARTESIAN_POINT ( 'NONE',  ( 18.53686927849919286, 4.500000000000000888, -8.000021494997456628 ) ) ;
#2452 = ORIENTED_EDGE ( 'NONE', *, *, #102, .F. ) ;
#2453 = ADVANCED_FACE ( 'NONE', ( #2236 ), #2792, .F. ) ;
#2454 = CARTESIAN_POINT ( 'NONE',  ( -27.72289509339427482, 4.500000000000000888, -17.82969326460655424 ) ) ;
#2455 = CARTESIAN_POINT ( 'NONE',  ( 16.74519704069359705, -1.499999999999999556, 17.82965027890631760 ) ) ;
#2456 = CARTESIAN_POINT ( 'NONE',  ( -29.10115117575418964, -1.500000000000000000, -5.208820510378441959 ) ) ;
#2457 = EDGE_CURVE ( 'NONE', #2405, #2775, #475, .T. ) ;
#2458 = LINE ( 'NONE', #317, #1166 ) ;
#2459 = EDGE_CURVE ( 'NONE', #2182, #3008, #2733, .T. ) ;
#2460 = ORIENTED_EDGE ( 'NONE', *, *, #639, .F. ) ;
#2461 = ORIENTED_EDGE ( 'NONE', *, *, #1396, .F. ) ;
#2462 = AXIS2_PLACEMENT_3D ( 'NONE', #566, #1984, #50 ) ;
#2463 = CARTESIAN_POINT ( 'NONE',  ( 21.06912270265100773, -1.500000000000000000, -10.34043432994543288 ) ) ;
#2464 = AXIS2_PLACEMENT_3D ( 'NONE', #2581, #879, #896 ) ;
#2465 = ORIENTED_EDGE ( 'NONE', *, *, #2677, .F. ) ;
#2466 = EDGE_CURVE ( 'NONE', #386, #216, #2673, .T. ) ;
#2467 = DIRECTION ( 'NONE',  ( -0.000000000000000000, -1.000000000000000000, -0.000000000000000000 ) ) ;
#2468 = EDGE_LOOP ( 'NONE', ( #622, #506, #1737, #1211 ) ) ;
#2469 = CARTESIAN_POINT ( 'NONE',  ( -28.46558403678491445, -1.499999999999999556, -16.86180218945123954 ) ) ;
#2470 = CIRCLE ( 'NONE', #111, 28.50000000000000000 ) ;
#2471 = CARTESIAN_POINT ( 'NONE',  ( -5.488849026350334448, 4.500000000000000888, -2.149285012149996658E-05 ) ) ;
#2472 = CARTESIAN_POINT ( 'NONE',  ( -5.488849026350334448, -1.500000000000000000, -2.149285012149996658E-05 ) ) ;
#2473 = ORIENTED_EDGE ( 'NONE', *, *, #2457, .T. ) ;
#2474 = CARTESIAN_POINT ( 'NONE',  ( -5.488849026350334448, 4.500000000000000888, -2.149285012149996658E-05 ) ) ;
#2475 = CARTESIAN_POINT ( 'NONE',  ( -20.91398918567211496, 4.500000000000000888, 22.29415891594848631 ) ) ;
#2476 = DIRECTION ( 'NONE',  ( -0.000000000000000000, -1.000000000000000000, -0.000000000000000000 ) ) ;
#2477 = CARTESIAN_POINT ( 'NONE',  ( -5.488849026350334448, -1.500000000000000000, -2.149285012149996658E-05 ) ) ;
#2478 = ORIENTED_EDGE ( 'NONE', *, *, #1551, .F. ) ;
#2479 = CYLINDRICAL_SURFACE ( 'NONE', #3023, 28.49999999999999645 ) ;
#2480 = ORIENTED_EDGE ( 'NONE', *, *, #908, .F. ) ;
#2481 = LINE ( 'NONE', #1973, #306 ) ;
#2482 = ORIENTED_EDGE ( 'NONE', *, *, #3495, .T. ) ;
#2483 = B_SPLINE_CURVE_WITH_KNOTS ( 'NONE', 3,
 ( #100, #424, #1512, #918 ),
 .UNSPECIFIED., .F., .F.,
 ( 4, 4 ),
 ( 0.2280192144657617603, 0.8452273900860258760 ),
 .UNSPECIFIED. ) ;
#2484 = CARTESIAN_POINT ( 'NONE',  ( 19.01680441295717827, 4.500000000000000888, -11.59477800376214773 ) ) ;
#2485 = EDGE_CURVE ( 'NONE', #3079, #287, #2320, .T. ) ;
#2486 = FACE_OUTER_BOUND ( 'NONE', #165, .T. ) ;
#2487 = CARTESIAN_POINT ( 'NONE',  ( -10.62545306781336762, 4.500000000000000888, -25.12177175966116494 ) ) ;
#2488 = VERTEX_POINT ( 'NONE', #789 ) ;
#2489 = CARTESIAN_POINT ( 'NONE',  ( 11.52045569614399945, -1.499999999999999556, 19.18775040500522877 ) ) ;
#2490 = VECTOR ( 'NONE', #1535, 1000.000000000000000 ) ;
#2491 = CARTESIAN_POINT ( 'NONE',  ( -31.57994696786632716, 4.500000000000000888, -11.46756735960906504 ) ) ;
#2492 = STYLED_ITEM ( 'NONE', ( #115 ), #2776 ) ;
#2493 = EDGE_CURVE ( 'NONE', #2782, #2273, #1626, .T. ) ;
#2494 = DIRECTION ( 'NONE',  ( 0.000000000000000000, 1.000000000000000000, 0.000000000000000000 ) ) ;
#2495 = CARTESIAN_POINT ( 'NONE',  ( -5.488849026350334448, 4.500000000000000888, -24.18002149284486890 ) ) ;
#2496 = ORIENTED_EDGE ( 'NONE', *, *, #62, .F. ) ;
#2497 = ADVANCED_FACE ( 'NONE', ( #1078 ), #808, .T. ) ;
#2498 = DIRECTION ( 'NONE',  ( -0.000000000000000000, -1.000000000000000000, -0.000000000000000000 ) ) ;
#2499 = ORIENTED_EDGE ( 'NONE', *, *, #902, .F. ) ;
#2500 = CARTESIAN_POINT ( 'NONE',  ( 4.851563810744978333, -1.499999999999999556, 26.55795023615122119 ) ) ;
#2501 = ORIENTED_EDGE ( 'NONE', *, *, #3153, .T. ) ;
#2502 = DIRECTION ( 'NONE',  ( -0.000000000000000000, -1.000000000000000000, -0.000000000000000000 ) ) ;
#2503 = ADVANCED_FACE ( 'NONE', ( #3317 ), #563, .T. ) ;
#2504 = CARTESIAN_POINT ( 'NONE',  ( -1.164923364392945526, 4.500000000000000888, -28.17010610170187590 ) ) ;
#2505 = VERTEX_POINT ( 'NONE', #3370 ) ;
#2506 = CARTESIAN_POINT ( 'NONE',  ( -8.603211957431856405, 4.500000000000000888, -28.32934805621031416 ) ) ;
#2507 = CARTESIAN_POINT ( 'NONE',  ( -28.42579865656206906, 4.500000000000000888, -11.41779930682794664 ) ) ;
#2508 = EDGE_CURVE ( 'NONE', #200, #2115, #1407, .T. ) ;
#2509 = CARTESIAN_POINT ( 'NONE',  ( -20.91398918567211496, -1.499999999999999556, 22.29415891594848631 ) ) ;
#2510 = DIRECTION ( 'NONE',  ( -0.000000000000000000, -1.000000000000000000, -0.000000000000000000 ) ) ;
#2511 = ORIENTED_EDGE ( 'NONE', *, *, #1583, .F. ) ;
#2512 = ADVANCED_FACE ( 'NONE', ( #128 ), #2772, .F. ) ;
#2513 = LINE ( 'NONE', #1916, #994 ) ;
#2514 = ORIENTED_EDGE ( 'NONE', *, *, #3220, .T. ) ;
#2515 = DIRECTION ( 'NONE',  ( 0.000000000000000000, 1.000000000000000000, 0.000000000000000000 ) ) ;
#2516 = ORIENTED_EDGE ( 'NONE', *, *, #3107, .T. ) ;
#2517 = AXIS2_PLACEMENT_3D ( 'NONE', #3278, #2639, #1587 ) ;
#2518 = CARTESIAN_POINT ( 'NONE',  ( -31.57994696786632716, 4.500000000000000888, -11.46756735960906504 ) ) ;
#2519 = DIRECTION ( 'NONE',  ( -0.000000000000000000, -1.000000000000000000, -0.000000000000000000 ) ) ;
#2520 = VERTEX_POINT ( 'NONE', #1384 ) ;
#2521 = CIRCLE ( 'NONE', #1303, 28.50000000000000355 ) ;
#2522 = CARTESIAN_POINT ( 'NONE',  ( 9.936291132971460272, -1.500000000000000000, -22.29420190164870874 ) ) ;
#2523 = CARTESIAN_POINT ( 'NONE',  ( 12.03190452539710797, -1.500000000000000000, -20.68694371554413536 ) ) ;
#2524 = CARTESIAN_POINT ( 'NONE',  ( 15.19807319634367637, -1.499999999999999556, 17.52073205889731256 ) ) ;
#2525 = ORIENTED_EDGE ( 'NONE', *, *, #1288, .F. ) ;
#2526 = FACE_OUTER_BOUND ( 'NONE', #3180, .T. ) ;
#2527 = EDGE_CURVE ( 'NONE', #2767, #2570, #3191, .T. ) ;
#2528 = LINE ( 'NONE', #1096, #2111 ) ;
#2529 = ORIENTED_EDGE ( 'NONE', *, *, #2734, .T. ) ;
#2530 = B_SPLINE_CURVE_WITH_KNOTS ( 'NONE', 3,
 ( #2192, #2430, #3549, #1056 ),
 .UNSPECIFIED., .F., .F.,
 ( 4, 4 ),
 ( 0.1547128134717859205, 1.000000000000000000 ),
 .UNSPECIFIED. ) ;
#2531 = B_SPLINE_SURFACE_WITH_KNOTS ( 'NONE', 3, 1, ( 
 ( #2245, #1177 ),
 ( #2761, #3102 ),
 ( #2278, #1952 ),
 ( #906, #2534 ) ),
 .UNSPECIFIED., .F., .F., .F.,
 ( 4, 4 ),
 ( 2, 2 ),
 ( 0.1547128134717859205, 1.000000000000000000 ),
 ( 0.000000000000000000, 1.000000000000000000 ),
 .UNSPECIFIED. ) ;
#2532 = FACE_OUTER_BOUND ( 'NONE', #3379, .T. ) ;
#2533 = ORIENTED_EDGE ( 'NONE', *, *, #893, .F. ) ;
#2534 = CARTESIAN_POINT ( 'NONE',  ( -22.35062972295160222, -1.499999999999999556, -22.97675650328459085 ) ) ;
#2535 = ORIENTED_EDGE ( 'NONE', *, *, #2021, .T. ) ;
#2536 = VECTOR ( 'NONE', #3558, 1000.000000000000000 ) ;
#2537 = CARTESIAN_POINT ( 'NONE',  ( 18.53686927849919286, -1.500000000000000000, -8.000021494997456628 ) ) ;
#2538 = DIRECTION ( 'NONE',  ( 0.000000000000000000, 1.000000000000000000, 0.000000000000000000 ) ) ;
#2539 = ORIENTED_EDGE ( 'NONE', *, *, #1599, .F. ) ;
#2540 = CARTESIAN_POINT ( 'NONE',  ( -18.50186364198975753, 4.500000000000000888, 20.37971968835483239 ) ) ;
#2541 = CARTESIAN_POINT ( 'NONE',  ( -15.82926186344565167, -1.500000000000000000, -26.55799322185145783 ) ) ;
#2542 = LINE ( 'NONE', #952, #283 ) ;
#2543 = CARTESIAN_POINT ( 'NONE',  ( 56.51115097364966289, 4.500000000000000888, -2.149499746348640849E-05 ) ) ;
#2544 = ORIENTED_EDGE ( 'NONE', *, *, #109, .F. ) ;
#2545 = EDGE_CURVE ( 'NONE', #1472, #2976, #1112, .T. ) ;
#2546 = DIRECTION ( 'NONE',  ( 0.000000000000000000, 0.000000000000000000, 1.000000000000000000 ) ) ;
#2547 = CARTESIAN_POINT ( 'NONE',  ( -29.81322496566872005, -1.499999999999999556, -8.112467037166847916 ) ) ;
#2548 = ORIENTED_EDGE ( 'NONE', *, *, #1063, .T. ) ;
#2549 = CARTESIAN_POINT ( 'NONE',  ( 1.806349775965047089, 4.500000000000000888, 23.05323151913156465 ) ) ;
#2550 = ORIENTED_EDGE ( 'NONE', *, *, #2219, .T. ) ;
#2551 = EDGE_CURVE ( 'NONE', #1680, #3366, #296, .T. ) ;
#2552 = CARTESIAN_POINT ( 'NONE',  ( -21.80595237343942472, 4.500000000000000888, 17.84443250160316907 ) ) ;
#2553 = VECTOR ( 'NONE', #1336, 1000.000000000000000 ) ;
#2554 = CARTESIAN_POINT ( 'NONE',  ( -22.35062972295160222, 4.500000000000000888, -22.97675650328459085 ) ) ;
#2555 = ORIENTED_EDGE ( 'NONE', *, *, #1658, .T. ) ;
#2556 = CYLINDRICAL_SURFACE ( 'NONE', #3543, 28.50000000000000355 ) ;
#2557 = FACE_OUTER_BOUND ( 'NONE', #1081, .T. ) ;
#2558 = B_SPLINE_CURVE_WITH_KNOTS ( 'NONE', 3,
 ( #3012, #2116, #490, #2745 ),
 .UNSPECIFIED., .F., .F.,
 ( 4, 4 ),
 ( 0.000000000000000000, 0.8452273900860258760 ),
 .UNSPECIFIED. ) ;
#2559 = EDGE_CURVE ( 'NONE', #2671, #391, #1059, .T. ) ;
#2560 = B_SPLINE_SURFACE_WITH_KNOTS ( 'NONE', 3, 1, ( 
 ( #3003, #2985 ),
 ( #807, #1531 ),
 ( #259, #1346 ),
 ( #2454, #2644 ) ),
 .UNSPECIFIED., .F., .F., .F.,
 ( 4, 4 ),
 ( 2, 2 ),
 ( 0.1547128134717859205, 1.000000000000000000 ),
 ( 0.000000000000000000, 1.000000000000000000 ),
 .UNSPECIFIED. ) ;
#2561 = DIRECTION ( 'NONE',  ( 0.000000000000000000, 1.000000000000000000, 0.000000000000000000 ) ) ;
#2562 = CARTESIAN_POINT ( 'NONE',  ( -5.488849026350334448, 4.500000000000000888, -2.149285012149996658E-05 ) ) ;
#2563 = ORIENTED_EDGE ( 'NONE', *, *, #1119, .T. ) ;
#2564 = EDGE_CURVE ( 'NONE', #1521, #484, #1076, .T. ) ;
#2565 = CARTESIAN_POINT ( 'NONE',  ( -21.80595237343942472, -1.500000000000000000, 17.84443250160316907 ) ) ;
#2566 = EDGE_CURVE ( 'NONE', #654, #86, #1738, .T. ) ;
#2567 = DIRECTION ( 'NONE',  ( -0.000000000000000000, -1.000000000000000000, -0.000000000000000000 ) ) ;
#2568 = ORIENTED_EDGE ( 'NONE', *, *, #1800, .F. ) ;
#2569 = CARTESIAN_POINT ( 'NONE',  ( 12.05335555984780171, 4.500000000000000888, 20.66967824591604597 ) ) ;
#2570 = VERTEX_POINT ( 'NONE', #2142 ) ;
#2571 = EDGE_CURVE ( 'NONE', #3055, #3306, #3133, .T. ) ;
#2572 = CARTESIAN_POINT ( 'NONE',  ( 12.35542302072888887, 4.500000000000000888, -16.31732381613791816 ) ) ;
#2573 = B_SPLINE_CURVE_WITH_KNOTS ( 'NONE', 3,
 ( #1049, #1083, #250, #2166 ),
 .UNSPECIFIED., .F., .F.,
 ( 4, 4 ),
 ( 0.000000000000000000, 0.8452273900860258760 ),
 .UNSPECIFIED. ) ;
#2574 = CARTESIAN_POINT ( 'NONE',  ( -27.78302943514895063, -1.500000000000000000, -15.42516165217189439 ) ) ;
#2575 = ORIENTED_EDGE ( 'NONE', *, *, #2771, .T. ) ;
#2576 = SURFACE_STYLE_USAGE ( .BOTH. , #2859 ) ;
#2577 = B_SPLINE_CURVE_WITH_KNOTS ( 'NONE', 3,
 ( #3145, #2522, #401, #97 ),
 .UNSPECIFIED., .F., .F.,
 ( 4, 4 ),
 ( 0.000000000000000000, 0.8452273900860258760 ),
 .UNSPECIFIED. ) ;
#2578 = CARTESIAN_POINT ( 'NONE',  ( 1.806092716816924959, -1.499999999999999556, -23.05335584958780260 ) ) ;
#2579 = VECTOR ( 'NONE', #1441, 1000.000000000000000 ) ;
#2580 = CIRCLE ( 'NONE', #1017, 24.17999999999474170 ) ;
#2581 = CARTESIAN_POINT ( 'NONE',  ( -5.488849026350334448, 4.500000000000000888, -2.149285012149996658E-05 ) ) ;
#2582 = AXIS2_PLACEMENT_3D ( 'NONE', #2015, #1492, #1469 ) ;
#2583 = FACE_OUTER_BOUND ( 'NONE', #331, .T. ) ;
#2584 = ORIENTED_EDGE ( 'NONE', *, *, #23, .F. ) ;
#2585 = CARTESIAN_POINT ( 'NONE',  ( -16.95639489310941883, -1.499999999999999556, -26.09111943436604975 ) ) ;
#2586 = B_SPLINE_CURVE_WITH_KNOTS ( 'NONE', 3,
 ( #188, #2597, #1763, #1270 ),
 .UNSPECIFIED., .F., .F.,
 ( 4, 4 ),
 ( 0.1547128134717859205, 1.000000000000000000 ),
 .UNSPECIFIED. ) ;
#2587 = CARTESIAN_POINT ( 'NONE',  ( -31.57994696786632716, -1.500000000000000000, -11.46756735960906504 ) ) ;
#2588 = ORIENTED_EDGE ( 'NONE', *, *, #2674, .F. ) ;
#2589 = FACE_BOUND ( 'NONE', #1992, .T. ) ;
#2590 = ORIENTED_EDGE ( 'NONE', *, *, #119, .T. ) ;
#2591 = DIRECTION ( 'NONE',  ( 1.000000000000000000, -0.000000000000000000, -9.145772869372436484E-17 ) ) ;
#2592 = CARTESIAN_POINT ( 'NONE',  ( 12.05335555984780171, 4.500000000000000888, 20.66967824591604597 ) ) ;
#2593 = VERTEX_POINT ( 'NONE', #1039 ) ;
#2594 = ORIENTED_EDGE ( 'NONE', *, *, #23, .T. ) ;
#2595 = ADVANCED_FACE ( 'NONE', ( #3296 ), #2560, .F. ) ;
#2596 = DIRECTION ( 'NONE',  ( 0.000000000000000000, 1.000000000000000000, 0.000000000000000000 ) ) ;
#2597 = CARTESIAN_POINT ( 'NONE',  ( 8.666243131748203155, 4.500000000000000888, 21.35653896392689077 ) ) ;
#2598 = CIRCLE ( 'NONE', #1899, 28.50000000000000355 ) ;
#2599 = CIRCLE ( 'NONE', #2248, 28.50000000000000711 ) ;
#2600 = FACE_OUTER_BOUND ( 'NONE', #823, .T. ) ;
#2601 = EDGE_CURVE ( 'NONE', #2640, #3066, #825, .T. ) ;
#2602 = DIRECTION ( 'NONE',  ( 0.000000000000000000, 1.000000000000000000, 0.000000000000000000 ) ) ;
#2603 = DIRECTION ( 'NONE',  ( 0.000000000000000000, 1.000000000000000000, 0.000000000000000000 ) ) ;
#2604 = ORIENTED_EDGE ( 'NONE', *, *, #3243, .F. ) ;
#2605 = B_SPLINE_CURVE_WITH_KNOTS ( 'NONE', 3,
 ( #2828, #1714, #3096, #3150 ),
 .UNSPECIFIED., .F., .F.,
 ( 4, 4 ),
 ( 0.000000000000000000, 0.8452273900860258760 ),
 .UNSPECIFIED. ) ;
#2606 = CARTESIAN_POINT ( 'NONE',  ( 9.958478711243198944, -1.499999999999999556, 22.27789631461642017 ) ) ;
#2607 = DIRECTION ( 'NONE',  ( 0.000000000000000000, 1.000000000000000000, 0.000000000000000000 ) ) ;
#2608 = CIRCLE ( 'NONE', #2429, 24.17999999999474880 ) ;
#2609 = CARTESIAN_POINT ( 'NONE',  ( -4.408849026348732991, 4.500000000000000888, 24.15584735924755577 ) ) ;
#2610 = ORIENTED_EDGE ( 'NONE', *, *, #1930, .F. ) ;
#2611 = EDGE_CURVE ( 'NONE', #1013, #2405, #2258, .T. ) ;
#2612 = CARTESIAN_POINT ( 'NONE',  ( 5.978696840408614044, -1.499999999999999556, -26.09111943436611369 ) ) ;
#2613 = EDGE_LOOP ( 'NONE', ( #2548, #1514, #3017, #3437 ) ) ;
#2614 = LINE ( 'NONE', #2947, #819 ) ;
#2615 = VERTEX_POINT ( 'NONE', #2434 ) ;
#2616 = LINE ( 'NONE', #1000, #1507 ) ;
#2617 = VECTOR ( 'NONE', #371, 1000.000000000000000 ) ;
#2618 = DIRECTION ( 'NONE',  ( 0.000000000000000000, 0.000000000000000000, 1.000000000000000000 ) ) ;
#2619 = EDGE_CURVE ( 'NONE', #416, #2570, #561, .T. ) ;
#2620 = CARTESIAN_POINT ( 'NONE',  ( -31.57994696786624900, 4.500000000000000888, 11.46752437390897938 ) ) ;
#2621 = DIRECTION ( 'NONE',  ( 0.000000000000000000, 0.000000000000000000, 1.000000000000000000 ) ) ;
#2622 = CARTESIAN_POINT ( 'NONE',  ( 11.37293167025079477, 4.500000000000000888, -22.97675650328469033 ) ) ;
#2623 = ORIENTED_EDGE ( 'NONE', *, *, #1695, .T. ) ;
#2624 = CIRCLE ( 'NONE', #2155, 24.17999999999474880 ) ;
#2625 = CARTESIAN_POINT ( 'NONE',  ( 2.623596517966381381, 4.500000000000000888, -24.32439743216851369 ) ) ;
#2626 = B_SPLINE_CURVE_WITH_KNOTS ( 'NONE', 3,
 ( #2825, #3404, #1183, #931 ),
 .UNSPECIFIED., .F., .F.,
 ( 4, 4 ),
 ( 0.000000000000000000, 0.8452273900860258760 ),
 .UNSPECIFIED. ) ;
#2627 = LINE ( 'NONE', #159, #1110 ) ;
#2628 = CARTESIAN_POINT ( 'NONE',  ( -7.029257938640416370, 4.500000000000000888, 25.59517684452817221 ) ) ;
#2629 = EDGE_LOOP ( 'NONE', ( #2117, #599, #1556, #2529 ) ) ;
#2630 = DIRECTION ( 'NONE',  ( -0.000000000000000000, -1.000000000000000000, -0.000000000000000000 ) ) ;
#2631 = ORIENTED_EDGE ( 'NONE', *, *, #129, .T. ) ;
#2632 = CARTESIAN_POINT ( 'NONE',  ( 14.89089215485461182, 4.500000000000000888, 13.01299312278930920 ) ) ;
#2633 = ORIENTED_EDGE ( 'NONE', *, *, #1173, .F. ) ;
#2634 = CARTESIAN_POINT ( 'NONE',  ( -27.72289509339418601, 4.500000000000000888, 17.82965027890642418 ) ) ;
#2635 = CARTESIAN_POINT ( 'NONE',  ( -7.029257938640416370, 4.500000000000000888, 25.59517684452817221 ) ) ;
#2636 = CARTESIAN_POINT ( 'NONE',  ( -5.488849026350334448, -1.500000000000000000, -2.149285012149996658E-05 ) ) ;
#2637 = DIRECTION ( 'NONE',  ( 0.000000000000000000, 0.000000000000000000, 1.000000000000000000 ) ) ;
#2638 = CIRCLE ( 'NONE', #110, 28.50000000000000000 ) ;
#2639 = DIRECTION ( 'NONE',  ( -0.000000000000000000, -1.000000000000000000, -0.000000000000000000 ) ) ;
#2640 = VERTEX_POINT ( 'NONE', #3551 ) ;
#2641 = AXIS2_PLACEMENT_3D ( 'NONE', #492, #1524, #699 ) ;
#2642 = EDGE_CURVE ( 'NONE', #2, #2948, #813, .T. ) ;
#2643 = CARTESIAN_POINT ( 'NONE',  ( -32.16462597318990646, -1.500000000000000000, -4.829978050762793629 ) ) ;
#2644 = CARTESIAN_POINT ( 'NONE',  ( -27.72289509339427482, -1.499999999999999556, -17.82969326460655424 ) ) ;
#2645 = DIRECTION ( 'NONE',  ( 0.000000000000000000, 0.000000000000000000, 1.000000000000000000 ) ) ;
#2646 = CARTESIAN_POINT ( 'NONE',  ( -5.488849026350334448, 4.500000000000000888, -2.149285012149996658E-05 ) ) ;
#2647 = ORIENTED_EDGE ( 'NONE', *, *, #1306, .F. ) ;
#2648 = CARTESIAN_POINT ( 'NONE',  ( 1.806092716816924959, 4.500000000000000888, -23.05335584958780260 ) ) ;
#2649 = ORIENTED_EDGE ( 'NONE', *, *, #3204, .F. ) ;
#2650 = ORIENTED_EDGE ( 'NONE', *, *, #2930, .T. ) ;
#2651 = ORIENTED_EDGE ( 'NONE', *, *, #2839, .F. ) ;
#2652 = CARTESIAN_POINT ( 'NONE',  ( -12.78379076951759252, 4.500000000000000888, 23.05331286388756240 ) ) ;
#2653 = CARTESIAN_POINT ( 'NONE',  ( -31.06171899842669504, 4.500000000000000888, 1.580367680584599199 ) ) ;
#2654 = CARTESIAN_POINT ( 'NONE',  ( 56.51115097364966289, 4.500000000000000888, -2.149499746348640849E-05 ) ) ;
#2655 = SURFACE_SIDE_STYLE ('',( #1308 ) ) ;
#2656 = CIRCLE ( 'NONE', #804, 24.17999999999474880 ) ;
#2657 = ADVANCED_FACE ( 'NONE', ( #1892 ), #2861, .F. ) ;
#2658 = CARTESIAN_POINT ( 'NONE',  ( -27.72289509339418601, 4.500000000000000888, 17.82965027890642418 ) ) ;
#2659 = ORIENTED_EDGE ( 'NONE', *, *, #1545, .T. ) ;
#2660 = B_SPLINE_CURVE_WITH_KNOTS ( 'NONE', 3,
 ( #1408, #3100, #1100, #2202 ),
 .UNSPECIFIED., .F., .F.,
 ( 4, 4 ),
 ( 0.000000000000000000, 0.8452273900860258760 ),
 .UNSPECIFIED. ) ;
#2661 = DIRECTION ( 'NONE',  ( -0.000000000000000000, -1.000000000000000000, -0.000000000000000000 ) ) ;
#2662 = FACE_OUTER_BOUND ( 'NONE', #241, .T. ) ;
#2663 = EDGE_CURVE ( 'NONE', #3555, #1428, #1365, .T. ) ;
#2664 = B_SPLINE_CURVE_WITH_KNOTS ( 'NONE', 3,
 ( #9, #1605, #1326, #1091 ),
 .UNSPECIFIED., .F., .F.,
 ( 4, 4 ),
 ( 0.000000000000000000, 0.8452273900860258760 ),
 .UNSPECIFIED. ) ;
#2665 = ORIENTED_EDGE ( 'NONE', *, *, #3575, .T. ) ;
#2666 = CARTESIAN_POINT ( 'NONE',  ( -12.78379076951759252, 4.500000000000000888, 23.05331286388756240 ) ) ;
#2667 = ORIENTED_EDGE ( 'NONE', *, *, #2180, .F. ) ;
#2668 = AXIS2_PLACEMENT_3D ( 'NONE', #1928, #2253, #3568 ) ;
#2669 = EDGE_CURVE ( 'NONE', #867, #3314, #1498, .T. ) ;
#2670 = CARTESIAN_POINT ( 'NONE',  ( -5.488849026350334448, -1.500000000000000000, -2.149285012149996658E-05 ) ) ;
#2671 = VERTEX_POINT ( 'NONE', #858 ) ;
#2672 = CARTESIAN_POINT ( 'NONE',  ( -23.31852079810676770, -1.499999999999999556, 22.23402457419381761 ) ) ;
#2673 = B_SPLINE_CURVE_WITH_KNOTS ( 'NONE', 3,
 ( #1402, #2507, #3004, #3297 ),
 .UNSPECIFIED., .F., .F.,
 ( 4, 4 ),
 ( 0.1547128134717859205, 1.000000000000000000 ),
 .UNSPECIFIED. ) ;
#2674 = EDGE_CURVE ( 'NONE', #2841, #1374, #26, .T. ) ;
#2675 = CARTESIAN_POINT ( 'NONE',  ( -3.948440114060258743, -1.500000000000000000, -25.59521983022841241 ) ) ;
#2676 = AXIS2_PLACEMENT_3D ( 'NONE', #2670, #1014, #2408 ) ;
#2677 = EDGE_CURVE ( 'NONE', #2337, #2017, #2577, .T. ) ;
#2678 = CYLINDRICAL_SURFACE ( 'NONE', #718, 24.17999999999474880 ) ;
#2679 = CARTESIAN_POINT ( 'NONE',  ( -33.81817558971052762, 4.500000000000000888, 3.114341438231399639 ) ) ;
#2680 = CARTESIAN_POINT ( 'NONE',  ( 20.30208337371831817, -1.499999999999999556, -9.467082605183424704 ) ) ;
#2681 = CIRCLE ( 'NONE', #1802, 28.50000000000000000 ) ;
#2682 = CARTESIAN_POINT ( 'NONE',  ( -10.69764804387824242, 4.500000000000000888, 23.61228065655383546 ) ) ;
#2683 = CARTESIAN_POINT ( 'NONE',  ( 13.69892287150501708, 4.500000000000000888, -17.00932621534445843 ) ) ;
#2684 = ORIENTED_EDGE ( 'NONE', *, *, #312, .F. ) ;
#2685 = EDGE_LOOP ( 'NONE', ( #907, #3285, #2684, #1867 ) ) ;
#2686 = EDGE_CURVE ( 'NONE', #2347, #2640, #388, .T. ) ;
#2687 = CARTESIAN_POINT ( 'NONE',  ( 16.80533138244825864, -1.499999999999999556, 15.42511866647166485 ) ) ;
#2688 = ORIENTED_EDGE ( 'NONE', *, *, #2734, .F. ) ;
#2689 = CYLINDRICAL_SURFACE ( 'NONE', #3540, 2.999999999372185755 ) ;
#2690 = ORIENTED_EDGE ( 'NONE', *, *, #3511, .T. ) ;
#2691 = DIRECTION ( 'NONE',  ( 0.000000000000000000, 1.000000000000000000, 0.000000000000000000 ) ) ;
#2692 = ADVANCED_FACE ( 'NONE', ( #45 ), #2305, .T. ) ;
#2693 = LINE ( 'NONE', #752, #411 ) ;
#2694 = CARTESIAN_POINT ( 'NONE',  ( -33.81817558971052762, 4.500000000000000888, 3.114341438231399639 ) ) ;
#2695 =( NAMED_UNIT ( * ) PLANE_ANGLE_UNIT ( ) SI_UNIT ( $, .RADIAN. ) );
#2696 = CARTESIAN_POINT ( 'NONE',  ( 5.974716892079644737, 4.500000000000000888, 22.93627493836575226 ) ) ;
#2697 = DIRECTION ( 'NONE',  ( 0.000000000000000000, 1.000000000000000000, 0.000000000000000000 ) ) ;
#2698 = CARTESIAN_POINT ( 'NONE',  ( 5.653777963609929458, -1.500000000000000000, -21.45961756925274955 ) ) ;
#2699 = CIRCLE ( 'NONE', #1600, 28.50000000000000355 ) ;
#2700 = ORIENTED_EDGE ( 'NONE', *, *, #630, .T. ) ;
#2701 = VECTOR ( 'NONE', #3546, 1000.000000000000000 ) ;
#2702 = ORIENTED_EDGE ( 'NONE', *, *, #3484, .T. ) ;
#2703 = STYLED_ITEM ( 'NONE', ( #512 ), #3305 ) ;
#2704 = CARTESIAN_POINT ( 'NONE',  ( 5.653777963609929458, -1.500000000000000000, -21.45961756925274955 ) ) ;
#2705 = VERTEX_POINT ( 'NONE', #1488 ) ;
#2706 = CARTESIAN_POINT ( 'NONE',  ( -5.488849026350334448, 4.500000000000000888, -2.149285012149996658E-05 ) ) ;
#2707 = ORIENTED_EDGE ( 'NONE', *, *, #1107, .T. ) ;
#2708 = B_SPLINE_CURVE_WITH_KNOTS ( 'NONE', 3,
 ( #408, #2332, #3136, #1806 ),
 .UNSPECIFIED., .F., .F.,
 ( 4, 4 ),
 ( 0.000000000000000000, 0.8452273900860258760 ),
 .UNSPECIFIED. ) ;
#2709 = DIRECTION ( 'NONE',  ( 0.000000000000000000, 1.000000000000000000, 0.000000000000000000 ) ) ;
#2710 = B_SPLINE_CURVE_WITH_KNOTS ( 'NONE', 3,
 ( #1012, #2723, #796, #2114 ),
 .UNSPECIFIED., .F., .F.,
 ( 4, 4 ),
 ( 0.000000000000000000, 0.8452273900860258760 ),
 .UNSPECIFIED. ) ;
#2711 = FACE_OUTER_BOUND ( 'NONE', #1967, .T. ) ;
#2712 = ADVANCED_FACE ( 'NONE', ( #595 ), #345, .T. ) ;
#2713 = CARTESIAN_POINT ( 'NONE',  ( -28.46558403678491089, -1.500000000000000000, -16.86180218945124665 ) ) ;
#2714 = ORIENTED_EDGE ( 'NONE', *, *, #2018, .T. ) ;
#2715 = CARTESIAN_POINT ( 'NONE',  ( -25.86859020755528960, 4.500000000000000888, -13.01303610848954406 ) ) ;
#2716 = CARTESIAN_POINT ( 'NONE',  ( -22.35062972295160222, -1.500000000000000000, -22.97675650328459085 ) ) ;
#2717 = EDGE_CURVE ( 'NONE', #2083, #139, #3092, .T. ) ;
#2718 = CARTESIAN_POINT ( 'NONE',  ( -25.86844510275171061, -1.500000000000000000, 13.01322036928675452 ) ) ;
#2719 = CARTESIAN_POINT ( 'NONE',  ( 19.47184343706675236, -1.500000000000000000, 8.675233254695498886 ) ) ;
#2720 = AXIS2_PLACEMENT_3D ( 'NONE', #593, #1977, #95 ) ;
#2721 = ORIENTED_EDGE ( 'NONE', *, *, #3363, .F. ) ;
#2722 = B_SPLINE_CURVE_WITH_KNOTS ( 'NONE', 3,
 ( #2191, #3510, #3237, #1705 ),
 .UNSPECIFIED., .F., .F.,
 ( 4, 4 ),
 ( 0.000000000000000000, 0.8452273900860258760 ),
 .UNSPECIFIED. ) ;
#2723 = CARTESIAN_POINT ( 'NONE',  ( 15.18085071241583428, -1.500000000000000000, -17.54222607904825182 ) ) ;
#2724 = ORIENTED_EDGE ( 'NONE', *, *, #2280, .F. ) ;
#2725 = CARTESIAN_POINT ( 'NONE',  ( 56.51115097364966289, -1.500000000000000000, -3.000021494369649044 ) ) ;
#2726 = ORIENTED_EDGE ( 'NONE', *, *, #3020, .F. ) ;
#2727 = EDGE_CURVE ( 'NONE', #2347, #570, #3368, .T. ) ;
#2728 = CARTESIAN_POINT ( 'NONE',  ( -26.84540948312735154, 4.500000000000000888, 14.15507066524841484 ) ) ;
#2729 = CARTESIAN_POINT ( 'NONE',  ( -29.10109309280538525, 4.500000000000000888, 5.209040816808348850 ) ) ;
#2730 = DIRECTION ( 'NONE',  ( 0.000000000000000000, 1.000000000000000000, 0.000000000000000000 ) ) ;
#2731 = VERTEX_POINT ( 'NONE', #1960 ) ;
#2732 = EDGE_CURVE ( 'NONE', #640, #2520, #2449, .T. ) ;
#2733 = CIRCLE ( 'NONE', #2668, 28.50000000000000711 ) ;
#2734 = EDGE_CURVE ( 'NONE', #2741, #2751, #381, .T. ) ;
#2735 = DIRECTION ( 'NONE',  ( 0.000000000000000000, 1.000000000000000000, 0.000000000000000000 ) ) ;
#2736 = CARTESIAN_POINT ( 'NONE',  ( -22.35062972295058614, 4.500000000000000888, 22.97671351758510028 ) ) ;
#2737 = CARTESIAN_POINT ( 'NONE',  ( -27.72289509339427482, 4.500000000000000888, -17.82969326460655424 ) ) ;
#2738 = VECTOR ( 'NONE', #1679, 1000.000000000000000 ) ;
#2739 = DIRECTION ( 'NONE',  ( 0.000000000000000000, 0.000000000000000000, 1.000000000000000000 ) ) ;
#2740 = ORIENTED_EDGE ( 'NONE', *, *, #2930, .F. ) ;
#2741 = VERTEX_POINT ( 'NONE', #3074 ) ;
#2742 = B_SPLINE_SURFACE_WITH_KNOTS ( 'NONE', 3, 1, ( 
 ( #2970, #3262 ),
 ( #2176, #1893 ),
 ( #32, #2524 ),
 ( #1418, #2455 ) ),
 .UNSPECIFIED., .F., .F., .F.,
 ( 4, 4 ),
 ( 2, 2 ),
 ( 0.1547128134717859205, 1.000000000000000000 ),
 ( 0.000000000000000000, 1.000000000000000000 ),
 .UNSPECIFIED. ) ;
#2743 = CARTESIAN_POINT ( 'NONE',  ( 18.53686927849919286, 4.500000000000000888, -8.000021494997456628 ) ) ;
#2744 = ORIENTED_EDGE ( 'NONE', *, *, #3204, .T. ) ;
#2745 = CARTESIAN_POINT ( 'NONE',  ( 5.654017251305313074, 4.500000000000000888, 21.45945033471429397 ) ) ;
#2746 = ORIENTED_EDGE ( 'NONE', *, *, #3218, .T. ) ;
#2747 = CARTESIAN_POINT ( 'NONE',  ( -18.50186364198975753, 4.500000000000000888, 20.37971968835483239 ) ) ;
#2748 = AXIS2_PLACEMENT_3D ( 'NONE', #3498, #1002, #2104 ) ;
#2749 = CARTESIAN_POINT ( 'NONE',  ( -29.10109309280538525, 4.500000000000000888, 5.209040816808348850 ) ) ;
#2750 = DIRECTION ( 'NONE',  ( 0.000000000000000000, 0.000000000000000000, 1.000000000000000000 ) ) ;
#2751 = VERTEX_POINT ( 'NONE', #1709 ) ;
#2752 = CARTESIAN_POINT ( 'NONE',  ( -14.64387242144249157, -1.499999999999999556, -25.51690027345681955 ) ) ;
#2753 = CARTESIAN_POINT ( 'NONE',  ( -5.488849026350334448, 4.500000000000000888, -2.149285012149996658E-05 ) ) ;
#2754 = CARTESIAN_POINT ( 'NONE',  ( -15.82926186344565167, 4.500000000000000888, -26.55799322185145783 ) ) ;
#2755 = FACE_OUTER_BOUND ( 'NONE', #1430, .T. ) ;
#2756 = ORIENTED_EDGE ( 'NONE', *, *, #1668, .T. ) ;
#2757 = EDGE_CURVE ( 'NONE', #1057, #3539, #2626, .T. ) ;
#2758 = LINE ( 'NONE', #814, #824 ) ;
#2759 = AXIS2_PLACEMENT_3D ( 'NONE', #1226, #3117, #1671 ) ;
#2760 = ORIENTED_EDGE ( 'NONE', *, *, #2289, .T. ) ;
#2761 = CARTESIAN_POINT ( 'NONE',  ( -19.64394118444887738, 4.500000000000000888, -21.35658194962713452 ) ) ;
#2762 = EDGE_LOOP ( 'NONE', ( #374, #1808, #338, #2368 ) ) ;
#2763 = CARTESIAN_POINT ( 'NONE',  ( -26.84540948312735154, -1.499999999999999556, 14.15507066524841484 ) ) ;
#2764 = CIRCLE ( 'NONE', #3171, 3.000000000000000444 ) ;
#2765 = DIRECTION ( 'NONE',  ( 0.000000000000000000, 1.000000000000000000, 0.000000000000000000 ) ) ;
#2766 = CARTESIAN_POINT ( 'NONE',  ( -27.72289509339427482, 4.500000000000000888, -17.82969326460655424 ) ) ;
#2767 = VERTEX_POINT ( 'NONE', #628 ) ;
#2768 = EDGE_CURVE ( 'NONE', #2147, #1862, #3407, .T. ) ;
#2769 = DIRECTION ( 'NONE',  ( -0.000000000000000000, -1.000000000000000000, -0.000000000000000000 ) ) ;
#2770 = CARTESIAN_POINT ( 'NONE',  ( -29.78130976795235441, 4.500000000000000888, 8.145263012061844776 ) ) ;
#2771 = EDGE_CURVE ( 'NONE', #612, #1425, #3149, .T. ) ;
#2772 = B_SPLINE_SURFACE_WITH_KNOTS ( 'NONE', 3, 1, ( 
 ( #1214, #1758 ),
 ( #2592, #562 ),
 ( #1259, #2489 ),
 ( #3035, #3316 ) ),
 .UNSPECIFIED., .F., .F., .F.,
 ( 4, 4 ),
 ( 2, 2 ),
 ( 0.000000000000000000, 0.8452273900860258760 ),
 ( 0.000000000000000000, 1.000000000000000000 ),
 .UNSPECIFIED. ) ;
#2773 = LINE ( 'NONE', #1662, #1998 ) ;
#2774 = DIRECTION ( 'NONE',  ( 0.000000000000000000, 1.000000000000000000, 0.000000000000000000 ) ) ;
#2775 = VERTEX_POINT ( 'NONE', #2540 ) ;
#2776 = MANIFOLD_SOLID_BREP ( 'Ölçek1', #197 ) ;
#2777 = ADVANCED_FACE ( 'NONE', ( #438 ), #2556, .T. ) ;
#2778 = CIRCLE ( 'NONE', #2837, 24.17999999999474880 ) ;
#2779 = DIRECTION ( 'NONE',  ( 0.000000000000000000, 0.000000000000000000, 1.000000000000000000 ) ) ;
#2780 = ORIENTED_EDGE ( 'NONE', *, *, #2459, .F. ) ;
#2781 = CARTESIAN_POINT ( 'NONE',  ( -5.488849026350334448, -1.500000000000000000, -2.149285012149996658E-05 ) ) ;
#2782 = VERTEX_POINT ( 'NONE', #2652 ) ;
#2783 = CARTESIAN_POINT ( 'NONE',  ( -16.63171530400598996, -1.499999999999999556, -21.45949332041453061 ) ) ;
#2784 = DIRECTION ( 'NONE',  ( 0.000000000000000000, 0.000000000000000000, 1.000000000000000000 ) ) ;
#2785 = EDGE_CURVE ( 'NONE', #1872, #2225, #2616, .T. ) ;
#2786 = FACE_OUTER_BOUND ( 'NONE', #3479, .T. ) ;
#2787 = EDGE_LOOP ( 'NONE', ( #947, #1334, #1974, #2937 ) ) ;
#2788 =( NAMED_UNIT ( * ) PLANE_ANGLE_UNIT ( ) SI_UNIT ( $, .RADIAN. ) );
#2789 = CARTESIAN_POINT ( 'NONE',  ( -8.603211957431856405, -1.499999999999999556, -28.32934805621031416 ) ) ;
#2790 = EDGE_CURVE ( 'NONE', #393, #391, #3452, .T. ) ;
#2791 = AXIS2_PLACEMENT_3D ( 'NONE', #1720, #3068, #1684 ) ;
#2792 = CYLINDRICAL_SURFACE ( 'NONE', #1391, 3.000000000000000444 ) ;
#2793 = CIRCLE ( 'NONE', #2432, 24.17999999999475236 ) ;
#2794 = CARTESIAN_POINT ( 'NONE',  ( -23.31852079810690270, 4.500000000000000888, -22.23406755989395478 ) ) ;
#2795 = CARTESIAN_POINT ( 'NONE',  ( -15.82926186344456987, 4.500000000000000888, 26.55795023615164396 ) ) ;
#2796 = ORIENTED_EDGE ( 'NONE', *, *, #2261, .T. ) ;
#2797 = CARTESIAN_POINT ( 'NONE',  ( -19.62048144529864402, -1.500000000000000000, 21.39586602607567656 ) ) ;
#2798 = EDGE_LOOP ( 'NONE', ( #1823, #2353, #928, #258 ) ) ;
#2799 = UNCERTAINTY_MEASURE_WITH_UNIT (LENGTH_MEASURE( 1.000000000000000082E-05 ), #1585, 'distance_accuracy_value', 'NONE');
#2800 = CARTESIAN_POINT ( 'NONE',  ( 4.851563810744874417, -1.500000000000000000, -26.55799322185150402 ) ) ;
#2801 = ORIENTED_EDGE ( 'NONE', *, *, #630, .F. ) ;
#2802 = CARTESIAN_POINT ( 'NONE',  ( -9.812774688307740689, -1.500000000000000000, 28.17006311600162860 ) ) ;
#2803 = B_SPLINE_SURFACE_WITH_KNOTS ( 'NONE', 3, 1, ( 
 ( #2047, #3475 ),
 ( #3166, #439 ),
 ( #737, #2324 ),
 ( #133, #2031 ) ),
 .UNSPECIFIED., .F., .F., .F.,
 ( 4, 4 ),
 ( 2, 2 ),
 ( 0.1547128134717859205, 1.000000000000000000 ),
 ( 0.000000000000000000, 1.000000000000000000 ),
 .UNSPECIFIED. ) ;
#2804 = DIRECTION ( 'NONE',  ( -0.000000000000000000, -1.000000000000000000, -0.000000000000000000 ) ) ;
#2805 = VERTEX_POINT ( 'NONE', #2101 ) ;
#2806 = AXIS2_PLACEMENT_3D ( 'NONE', #3460, #1491, #1291 ) ;
#2807 = EDGE_CURVE ( 'NONE', #22, #1269, #3279, .T. ) ;
#2808 = DIRECTION ( 'NONE',  ( 0.000000000000000000, 0.000000000000000000, 1.000000000000000000 ) ) ;
#2809 = LINE ( 'NONE', #3112, #2053 ) ;
#2810 = CARTESIAN_POINT ( 'NONE',  ( -32.04682075535166774, 4.500000000000000888, 10.34039134424520334 ) ) ;
#2811 = EDGE_LOOP ( 'NONE', ( #2082, #1351, #2955, #646 ) ) ;
#2812 = CARTESIAN_POINT ( 'NONE',  ( -0.2797867166918679427, 4.500000000000000888, 23.61222257360492804 ) ) ;
#2813 = CARTESIAN_POINT ( 'NONE',  ( -12.78404782866558520, 4.500000000000000888, -23.05327450483183682 ) ) ;
#2814 = ORIENTED_EDGE ( 'NONE', *, *, #1483, .F. ) ;
#2815 = ADVANCED_FACE ( 'NONE', ( #2340 ), #3118, .F. ) ;
#2816 = FACE_OUTER_BOUND ( 'NONE', #2263, .T. ) ;
#2817 = ORIENTED_EDGE ( 'NONE', *, *, #2935, .F. ) ;
#2818 = CARTESIAN_POINT ( 'NONE',  ( 1.806092716816924959, -1.500000000000000000, -23.05335584958780260 ) ) ;
#2819 = ORIENTED_EDGE ( 'NONE', *, *, #1311, .F. ) ;
#2820 = CIRCLE ( 'NONE', #3043, 24.17999999999474880 ) ;
#2821 = LINE ( 'NONE', #2552, #751 ) ;
#2822 = CYLINDRICAL_SURFACE ( 'NONE', #3185, 28.50000000000000711 ) ;
#2823 = ORIENTED_EDGE ( 'NONE', *, *, #2991, .F. ) ;
#2824 = VECTOR ( 'NONE', #2309, 1000.000000000000000 ) ;
#2825 = CARTESIAN_POINT ( 'NONE',  ( -32.04682075535173880, -1.500000000000000000, -10.34043432994529788 ) ) ;
#2826 = CARTESIAN_POINT ( 'NONE',  ( 19.02788811872293806, -1.499999999999999556, 11.56955740304086788 ) ) ;
#2827 = ORIENTED_EDGE ( 'NONE', *, *, #427, .T. ) ;
#2828 = CARTESIAN_POINT ( 'NONE',  ( 17.48788598408414430, 4.500000000000000888, 16.86175920375113435 ) ) ;
#2829 = LINE ( 'NONE', #653, #2579 ) ;
#2830 = ORIENTED_EDGE ( 'NONE', *, *, #1267, .T. ) ;
#2831 = EDGE_CURVE ( 'NONE', #1196, #3079, #2964, .T. ) ;
#2832 = B_SPLINE_SURFACE_WITH_KNOTS ( 'NONE', 3, 1, ( 
 ( #239, #2428 ),
 ( #3547, #256 ),
 ( #1923, #558 ),
 ( #1888, #3000 ) ),
 .UNSPECIFIED., .F., .F., .F.,
 ( 4, 4 ),
 ( 2, 2 ),
 ( 0.000000000000000000, 0.8452273900860258760 ),
 ( 0.000000000000000000, 1.000000000000000000 ),
 .UNSPECIFIED. ) ;
#2833 = CARTESIAN_POINT ( 'NONE',  ( -5.488849026350334448, 4.500000000000000888, -2.149285012149996658E-05 ) ) ;
#2834 = ORIENTED_EDGE ( 'NONE', *, *, #3225, .T. ) ;
#2835 = CARTESIAN_POINT ( 'NONE',  ( -27.72289509339427482, -1.500000000000000000, -17.82969326460655424 ) ) ;
#2836 = ORIENTED_EDGE ( 'NONE', *, *, #282, .F. ) ;
#2837 = AXIS2_PLACEMENT_3D ( 'NONE', #855, #1106, #1412 ) ;
#2838 = CARTESIAN_POINT ( 'NONE',  ( -5.488849026350334448, 4.500000000000000888, -2.149285012149996658E-05 ) ) ;
#2839 = EDGE_CURVE ( 'NONE', #3314, #612, #2793, .T. ) ;
#2840 = FACE_OUTER_BOUND ( 'NONE', #1699, .T. ) ;
#2841 = VERTEX_POINT ( 'NONE', #1016 ) ;
#2842 = CARTESIAN_POINT ( 'NONE',  ( 3.666174368741809797, 4.500000000000000888, 25.51685728775659001 ) ) ;
#2843 = LINE ( 'NONE', #2860, #1301 ) ;
#2844 = EDGE_CURVE ( 'NONE', #1987, #465, #1332, .T. ) ;
#2845 = EDGE_CURVE ( 'NONE', #2948, #2671, #809, .T. ) ;
#2846 = CARTESIAN_POINT ( 'NONE',  ( -18.50209088848757233, 4.500000000000000888, -20.37961756925126622 ) ) ;
#2847 = DIRECTION ( 'NONE',  ( 0.000000000000000000, 1.000000000000000000, 0.000000000000000000 ) ) ;
#2848 = ORIENTED_EDGE ( 'NONE', *, *, #319, .T. ) ;
#2849 = ADVANCED_FACE ( 'NONE', ( #1815 ), #2119, .T. ) ;
#2850 = FACE_OUTER_BOUND ( 'NONE', #3427, .T. ) ;
#2851 = AXIS2_PLACEMENT_3D ( 'NONE', #3507, #749, #1883 ) ;
#2852 = CARTESIAN_POINT ( 'NONE',  ( -33.81817558971052762, -1.500000000000000000, 3.114341438231399639 ) ) ;
#2853 = EDGE_LOOP ( 'NONE', ( #1536, #2188, #3295, #192 ) ) ;
#2854 = CARTESIAN_POINT ( 'NONE',  ( -3.908459852915611155, 4.500000000000000888, 25.57284847922623072 ) ) ;
#2855 = ORIENTED_EDGE ( 'NONE', *, *, #3440, .F. ) ;
#2856 = DIRECTION ( 'NONE',  ( 0.000000000000000000, 0.000000000000000000, 1.000000000000000000 ) ) ;
#2857 = CARTESIAN_POINT ( 'NONE',  ( -0.6588924684376683549, -1.499999999999999556, -26.67579843968969655 ) ) ;
#2858 = VERTEX_POINT ( 'NONE', #1796 ) ;
#2859 = SURFACE_SIDE_STYLE ('',( #647 ) ) ;
#2860 = CARTESIAN_POINT ( 'NONE',  ( 17.48788598408414430, 4.500000000000000888, -16.86180218945136744 ) ) ;
#2861 = B_SPLINE_SURFACE_WITH_KNOTS ( 'NONE', 3, 1, ( 
 ( #529, #3567 ),
 ( #2195, #547 ),
 ( #1641, #2752 ),
 ( #278, #1927 ) ),
 .UNSPECIFIED., .F., .F., .F.,
 ( 4, 4 ),
 ( 2, 2 ),
 ( 0.1547128134717859205, 1.000000000000000000 ),
 ( 0.000000000000000000, 1.000000000000000000 ),
 .UNSPECIFIED. ) ;
#2862 = CARTESIAN_POINT ( 'NONE',  ( 56.51115097364966289, -1.500000000000000000, -8.000021494997461957 ) ) ;
#2863 = DIRECTION ( 'NONE',  ( 0.000000000000000000, 0.000000000000000000, 1.000000000000000000 ) ) ;
#2864 = ORIENTED_EDGE ( 'NONE', *, *, #1706, .F. ) ;
#2865 = CARTESIAN_POINT ( 'NONE',  ( 11.37293167025091734, -1.499999999999999556, 22.97671351758435776 ) ) ;
#2866 = CARTESIAN_POINT ( 'NONE',  ( -5.488849026350334448, -1.500000000000000000, -2.149285012149996658E-05 ) ) ;
#2867 = ORIENTED_EDGE ( 'NONE', *, *, #792, .T. ) ;
#2868 = EDGE_CURVE ( 'NONE', #2925, #1576, #1753, .T. ) ;
#2869 = CARTESIAN_POINT ( 'NONE',  ( -3.250029688743598211, 4.500000000000000888, 27.01688514063439683 ) ) ;
#2870 = EDGE_LOOP ( 'NONE', ( #479, #270, #741, #399 ) ) ;
#2871 = CARTESIAN_POINT ( 'NONE',  ( -28.54218338308801961, 4.500000000000000888, -7.294963236017376396 ) ) ;
#2872 = CARTESIAN_POINT ( 'NONE',  ( 2.656435478561623764, -1.500000000000000000, 24.29243924875190075 ) ) ;
#2873 = CARTESIAN_POINT ( 'NONE',  ( -26.94832085391474408, 4.500000000000000888, 11.14284478480553986 ) ) ;
#2874 = VERTEX_POINT ( 'NONE', #2912 ) ;
#2875 = CARTESIAN_POINT ( 'NONE',  ( -0.6317040857019414757, -1.500000000000000000, 26.67156586261702245 ) ) ;
#2876 = FACE_OUTER_BOUND ( 'NONE', #780, .T. ) ;
#2877 = VECTOR ( 'NONE', #1184, 1000.000000000000000 ) ;
#2878 = AXIS2_PLACEMENT_3D ( 'NONE', #921, #2330, #2903 ) ;
#2879 = DIRECTION ( 'NONE',  ( 0.000000000000000000, 0.000000000000000000, 1.000000000000000000 ) ) ;
#2880 = CARTESIAN_POINT ( 'NONE',  ( 15.86771143042667376, -1.499999999999999556, -14.15511365094866392 ) ) ;
#2881 = VECTOR ( 'NONE', #2105, 1000.000000000000000 ) ;
#2882 = LINE ( 'NONE', #3115, #281 ) ;
#2883 = ORIENTED_EDGE ( 'NONE', *, *, #2727, .F. ) ;
#2884 = ADVANCED_FACE ( 'NONE', ( #716 ), #1458, .F. ) ;
#2885 = CARTESIAN_POINT ( 'NONE',  ( -31.08404736372862587, -1.500000000000000000, -1.540430405140194692 ) ) ;
#2886 = B_SPLINE_CURVE_WITH_KNOTS ( 'NONE', 3,
 ( #1880, #2945, #3232, #2666 ),
 .UNSPECIFIED., .F., .F.,
 ( 4, 4 ),
 ( 0.000000000000000000, 0.8452273900860258760 ),
 .UNSPECIFIED. ) ;
#2887 = CARTESIAN_POINT ( 'NONE',  ( -32.04682075535173880, 4.500000000000000888, -10.34043432994529788 ) ) ;
#2888 = CARTESIAN_POINT ( 'NONE',  ( -7.727668363957083564, -1.500000000000000000, -27.01692812633463348 ) ) ;
#2889 = ORIENTED_EDGE ( 'NONE', *, *, #1926, .F. ) ;
#2890 = EDGE_CURVE ( 'NONE', #3066, #1234, #736, .T. ) ;
#2891 = LINE ( 'NONE', #434, #2953 ) ;
#2892 = ORIENTED_EDGE ( 'NONE', *, *, #502, .T. ) ;
#2893 = B_SPLINE_CURVE_WITH_KNOTS ( 'NONE', 3,
 ( #522, #217, #2168, #1617 ),
 .UNSPECIFIED., .F., .F.,
 ( 4, 4 ),
 ( 0.1547128134717859205, 1.000000000000000000 ),
 .UNSPECIFIED. ) ;
#2894 = DIRECTION ( 'NONE',  ( -0.000000000000000000, -1.000000000000000000, -0.000000000000000000 ) ) ;
#2895 = ORIENTED_EDGE ( 'NONE', *, *, #29, .T. ) ;
#2896 = DIRECTION ( 'NONE',  ( 0.000000000000000000, 1.000000000000000000, 0.000000000000000000 ) ) ;
#2897 = DIRECTION ( 'NONE',  ( 0.000000000000000000, 0.000000000000000000, -1.000000000000000000 ) ) ;
#2898 = CIRCLE ( 'NONE', #863, 24.17999999999474880 ) ;
#2899 = CARTESIAN_POINT ( 'NONE',  ( 20.31616550725843240, 4.500000000000000888, 9.456064040667973458 ) ) ;
#2900 = CARTESIAN_POINT ( 'NONE',  ( -33.81817558971054893, -1.499999999999999556, -3.114384423931462198 ) ) ;
#2901 = DIRECTION ( 'NONE',  ( 0.000000000000000000, 0.000000000000000000, -1.000000000000000000 ) ) ;
#2902 = VERTEX_POINT ( 'NONE', #1324 ) ;
#2903 = DIRECTION ( 'NONE',  ( 0.000000000000000000, 0.000000000000000000, 1.000000000000000000 ) ) ;
#2904 = DIRECTION ( 'NONE',  ( -0.000000000000000000, -1.000000000000000000, -0.000000000000000000 ) ) ;
#2905 = FACE_OUTER_BOUND ( 'NONE', #1355, .T. ) ;
#2906 = VERTEX_POINT ( 'NONE', #3290 ) ;
#2907 = AXIS2_PLACEMENT_3D ( 'NONE', #3183, #2896, #3474 ) ;
#2908 = CARTESIAN_POINT ( 'NONE',  ( -26.94832085391474408, -1.500000000000000000, 11.14284478480553986 ) ) ;
#2909 = VERTEX_POINT ( 'NONE', #802 ) ;
#2910 = CARTESIAN_POINT ( 'NONE',  ( -31.57994696786624900, 4.500000000000000888, 11.46752437390897938 ) ) ;
#2911 = ORIENTED_EDGE ( 'NONE', *, *, #1686, .F. ) ;
#2912 = CARTESIAN_POINT ( 'NONE',  ( 5.978696840408614044, 4.500000000000000888, -26.09111943436611369 ) ) ;
#2913 = AXIS2_PLACEMENT_3D ( 'NONE', #520, #1615, #1029 ) ;
#2914 = CARTESIAN_POINT ( 'NONE',  ( -7.700322056859242537, -1.499999999999999556, 27.01987517738370670 ) ) ;
#2915 = B_SPLINE_CURVE_WITH_KNOTS ( 'NONE', 3,
 ( #1997, #118, #2290, #3114 ),
 .UNSPECIFIED., .F., .F.,
 ( 4, 4 ),
 ( 0.000000000000000000, 0.8452273900860258760 ),
 .UNSPECIFIED. ) ;
#2916 = EDGE_CURVE ( 'NONE', #2488, #3162, #900, .T. ) ;
#2917 = CARTESIAN_POINT ( 'NONE',  ( 10.82845329693746628, -1.500000000000000000, 17.84425055422909878 ) ) ;
#2918 = DIRECTION ( 'NONE',  ( 0.000000000000000000, 1.000000000000000000, 0.000000000000000000 ) ) ;
#2919 = VERTEX_POINT ( 'NONE', #1938 ) ;
#2920 = CIRCLE ( 'NONE', #2806, 3.000000000000000444 ) ;
#2921 = CARTESIAN_POINT ( 'NONE',  ( -8.603211957430776380, 4.500000000000000888, 28.32930507051019475 ) ) ;
#2922 = CARTESIAN_POINT ( 'NONE',  ( 56.51115097364966289, 4.500000000000000888, -2.149499746348640849E-05 ) ) ;
#2923 = CARTESIAN_POINT ( 'NONE',  ( -28.42579865656206906, -1.500000000000000000, -11.41779930682794664 ) ) ;
#2924 = CARTESIAN_POINT ( 'NONE',  ( -3.250029688743598211, -1.499999999999999556, 27.01688514063439683 ) ) ;
#2925 = VERTEX_POINT ( 'NONE', #5 ) ;
#2926 = CARTESIAN_POINT ( 'NONE',  ( -12.78404782866558520, 4.500000000000000888, -23.05327450483183682 ) ) ;
#2927 = ORIENTED_EDGE ( 'NONE', *, *, #3032, .T. ) ;
#2928 = ORIENTED_EDGE ( 'NONE', *, *, #1179, .T. ) ;
#2929 = ORIENTED_EDGE ( 'NONE', *, *, #1906, .T. ) ;
#2930 = EDGE_CURVE ( 'NONE', #2250, #1013, #1712, .T. ) ;
#2931 = CARTESIAN_POINT ( 'NONE',  ( -5.488849026350334448, 4.500000000000000888, -2.149285012149996658E-05 ) ) ;
#2932 = FACE_OUTER_BOUND ( 'NONE', #2468, .T. ) ;
#2933 = CARTESIAN_POINT ( 'NONE',  ( -3.250029688743598211, 4.500000000000000888, 27.01688514063439683 ) ) ;
#2934 = DIRECTION ( 'NONE',  ( 0.000000000000000000, 0.000000000000000000, 1.000000000000000000 ) ) ;
#2935 = EDGE_CURVE ( 'NONE', #2775, #1901, #273, .T. ) ;
#2936 = CARTESIAN_POINT ( 'NONE',  ( 5.978696840408749047, 4.500000000000000888, 26.09107644866580600 ) ) ;
#2937 = ORIENTED_EDGE ( 'NONE', *, *, #915, .T. ) ;
#2938 = AXIS2_PLACEMENT_3D ( 'NONE', #1151, #2602, #136 ) ;
#2939 = LINE ( 'NONE', #3502, #3516 ) ;
#2940 = ADVANCED_FACE ( 'NONE', ( #1580 ), #3411, .F. ) ;
#2941 = CARTESIAN_POINT ( 'NONE',  ( -33.65893363520206094, -1.500000000000000000, 4.323904169107442463 ) ) ;
#2942 = CARTESIAN_POINT ( 'NONE',  ( -3.948440114060258743, 4.500000000000000888, -25.59521983022841241 ) ) ;
#2943 = ORIENTED_EDGE ( 'NONE', *, *, #282, .T. ) ;
#2944 = ADVANCED_FACE ( 'NONE', ( #1087 ), #2008, .F. ) ;
#2945 = CARTESIAN_POINT ( 'NONE',  ( -14.61823179561934438, 4.500000000000000888, 25.52682318656443528 ) ) ;
#2946 = ORIENTED_EDGE ( 'NONE', *, *, #1426, .F. ) ;
#2947 = CARTESIAN_POINT ( 'NONE',  ( -10.69764804387823887, 4.500000000000000888, 23.61228065655382835 ) ) ;
#2948 = VERTEX_POINT ( 'NONE', #3273 ) ;
#2949 = CARTESIAN_POINT ( 'NONE',  ( -33.81817558971052762, 4.500000000000000888, 3.114341438231399639 ) ) ;
#2950 = EDGE_CURVE ( 'NONE', #3283, #3492, #2580, .T. ) ;
#2951 = CARTESIAN_POINT ( 'NONE',  ( -17.08360553726237896, 4.500000000000000888, -24.50567493215763548 ) ) ;
#2952 = CARTESIAN_POINT ( 'NONE',  ( -4.408849026348733879, 4.500000000000000888, 24.15584735924754867 ) ) ;
#2953 = VECTOR ( 'NONE', #2630, 1000.000000000000000 ) ;
#2954 = CYLINDRICAL_SURFACE ( 'NONE', #2517, 28.50000000000000355 ) ;
#2955 = ORIENTED_EDGE ( 'NONE', *, *, #3163, .F. ) ;
#2956 = EDGE_CURVE ( 'NONE', #2593, #2337, #337, .T. ) ;
#2957 = CARTESIAN_POINT ( 'NONE',  ( -5.488849026350334448, 4.500000000000000888, -2.149285012149996658E-05 ) ) ;
#2958 = CARTESIAN_POINT ( 'NONE',  ( -21.80615134963814583, 4.500000000000000888, -17.84429353992933542 ) ) ;
#2959 = ADVANCED_FACE ( 'NONE', ( #557 ), #916, .F. ) ;
#2960 = VERTEX_POINT ( 'NONE', #2447 ) ;
#2961 = AXIS2_PLACEMENT_3D ( 'NONE', #2646, #942, #2316 ) ;
#2962 = CARTESIAN_POINT ( 'NONE',  ( 16.80533138244825864, 4.500000000000000888, 15.42511866647166485 ) ) ;
#2963 = ORIENTED_EDGE ( 'NONE', *, *, #2935, .T. ) ;
#2964 = CIRCLE ( 'NONE', #3428, 28.50000000000000000 ) ;
#2965 = DIRECTION ( 'NONE',  ( 0.000000000000000000, 1.000000000000000000, 0.000000000000000000 ) ) ;
#2966 = ORIENTED_EDGE ( 'NONE', *, *, #477, .T. ) ;
#2967 = CARTESIAN_POINT ( 'NONE',  ( -27.76676683381687027, 4.500000000000000888, 15.44730624474341596 ) ) ;
#2968 = CARTESIAN_POINT ( 'NONE',  ( 21.06912270265100773, 4.500000000000000888, -10.34043432994543288 ) ) ;
#2969 = CARTESIAN_POINT ( 'NONE',  ( 16.74519704069359705, 4.500000000000000888, 17.82965027890631760 ) ) ;
#2970 = CARTESIAN_POINT ( 'NONE',  ( 12.35560496810344056, 4.500000000000000888, 16.31708185423845592 ) ) ;
#2971 = LINE ( 'NONE', #742, #1423 ) ;
#2972 = CARTESIAN_POINT ( 'NONE',  ( 14.89089215485461182, -1.500000000000000000, 13.01299312278930920 ) ) ;
#2973 = VERTEX_POINT ( 'NONE', #507 ) ;
#2974 = ADVANCED_FACE ( 'NONE', ( #1341 ), #377, .F. ) ;
#2975 = DIRECTION ( 'NONE',  ( 0.000000000000000000, 0.000000000000000000, 1.000000000000000000 ) ) ;
#2976 = VERTEX_POINT ( 'NONE', #369 ) ;
#2977 = CARTESIAN_POINT ( 'NONE',  ( -5.488849026350334448, 4.500000000000000888, -2.149285012149996658E-05 ) ) ;
#2978 = ORIENTED_EDGE ( 'NONE', *, *, #868, .T. ) ;
#2979 = CARTESIAN_POINT ( 'NONE',  ( -25.86859020755528960, -1.499999999999999556, -13.01303610848954406 ) ) ;
#2980 = CARTESIAN_POINT ( 'NONE',  ( -21.80615134963814583, 4.500000000000000888, -17.84429353992933542 ) ) ;
#2981 = EDGE_CURVE ( 'NONE', #139, #1631, #1236, .T. ) ;
#2982 = CARTESIAN_POINT ( 'NONE',  ( 56.51115097364966289, -1.500000000000000000, 2.999978504374722466 ) ) ;
#2983 = ORIENTED_EDGE ( 'NONE', *, *, #2981, .T. ) ;
#2984 = DIRECTION ( 'NONE',  ( 0.000000000000000000, 1.000000000000000000, 0.000000000000000000 ) ) ;
#2985 = CARTESIAN_POINT ( 'NONE',  ( -23.33330302080412011, -1.499999999999999556, -16.31712483993868901 ) ) ;
#2986 = CARTESIAN_POINT ( 'NONE',  ( 5.654017251305313074, -1.499999999999999556, 21.45945033471429397 ) ) ;
#2987 = CARTESIAN_POINT ( 'NONE',  ( -10.69764804387824242, -1.499999999999999556, 23.61228065655383546 ) ) ;
#2988 = VECTOR ( 'NONE', #1677, 1000.000000000000000 ) ;
#2989 = CARTESIAN_POINT ( 'NONE',  ( -23.03105361254849726, -1.499999999999999556, -20.66972123161627550 ) ) ;
#2990 = AXIS2_PLACEMENT_3D ( 'NONE', #1126, #856, #1958 ) ;
#2991 = EDGE_CURVE ( 'NONE', #2919, #1057, #3342, .T. ) ;
#2992 = VECTOR ( 'NONE', #516, 1000.000000000000000 ) ;
#2993 = ORIENTED_EDGE ( 'NONE', *, *, #1438, .F. ) ;
#2994 = DIRECTION ( 'NONE',  ( -0.000000000000000000, -1.000000000000000000, -0.000000000000000000 ) ) ;
#2995 = ORIENTED_EDGE ( 'NONE', *, *, #2459, .T. ) ;
#2996 = DIRECTION ( 'NONE',  ( 0.000000000000000000, 0.000000000000000000, 1.000000000000000000 ) ) ;
#2997 = VERTEX_POINT ( 'NONE', #2565 ) ;
#2998 = EDGE_CURVE ( 'NONE', #2805, #1780, #2521, .T. ) ;
#2999 = CARTESIAN_POINT ( 'NONE',  ( 19.01680441295717827, -1.499999999999999556, -11.59477800376214773 ) ) ;
#3000 = CARTESIAN_POINT ( 'NONE',  ( -0.2797867166918679427, -1.499999999999999556, 23.61222257360492804 ) ) ;
#3001 = CARTESIAN_POINT ( 'NONE',  ( -5.488849026350334448, 4.500000000000000888, -3.000021492850122318 ) ) ;
#3002 = ORIENTED_EDGE ( 'NONE', *, *, #1461, .T. ) ;
#3003 = CARTESIAN_POINT ( 'NONE',  ( -23.33330302080412011, 4.500000000000000888, -16.31712483993868901 ) ) ;
#3004 = CARTESIAN_POINT ( 'NONE',  ( -30.00558617142361229, 4.500000000000000888, -11.56960038874109564 ) ) ;
#3005 = AXIS2_PLACEMENT_3D ( 'NONE', #2423, #2994, #269 ) ;
#3006 = DIRECTION ( 'NONE',  ( -0.000000000000000000, -1.000000000000000000, -0.000000000000000000 ) ) ;
#3007 = CARTESIAN_POINT ( 'NONE',  ( 16.80533138244825864, -1.500000000000000000, 15.42511866647166485 ) ) ;
#3008 = VERTEX_POINT ( 'NONE', #3410 ) ;
#3009 = ORIENTED_EDGE ( 'NONE', *, *, #644, .T. ) ;
#3010 = LINE ( 'NONE', #2443, #1090 ) ;
#3011 = ORIENTED_EDGE ( 'NONE', *, *, #2180, .T. ) ;
#3012 = CARTESIAN_POINT ( 'NONE',  ( 5.978696840408572299, 4.500000000000000888, 26.09107644866589126 ) ) ;
#3013 = EDGE_LOOP ( 'NONE', ( #350, #1092, #3525, #2403 ) ) ;
#3014 = CARTESIAN_POINT ( 'NONE',  ( -29.78130976795235441, -1.499999999999999556, 8.145263012061844776 ) ) ;
#3015 = CARTESIAN_POINT ( 'NONE',  ( -0.3966419578548376346, -1.500000000000000000, -25.11055186796961536 ) ) ;
#3016 = CARTESIAN_POINT ( 'NONE',  ( -29.64471787844801653, -1.499999999999999556, 1.079978507151481804 ) ) ;
#3017 = ORIENTED_EDGE ( 'NONE', *, *, #1136, .F. ) ;
#3018 = CIRCLE ( 'NONE', #1740, 28.50000000000000355 ) ;
#3019 = CARTESIAN_POINT ( 'NONE',  ( 5.978696840408572299, -1.500000000000000000, 26.09107644866589126 ) ) ;
#3020 = EDGE_CURVE ( 'NONE', #2570, #20, #3045, .T. ) ;
#3021 = DIRECTION ( 'NONE',  ( -0.000000000000000000, -1.000000000000000000, -0.000000000000000000 ) ) ;
#3022 = CARTESIAN_POINT ( 'NONE',  ( 1.806092716816924959, 4.500000000000000888, -23.05335584958780260 ) ) ;
#3023 = AXIS2_PLACEMENT_3D ( 'NONE', #1175, #1701, #1666 ) ;
#3024 = LINE ( 'NONE', #864, #1417 ) ;
#3025 = ORIENTED_EDGE ( 'NONE', *, *, #1583, .T. ) ;
#3026 = FACE_OUTER_BOUND ( 'NONE', #2100, .T. ) ;
#3027 = ORIENTED_EDGE ( 'NONE', *, *, #613, .T. ) ;
#3028 = CARTESIAN_POINT ( 'NONE',  ( 20.60224891516562806, -1.500000000000000000, -11.46756735960912899 ) ) ;
#3029 = ORIENTED_EDGE ( 'NONE', *, *, #3153, .F. ) ;
#3030 = DIRECTION ( 'NONE',  ( 0.000000000000000000, 1.000000000000000000, 0.000000000000000000 ) ) ;
#3031 = CARTESIAN_POINT ( 'NONE',  ( -5.488849026350334448, 4.500000000000000888, -2.149285012149996658E-05 ) ) ;
#3032 = EDGE_CURVE ( 'NONE', #988, #1399, #2035, .T. ) ;
#3033 = CARTESIAN_POINT ( 'NONE',  ( 8.666243131748203155, -1.500000000000000000, 21.35653896392689077 ) ) ;
#3034 = ORIENTED_EDGE ( 'NONE', *, *, #1474, .F. ) ;
#3035 = CARTESIAN_POINT ( 'NONE',  ( 10.82845329693746628, 4.500000000000000888, 17.84425055422909878 ) ) ;
#3036 = CARTESIAN_POINT ( 'NONE',  ( 15.97062280121407873, 4.500000000000000888, -11.14288777050576940 ) ) ;
#3037 = ADVANCED_FACE ( 'NONE', ( #2850 ), #1186, .F. ) ;
#3038 = LINE ( 'NONE', #2737, #2824 ) ;
#3039 = B_SPLINE_CURVE_WITH_KNOTS ( 'NONE', 3,
 ( #3028, #76, #3380, #1122 ),
 .UNSPECIFIED., .F., .F.,
 ( 4, 4 ),
 ( 0.000000000000000000, 0.8452273900860258760 ),
 .UNSPECIFIED. ) ;
#3040 = FACE_OUTER_BOUND ( 'NONE', #1752, .T. ) ;
#3041 = ORIENTED_EDGE ( 'NONE', *, *, #1906, .F. ) ;
#3042 = EDGE_CURVE ( 'NONE', #2257, #139, #1190, .T. ) ;
#3043 = AXIS2_PLACEMENT_3D ( 'NONE', #2477, #2774, #1716 ) ;
#3044 = DIRECTION ( 'NONE',  ( 0.000000000000000000, 0.000000000000000000, 1.000000000000000000 ) ) ;
#3045 = CIRCLE ( 'NONE', #2759, 24.17999999999474880 ) ;
#3046 = ORIENTED_EDGE ( 'NONE', *, *, #1921, .F. ) ;
#3047 = CARTESIAN_POINT ( 'NONE',  ( -1.164923364392945526, -1.500000000000000000, -28.17010610170187590 ) ) ;
#3048 = ORIENTED_EDGE ( 'NONE', *, *, #1911, .F. ) ;
#3049 = CARTESIAN_POINT ( 'NONE',  ( -5.488849026350334448, -1.500000000000000000, -2.149285012149996658E-05 ) ) ;
#3051 = ADVANCED_FACE ( 'NONE', ( #656 ), #732, .F. ) ;
#3050 = MECHANICAL_DESIGN_GEOMETRIC_PRESENTATION_REPRESENTATION (  '', ( #2703 ), #1604 ) ;
#3052 = CARTESIAN_POINT ( 'NONE',  ( -10.62545306781336762, 4.500000000000000888, -25.12177175966116494 ) ) ;
#3053 = B_SPLINE_CURVE_WITH_KNOTS ( 'NONE', 3,
 ( #1499, #941, #673, #3192 ),
 .UNSPECIFIED., .F., .F.,
 ( 4, 4 ),
 ( 0.1547128134717859205, 1.000000000000000000 ),
 .UNSPECIFIED. ) ;
#3054 = CARTESIAN_POINT ( 'NONE',  ( 12.34082274540609525, -1.500000000000000000, 22.23402457419382472 ) ) ;
#3055 = VERTEX_POINT ( 'NONE', #672 ) ;
#3056 = B_SPLINE_CURVE_WITH_KNOTS ( 'NONE', 3,
 ( #1757, #1232, #1318, #2463 ),
 .UNSPECIFIED., .F., .F.,
 ( 4, 4 ),
 ( 0.1547128134717859205, 0.7774895956119340923 ),
 .UNSPECIFIED. ) ;
#3057 = DIRECTION ( 'NONE',  ( -0.000000000000000000, -1.000000000000000000, -0.000000000000000000 ) ) ;
#3058 = CARTESIAN_POINT ( 'NONE',  ( -23.33312107342955599, 4.500000000000000888, 16.31728083043768152 ) ) ;
#3059 = CARTESIAN_POINT ( 'NONE',  ( -5.488849026350334448, -1.500000000000000000, -3.000021492850122318 ) ) ;
#3060 = CARTESIAN_POINT ( 'NONE',  ( -3.250029688743598211, -1.500000000000000000, 27.01688514063439683 ) ) ;
#3061 = ADVANCED_FACE ( 'NONE', ( #3464 ), #2075, .T. ) ;
#3062 = VERTEX_POINT ( 'NONE', #2055 ) ;
#3063 = AXIS2_PLACEMENT_3D ( 'NONE', #2471, #1869, #6 ) ;
#3064 = CIRCLE ( 'NONE', #2130, 24.17999999999474525 ) ;
#3065 = CARTESIAN_POINT ( 'NONE',  ( -32.04682075535173880, -1.499999999999999556, -10.34043432994529255 ) ) ;
#3066 = VERTEX_POINT ( 'NONE', #3174 ) ;
#3067 = EDGE_CURVE ( 'NONE', #2387, #3125, #1538, .T. ) ;
#3068 = DIRECTION ( 'NONE',  ( -0.000000000000000000, -1.000000000000000000, -0.000000000000000000 ) ) ;
#3069 = VERTEX_POINT ( 'NONE', #87 ) ;
#3070 = B_SPLINE_CURVE_WITH_KNOTS ( 'NONE', 3,
 ( #3071, #308, #357, #2208 ),
 .UNSPECIFIED., .F., .F.,
 ( 4, 4 ),
 ( 0.000000000000000000, 0.8452273900860258760 ),
 .UNSPECIFIED. ) ;
#3071 = CARTESIAN_POINT ( 'NONE',  ( -27.72289509339418601, -1.500000000000000000, 17.82965027890642418 ) ) ;
#3072 = CARTESIAN_POINT ( 'NONE',  ( -10.69791133600880428, -1.499999999999999556, -23.61226555930517179 ) ) ;
#3073 = ORIENTED_EDGE ( 'NONE', *, *, #508, .F. ) ;
#3074 = CARTESIAN_POINT ( 'NONE',  ( -29.10109309280538525, 4.500000000000000888, 5.209040816808348850 ) ) ;
#3075 = DIRECTION ( 'NONE',  ( 0.000000000000000000, 1.000000000000000000, 0.000000000000000000 ) ) ;
#3076 = AXIS2_PLACEMENT_3D ( 'NONE', #1263, #3433, #3466 ) ;
#3077 = CARTESIAN_POINT ( 'NONE',  ( -15.82926186344565167, -1.500000000000000000, -26.55799322185145783 ) ) ;
#3078 = AXIS2_PLACEMENT_3D ( 'NONE', #2175, #2735, #2365 ) ;
#3079 = VERTEX_POINT ( 'NONE', #1172 ) ;
#3080 = CARTESIAN_POINT ( 'NONE',  ( -19.62048144529864402, 4.500000000000000888, 21.39586602607567656 ) ) ;
#3081 = CYLINDRICAL_SURFACE ( 'NONE', #335, 28.50000000000000355 ) ;
#3082 = ORIENTED_EDGE ( 'NONE', *, *, #2956, .T. ) ;
#3083 = VECTOR ( 'NONE', #1026, 1000.000000000000000 ) ;
#3084 = DIRECTION ( 'NONE',  ( 0.000000000000000000, 1.000000000000000000, 0.000000000000000000 ) ) ;
#3085 = ORIENTED_EDGE ( 'NONE', *, *, #1555, .T. ) ;
#3086 = CARTESIAN_POINT ( 'NONE',  ( 15.97062280121407873, 4.500000000000000888, -11.14288777050576940 ) ) ;
#3087 = EDGE_LOOP ( 'NONE', ( #2943, #1142, #435, #585 ) ) ;
#3088 = DIRECTION ( 'NONE',  ( 0.000000000000000000, 1.000000000000000000, 0.000000000000000000 ) ) ;
#3089 = CARTESIAN_POINT ( 'NONE',  ( 1.806349775965041760, 4.500000000000000888, 23.05323151913155755 ) ) ;
#3090 = EDGE_LOOP ( 'NONE', ( #1086, #2539, #445, #2203 ) ) ;
#3091 = CIRCLE ( 'NONE', #772, 2.999999999372185755 ) ;
#3092 = LINE ( 'NONE', #3421, #648 ) ;
#3093 = EDGE_CURVE ( 'NONE', #3276, #2257, #3346, .T. ) ;
#3094 = FACE_OUTER_BOUND ( 'NONE', #3087, .T. ) ;
#3095 = ORIENTED_EDGE ( 'NONE', *, *, #1372, .F. ) ;
#3096 = CARTESIAN_POINT ( 'NONE',  ( 15.90703849257545777, 4.500000000000000888, 14.13161092609819214 ) ) ;
#3097 = LINE ( 'NONE', #2813, #2265 ) ;
#3098 = EDGE_LOOP ( 'NONE', ( #379, #2129, #1434, #1702 ) ) ;
#3099 = EDGE_CURVE ( 'NONE', #3306, #654, #2275, .T. ) ;
#3100 = CARTESIAN_POINT ( 'NONE',  ( -32.50874569658416391, 4.500000000000000888, -2.211494523359009978 ) ) ;
#3101 = VERTEX_POINT ( 'NONE', #1008 ) ;
#3102 = CARTESIAN_POINT ( 'NONE',  ( -19.64394118444887738, -1.499999999999999556, -21.35658194962713452 ) ) ;
#3103 = ORIENTED_EDGE ( 'NONE', *, *, #1352, .T. ) ;
#3104 = VECTOR ( 'NONE', #35, 1000.000000000000000 ) ;
#3105 = ADVANCED_FACE ( 'NONE', ( #2364 ), #498, .F. ) ;
#3106 = DIRECTION ( 'NONE',  ( 0.000000000000000000, 0.000000000000000000, -1.000000000000000000 ) ) ;
#3107 = EDGE_CURVE ( 'NONE', #233, #2017, #2939, .T. ) ;
#3108 = CARTESIAN_POINT ( 'NONE',  ( -16.95639489310941528, 4.500000000000000888, -26.09111943436605330 ) ) ;
#3109 = ORIENTED_EDGE ( 'NONE', *, *, #244, .F. ) ;
#3110 = AXIS2_PLACEMENT_3D ( 'NONE', #3049, #3030, #1620 ) ;
#3111 = CARTESIAN_POINT ( 'NONE',  ( -25.86859020755528960, 4.500000000000000888, -13.01303610848954406 ) ) ;
#3112 = CARTESIAN_POINT ( 'NONE',  ( -26.94832085391474408, 4.500000000000000888, 11.14284478480553986 ) ) ;
#3113 = EDGE_CURVE ( 'NONE', #1146, #640, #1363, .T. ) ;
#3114 = CARTESIAN_POINT ( 'NONE',  ( -10.69791133600880428, -1.500000000000000000, -23.61226555930517179 ) ) ;
#3115 = CARTESIAN_POINT ( 'NONE',  ( -9.812774688307740689, 4.500000000000000888, 28.17006311600162860 ) ) ;
#3116 = ORIENTED_EDGE ( 'NONE', *, *, #1179, .F. ) ;
#3117 = DIRECTION ( 'NONE',  ( 0.000000000000000000, 1.000000000000000000, 0.000000000000000000 ) ) ;
#3118 = B_SPLINE_SURFACE_WITH_KNOTS ( 'NONE', 3, 1, ( 
 ( #967, #1836 ),
 ( #2323, #471 ),
 ( #3509, #1251 ),
 ( #1561, #2672 ) ),
 .UNSPECIFIED., .F., .F., .F.,
 ( 4, 4 ),
 ( 2, 2 ),
 ( 0.1547128134717859205, 1.000000000000000000 ),
 ( 0.000000000000000000, 1.000000000000000000 ),
 .UNSPECIFIED. ) ;
#3119 = DIRECTION ( 'NONE',  ( 0.000000000000000000, 0.000000000000000000, 1.000000000000000000 ) ) ;
#3120 = ORIENTED_EDGE ( 'NONE', *, *, #1159, .F. ) ;
#3121 = CARTESIAN_POINT ( 'NONE',  ( -33.65893363520208936, 4.500000000000000888, -4.323947154807512128 ) ) ;
#3122 = ORIENTED_EDGE ( 'NONE', *, *, #760, .F. ) ;
#3123 = CARTESIAN_POINT ( 'NONE',  ( -26.94844510275297722, -1.499999999999999556, -11.14264848281038489 ) ) ;
#3124 = LINE ( 'NONE', #1724, #412 ) ;
#3125 = VERTEX_POINT ( 'NONE', #989 ) ;
#3126 = CARTESIAN_POINT ( 'NONE',  ( -0.2797867166918679427, -1.500000000000000000, 23.61222257360492804 ) ) ;
#3127 = CARTESIAN_POINT ( 'NONE',  ( -33.65893363520206094, 4.500000000000000888, 4.323904169107442463 ) ) ;
#3128 = CARTESIAN_POINT ( 'NONE',  ( 16.78906878111621737, 4.500000000000000888, -15.44734923044364905 ) ) ;
#3129 = B_SPLINE_SURFACE_WITH_KNOTS ( 'NONE', 3, 1, ( 
 ( #316, #1404 ),
 ( #2161, #2509 ),
 ( #3080, #1912 ),
 ( #600, #3319 ) ),
 .UNSPECIFIED., .F., .F., .F.,
 ( 4, 4 ),
 ( 2, 2 ),
 ( 0.000000000000000000, 0.8452273900860258760 ),
 ( 0.000000000000000000, 1.000000000000000000 ),
 .UNSPECIFIED. ) ;
#3130 = ADVANCED_FACE ( 'NONE', ( #1529 ), #105, .F. ) ;
#3131 = DIRECTION ( 'NONE',  ( -0.000000000000000000, -1.000000000000000000, -0.000000000000000000 ) ) ;
#3132 = VERTEX_POINT ( 'NONE', #724 ) ;
#3133 = CIRCLE ( 'NONE', #1161, 2.999999999372185755 ) ;
#3134 = CARTESIAN_POINT ( 'NONE',  ( 1.806092716816924959, 4.500000000000000888, -23.05335584958780260 ) ) ;
#3135 = VECTOR ( 'NONE', #1919, 1000.000000000000000 ) ;
#3136 = CARTESIAN_POINT ( 'NONE',  ( -13.60129457066705783, -1.500000000000000000, 24.32435444646826284 ) ) ;
#3137 = ORIENTED_EDGE ( 'NONE', *, *, #3417, .F. ) ;
#3138 = FACE_BOUND ( 'NONE', #3550, .T. ) ;
#3139 = ORIENTED_EDGE ( 'NONE', *, *, #1643, .F. ) ;
#3140 = CARTESIAN_POINT ( 'NONE',  ( -4.409118379990886183, 4.500000000000000888, -24.15590238614520402 ) ) ;
#3141 = CIRCLE ( 'NONE', #1573, 28.50000000000000000 ) ;
#3142 = DIRECTION ( 'NONE',  ( -0.000000000000000000, -1.000000000000000000, -0.000000000000000000 ) ) ;
#3143 = CARTESIAN_POINT ( 'NONE',  ( -29.99450246565784184, 4.500000000000000888, 11.59473501806192886 ) ) ;
#3144 = ORIENTED_EDGE ( 'NONE', *, *, #1842, .T. ) ;
#3145 = CARTESIAN_POINT ( 'NONE',  ( 11.37293167025083740, -1.500000000000000000, -22.97675650328465835 ) ) ;
#3146 = DIRECTION ( 'NONE',  ( 0.000000000000000000, 1.000000000000000000, 0.000000000000000000 ) ) ;
#3147 = EDGE_CURVE ( 'NONE', #1690, #1948, #3481, .T. ) ;
#3148 = DIRECTION ( 'NONE',  ( 0.000000000000000000, 0.000000000000000000, -1.000000000000000000 ) ) ;
#3149 = B_SPLINE_CURVE_WITH_KNOTS ( 'NONE', 3,
 ( #81, #1467, #2842, #1451 ),
 .UNSPECIFIED., .F., .F.,
 ( 4, 4 ),
 ( 0.1547128134717859205, 1.000000000000000000 ),
 .UNSPECIFIED. ) ;
#3150 = CARTESIAN_POINT ( 'NONE',  ( 14.89089215485461182, 4.500000000000000888, 13.01299312278930920 ) ) ;
#3151 = CARTESIAN_POINT ( 'NONE',  ( -22.35062972295058614, -1.500000000000000000, 22.97671351758510028 ) ) ;
#3152 = ORIENTED_EDGE ( 'NONE', *, *, #2412, .T. ) ;
#3153 = EDGE_CURVE ( 'NONE', #2902, #2593, #2971, .T. ) ;
#3154 = CARTESIAN_POINT ( 'NONE',  ( -16.95639489310941883, 4.500000000000000888, -26.09111943436604975 ) ) ;
#3155 = CARTESIAN_POINT ( 'NONE',  ( -30.00558617142361229, -1.500000000000000000, -11.56960038874109564 ) ) ;
#3156 = FACE_OUTER_BOUND ( 'NONE', #1778, .T. ) ;
#3157 = ORIENTED_EDGE ( 'NONE', *, *, #3163, .T. ) ;
#3158 = ADVANCED_FACE ( 'NONE', ( #1843 ), #2093, .T. ) ;
#3159 = DIRECTION ( 'NONE',  ( -0.000000000000000000, -1.000000000000000000, -0.000000000000000000 ) ) ;
#3160 = ORIENTED_EDGE ( 'NONE', *, *, #1695, .F. ) ;
#3161 = ORIENTED_EDGE ( 'NONE', *, *, #2807, .F. ) ;
#3162 = VERTEX_POINT ( 'NONE', #2418 ) ;
#3163 = EDGE_CURVE ( 'NONE', #2874, #988, #2231, .T. ) ;
#3164 = CIRCLE ( 'NONE', #1655, 28.50000000000000355 ) ;
#3165 =( NAMED_UNIT ( * ) SI_UNIT ( $, .STERADIAN. ) SOLID_ANGLE_UNIT ( ) );
#3166 = CARTESIAN_POINT ( 'NONE',  ( -30.59937940146982882, 4.500000000000000888, -5.092228561345613080 ) ) ;
#3167 = VECTOR ( 'NONE', #2306, 1000.000000000000000 ) ;
#3168 = VECTOR ( 'NONE', #70, 1000.000000000000000 ) ;
#3169 = FACE_OUTER_BOUND ( 'NONE', #1523, .T. ) ;
#3170 = CARTESIAN_POINT ( 'NONE',  ( -5.488849026350334448, 4.500000000000000888, -2.149285012149996658E-05 ) ) ;
#3171 = AXIS2_PLACEMENT_3D ( 'NONE', #3170, #917, #2255 ) ;
#3172 = CARTESIAN_POINT ( 'NONE',  ( 9.936291132971460272, -1.499999999999999556, -22.29420190164870874 ) ) ;
#3173 = ORIENTED_EDGE ( 'NONE', *, *, #1099, .T. ) ;
#3174 = CARTESIAN_POINT ( 'NONE',  ( -25.86859020755528960, -1.500000000000000000, -13.01303610848954406 ) ) ;
#3175 = DIRECTION ( 'NONE',  ( -0.000000000000000000, -1.000000000000000000, -0.000000000000000000 ) ) ;
#3176 = CARTESIAN_POINT ( 'NONE',  ( 11.52045569614399945, 4.500000000000000888, 19.18775040500522877 ) ) ;
#3177 = ORIENTED_EDGE ( 'NONE', *, *, #1692, .T. ) ;
#3178 = ADVANCED_FACE ( 'NONE', ( #463 ), #360, .F. ) ;
#3179 = CARTESIAN_POINT ( 'NONE',  ( -5.488849026350334448, 4.500000000000000888, -2.149285012149996658E-05 ) ) ;
#3180 = EDGE_LOOP ( 'NONE', ( #2555, #2817, #2096, #1767 ) ) ;
#3181 = ORIENTED_EDGE ( 'NONE', *, *, #1545, .F. ) ;
#3182 = ORIENTED_EDGE ( 'NONE', *, *, #1042, .F. ) ;
#3183 = CARTESIAN_POINT ( 'NONE',  ( -5.488849026350334448, 4.500000000000000888, -2.149285012149996658E-05 ) ) ;
#3184 = CARTESIAN_POINT ( 'NONE',  ( -4.409118379990886183, -1.499999999999999556, -24.15590238614520402 ) ) ;
#3185 = AXIS2_PLACEMENT_3D ( 'NONE', #3400, #2519, #3331 ) ;
#3186 = DIRECTION ( 'NONE',  ( 0.000000000000000000, 1.000000000000000000, 0.000000000000000000 ) ) ;
#3187 =( NAMED_UNIT ( * ) SI_UNIT ( $, .STERADIAN. ) SOLID_ANGLE_UNIT ( ) );
#3188 = LINE ( 'NONE', #633, #2287 ) ;
#3189 = ORIENTED_EDGE ( 'NONE', *, *, #644, .F. ) ;
#3190 = DIRECTION ( 'NONE',  ( 0.000000000000000000, 0.000000000000000000, 1.000000000000000000 ) ) ;
#3191 = LINE ( 'NONE', #1659, #2318 ) ;
#3192 = CARTESIAN_POINT ( 'NONE',  ( -15.82926186344565167, 4.500000000000000888, -26.55799322185145783 ) ) ;
#3193 = CARTESIAN_POINT ( 'NONE',  ( -5.488849026350334448, -1.500000000000000000, -2.149285012149996658E-05 ) ) ;
#3194 = VERTEX_POINT ( 'NONE', #2718 ) ;
#3195 = CARTESIAN_POINT ( 'NONE',  ( -26.94832085391474408, 4.500000000000000888, 11.14284478480553986 ) ) ;
#3196 = VERTEX_POINT ( 'NONE', #2381 ) ;
#3197 = ORIENTED_EDGE ( 'NONE', *, *, #733, .T. ) ;
#3198 = VERTEX_POINT ( 'NONE', #3229 ) ;
#3199 = ADVANCED_FACE ( 'NONE', ( #246 ), #447, .T. ) ;
#3200 = CARTESIAN_POINT ( 'NONE',  ( -23.33312107342955599, 4.500000000000000888, 16.31728083043768152 ) ) ;
#3201 = AXIS2_PLACEMENT_3D ( 'NONE', #38, #621, #3378 ) ;
#3202 = CARTESIAN_POINT ( 'NONE',  ( -8.603211957431691204, -1.499999999999999556, 28.32930507051009172 ) ) ;
#3203 = DIRECTION ( 'NONE',  ( -0.000000000000000000, -1.000000000000000000, -0.000000000000000000 ) ) ;
#3204 = EDGE_CURVE ( 'NONE', #2407, #3196, #458, .T. ) ;
#3205 = CARTESIAN_POINT ( 'NONE',  ( -5.488849026350334448, 4.500000000000000888, -2.149285012149996658E-05 ) ) ;
#3206 = CARTESIAN_POINT ( 'NONE',  ( -19.64394118444887738, -1.500000000000000000, -21.35658194962713452 ) ) ;
#3207 = ORIENTED_EDGE ( 'NONE', *, *, #3291, .F. ) ;
#3208 = DIRECTION ( 'NONE',  ( 0.000000000000000000, 0.000000000000000000, 1.000000000000000000 ) ) ;
#3209 = CARTESIAN_POINT ( 'NONE',  ( 20.31616550725843240, -1.500000000000000000, 9.456064040667973458 ) ) ;
#3210 = DIRECTION ( 'NONE',  ( 0.000000000000000000, -0.000000000000000000, 1.000000000000000000 ) ) ;
#3211 = ORIENTED_EDGE ( 'NONE', *, *, #7, .T. ) ;
#3212 = EDGE_CURVE ( 'NONE', #272, #2973, #1804, .T. ) ;
#3213 = CARTESIAN_POINT ( 'NONE',  ( 5.978696840408614044, 4.500000000000000888, -26.09111943436611369 ) ) ;
#3214 = ORIENTED_EDGE ( 'NONE', *, *, #102, .T. ) ;
#3215 = ORIENTED_EDGE ( 'NONE', *, *, #1809, .T. ) ;
#3216 = VERTEX_POINT ( 'NONE', #2754 ) ;
#3217 = CARTESIAN_POINT ( 'NONE',  ( -10.58105609484583454, -1.500000000000000000, 25.11050888226937161 ) ) ;
#3218 = EDGE_CURVE ( 'NONE', #1576, #2960, #2773, .T. ) ;
#3219 = CARTESIAN_POINT ( 'NONE',  ( 56.51115097364966289, 4.500000000000000888, 7.999978505002538043 ) ) ;
#3220 = EDGE_CURVE ( 'NONE', #2062, #2446, #1602, .T. ) ;
#3221 = CARTESIAN_POINT ( 'NONE',  ( -3.908459852915611155, 4.500000000000000888, 25.57284847922623072 ) ) ;
#3222 = DIRECTION ( 'NONE',  ( 0.000000000000000000, 0.000000000000000000, 1.000000000000000000 ) ) ;
#3223 = AXIS2_PLACEMENT_3D ( 'NONE', #2543, #2310, #2901 ) ;
#3224 = VECTOR ( 'NONE', #1258, 1000.000000000000000 ) ;
#3225 = EDGE_CURVE ( 'NONE', #233, #1935, #1886, .T. ) ;
#3226 = LINE ( 'NONE', #2658, #2050 ) ;
#3227 = ORIENTED_EDGE ( 'NONE', *, *, #2126, .F. ) ;
#3228 = VECTOR ( 'NONE', #970, 1000.000000000000000 ) ;
#3229 = CARTESIAN_POINT ( 'NONE',  ( 11.37293167025083740, 4.500000000000000888, -22.97675650328465835 ) ) ;
#3230 = CARTESIAN_POINT ( 'NONE',  ( -23.31852079810690626, 4.500000000000000888, -22.23406755989395123 ) ) ;
#3231 = VERTEX_POINT ( 'NONE', #1387 ) ;
#3232 = CARTESIAN_POINT ( 'NONE',  ( -13.60129457066705783, 4.500000000000000888, 24.32435444646826284 ) ) ;
#3233 = ORIENTED_EDGE ( 'NONE', *, *, #2559, .T. ) ;
#3234 = CARTESIAN_POINT ( 'NONE',  ( -7.029257938640416370, -1.500000000000000000, 25.59517684452817221 ) ) ;
#3235 = ORIENTED_EDGE ( 'NONE', *, *, #2394, .F. ) ;
#3236 = CARTESIAN_POINT ( 'NONE',  ( 15.97074705005229234, 4.500000000000000888, 11.14260549711014114 ) ) ;
#3237 = CARTESIAN_POINT ( 'NONE',  ( -16.95241494478030830, -1.500000000000000000, -22.93631792406599601 ) ) ;
#3238 = CARTESIAN_POINT ( 'NONE',  ( 56.51115097364966289, 4.500000000000000888, -2.149499746348640849E-05 ) ) ;
#3239 = CIRCLE ( 'NONE', #1673, 24.17999999999474525 ) ;
#3240 = AXIS2_PLACEMENT_3D ( 'NONE', #3238, #1307, #805 ) ;
#3241 = CARTESIAN_POINT ( 'NONE',  ( 10.82825432073823002, 4.500000000000000888, -17.84447548730388888 ) ) ;
#3242 = B_SPLINE_CURVE_WITH_KNOTS ( 'NONE', 3,
 ( #871, #2281, #1687, #1939 ),
 .UNSPECIFIED., .F., .F.,
 ( 4, 4 ),
 ( 0.1547128134717859205, 1.000000000000000000 ),
 .UNSPECIFIED. ) ;
#3243 = EDGE_CURVE ( 'NONE', #2902, #3198, #2470, .T. ) ;
#3244 = CARTESIAN_POINT ( 'NONE',  ( -5.488849026350334448, -1.500000000000000000, -2.149285012149996658E-05 ) ) ;
#3245 = B_SPLINE_CURVE_WITH_KNOTS ( 'NONE', 3,
 ( #459, #1838, #403, #985 ),
 .UNSPECIFIED., .F., .F.,
 ( 4, 4 ),
 ( 0.1547128134717859205, 1.000000000000000000 ),
 .UNSPECIFIED. ) ;
#3246 = CARTESIAN_POINT ( 'NONE',  ( 12.34082274540609525, 4.500000000000000888, 22.23402457419382472 ) ) ;
#3247 = ORIENTED_EDGE ( 'NONE', *, *, #681, .F. ) ;
#3248 = ORIENTED_EDGE ( 'NONE', *, *, #2292, .T. ) ;
#3249 = EDGE_CURVE ( 'NONE', #2115, #416, #1135, .T. ) ;
#3250 = CIRCLE ( 'NONE', #1853, 2.999999999372185755 ) ;
#3251 = CARTESIAN_POINT ( 'NONE',  ( 14.89089215485461182, -1.499999999999999556, 13.01299312278930920 ) ) ;
#3252 = ORIENTED_EDGE ( 'NONE', *, *, #2185, .F. ) ;
#3253 = VECTOR ( 'NONE', #2804, 1000.000000000000000 ) ;
#3254 = CYLINDRICAL_SURFACE ( 'NONE', #3488, 24.17999999999474880 ) ;
#3255 = ORIENTED_EDGE ( 'NONE', *, *, #3291, .T. ) ;
#3256 = CARTESIAN_POINT ( 'NONE',  ( -26.88473654527613022, -1.499999999999999556, -14.13165391179843233 ) ) ;
#3257 = DIRECTION ( 'NONE',  ( 0.000000000000000000, 1.000000000000000000, 0.000000000000000000 ) ) ;
#3258 = CARTESIAN_POINT ( 'NONE',  ( -24.68910269945685698, 4.500000000000000888, -16.96526736305765581 ) ) ;
#3259 = CIRCLE ( 'NONE', #145, 24.17999999999474170 ) ;
#3260 = ADVANCED_FACE ( 'NONE', ( #49 ), #3367, .F. ) ;
#3261 = CARTESIAN_POINT ( 'NONE',  ( 5.974716892079644737, -1.500000000000000000, 22.93627493836575226 ) ) ;
#3262 = CARTESIAN_POINT ( 'NONE',  ( 12.35560496810344056, -1.499999999999999556, 16.31708185423845592 ) ) ;
#3263 = B_SPLINE_SURFACE_WITH_KNOTS ( 'NONE', 3, 1, ( 
 ( #1055, #525 ),
 ( #1342, #2450 ),
 ( #3563, #205 ),
 ( #2749, #274 ) ),
 .UNSPECIFIED., .F., .F., .F.,
 ( 4, 4 ),
 ( 2, 2 ),
 ( 0.000000000000000000, 0.8452273900860258760 ),
 ( 0.000000000000000000, 1.000000000000000000 ),
 .UNSPECIFIED. ) ;
#3264 = CARTESIAN_POINT ( 'NONE',  ( -5.488849026350334448, 4.500000000000000888, -2.149285012149996658E-05 ) ) ;
#3265 = CARTESIAN_POINT ( 'NONE',  ( 15.90703849257545777, -1.500000000000000000, 14.13161092609819214 ) ) ;
#3266 = ADVANCED_FACE ( 'NONE', ( #2216 ), #1079, .T. ) ;
#3267 = CIRCLE ( 'NONE', #2448, 24.17999999999474525 ) ;
#3268 = ORIENTED_EDGE ( 'NONE', *, *, #1023, .F. ) ;
#3269 = CARTESIAN_POINT ( 'NONE',  ( -5.488849026350334448, -1.500000000000000000, -2.149285012149996658E-05 ) ) ;
#3270 = ORIENTED_EDGE ( 'NONE', *, *, #2080, .F. ) ;
#3271 = CARTESIAN_POINT ( 'NONE',  ( -15.82926186344565167, 4.500000000000000888, -26.55799322185145783 ) ) ;
#3272 = ORIENTED_EDGE ( 'NONE', *, *, #2074, .T. ) ;
#3273 = CARTESIAN_POINT ( 'NONE',  ( 15.97074705005229234, 4.500000000000000888, 11.14260549711014114 ) ) ;
#3274 = CARTESIAN_POINT ( 'NONE',  ( -2.374486095268816932, -1.500000000000000000, 28.32930507051007751 ) ) ;
#3275 = CARTESIAN_POINT ( 'NONE',  ( -29.64471787844803075, 4.500000000000000888, 1.079978507150981315 ) ) ;
#3276 = VERTEX_POINT ( 'NONE', #2456 ) ;
#3277 = DIRECTION ( 'NONE',  ( 0.000000000000000000, 1.000000000000000000, 0.000000000000000000 ) ) ;
#3278 = CARTESIAN_POINT ( 'NONE',  ( -5.488849026350334448, 4.500000000000000888, -2.149285012149996658E-05 ) ) ;
#3279 = B_SPLINE_CURVE_WITH_KNOTS ( 'NONE', 3,
 ( #132, #3217, #735, #150 ),
 .UNSPECIFIED., .F., .F.,
 ( 4, 4 ),
 ( 0.1547128134717859205, 1.000000000000000000 ),
 .UNSPECIFIED. ) ;
#3280 = CARTESIAN_POINT ( 'NONE',  ( -5.488849026350334448, 4.500000000000000888, -2.149285012149996658E-05 ) ) ;
#3281 = AXIS2_PLACEMENT_3D ( 'NONE', #1205, #1840, #1548 ) ;
#3282 = FACE_OUTER_BOUND ( 'NONE', #44, .T. ) ;
#3283 = VERTEX_POINT ( 'NONE', #2238 ) ;
#3284 = AXIS2_PLACEMENT_3D ( 'NONE', #651, #2561, #2621 ) ;
#3285 = ORIENTED_EDGE ( 'NONE', *, *, #3099, .T. ) ;
#3286 = LINE ( 'NONE', #199, #2536 ) ;
#3287 = ORIENTED_EDGE ( 'NONE', *, *, #2296, .F. ) ;
#3288 = CARTESIAN_POINT ( 'NONE',  ( -28.54218338308801961, 4.500000000000000888, -7.294963236017376396 ) ) ;
#3289 = VERTEX_POINT ( 'NONE', #3059 ) ;
#3290 = CARTESIAN_POINT ( 'NONE',  ( -29.10115117575418964, 4.500000000000000888, -5.208820510378441959 ) ) ;
#3291 = EDGE_CURVE ( 'NONE', #1780, #248, #1827, .T. ) ;
#3292 = CARTESIAN_POINT ( 'NONE',  ( -28.46558403678481497, 4.500000000000000888, 16.86175920375113080 ) ) ;
#3293 = B_SPLINE_SURFACE_WITH_KNOTS ( 'NONE', 3, 1, ( 
 ( #2936, #3500 ),
 ( #174, #2435 ),
 ( #2696, #740 ),
 ( #1060, #2986 ) ),
 .UNSPECIFIED., .F., .F., .F.,
 ( 4, 4 ),
 ( 2, 2 ),
 ( 0.000000000000000000, 0.8452273900860258760 ),
 ( 0.000000000000000000, 1.000000000000000000 ),
 .UNSPECIFIED. ) ;
#3294 = CARTESIAN_POINT ( 'NONE',  ( -5.488849026350334448, 4.500000000000000888, -2.149285012149996658E-05 ) ) ;
#3295 = ORIENTED_EDGE ( 'NONE', *, *, #1856, .T. ) ;
#3296 = FACE_OUTER_BOUND ( 'NONE', #1286, .T. ) ;
#3297 = CARTESIAN_POINT ( 'NONE',  ( -31.57994696786632716, 4.500000000000000888, -11.46756735960906504 ) ) ;
#3298 = VECTOR ( 'NONE', #2043, 1000.000000000000000 ) ;
#3299 = CARTESIAN_POINT ( 'NONE',  ( 16.74519704069350468, -1.499999999999999556, -17.82969326460667858 ) ) ;
#3300 = LINE ( 'NONE', #3571, #734 ) ;
#3301 = ORIENTED_EDGE ( 'NONE', *, *, #893, .T. ) ;
#3302 = ORIENTED_EDGE ( 'NONE', *, *, #1107, .F. ) ;
#3303 = EDGE_CURVE ( 'NONE', #590, #344, #263, .T. ) ;
#3304 = CARTESIAN_POINT ( 'NONE',  ( 16.78906878111621737, 4.500000000000000888, -15.44734923044364905 ) ) ;
#3305 = ADVANCED_BREP_SHAPE_REPRESENTATION ( 'Gear Link 1', ( #2776, #1479 ), #1366 ) ;
#3306 = VERTEX_POINT ( 'NONE', #1678 ) ;
#3307 = LINE ( 'NONE', #236, #84 ) ;
#3308 = ORIENTED_EDGE ( 'NONE', *, *, #312, .T. ) ;
#3309 = CARTESIAN_POINT ( 'NONE',  ( 20.60224891516559964, 4.500000000000000888, -11.46756735960920359 ) ) ;
#3310 = CARTESIAN_POINT ( 'NONE',  ( -16.95639489310928028, 4.500000000000000888, 26.09107644866586995 ) ) ;
#3311 = MECHANICAL_DESIGN_GEOMETRIC_PRESENTATION_REPRESENTATION (  '', ( #2492 ), #140 ) ;
#3312 = ADVANCED_FACE ( 'NONE', ( #2526 ), #3129, .F. ) ;
#3313 = DIRECTION ( 'NONE',  ( -0.000000000000000000, -1.000000000000000000, -0.000000000000000000 ) ) ;
#3314 = VERTEX_POINT ( 'NONE', #2812 ) ;
#3315 = CIRCLE ( 'NONE', #2087, 24.17999999999474880 ) ;
#3316 = CARTESIAN_POINT ( 'NONE',  ( 10.82845329693746628, -1.499999999999999556, 17.84425055422909878 ) ) ;
#3317 = FACE_OUTER_BOUND ( 'NONE', #1027, .T. ) ;
#3318 = EDGE_CURVE ( 'NONE', #1425, #2115, #1422, .T. ) ;
#3319 = CARTESIAN_POINT ( 'NONE',  ( -18.50186364198975753, -1.499999999999999556, 20.37971968835483239 ) ) ;
#3320 = AXIS2_PLACEMENT_3D ( 'NONE', #2002, #1192, #3119 ) ;
#3321 = CARTESIAN_POINT ( 'NONE',  ( -3.908459852915611155, -1.500000000000000000, 25.57284847922623072 ) ) ;
#3322 = ORIENTED_EDGE ( 'NONE', *, *, #1668, .F. ) ;
#3323 = EDGE_CURVE ( 'NONE', #1399, #2731, #280, .T. ) ;
#3324 = DIRECTION ( 'NONE',  ( 0.000000000000000000, 1.000000000000000000, 0.000000000000000000 ) ) ;
#3325 = ORIENTED_EDGE ( 'NONE', *, *, #389, .F. ) ;
#3326 = PLANE ( 'NONE',  #1968 ) ;
#3327 = EDGE_LOOP ( 'NONE', ( #1138, #794 ) ) ;
#3328 = EDGE_CURVE ( 'NONE', #2153, #817, #2404, .T. ) ;
#3329 = CARTESIAN_POINT ( 'NONE',  ( -23.31852079810676770, 4.500000000000000888, 22.23402457419381761 ) ) ;
#3330 = LINE ( 'NONE', #837, #2307 ) ;
#3331 = DIRECTION ( 'NONE',  ( 0.000000000000000000, 0.000000000000000000, -1.000000000000000000 ) ) ;
#3332 = ORIENTED_EDGE ( 'NONE', *, *, #2308, .F. ) ;
#3333 = EDGE_CURVE ( 'NONE', #2169, #235, #3038, .T. ) ;
#3334 = DIRECTION ( 'NONE',  ( 0.000000000000000000, 0.000000000000000000, 1.000000000000000000 ) ) ;
#3335 = CARTESIAN_POINT ( 'NONE',  ( -26.15854876511650318, 4.500000000000000888, 17.54218309334801873 ) ) ;
#3336 = DIRECTION ( 'NONE',  ( 0.000000000000000000, 0.000000000000000000, -1.000000000000000000 ) ) ;
#3337 = EDGE_CURVE ( 'NONE', #2169, #2347, #1246, .T. ) ;
#3338 = DIRECTION ( 'NONE',  ( 0.000000000000000000, 0.000000000000000000, -1.000000000000000000 ) ) ;
#3339 = VERTEX_POINT ( 'NONE', #3424 ) ;
#3340 = CIRCLE ( 'NONE', #1133, 24.17999999999474880 ) ;
#3341 = FACE_OUTER_BOUND ( 'NONE', #414, .T. ) ;
#3342 = CIRCLE ( 'NONE', #846, 28.50000000000000355 ) ;
#3343 = ORIENTED_EDGE ( 'NONE', *, *, #2663, .F. ) ;
#3344 = DIRECTION ( 'NONE',  ( 0.000000000000000000, 1.000000000000000000, 0.000000000000000000 ) ) ;
#3345 = ORIENTED_EDGE ( 'NONE', *, *, #719, .F. ) ;
#3346 = B_SPLINE_CURVE_WITH_KNOTS ( 'NONE', 3,
 ( #3392, #901, #2643, #3518 ),
 .UNSPECIFIED., .F., .F.,
 ( 4, 4 ),
 ( 0.1547128134717859205, 1.000000000000000000 ),
 .UNSPECIFIED. ) ;
#3347 = AXIS2_PLACEMENT_3D ( 'NONE', #3205, #1820, #3499 ) ;
#3348 = CARTESIAN_POINT ( 'NONE',  ( -30.00558617142361229, -1.499999999999999556, -11.56960038874109564 ) ) ;
#3349 = LINE ( 'NONE', #3108, #1152 ) ;
#3350 = ORIENTED_EDGE ( 'NONE', *, *, #134, .F. ) ;
#3351 = CARTESIAN_POINT ( 'NONE',  ( -31.06171899842669504, -1.500000000000000000, 1.580367680584599199 ) ) ;
#3352 = CARTESIAN_POINT ( 'NONE',  ( 17.44810060386139838, 4.500000000000000888, 11.41775632112769756 ) ) ;
#3353 = CARTESIAN_POINT ( 'NONE',  ( 20.60224891516562806, 4.500000000000000888, -11.46756735960912899 ) ) ;
#3354 = CARTESIAN_POINT ( 'NONE',  ( -22.49815374884467190, 4.500000000000000888, -19.18779339070546897 ) ) ;
#3355 = DIRECTION ( 'NONE',  ( -0.000000000000000000, -1.000000000000000000, -0.000000000000000000 ) ) ;
#3356 = ORIENTED_EDGE ( 'NONE', *, *, #3225, .F. ) ;
#3357 = EDGE_CURVE ( 'NONE', #1010, #1150, #1257, .T. ) ;
#3358 = AXIS2_PLACEMENT_3D ( 'NONE', #326, #310, #1413 ) ;
#3359 = CARTESIAN_POINT ( 'NONE',  ( -20.91398918567211496, -1.500000000000000000, 22.29415891594848631 ) ) ;
#3360 = ORIENTED_EDGE ( 'NONE', *, *, #1637, .F. ) ;
#3361 = CARTESIAN_POINT ( 'NONE',  ( -32.04682075535166774, 4.500000000000000888, 10.34039134424520334 ) ) ;
#3362 = ORIENTED_EDGE ( 'NONE', *, *, #1261, .T. ) ;
#3363 = EDGE_CURVE ( 'NONE', #1903, #356, #2542, .T. ) ;
#3364 = DIRECTION ( 'NONE',  ( 0.000000000000000000, 0.000000000000000000, -1.000000000000000000 ) ) ;
#3365 = CARTESIAN_POINT ( 'NONE',  ( -10.34599396699874241, 4.500000000000000888, -26.67160884831726975 ) ) ;
#3366 = VERTEX_POINT ( 'NONE', #83 ) ;
#3367 = B_SPLINE_SURFACE_WITH_KNOTS ( 'NONE', 3, 1, ( 
 ( #1349, #3299 ),
 ( #1134, #33 ),
 ( #845, #1697 ),
 ( #1115, #332 ) ),
 .UNSPECIFIED., .F., .F., .F.,
 ( 4, 4 ),
 ( 2, 2 ),
 ( 0.000000000000000000, 0.8452273900860258760 ),
 ( 0.000000000000000000, 1.000000000000000000 ),
 .UNSPECIFIED. ) ;
#3368 = LINE ( 'NONE', #361, #2025 ) ;
#3369 = CARTESIAN_POINT ( 'NONE',  ( 10.82825432073823002, -1.500000000000000000, -17.84447548730388888 ) ) ;
#3370 = CARTESIAN_POINT ( 'NONE',  ( 21.06912270265101128, -1.500000000000000000, 10.34039134424517492 ) ) ;
#3371 = ORIENTED_EDGE ( 'NONE', *, *, #1400, .T. ) ;
#3372 = EDGE_CURVE ( 'NONE', #2615, #3436, #3373, .T. ) ;
#3373 = LINE ( 'NONE', #1454, #1715 ) ;
#3374 = LINE ( 'NONE', #1080, #1189 ) ;
#3375 = VERTEX_POINT ( 'NONE', #2034 ) ;
#3376 = VECTOR ( 'NONE', #2904, 1000.000000000000000 ) ;
#3377 = ADVANCED_FACE ( 'NONE', ( #384 ), #618, .F. ) ;
#3378 = DIRECTION ( 'NONE',  ( 0.000000000000000000, 0.000000000000000000, 1.000000000000000000 ) ) ;
#3379 = EDGE_LOOP ( 'NONE', ( #1683, #3420, #534, #3173 ) ) ;
#3380 = CARTESIAN_POINT ( 'NONE',  ( 17.44744740486553880, -1.500000000000000000, -11.46358741128010550 ) ) ;
#3381 = ORIENTED_EDGE ( 'NONE', *, *, #531, .T. ) ;
#3382 = CARTESIAN_POINT ( 'NONE',  ( -9.812774688307900561, 4.500000000000000888, -28.17010610170184748 ) ) ;
#3383 = B_SPLINE_SURFACE_WITH_KNOTS ( 'NONE', 3, 1, ( 
 ( #402, #1219 ),
 ( #1508, #2341 ),
 ( #3457, #968 ),
 ( #2068, #3184 ) ),
 .UNSPECIFIED., .F., .F., .F.,
 ( 4, 4 ),
 ( 2, 2 ),
 ( 0.000000000000000000, 0.8452273900860258760 ),
 ( 0.000000000000000000, 1.000000000000000000 ),
 .UNSPECIFIED. ) ;
#3384 = FACE_OUTER_BOUND ( 'NONE', #2267, .T. ) ;
#3385 = ORIENTED_EDGE ( 'NONE', *, *, #1241, .T. ) ;
#3386 = AXIS2_PLACEMENT_3D ( 'NONE', #1238, #3186, #1526 ) ;
#3387 = CARTESIAN_POINT ( 'NONE',  ( -26.88473654527613022, 4.500000000000000888, -14.13165391179843233 ) ) ;
#3388 = CARTESIAN_POINT ( 'NONE',  ( 2.623596517966381381, 4.500000000000000888, -24.32439743216851369 ) ) ;
#3389 = DIRECTION ( 'NONE',  ( -0.000000000000000000, -1.000000000000000000, -0.000000000000000000 ) ) ;
#3390 = CARTESIAN_POINT ( 'NONE',  ( 11.37293167025083740, 4.500000000000000888, -22.97675650328465835 ) ) ;
#3391 = ORIENTED_EDGE ( 'NONE', *, *, #2237, .F. ) ;
#3392 = CARTESIAN_POINT ( 'NONE',  ( -29.10115117575418964, -1.500000000000000000, -5.208820510378441959 ) ) ;
#3393 = FACE_OUTER_BOUND ( 'NONE', #833, .T. ) ;
#3394 = ORIENTED_EDGE ( 'NONE', *, *, #639, .T. ) ;
#3395 = CARTESIAN_POINT ( 'NONE',  ( 2.623596517966381381, -1.500000000000000000, -24.32439743216851369 ) ) ;
#3396 = ORIENTED_EDGE ( 'NONE', *, *, #719, .T. ) ;
#3397 = AXIS2_PLACEMENT_3D ( 'NONE', #2562, #2603, #2293 ) ;
#3398 = VECTOR ( 'NONE', #1440, 1000.000000000000000 ) ;
#3399 = CARTESIAN_POINT ( 'NONE',  ( -28.42579865656206906, 4.500000000000000888, -11.41779930682794664 ) ) ;
#3400 = CARTESIAN_POINT ( 'NONE',  ( -5.488849026350334448, 4.500000000000000888, -2.149285012149996658E-05 ) ) ;
#3401 = ORIENTED_EDGE ( 'NONE', *, *, #244, .T. ) ;
#3402 = AXIS2_PLACEMENT_3D ( 'NONE', #2049, #1765, #1746 ) ;
#3403 = EDGE_CURVE ( 'NONE', #3008, #2, #2605, .T. ) ;
#3404 = CARTESIAN_POINT ( 'NONE',  ( -31.01569370576489959, -1.500000000000000000, -9.129404262119123814 ) ) ;
#3405 = CARTESIAN_POINT ( 'NONE',  ( -7.069238199785051968, 4.500000000000000888, -25.57289146492648158 ) ) ;
#3406 = FACE_OUTER_BOUND ( 'NONE', #763, .T. ) ;
#3407 = B_SPLINE_CURVE_WITH_KNOTS ( 'NONE', 3,
 ( #2030, #3351, #65, #1435 ),
 .UNSPECIFIED., .F., .F.,
 ( 4, 4 ),
 ( 0.1547128134717859205, 1.000000000000000000 ),
 .UNSPECIFIED. ) ;
#3408 = CARTESIAN_POINT ( 'NONE',  ( 7.524165589289098399, -1.499999999999999556, -20.37976267405506903 ) ) ;
#3409 = ORIENTED_EDGE ( 'NONE', *, *, #2642, .T. ) ;
#3410 = CARTESIAN_POINT ( 'NONE',  ( 17.48788598408414430, 4.500000000000000888, 16.86175920375113435 ) ) ;
#3411 = B_SPLINE_SURFACE_WITH_KNOTS ( 'NONE', 3, 1, ( 
 ( #1358, #2469 ),
 ( #836, #1377 ),
 ( #2207, #3256 ),
 ( #3562, #2979 ) ),
 .UNSPECIFIED., .F., .F., .F.,
 ( 4, 4 ),
 ( 2, 2 ),
 ( 0.000000000000000000, 0.8452273900860258760 ),
 ( 0.000000000000000000, 1.000000000000000000 ),
 .UNSPECIFIED. ) ;
#3412 = CARTESIAN_POINT ( 'NONE',  ( 12.03190452539710797, -1.499999999999999556, -20.68694371554413536 ) ) ;
#3413 = ORIENTED_EDGE ( 'NONE', *, *, #2485, .F. ) ;
#3414 = DIRECTION ( 'NONE',  ( -0.000000000000000000, -1.000000000000000000, -0.000000000000000000 ) ) ;
#3415 = ORIENTED_EDGE ( 'NONE', *, *, #47, .F. ) ;
#3416 = AXIS2_PLACEMENT_3D ( 'NONE', #889, #1144, #94 ) ;
#3417 = EDGE_CURVE ( 'NONE', #1428, #588, #2915, .T. ) ;
#3418 = CARTESIAN_POINT ( 'NONE',  ( -28.42514545756620592, 4.500000000000000888, 11.46354442557986708 ) ) ;
#3419 = ORIENTED_EDGE ( 'NONE', *, *, #2916, .F. ) ;
#3420 = ORIENTED_EDGE ( 'NONE', *, *, #2564, .F. ) ;
#3421 = CARTESIAN_POINT ( 'NONE',  ( -33.81817558971054893, 4.500000000000000888, -3.114384423931467971 ) ) ;
#3422 = CYLINDRICAL_SURFACE ( 'NONE', #225, 24.17999999999474880 ) ;
#3423 = ADVANCED_FACE ( 'NONE', ( #1511 ), #669, .T. ) ;
#3424 = CARTESIAN_POINT ( 'NONE',  ( 12.35542302072888887, 4.500000000000000888, -16.31732381613791816 ) ) ;
#3425 = VECTOR ( 'NONE', #3414, 1000.000000000000000 ) ;
#3426 = DIRECTION ( 'NONE',  ( -0.000000000000000000, -1.000000000000000000, -0.000000000000000000 ) ) ;
#3427 = EDGE_LOOP ( 'NONE', ( #616, #1199, #3469, #39 ) ) ;
#3428 = AXIS2_PLACEMENT_3D ( 'NONE', #203, #2596, #2358 ) ;
#3429 = ADVANCED_FACE ( 'NONE', ( #3406 ), #1222, .T. ) ;
#3430 = CARTESIAN_POINT ( 'NONE',  ( -16.63147601631059658, 4.500000000000000888, 21.45957458355251646 ) ) ;
#3431 = FACE_OUTER_BOUND ( 'NONE', #181, .T. ) ;
#3432 = EDGE_CURVE ( 'NONE', #2858, #3069, #404, .T. ) ;
#3433 = DIRECTION ( 'NONE',  ( -0.000000000000000000, -1.000000000000000000, -0.000000000000000000 ) ) ;
#3434 = VERTEX_POINT ( 'NONE', #364 ) ;
#3435 = LINE ( 'NONE', #162, #1728 ) ;
#3436 = VERTEX_POINT ( 'NONE', #2862 ) ;
#3437 = ORIENTED_EDGE ( 'NONE', *, *, #380, .T. ) ;
#3438 = CARTESIAN_POINT ( 'NONE',  ( -32.50575565983485404, 4.500000000000000888, 2.238797844756622357 ) ) ;
#3439 = CARTESIAN_POINT ( 'NONE',  ( 18.57617268906778563, 4.500000000000000888, 7.999978505002542484 ) ) ;
#3440 = EDGE_CURVE ( 'NONE', #1206, #696, #2764, .T. ) ;
#3441 = B_SPLINE_CURVE_WITH_KNOTS ( 'NONE', 3,
 ( #514, #444, #2090, #1309 ),
 .UNSPECIFIED., .F., .F.,
 ( 4, 4 ),
 ( 0.1547128134717859205, 1.000000000000000000 ),
 .UNSPECIFIED. ) ;
#3442 = CARTESIAN_POINT ( 'NONE',  ( -16.90662684032815477, -1.500000000000000000, 22.93692813736161185 ) ) ;
#3443 = DIRECTION ( 'NONE',  ( -0.000000000000000000, -1.000000000000000000, -0.000000000000000000 ) ) ;
#3444 = ORIENTED_EDGE ( 'NONE', *, *, #940, .T. ) ;
#3445 = EDGE_CURVE ( 'NONE', #3132, #393, #2235, .T. ) ;
#3446 = CARTESIAN_POINT ( 'NONE',  ( -16.95241494478030830, -1.499999999999999556, -22.93631792406599601 ) ) ;
#3447 = DIRECTION ( 'NONE',  ( 0.000000000000000000, 0.000000000000000000, 1.000000000000000000 ) ) ;
#3448 = CARTESIAN_POINT ( 'NONE',  ( -6.568579672709797812, 4.500000000000000888, 24.15585940044496027 ) ) ;
#3449 = ORIENTED_EDGE ( 'NONE', *, *, #2493, .F. ) ;
#3450 = CARTESIAN_POINT ( 'NONE',  ( 5.653777963609933011, -1.499999999999999556, -21.45961756925276021 ) ) ;
#3451 = EDGE_LOOP ( 'NONE', ( #723, #1460, #3268, #2298 ) ) ;
#3452 = B_SPLINE_CURVE_WITH_KNOTS ( 'NONE', 3,
 ( #187, #3493, #1543, #1217 ),
 .UNSPECIFIED., .F., .F.,
 ( 4, 4 ),
 ( 0.1547128134717859205, 1.000000000000000000 ),
 .UNSPECIFIED. ) ;
#3453 = ORIENTED_EDGE ( 'NONE', *, *, #1220, .F. ) ;
#3454 = EDGE_LOOP ( 'NONE', ( #3463, #3391, #1337, #3233 ) ) ;
#3455 = AXIS2_PLACEMENT_3D ( 'NONE', #811, #619, #1388 ) ;
#3456 = CARTESIAN_POINT ( 'NONE',  ( 17.44810060386139838, 4.500000000000000888, 11.41775632112769756 ) ) ;
#3457 = CARTESIAN_POINT ( 'NONE',  ( -3.948440114060258743, 4.500000000000000888, -25.59521983022841241 ) ) ;
#3458 = AXIS2_PLACEMENT_3D ( 'NONE', #46, #876, #82 ) ;
#3459 = AXIS2_PLACEMENT_3D ( 'NONE', #1043, #2697, #3208 ) ;
#3460 = CARTESIAN_POINT ( 'NONE',  ( -5.488849026350334448, -1.500000000000000000, -2.149285012149996658E-05 ) ) ;
#3461 = CARTESIAN_POINT ( 'NONE',  ( 12.03190452539710797, 4.500000000000000888, -20.68694371554413536 ) ) ;
#3462 = DIRECTION ( 'NONE',  ( -0.000000000000000000, -1.000000000000000000, -0.000000000000000000 ) ) ;
#3463 = ORIENTED_EDGE ( 'NONE', *, *, #1547, .T. ) ;
#3464 = FACE_OUTER_BOUND ( 'NONE', #1649, .T. ) ;
#3465 = CARTESIAN_POINT ( 'NONE',  ( 11.47639684385719150, 4.500000000000000888, -19.20027516595664352 ) ) ;
#3466 = DIRECTION ( 'NONE',  ( 0.000000000000000000, 0.000000000000000000, -1.000000000000000000 ) ) ;
#3467 = ORIENTED_EDGE ( 'NONE', *, *, #1931, .F. ) ;
#3468 = CARTESIAN_POINT ( 'NONE',  ( 5.928928787627477881, -1.499999999999999556, -22.93697112306185559 ) ) ;
#3469 = ORIENTED_EDGE ( 'NONE', *, *, #694, .F. ) ;
#3470 = EDGE_CURVE ( 'NONE', #318, #484, #2291, .T. ) ;
#3471 = FACE_OUTER_BOUND ( 'NONE', #1074, .T. ) ;
#3472 = EDGE_LOOP ( 'NONE', ( #523, #2814, #1411, #812 ) ) ;
#3473 = CIRCLE ( 'NONE', #298, 28.50000000000000355 ) ;
#3474 = DIRECTION ( 'NONE',  ( 0.000000000000000000, 0.000000000000000000, 1.000000000000000000 ) ) ;
#3475 = CARTESIAN_POINT ( 'NONE',  ( -29.10115117575429267, -1.499999999999999556, -5.208820510378017410 ) ) ;
#3476 = DIRECTION ( 'NONE',  ( 0.000000000000000000, 1.000000000000000000, 0.000000000000000000 ) ) ;
#3477 = CARTESIAN_POINT ( 'NONE',  ( -5.488849026350334448, -1.500000000000000000, -2.149285012149996658E-05 ) ) ;
#3478 = DIRECTION ( 'NONE',  ( 0.000000000000000000, 0.000000000000000000, 1.000000000000000000 ) ) ;
#3479 = EDGE_LOOP ( 'NONE', ( #2563, #3415, #972, #2045 ) ) ;
#3480 = ADVANCED_FACE ( 'NONE', ( #2326 ), #702, .F. ) ;
#3481 = LINE ( 'NONE', #706, #2992 ) ;
#3482 = DIRECTION ( 'NONE',  ( 0.000000000000000000, 1.000000000000000000, 0.000000000000000000 ) ) ;
#3483 = CARTESIAN_POINT ( 'NONE',  ( 15.19807319634367637, -1.500000000000000000, 17.52073205889731256 ) ) ;
#3484 = EDGE_CURVE ( 'NONE', #2182, #1158, #1038, .T. ) ;
#3485 = CARTESIAN_POINT ( 'NONE',  ( -3.908459852915611155, -1.499999999999999556, 25.57284847922623072 ) ) ;
#3486 = ORIENTED_EDGE ( 'NONE', *, *, #655, .T. ) ;
#3487 = EDGE_CURVE ( 'NONE', #2640, #386, #60, .T. ) ;
#3488 = AXIS2_PLACEMENT_3D ( 'NONE', #2977, #779, #3560 ) ;
#3489 = CARTESIAN_POINT ( 'NONE',  ( 5.978696840408614044, 4.500000000000000888, -26.09111943436611369 ) ) ;
#3490 = ORIENTED_EDGE ( 'NONE', *, *, #1489, .T. ) ;
#3491 = CARTESIAN_POINT ( 'NONE',  ( 12.35560496810342990, 4.500000000000000888, 16.31708185423844526 ) ) ;
#3492 = VERTEX_POINT ( 'NONE', #2952 ) ;
#3493 = CARTESIAN_POINT ( 'NONE',  ( 17.44810060386139838, -1.500000000000000000, 11.41775632112769756 ) ) ;
#3494 = B_SPLINE_CURVE_WITH_KNOTS ( 'NONE', 3,
 ( #2451, #1854, #2413, #2968 ),
 .UNSPECIFIED., .F., .F.,
 ( 4, 4 ),
 ( 0.1547128134717859205, 0.7774895956119340923 ),
 .UNSPECIFIED. ) ;
#3495 = EDGE_CURVE ( 'NONE', #1667, #1317, #1855, .T. ) ;
#3496 = AXIS2_PLACEMENT_3D ( 'NONE', #1789, #1533, #2645 ) ;
#3497 = CARTESIAN_POINT ( 'NONE',  ( -5.488849026350334448, 4.500000000000000888, -2.149285012149996658E-05 ) ) ;
#3498 = CARTESIAN_POINT ( 'NONE',  ( -5.488849026350334448, 4.500000000000000888, -2.149285012149996658E-05 ) ) ;
#3499 = DIRECTION ( 'NONE',  ( 0.000000000000000000, 0.000000000000000000, 1.000000000000000000 ) ) ;
#3500 = CARTESIAN_POINT ( 'NONE',  ( 5.978696840408749047, -1.499999999999999556, 26.09107644866580600 ) ) ;
#3501 = VERTEX_POINT ( 'NONE', #1839 ) ;
#3502 = CARTESIAN_POINT ( 'NONE',  ( 7.524165589289098399, 4.500000000000000888, -20.37976267405506903 ) ) ;
#3503 = CARTESIAN_POINT ( 'NONE',  ( 18.57617268906778563, -1.500000000000000000, 7.999978505002542484 ) ) ;
#3504 = ORIENTED_EDGE ( 'NONE', *, *, #3337, .F. ) ;
#3505 = CARTESIAN_POINT ( 'NONE',  ( 15.97074705005229234, 4.500000000000000888, 11.14260549711014114 ) ) ;
#3506 = ORIENTED_EDGE ( 'NONE', *, *, #2566, .T. ) ;
#3507 = CARTESIAN_POINT ( 'NONE',  ( -5.488849026350334448, -1.500000000000000000, -2.149285012149996658E-05 ) ) ;
#3508 = VERTEX_POINT ( 'NONE', #2679 ) ;
#3509 = CARTESIAN_POINT ( 'NONE',  ( -23.00960257809775911, 4.500000000000000888, 20.68690072984389872 ) ) ;
#3510 = CARTESIAN_POINT ( 'NONE',  ( -17.08360553726237896, -1.500000000000000000, -24.50567493215763548 ) ) ;
#3511 = EDGE_CURVE ( 'NONE', #3508, #1891, #1660, .T. ) ;
#3512 = CARTESIAN_POINT ( 'NONE',  ( -1.164923364392980165, -1.500000000000000000, 28.17006311600163215 ) ) ;
#3513 = CARTESIAN_POINT ( 'NONE',  ( 12.34082274540609525, 4.500000000000000888, 22.23402457419382472 ) ) ;
#3514 = CIRCLE ( 'NONE', #1940, 24.17999999999474525 ) ;
#3515 = VECTOR ( 'NONE', #3426, 1000.000000000000000 ) ;
#3516 = VECTOR ( 'NONE', #757, 1000.000000000000000 ) ;
#3517 = CARTESIAN_POINT ( 'NONE',  ( -28.46558403678491089, 4.500000000000000888, -16.86180218945124665 ) ) ;
#3518 = CARTESIAN_POINT ( 'NONE',  ( -33.65893363520208936, -1.500000000000000000, -4.323947154807512128 ) ) ;
#3519 = CARTESIAN_POINT ( 'NONE',  ( -2.374486095268816932, 4.500000000000000888, 28.32930507051007751 ) ) ;
#3520 = EDGE_LOOP ( 'NONE', ( #68, #688, #2651, #798 ) ) ;
#3521 = ORIENTED_EDGE ( 'NONE', *, *, #2807, .T. ) ;
#3522 = DIRECTION ( 'NONE',  ( 0.000000000000000000, 1.000000000000000000, 0.000000000000000000 ) ) ;
#3523 = ORIENTED_EDGE ( 'NONE', *, *, #2527, .T. ) ;
#3524 = CARTESIAN_POINT ( 'NONE',  ( -6.568579672709797812, -1.500000000000000000, 24.15585940044496027 ) ) ;
#3525 = ORIENTED_EDGE ( 'NONE', *, *, #2868, .F. ) ;
#3526 = EDGE_CURVE ( 'NONE', #372, #835, #1305, .T. ) ;
#3527 = CARTESIAN_POINT ( 'NONE',  ( -29.78130976795235441, 4.500000000000000888, 8.145263012061844776 ) ) ;
#3528 = FACE_OUTER_BOUND ( 'NONE', #861, .T. ) ;
#3529 = CARTESIAN_POINT ( 'NONE',  ( 10.82825432073823002, -1.500000000000000000, -17.84447548730388888 ) ) ;
#3530 = CARTESIAN_POINT ( 'NONE',  ( -31.08404736372862587, -1.499999999999999556, -1.540430405140194692 ) ) ;
#3531 = EDGE_CURVE ( 'NONE', #287, #1472, #1831, .T. ) ;
#3532 = CIRCLE ( 'NONE', #3416, 8.000000000000000000 ) ;
#3533 = CIRCLE ( 'NONE', #1034, 24.17999999999474880 ) ;
#3534 = CARTESIAN_POINT ( 'NONE',  ( 20.30208337371831817, 4.500000000000000888, -9.467082605183424704 ) ) ;
#3535 = B_SPLINE_CURVE_WITH_KNOTS ( 'NONE', 3,
 ( #19, #3359, #2797, #55 ),
 .UNSPECIFIED., .F., .F.,
 ( 4, 4 ),
 ( 0.000000000000000000, 0.8452273900860258760 ),
 .UNSPECIFIED. ) ;
#3536 = DIRECTION ( 'NONE',  ( 0.000000000000000000, 1.000000000000000000, 0.000000000000000000 ) ) ;
#3537 = DIRECTION ( 'NONE',  ( 0.000000000000000000, 1.000000000000000000, 0.000000000000000000 ) ) ;
#3538 = ORIENTED_EDGE ( 'NONE', *, *, #2601, .F. ) ;
#3539 = VERTEX_POINT ( 'NONE', #986 ) ;
#3540 = AXIS2_PLACEMENT_3D ( 'NONE', #1559, #1031, #2135 ) ;
#3541 = CYLINDRICAL_SURFACE ( 'NONE', #3005, 24.17999999999474880 ) ;
#3542 = ORIENTED_EDGE ( 'NONE', *, *, #1692, .F. ) ;
#3543 = AXIS2_PLACEMENT_3D ( 'NONE', #1287, #2066, #948 ) ;
#3544 = CARTESIAN_POINT ( 'NONE',  ( -5.488849026350334448, -1.500000000000000000, -24.18002149284486890 ) ) ;
#3545 = ORIENTED_EDGE ( 'NONE', *, *, #650, .T. ) ;
#3546 = DIRECTION ( 'NONE',  ( -0.000000000000000000, -1.000000000000000000, -0.000000000000000000 ) ) ;
#3547 = CARTESIAN_POINT ( 'NONE',  ( -0.6317040857019414757, 4.500000000000000888, 26.67156586261702245 ) ) ;
#3548 = B_SPLINE_CURVE_WITH_KNOTS ( 'NONE', 3,
 ( #1036, #509, #1603, #2729 ),
 .UNSPECIFIED., .F., .F.,
 ( 4, 4 ),
 ( 0.000000000000000000, 0.8452273900860258760 ),
 .UNSPECIFIED. ) ;
#3549 = CARTESIAN_POINT ( 'NONE',  ( -17.05842792224131443, 4.500000000000000888, 24.51671565222315152 ) ) ;
#3550 = EDGE_LOOP ( 'NONE', ( #2073, #18 ) ) ;
#3551 = CARTESIAN_POINT ( 'NONE',  ( -25.86859020755528960, 4.500000000000000888, -13.01303610848954406 ) ) ;
#3552 = FACE_OUTER_BOUND ( 'NONE', #175, .T. ) ;
#3553 = CARTESIAN_POINT ( 'NONE',  ( -14.61823179561934438, -1.499999999999999556, 25.52682318656443528 ) ) ;
#3554 = CARTESIAN_POINT ( 'NONE',  ( -5.488849026350334448, 4.500000000000000888, -2.149285012149996658E-05 ) ) ;
#3555 = VERTEX_POINT ( 'NONE', #2089 ) ;
#3556 = EDGE_CURVE ( 'NONE', #1898, #835, #2395, .T. ) ;
#3557 = ORIENTED_EDGE ( 'NONE', *, *, #1865, .T. ) ;
#3558 = DIRECTION ( 'NONE',  ( -0.000000000000000000, -1.000000000000000000, -0.000000000000000000 ) ) ;
#3559 = EDGE_LOOP ( 'NONE', ( #745, #815, #291, #1123 ) ) ;
#3560 = DIRECTION ( 'NONE',  ( 0.000000000000000000, 0.000000000000000000, -1.000000000000000000 ) ) ;
#3561 = ORIENTED_EDGE ( 'NONE', *, *, #1686, .T. ) ;
#3562 = CARTESIAN_POINT ( 'NONE',  ( -25.86859020755528960, 4.500000000000000888, -13.01303610848954406 ) ) ;
#3563 = CARTESIAN_POINT ( 'NONE',  ( -30.61059929316137840, 4.500000000000000888, 5.136582548612916632 ) ) ;
#3564 = DIRECTION ( 'NONE',  ( 0.000000000000000000, 1.000000000000000000, 0.000000000000000000 ) ) ;
#3565 = ORIENTED_EDGE ( 'NONE', *, *, #581, .F. ) ;
#3566 =( NAMED_UNIT ( * ) SI_UNIT ( $, .STERADIAN. ) SOLID_ANGLE_UNIT ( ) );
#3567 = CARTESIAN_POINT ( 'NONE',  ( -12.78404782866571843, -1.499999999999999556, -23.05327450483180840 ) ) ;
#3568 = DIRECTION ( 'NONE',  ( 0.000000000000000000, 0.000000000000000000, 1.000000000000000000 ) ) ;
#3569 = EDGE_CURVE ( 'NONE', #235, #570, #228, .T. ) ;
#3570 = DIRECTION ( 'NONE',  ( 0.000000000000000000, 0.000000000000000000, 1.000000000000000000 ) ) ;
#3571 = CARTESIAN_POINT ( 'NONE',  ( 15.97062280121407873, 4.500000000000000888, -11.14288777050576940 ) ) ;
#3572 = ORIENTED_EDGE ( 'NONE', *, *, #375, .T. ) ;
#3573 = AXIS2_PLACEMENT_3D ( 'NONE', #1787, #1443, #2546 ) ;
#3574 = ORIENTED_EDGE ( 'NONE', *, *, #2998, .F. ) ;
#3575 = EDGE_CURVE ( 'NONE', #354, #2902, #1563, .T. ) ;
ENDSEC;
END-ISO-10303-21;
