ISO-10303-21;
HEADER;
FILE_DESCRIPTION (( 'STEP AP214' ),
    '1' );
FILE_NAME ('Gear Link 2.STEP',
    '2026-04-30T16:22:10',
    ( '' ),
    ( '' ),
    'SwSTEP 2.0',
    'SolidWorks 2022',
    '' );
FILE_SCHEMA (( 'AUTOMOTIVE_DESIGN' ));
ENDSEC;

DATA;
#1 = B_SPLINE_CURVE_WITH_KNOTS ( 'NONE', 3,
 ( #1678, #2183, #360, #1474 ),
 .UNSPECIFIED., .F., .F.,
 ( 4, 4 ),
 ( 0.8181806201944104018, 0.8475986972523573693 ),
 .UNSPECIFIED. ) ;
#2 = ORIENTED_EDGE ( 'NONE', *, *, #486, .T. ) ;
#3 = CARTESIAN_POINT ( 'NONE',  ( -30.08163230004591071, -1.500000000000000222, -5.960372132265750800 ) ) ;
#4 = ORIENTED_EDGE ( 'NONE', *, *, #2005, .F. ) ;
#5 = CARTESIAN_POINT ( 'NONE',  ( -23.65316645461132339, 4.500000000000000000, -19.37470818749513413 ) ) ;
#6 = B_SPLINE_SURFACE_WITH_KNOTS ( 'NONE', 3, 1, ( 
 ( #2317, #639 ),
 ( #1945, #1191 ),
 ( #889, #539 ),
 ( #2006, #492 ) ),
 .UNSPECIFIED., .F., .F., .F.,
 ( 4, 4 ),
 ( 2, 2 ),
 ( 0.000000000000000000, 0.5855695330273008592 ),
 ( 0.000000000000000000, 1.000000000000000000 ),
 .UNSPECIFIED. ) ;
#7 = CARTESIAN_POINT ( 'NONE',  ( -31.03161992710638373, 4.500000000000000000, 0.02516993119038501633 ) ) ;
#8 = ORIENTED_EDGE ( 'NONE', *, *, #1573, .F. ) ;
#9 = CARTESIAN_POINT ( 'NONE',  ( -4.687955166600964674, 4.500000000000000000, -24.88247861311390707 ) ) ;
#10 = CARTESIAN_POINT ( 'NONE',  ( 20.21048816677658522, 4.500000000000000000, -9.555571157542791738 ) ) ;
#11 = CARTESIAN_POINT ( 'NONE',  ( 56.58605508995699296, 4.500000000000000000, -14.87253688977805588 ) ) ;
#12 = CARTESIAN_POINT ( 'NONE',  ( 16.89145762373553694, 4.500000000000000000, -12.81577999737188023 ) ) ;
#13 = EDGE_LOOP ( 'NONE', ( #131, #792, #644, #907 ) ) ;
#14 = VERTEX_POINT ( 'NONE', #2314 ) ;
#15 = DIRECTION ( 'NONE',  ( -0.000000000000000000, -1.000000000000000000, -0.000000000000000000 ) ) ;
#16 = ORIENTED_EDGE ( 'NONE', *, *, #2132, .F. ) ;
#17 = CARTESIAN_POINT ( 'NONE',  ( -33.85017424870022040, -1.500000000000000444, -1.141061530224296128 ) ) ;
#18 = EDGE_LOOP ( 'NONE', ( #137, #865, #326, #1662 ) ) ;
#19 = EDGE_CURVE ( 'NONE', #479, #1597, #528, .T. ) ;
#20 = CARTESIAN_POINT ( 'NONE',  ( -6.399733631292575886, 4.500000000000000000, -26.52131406040654227 ) ) ;
#21 = CARTESIAN_POINT ( 'NONE',  ( -34.71098207010999204, -1.500000000000000444, -3.404196448550757204 ) ) ;
#22 = DIRECTION ( 'NONE',  ( 0.000000000000000000, 0.000000000000000000, -1.000000000000000000 ) ) ;
#23 = CARTESIAN_POINT ( 'NONE',  ( 6.995915969524182820, -1.500000000000000222, -26.34779985115741852 ) ) ;
#24 = CARTESIAN_POINT ( 'NONE',  ( 18.75077295499721686, -1.500000000000000444, -17.14132692632196608 ) ) ;
#25 = EDGE_CURVE ( 'NONE', #368, #1116, #2265, .T. ) ;
#26 = ORIENTED_EDGE ( 'NONE', *, *, #2081, .F. ) ;
#27 = EDGE_LOOP ( 'NONE', ( #378, #2332, #844, #2168 ) ) ;
#28 = LINE ( 'NONE', #749, #1732 ) ;
#29 = EDGE_LOOP ( 'NONE', ( #1419, #2186, #748, #203 ) ) ;
#30 = CYLINDRICAL_SURFACE ( 'NONE', #2174, 25.99999999999955946 ) ;
#31 = FACE_OUTER_BOUND ( 'NONE', #522, .T. ) ;
#32 = CARTESIAN_POINT ( 'NONE',  ( 2.731113419086195648, -1.500000000000000444, -23.68139426467124764 ) ) ;
#33 = AXIS2_PLACEMENT_3D ( 'NONE', #890, #1590, #1046 ) ;
#34 = CARTESIAN_POINT ( 'NONE',  ( -31.12557915147465337, -1.500000000000000222, -11.30938886312353908 ) ) ;
#35 = ORIENTED_EDGE ( 'NONE', *, *, #1134, .T. ) ;
#36 = CARTESIAN_POINT ( 'NONE',  ( 0.6056010869683264852, 4.500000000000000000, -24.25092357756415851 ) ) ;
#37 = VECTOR ( 'NONE', #728, 1000.000000000000000 ) ;
#38 = EDGE_CURVE ( 'NONE', #479, #213, #130, .T. ) ;
#39 = CARTESIAN_POINT ( 'NONE',  ( -31.06280145886117694, -1.500000000000000444, 1.492432825326317269 ) ) ;
#40 = ORIENTED_EDGE ( 'NONE', *, *, #227, .T. ) ;
#41 = CARTESIAN_POINT ( 'NONE',  ( -17.74106523392211088, 4.500000000000000000, -21.58155889115132098 ) ) ;
#42 = B_SPLINE_CURVE_WITH_KNOTS ( 'NONE', 3,
 ( #53, #433, #785, #627 ),
 .UNSPECIFIED., .F., .F.,
 ( 4, 4 ),
 ( 0.09090310649439187207, 0.1203211835519651524 ),
 .UNSPECIFIED. ) ;
#43 = CARTESIAN_POINT ( 'NONE',  ( -0.5252974800941901945, 4.500000000000000000, -28.53065599047513601 ) ) ;
#44 = CARTESIAN_POINT ( 'NONE',  ( 18.36319551942917272, 4.500000000000000000, -17.62537947261402849 ) ) ;
#45 = ORIENTED_EDGE ( 'NONE', *, *, #1039, .F. ) ;
#46 = CARTESIAN_POINT ( 'NONE',  ( -27.00127763201592757, -1.500000000000000444, -12.81577999737192819 ) ) ;
#47 = CARTESIAN_POINT ( 'NONE',  ( 6.980603845959238107, 4.500000000000000000, -21.92119769668533991 ) ) ;
#48 = DIRECTION ( 'NONE',  ( -0.000000000000000000, -1.000000000000000000, -0.000000000000000000 ) ) ;
#49 = EDGE_CURVE ( 'NONE', #1876, #690, #1865, .T. ) ;
#50 = CARTESIAN_POINT ( 'NONE',  ( 1.321977743877459810, 4.500000000000000000, -24.09125556053739814 ) ) ;
#51 = VECTOR ( 'NONE', #1722, 1000.000000000000000 ) ;
#52 = EDGE_CURVE ( 'NONE', #1027, #966, #489, .T. ) ;
#53 = CARTESIAN_POINT ( 'NONE',  ( -31.03161992710638373, -1.500000000000000222, 0.02516993119038501633 ) ) ;
#54 = VERTEX_POINT ( 'NONE', #2170 ) ;
#55 = DIRECTION ( 'NONE',  ( -0.000000000000000000, -1.000000000000000000, -0.000000000000000000 ) ) ;
#56 = ADVANCED_FACE ( 'NONE', ( #1047 ), #1689, .F. ) ;
#57 = B_SPLINE_SURFACE_WITH_KNOTS ( 'NONE', 3, 1, ( 
 ( #369, #1416 ),
 ( #2178, #1639 ),
 ( #1784, #1773 ),
 ( #916, #342 ) ),
 .UNSPECIFIED., .F., .F., .F.,
 ( 4, 4 ),
 ( 2, 2 ),
 ( 0.5454515525569062495, 0.5748696296145745510 ),
 ( 0.000000000000000000, 1.000000000000000000 ),
 .UNSPECIFIED. ) ;
#58 = EDGE_CURVE ( 'NONE', #1451, #720, #661, .T. ) ;
#59 = ORIENTED_EDGE ( 'NONE', *, *, #1054, .F. ) ;
#60 = CARTESIAN_POINT ( 'NONE',  ( -17.09042385423953192, 4.500000000000000000, -21.92119769668562768 ) ) ;
#61 = LINE ( 'NONE', #1137, #470 ) ;
#62 = CARTESIAN_POINT ( 'NONE',  ( -1.754623470592475920, 4.500000000000000000, -28.69249982747332339 ) ) ;
#63 = CARTESIAN_POINT ( 'NONE',  ( -29.86186789394404428, 4.500000000000000000, 8.910969379754215325 ) ) ;
#64 = EDGE_CURVE ( 'NONE', #1602, #1348, #163, .T. ) ;
#65 = ORIENTED_EDGE ( 'NONE', *, *, #1081, .T. ) ;
#66 = AXIS2_PLACEMENT_3D ( 'NONE', #1020, #565, #1471 ) ;
#67 = FILL_AREA_STYLE ('',( #2087 ) ) ;
#68 = ORIENTED_EDGE ( 'NONE', *, *, #694, .F. ) ;
#69 = CARTESIAN_POINT ( 'NONE',  ( -28.10152377632023857, 4.500000000000000000, -10.91009777460420871 ) ) ;
#70 = CARTESIAN_POINT ( 'NONE',  ( 16.90905829365874879, 4.500000000000000000, -17.63326885348060102 ) ) ;
#71 = CARTESIAN_POINT ( 'NONE',  ( -22.82199993344407574, 4.500000000000000000, -23.04751331760969535 ) ) ;
#72 = DIRECTION ( 'NONE',  ( 0.000000000000000000, 0.000000000000000000, -1.000000000000000000 ) ) ;
#73 = FACE_OUTER_BOUND ( 'NONE', #1851, .T. ) ;
#74 = CARTESIAN_POINT ( 'NONE',  ( -28.85910154575526576, 4.500000000000000000, -15.23504323044662101 ) ) ;
#75 = VERTEX_POINT ( 'NONE', #1970 ) ;
#76 = CARTESIAN_POINT ( 'NONE',  ( -34.71098207010992098, -1.500000000000000222, 5.655028599540994350 ) ) ;
#77 = B_SPLINE_CURVE_WITH_KNOTS ( 'NONE', 3,
 ( #251, #772, #239, #47 ),
 .UNSPECIFIED., .F., .F.,
 ( 4, 4 ),
 ( 0.8181806201944104018, 0.8475986972523573693 ),
 .UNSPECIFIED. ) ;
#78 = CARTESIAN_POINT ( 'NONE',  ( 6.980603845959238107, -1.500000000000000444, -21.92119769668533991 ) ) ;
#79 = EDGE_CURVE ( 'NONE', #176, #320, #1576, .T. ) ;
#80 = CARTESIAN_POINT ( 'NONE',  ( -28.10152377632023857, -1.500000000000000222, -10.91009777460420871 ) ) ;
#81 = CARTESIAN_POINT ( 'NONE',  ( -17.09042385423953192, -1.500000000000000444, -21.92119769668562768 ) ) ;
#82 = CARTESIAN_POINT ( 'NONE',  ( 56.54081381643275961, 4.500000000000000000, -14.87304864845981633 ) ) ;
#83 = VECTOR ( 'NONE', #1211, 1000.000000000000000 ) ;
#84 = UNCERTAINTY_MEASURE_WITH_UNIT (LENGTH_MEASURE( 1.000000000000000082E-05 ), #1694, 'distance_accuracy_value', 'NONE');
#85 = CARTESIAN_POINT ( 'NONE',  ( 13.69588554396887048, 4.500000000000000000, -22.29268944807431296 ) ) ;
#86 = CARTESIAN_POINT ( 'NONE',  ( -28.47301552770922228, -1.500000000000000444, -17.62537947261383664 ) ) ;
#87 = ORIENTED_EDGE ( 'NONE', *, *, #1573, .T. ) ;
#88 = CARTESIAN_POINT ( 'NONE',  ( -30.43124965719936270, 4.500000000000000000, 6.785927166603570093 ) ) ;
#89 = CARTESIAN_POINT ( 'NONE',  ( 20.21048816677658522, -1.500000000000000222, -9.555571157542788185 ) ) ;
#90 = CARTESIAN_POINT ( 'NONE',  ( -27.76188494361622006, 4.500000000000000000, -11.56073892761503252 ) ) ;
#91 = CARTESIAN_POINT ( 'NONE',  ( -6.155156148444743458, -1.500000000000000222, -24.85129384747109427 ) ) ;
#92 = CIRCLE ( 'NONE', #606, 2.000000000000001776 ) ;
#93 = EDGE_CURVE ( 'NONE', #1595, #1000, #927, .T. ) ;
#94 = CARTESIAN_POINT ( 'NONE',  ( 3.399590163111536611, -1.500000000000000444, -25.23120860820611711 ) ) ;
#95 = CIRCLE ( 'NONE', #1368, 3.000000000000007994 ) ;
#96 = ORIENTED_EDGE ( 'NONE', *, *, #166, .T. ) ;
#97 = CARTESIAN_POINT ( 'NONE',  ( -31.41153468784100511, 4.500000000000000000, -7.329084091756497443 ) ) ;
#98 = CARTESIAN_POINT ( 'NONE',  ( -21.41536931008173994, 4.500000000000000000, -22.67877546612023210 ) ) ;
#99 = ORIENTED_EDGE ( 'NONE', *, *, #2014, .F. ) ;
#100 = ORIENTED_EDGE ( 'NONE', *, *, #1512, .F. ) ;
#101 = CARTESIAN_POINT ( 'NONE',  ( 16.90905829365874879, -1.500000000000000222, -17.63326885348060102 ) ) ;
#102 = CARTESIAN_POINT ( 'NONE',  ( -20.05491000413994485, 4.500000000000000000, 1.125416075494895418 ) ) ;
#103 = CARTESIAN_POINT ( 'NONE',  ( 56.26856999087381439, -1.500000000000000222, 1.145478505049902784 ) ) ;
#104 = EDGE_LOOP ( 'NONE', ( #411, #1764, #1428, #1494 ) ) ;
#105 = CARTESIAN_POINT ( 'NONE',  ( 18.36319551942917272, -1.500000000000000222, -17.62537947261402849 ) ) ;
#106 = CARTESIAN_POINT ( 'NONE',  ( -6.155156148444743458, 4.500000000000000000, -24.85129384747109427 ) ) ;
#107 = ORIENTED_EDGE ( 'NONE', *, *, #1220, .T. ) ;
#108 = CARTESIAN_POINT ( 'NONE',  ( -24.20120925319738348, 4.500000000000000000, -16.46490015433791854 ) ) ;
#109 = CARTESIAN_POINT ( 'NONE',  ( 56.54081381643275961, -1.500000000000000222, -12.87304864845981456 ) ) ;
#110 = EDGE_LOOP ( 'NONE', ( #1469, #856, #186, #1690 ) ) ;
#111 = ORIENTED_EDGE ( 'NONE', *, *, #1156, .T. ) ;
#112 = ORIENTED_EDGE ( 'NONE', *, *, #534, .F. ) ;
#113 = B_SPLINE_CURVE_WITH_KNOTS ( 'NONE', 3,
 ( #1883, #235, #1519, #610 ),
 .UNSPECIFIED., .F., .F.,
 ( 4, 4 ),
 ( 0.000000000000000000, 0.5855695330273008592 ),
 .UNSPECIFIED. ) ;
#114 = CARTESIAN_POINT ( 'NONE',  ( -17.10573597780430077, -1.500000000000000222, -26.34779985115730838 ) ) ;
#115 = EDGE_CURVE ( 'NONE', #1597, #1963, #693, .T. ) ;
#116 = CARTESIAN_POINT ( 'NONE',  ( -11.43179739512778603, -1.500000000000000222, -24.09125605920207036 ) ) ;
#117 = DIRECTION ( 'NONE',  ( -0.000000000000000000, -1.000000000000000000, -0.000000000000000000 ) ) ;
#118 = EDGE_CURVE ( 'NONE', #1024, #1162, #333, .T. ) ;
#119 = ORIENTED_EDGE ( 'NONE', *, *, #1632, .T. ) ;
#120 = FACE_OUTER_BOUND ( 'NONE', #271, .T. ) ;
#121 = CARTESIAN_POINT ( 'NONE',  ( 3.399590163111536611, 4.500000000000000000, -25.23120860820611711 ) ) ;
#122 = EDGE_LOOP ( 'NONE', ( #508, #173, #482, #1593 ) ) ;
#123 = DIRECTION ( 'NONE',  ( -0.000000000000000000, -1.000000000000000000, -0.000000000000000000 ) ) ;
#124 = ORIENTED_EDGE ( 'NONE', *, *, #1426, .F. ) ;
#125 = EDGE_LOOP ( 'NONE', ( #1839, #2029, #99, #2158 ) ) ;
#126 = EDGE_LOOP ( 'NONE', ( #872, #1501, #1045, #1648 ) ) ;
#127 = LINE ( 'NONE', #861, #1997 ) ;
#128 = CARTESIAN_POINT ( 'NONE',  ( -17.71362364736739536, -1.500000000000000444, -23.48976636734513335 ) ) ;
#129 = CARTESIAN_POINT ( 'NONE',  ( -18.37664952819806885, -1.500000000000000222, -21.21460412836983878 ) ) ;
#130 = B_SPLINE_CURVE_WITH_KNOTS ( 'NONE', 3,
 ( #2145, #1751, #473, #106 ),
 .UNSPECIFIED., .F., .F.,
 ( 4, 4 ),
 ( 0.6363612417694253232, 0.6657793188270956231 ),
 .UNSPECIFIED. ) ;
#131 = ORIENTED_EDGE ( 'NONE', *, *, #2132, .T. ) ;
#132 = DIRECTION ( 'NONE',  ( 0.000000000000000000, 1.000000000000000000, 0.000000000000000000 ) ) ;
#133 = DIRECTION ( 'NONE',  ( -0.000000000000000000, -1.000000000000000000, 0.000000000000000000 ) ) ;
#134 = ORIENTED_EDGE ( 'NONE', *, *, #1513, .T. ) ;
#135 = CARTESIAN_POINT ( 'NONE',  ( -10.31842354532173900, -1.500000000000000222, -27.27528090280255313 ) ) ;
#136 = VECTOR ( 'NONE', #1664, 1000.000000000000114 ) ;
#137 = ORIENTED_EDGE ( 'NONE', *, *, #864, .T. ) ;
#138 = CARTESIAN_POINT ( 'NONE',  ( -22.82199993344407574, 4.500000000000000000, -23.04751331760969535 ) ) ;
#139 = CARTESIAN_POINT ( 'NONE',  ( -27.00127763201592757, -1.500000000000000444, -12.81577999737192819 ) ) ;
#140 = CARTESIAN_POINT ( 'NONE',  ( -20.05491000413994485, 4.500000000000000000, 1.125416075494895418 ) ) ;
#141 = AXIS2_PLACEMENT_3D ( 'NONE', #1262, #1096, #2003 ) ;
#142 = EDGE_LOOP ( 'NONE', ( #2069, #1476, #1850, #2009 ) ) ;
#143 = FACE_OUTER_BOUND ( 'NONE', #911, .T. ) ;
#144 = EDGE_CURVE ( 'NONE', #1072, #848, #1776, .T. ) ;
#145 = DIRECTION ( 'NONE',  ( -0.000000000000000000, -1.000000000000000000, -0.000000000000000000 ) ) ;
#146 = DIRECTION ( 'NONE',  ( -0.000000000000000000, -1.000000000000000000, -0.000000000000000000 ) ) ;
#147 = ORIENTED_EDGE ( 'NONE', *, *, #1761, .F. ) ;
#148 = CARTESIAN_POINT ( 'NONE',  ( -1.138287999733684774, -1.500000000000000222, -28.62428162246465035 ) ) ;
#149 = LINE ( 'NONE', #1798, #1905 ) ;
#150 = ORIENTED_EDGE ( 'NONE', *, *, #1003, .F. ) ;
#151 = CARTESIAN_POINT ( 'NONE',  ( -9.584522528185940971, 4.500000000000000000, -28.53065599047508982 ) ) ;
#152 = CARTESIAN_POINT ( 'NONE',  ( -24.20120925319738348, -1.500000000000000222, -16.46490015433791854 ) ) ;
#153 = EDGE_CURVE ( 'NONE', #1710, #1024, #496, .T. ) ;
#154 = B_SPLINE_CURVE_WITH_KNOTS ( 'NONE', 3,
 ( #812, #1173, #984, #1166 ),
 .UNSPECIFIED., .F., .F.,
 ( 4, 4 ),
 ( 0.000000000000000000, 0.5855695330273008592 ),
 .UNSPECIFIED. ) ;
#155 = VERTEX_POINT ( 'NONE', #2294 ) ;
#156 = LINE ( 'NONE', #269, #1372 ) ;
#157 = PLANE ( 'NONE',  #33 ) ;
#158 = ADVANCED_FACE ( 'NONE', ( #2276 ), #2164, .F. ) ;
#159 = EDGE_LOOP ( 'NONE', ( #1888, #1767, #1581, #35 ) ) ;
#160 = CARTESIAN_POINT ( 'NONE',  ( 18.74928153747524107, 4.500000000000000000, -15.23504323044681819 ) ) ;
#161 = ORIENTED_EDGE ( 'NONE', *, *, #2260, .T. ) ;
#162 = CARTESIAN_POINT ( 'NONE',  ( -9.584522528185940971, 4.500000000000000000, -28.53065599047508982 ) ) ;
#163 = CIRCLE ( 'NONE', #1194, 25.99999999999955946 ) ;
#164 = CARTESIAN_POINT ( 'NONE',  ( -22.82199993344407574, 4.500000000000000000, -23.04751331760969535 ) ) ;
#165 = ORIENTED_EDGE ( 'NONE', *, *, #1752, .T. ) ;
#166 = EDGE_CURVE ( 'NONE', #294, #1313, #255, .T. ) ;
#167 = CARTESIAN_POINT ( 'NONE',  ( -10.31842354532173900, 4.500000000000000000, -27.27528090280255313 ) ) ;
#168 = CYLINDRICAL_SURFACE ( 'NONE', #1711, 3.000000000000007994 ) ;
#169 = VECTOR ( 'NONE', #377, 1000.000000000000000 ) ;
#170 = CARTESIAN_POINT ( 'NONE',  ( 9.945089995860051602, 4.500000000000000000, -1.874583924505100363 ) ) ;
#171 = CARTESIAN_POINT ( 'NONE',  ( -33.85017424870022040, 4.500000000000000000, -1.141061530224296128 ) ) ;
#172 = ORIENTED_EDGE ( 'NONE', *, *, #1475, .F. ) ;
#173 = ORIENTED_EDGE ( 'NONE', *, *, #1361, .T. ) ;
#174 = ADVANCED_FACE ( 'NONE', ( #455 ), #1377, .F. ) ;
#175 = CARTESIAN_POINT ( 'NONE',  ( -28.47301552770922228, -1.500000000000000222, -17.62537947261383664 ) ) ;
#176 = VERTEX_POINT ( 'NONE', #985 ) ;
#177 = CARTESIAN_POINT ( 'NONE',  ( -23.81359493311552455, -1.500000000000000444, -20.83855222230372917 ) ) ;
#178 = CARTESIAN_POINT ( 'NONE',  ( -31.06280145886117694, 4.500000000000000000, 1.492432825326317269 ) ) ;
#179 = EDGE_CURVE ( 'NONE', #1741, #690, #1547, .T. ) ;
#180 = ORIENTED_EDGE ( 'NONE', *, *, #472, .T. ) ;
#181 = CARTESIAN_POINT ( 'NONE',  ( -5.421864731468832410, 4.500000000000000000, -24.88247867340560049 ) ) ;
#182 = CARTESIAN_POINT ( 'NONE',  ( 13.70377492483545723, 4.500000000000000000, -20.83855222230388904 ) ) ;
#183 = CARTESIAN_POINT ( 'NONE',  ( 7.603803639087087340, 4.500000000000000000, -23.48976636734485268 ) ) ;
#184 = CARTESIAN_POINT ( 'NONE',  ( -29.22783939724474678, 4.500000000000000000, -16.64167385380894615 ) ) ;
#185 = ORIENTED_EDGE ( 'NONE', *, *, #1263, .T. ) ;
#186 = ORIENTED_EDGE ( 'NONE', *, *, #408, .T. ) ;
#187 = CLOSED_SHELL ( 'NONE', ( #174, #2064, #689, #630, #974, #801, #740, #1961, #1870, #1657, #2181, #2205, #1301, #422, #830, #1705, #828, #1196, #809, #1860, #238, #194, #1912, #56, #273, #2245, #668, #158, #1570, #1829, #259, #1687, #1583, #507, #2020, #585, #620, #2257, #1542, #1181, #1896, #557, #1008, #424, #607, #481, #1743, #1695, #1354, #712, #2125, #2290, #2370, #2281, #1557, #1932, #1938, #1604, #1787, #1332, #1503, #2377, #1726, #2146 ) ) ;
#188 = CARTESIAN_POINT ( 'NONE',  ( -22.64522623397328971, -1.500000000000000222, -18.02088317356265179 ) ) ;
#189 = VERTEX_POINT ( 'NONE', #1185 ) ;
#190 = CARTESIAN_POINT ( 'NONE',  ( -32.10766662186239273, 4.500000000000000000, -4.731084345215654352 ) ) ;
#191 = CARTESIAN_POINT ( 'NONE',  ( -31.03161992710592898, -1.500000000000000444, 2.225662219799787511 ) ) ;
#192 = VERTEX_POINT ( 'NONE', #446 ) ;
#193 = CARTESIAN_POINT ( 'NONE',  ( -32.77721496768360510, 4.500000000000000000, -10.35753862064763808 ) ) ;
#194 = ADVANCED_FACE ( 'NONE', ( #2083 ), #1797, .F. ) ;
#195 = B_SPLINE_CURVE_WITH_KNOTS ( 'NONE', 3,
 ( #12, #935, #2200, #732 ),
 .UNSPECIFIED., .F., .F.,
 ( 4, 4 ),
 ( 0.000000000000000000, 0.5855695330273008592 ),
 .UNSPECIFIED. ) ;
#196 = CARTESIAN_POINT ( 'NONE',  ( 1.321977743877459810, -1.500000000000000222, -24.09125556053739814 ) ) ;
#197 = CARTESIAN_POINT ( 'NONE',  ( -9.584522528185940971, -1.500000000000000444, -28.53065599047508982 ) ) ;
#198 = CARTESIAN_POINT ( 'NONE',  ( -8.355196537687660907, 4.500000000000000000, -28.69249982747330563 ) ) ;
#199 = CARTESIAN_POINT ( 'NONE',  ( 18.75077295499721686, -1.500000000000000222, -17.14132692632196608 ) ) ;
#200 = ORIENTED_EDGE ( 'NONE', *, *, #1067, .F. ) ;
#201 = ORIENTED_EDGE ( 'NONE', *, *, #517, .F. ) ;
#202 = CARTESIAN_POINT ( 'NONE',  ( -30.43124965719936270, -1.500000000000000222, 6.785927166603570093 ) ) ;
#203 = ORIENTED_EDGE ( 'NONE', *, *, #1335, .T. ) ;
#204 = CARTESIAN_POINT ( 'NONE',  ( -18.99610607700680021, 4.500000000000000000, -20.82095155238054218 ) ) ;
#205 = VERTEX_POINT ( 'NONE', #1730 ) ;
#206 = AXIS2_PLACEMENT_3D ( 'NONE', #477, #1473, #1139 ) ;
#207 = FACE_OUTER_BOUND ( 'NONE', #375, .T. ) ;
#208 = CARTESIAN_POINT ( 'NONE',  ( -34.87282590710817942, 4.500000000000000000, -2.174870458052471367 ) ) ;
#209 = FACE_OUTER_BOUND ( 'NONE', #301, .T. ) ;
#210 = CARTESIAN_POINT ( 'NONE',  ( 11.30554930180165485, 4.500000000000000000, -22.67877546612036355 ) ) ;
#211 = CARTESIAN_POINT ( 'NONE',  ( -23.18579255505771286, -1.500000000000000222, -17.52441889406421893 ) ) ;
#212 = EDGE_CURVE ( 'NONE', #1618, #1972, #1353, .T. ) ;
#213 = VERTEX_POINT ( 'NONE', #794 ) ;
#214 = CARTESIAN_POINT ( 'NONE',  ( -15.96018652200122467, 4.500000000000000000, -26.82230197212007283 ) ) ;
#215 = PRODUCT_CONTEXT ( 'NONE', #663, 'mechanical' ) ;
#216 = ORIENTED_EDGE ( 'NONE', *, *, #2248, .F. ) ;
#217 = AXIS2_PLACEMENT_3D ( 'NONE', #1257, #2000, #351 ) ;
#218 = CARTESIAN_POINT ( 'NONE',  ( -20.05491000413994485, -1.500000000000000222, 4.125416075494897861 ) ) ;
#219 = CARTESIAN_POINT ( 'NONE',  ( 56.40508999586005245, 4.500000000000000000, -6.874583924505103028 ) ) ;
#220 = DIRECTION ( 'NONE',  ( 0.000000000000000000, 1.000000000000000000, 0.000000000000000000 ) ) ;
#221 = B_SPLINE_CURVE_WITH_KNOTS ( 'NONE', 3,
 ( #1430, #1762, #1991, #1052 ),
 .UNSPECIFIED., .F., .F.,
 ( 4, 4 ),
 ( 0.000000000000000000, 0.5855695330273008592 ),
 .UNSPECIFIED. ) ;
#222 = AXIS2_PLACEMENT_3D ( 'NONE', #1199, #1571, #609 ) ;
#223 = DIRECTION ( 'NONE',  ( -0.000000000000000000, -1.000000000000000000, -0.000000000000000000 ) ) ;
#224 = EDGE_CURVE ( 'NONE', #683, #1394, #1623, .T. ) ;
#225 = ORIENTED_EDGE ( 'NONE', *, *, #1749, .F. ) ;
#226 = CARTESIAN_POINT ( 'NONE',  ( -29.67009244697975134, -1.500000000000000444, -11.53329756773205617 ) ) ;
#227 = EDGE_CURVE ( 'NONE', #1027, #1585, #388, .T. ) ;
#228 = VECTOR ( 'NONE', #1369, 1000.000000000000000 ) ;
#229 = EDGE_CURVE ( 'NONE', #1602, #720, #1707, .T. ) ;
#230 = EDGE_CURVE ( 'NONE', #1823, #515, #1281, .T. ) ;
#231 = CARTESIAN_POINT ( 'NONE',  ( -8.355196537687660907, -1.500000000000000222, -28.69249982747330563 ) ) ;
#232 = B_SPLINE_SURFACE_WITH_KNOTS ( 'NONE', 3, 1, ( 
 ( #577, #566 ),
 ( #776, #1873 ),
 ( #957, #765 ),
 ( #407, #233 ) ),
 .UNSPECIFIED., .F., .F., .F.,
 ( 4, 4 ),
 ( 2, 2 ),
 ( 0.8181806201944104018, 0.8475986972523573693 ),
 ( 0.000000000000000000, 1.000000000000000000 ),
 .UNSPECIFIED. ) ;
#233 = CARTESIAN_POINT ( 'NONE',  ( 6.980603845959238107, -1.500000000000000444, -21.92119769668533991 ) ) ;
#234 = EDGE_CURVE ( 'NONE', #1463, #1010, #1582, .T. ) ;
#235 = CARTESIAN_POINT ( 'NONE',  ( 11.30554930180165485, -1.500000000000000222, -22.67877546612036355 ) ) ;
#236 = ORIENTED_EDGE ( 'NONE', *, *, #52, .T. ) ;
#237 = CARTESIAN_POINT ( 'NONE',  ( 2.731113419086195648, 4.500000000000000000, -23.68139426467124764 ) ) ;
#238 = ADVANCED_FACE ( 'NONE', ( #1890 ), #232, .F. ) ;
#239 = CARTESIAN_POINT ( 'NONE',  ( 7.631250319745530142, 4.500000000000000000, -21.58155109484395240 ) ) ;
#240 = ORIENTED_EDGE ( 'NONE', *, *, #2303, .T. ) ;
#241 = DIRECTION ( 'NONE',  ( 0.000000000000000000, 1.000000000000000000, 0.000000000000000000 ) ) ;
#242 = CARTESIAN_POINT ( 'NONE',  ( -8.355196537687660907, 4.500000000000000000, -28.69249982747330563 ) ) ;
#243 = EDGE_CURVE ( 'NONE', #513, #569, #61, .T. ) ;
#244 = MANIFOLD_SOLID_BREP ( 'Ölçek1', #187 ) ;
#245 = AXIS2_PLACEMENT_3D ( 'NONE', #946, #220, #2240 ) ;
#246 = CARTESIAN_POINT ( 'NONE',  ( -34.80460770209944599, -1.500000000000000222, 5.042038079901502101 ) ) ;
#247 = CARTESIAN_POINT ( 'NONE',  ( -23.70474495782151081, -1.500000000000000444, -17.00546648139759043 ) ) ;
#248 = ORIENTED_EDGE ( 'NONE', *, *, #1266, .T. ) ;
#249 = FACE_OUTER_BOUND ( 'NONE', #2002, .T. ) ;
#250 = B_SPLINE_SURFACE_WITH_KNOTS ( 'NONE', 2, 1, ( 
 ( #1698, #2086 ),
 ( #619, #1550 ),
 ( #1914, #2068 ) ),
 .UNSPECIFIED., .F., .F., .F.,
 ( 3, 3 ),
 ( 2, 2 ),
 ( 0.000000000000000000, 0.02941149433826504428 ),
 ( 0.000000000000000000, 1.000000000000000000 ),
 .UNSPECIFIED. ) ;
#251 = CARTESIAN_POINT ( 'NONE',  ( 8.886286068726958476, 4.500000000000000000, -20.82095155238102890 ) ) ;
#252 = ORIENTED_EDGE ( 'NONE', *, *, #1054, .T. ) ;
#253 = CARTESIAN_POINT ( 'NONE',  ( -5.054910004139945734, -1.500000000000000222, -1.874583924505105026 ) ) ;
#254 = EDGE_CURVE ( 'NONE', #2353, #1394, #933, .T. ) ;
#255 = LINE ( 'NONE', #464, #1084 ) ;
#256 = CARTESIAN_POINT ( 'NONE',  ( -28.47301552770922228, -1.500000000000000222, -17.62537947261383664 ) ) ;
#257 = CARTESIAN_POINT ( 'NONE',  ( 14.09138924491766609, 4.500000000000000000, -16.46490015433838394 ) ) ;
#258 = CARTESIAN_POINT ( 'NONE',  ( 5.850366513721095174, -1.500000000000000444, -26.82230197212015810 ) ) ;
#259 = ADVANCED_FACE ( 'NONE', ( #209 ), #1631, .F. ) ;
#260 = VECTOR ( 'NONE', #2089, 1000.000000000000000 ) ;
#261 = ORIENTED_EDGE ( 'NONE', *, *, #1697, .F. ) ;
#262 = LINE ( 'NONE', #1349, #2101 ) ;
#263 = COLOUR_RGB ( '',0.7803921568627451011, 0.7607843137254901578, 0.7411764705882353255 ) ;
#264 = CARTESIAN_POINT ( 'NONE',  ( -1.754623470592475920, -1.500000000000000444, -28.69249982747332339 ) ) ;
#265 = EDGE_CURVE ( 'NONE', #315, #155, #1665, .T. ) ;
#266 = CARTESIAN_POINT ( 'NONE',  ( -31.03161992710592898, -1.500000000000000222, 2.225662219799787511 ) ) ;
#267 = CARTESIAN_POINT ( 'NONE',  ( -31.03161992710592898, -1.500000000000000222, 2.225662219799787511 ) ) ;
#268 = CARTESIAN_POINT ( 'NONE',  ( -32.10766662186272669, 4.500000000000000000, 6.981916496205960776 ) ) ;
#269 = CARTESIAN_POINT ( 'NONE',  ( 20.21048816677658522, -1.500000000000000222, -9.555571157542791738 ) ) ;
#270 = DIRECTION ( 'NONE',  ( 0.000000000000000000, 0.000000000000000000, 1.000000000000000000 ) ) ;
#271 = EDGE_LOOP ( 'NONE', ( #107, #614, #1087, #1759 ) ) ;
#272 = CARTESIAN_POINT ( 'NONE',  ( 14.09138924491766609, 4.500000000000000000, -16.46490015433838394 ) ) ;
#273 = ADVANCED_FACE ( 'NONE', ( #397 ), #1323, .F. ) ;
#274 = CARTESIAN_POINT ( 'NONE',  ( -30.43124965719936270, 4.500000000000000000, 6.785927166603570093 ) ) ;
#275 = CARTESIAN_POINT ( 'NONE',  ( -31.03161992710592898, 4.500000000000000000, 2.225662219799787511 ) ) ;
#276 = CARTESIAN_POINT ( 'NONE',  ( 6.428044692002682581, 4.500000000000000000, -26.59688888804871709 ) ) ;
#277 = COLOUR_RGB ( '',0.7803921568627451011, 0.7607843137254901578, 0.7411764705882353255 ) ;
#278 = EDGE_CURVE ( 'NONE', #14, #1204, #2050, .T. ) ;
#279 = ORIENTED_EDGE ( 'NONE', *, *, #796, .T. ) ;
#280 = CARTESIAN_POINT ( 'NONE',  ( -33.00262805175505321, -1.500000000000000444, -9.779860442366052453 ) ) ;
#281 = CARTESIAN_POINT ( 'NONE',  ( -13.50941017139152578, -1.500000000000000222, -25.23120860820562683 ) ) ;
#282 = ORIENTED_EDGE ( 'NONE', *, *, #730, .F. ) ;
#283 = VECTOR ( 'NONE', #879, 1000.000000000000000 ) ;
#284 = CARTESIAN_POINT ( 'NONE',  ( 7.603803639087087340, -1.500000000000000444, -23.48976636734485268 ) ) ;
#285 = ORIENTED_EDGE ( 'NONE', *, *, #969, .T. ) ;
#286 = CARTESIAN_POINT ( 'NONE',  ( -34.87282590710817942, 4.500000000000000000, -2.174870458052471367 ) ) ;
#287 = DIRECTION ( 'NONE',  ( 0.000000000000000000, 1.000000000000000000, 0.000000000000000000 ) ) ;
#288 = CARTESIAN_POINT ( 'NONE',  ( -0.5252974800941901945, -1.500000000000000222, -28.53065599047513601 ) ) ;
#289 = B_SPLINE_SURFACE_WITH_KNOTS ( 'NONE', 3, 1, ( 
 ( #725, #191 ),
 ( #573, #1302 ),
 ( #2015, #897 ),
 ( #741, #1061 ) ),
 .UNSPECIFIED., .F., .F., .F.,
 ( 4, 4 ),
 ( 2, 2 ),
 ( 0.000000000000000000, 0.5855695330273008592 ),
 ( 0.000000000000000000, 1.000000000000000000 ),
 .UNSPECIFIED. ) ;
#290 = VECTOR ( 'NONE', #596, 1000.000000000000000 ) ;
#291 = FACE_BOUND ( 'NONE', #1658, .T. ) ;
#292 = EDGE_CURVE ( 'NONE', #1745, #2349, #766, .T. ) ;
#293 = DIRECTION ( 'NONE',  ( -0.000000000000000000, -1.000000000000000000, -0.000000000000000000 ) ) ;
#294 = VERTEX_POINT ( 'NONE', #1240 ) ;
#295 = CARTESIAN_POINT ( 'NONE',  ( -29.86172034430612499, 4.500000000000000000, -6.660607347731161809 ) ) ;
#296 = CARTESIAN_POINT ( 'NONE',  ( -34.87282590710813679, 4.500000000000000000, 4.425702609042714286 ) ) ;
#297 = VERTEX_POINT ( 'NONE', #202 ) ;
#298 = EDGE_CURVE ( 'NONE', #1348, #1072, #1838, .T. ) ;
#299 = EDGE_CURVE ( 'NONE', #991, #1999, #1854, .T. ) ;
#300 = ORIENTED_EDGE ( 'NONE', *, *, #2264, .T. ) ;
#301 = EDGE_LOOP ( 'NONE', ( #702, #1670, #2273, #96 ) ) ;
#302 = CARTESIAN_POINT ( 'NONE',  ( 0.6056010869683264852, -1.500000000000000222, -24.25092357756415851 ) ) ;
#303 = CARTESIAN_POINT ( 'NONE',  ( -10.71542109524853004, -1.500000000000000222, -24.25092357756454220 ) ) ;
#304 = CARTESIAN_POINT ( 'NONE',  ( 2.030880514632329437, -1.500000000000000222, -23.90130486701732337 ) ) ;
#305 = B_SPLINE_CURVE_WITH_KNOTS ( 'NONE', 3,
 ( #69, #2275, #793, #1536 ),
 .UNSPECIFIED., .F., .F.,
 ( 4, 4 ),
 ( 0.000000000000000000, 0.5855695330273008592 ),
 .UNSPECIFIED. ) ;
#306 = EDGE_CURVE ( 'NONE', #390, #54, #28, .T. ) ;
#307 = ORIENTED_EDGE ( 'NONE', *, *, #1324, .T. ) ;
#308 = CARTESIAN_POINT ( 'NONE',  ( 13.69588554396887048, 4.500000000000000000, -22.29268944807431296 ) ) ;
#309 = CARTESIAN_POINT ( 'NONE',  ( 13.54334644633095941, -1.500000000000000222, -19.37470818749497425 ) ) ;
#310 = ORIENTED_EDGE ( 'NONE', *, *, #25, .F. ) ;
#311 = CARTESIAN_POINT ( 'NONE',  ( 7.603803639087087340, -1.500000000000000222, -23.48976636734485268 ) ) ;
#312 = CARTESIAN_POINT ( 'NONE',  ( -12.84093342736617238, 4.500000000000000000, -23.68139426467075737 ) ) ;
#313 = ORIENTED_EDGE ( 'NONE', *, *, #734, .F. ) ;
#314 = ORIENTED_EDGE ( 'NONE', *, *, #2234, .T. ) ;
#315 = VERTEX_POINT ( 'NONE', #1983 ) ;
#316 = LINE ( 'NONE', #1989, #37 ) ;
#317 = B_SPLINE_CURVE_WITH_KNOTS ( 'NONE', 3,
 ( #356, #729, #182, #2224 ),
 .UNSPECIFIED., .F., .F.,
 ( 4, 4 ),
 ( 0.000000000000000000, 0.5855695330273008592 ),
 .UNSPECIFIED. ) ;
#318 = CARTESIAN_POINT ( 'NONE',  ( 2.731113419086195648, 4.500000000000000000, -23.68139426467124764 ) ) ;
#319 = CARTESIAN_POINT ( 'NONE',  ( -17.10573597780430077, 4.500000000000000000, -26.34779985115730838 ) ) ;
#320 = VERTEX_POINT ( 'NONE', #175 ) ;
#321 = CARTESIAN_POINT ( 'NONE',  ( 11.30554930180165485, 4.500000000000000000, -22.67877546612036355 ) ) ;
#322 = ORIENTED_EDGE ( 'NONE', *, *, #780, .F. ) ;
#323 = VECTOR ( 'NONE', #2051, 1000.000000000000000 ) ;
#324 = ORIENTED_EDGE ( 'NONE', *, *, #243, .F. ) ;
#325 = CARTESIAN_POINT ( 'NONE',  ( -10.71542109524853004, 4.500000000000000000, -24.25092357756454220 ) ) ;
#326 = ORIENTED_EDGE ( 'NONE', *, *, #1632, .F. ) ;
#327 = EDGE_CURVE ( 'NONE', #1741, #572, #1107, .T. ) ;
#328 = CARTESIAN_POINT ( 'NONE',  ( -34.87282590710813679, 4.500000000000000000, 4.425702609042714286 ) ) ;
#329 = CARTESIAN_POINT ( 'NONE',  ( -12.14069956329436906, -1.500000000000000222, -23.90130630102138198 ) ) ;
#330 = CARTESIAN_POINT ( 'NONE',  ( -34.87282590710813679, 4.500000000000000000, 4.425702609042714286 ) ) ;
#331 = VERTEX_POINT ( 'NONE', #938 ) ;
#332 = CARTESIAN_POINT ( 'NONE',  ( 14.09138924491766609, -1.500000000000000444, -16.46490015433838394 ) ) ;
#333 = LINE ( 'NONE', #504, #1701 ) ;
#334 = CARTESIAN_POINT ( 'NONE',  ( 5.850366513721095174, 4.500000000000000000, -26.82230197212015810 ) ) ;
#335 = ORIENTED_EDGE ( 'NONE', *, *, #1736, .T. ) ;
#336 = CARTESIAN_POINT ( 'NONE',  ( -8.355196537687660907, -1.500000000000000222, -28.69249982747330563 ) ) ;
#337 = B_SPLINE_CURVE_WITH_KNOTS ( 'NONE', 3,
 ( #257, #2075, #1540, #1187 ),
 .UNSPECIFIED., .F., .F.,
 ( 4, 4 ),
 ( 0.9090903094065657664, 0.9385083864668765097 ),
 .UNSPECIFIED. ) ;
#338 = CIRCLE ( 'NONE', #637, 2.000000000000001776 ) ;
#339 = EDGE_CURVE ( 'NONE', #1155, #205, #1073, .T. ) ;
#340 = CARTESIAN_POINT ( 'NONE',  ( -23.80570555224895202, 4.500000000000000000, -22.29268944807415664 ) ) ;
#341 = ORIENTED_EDGE ( 'NONE', *, *, #1437, .F. ) ;
#342 = CARTESIAN_POINT ( 'NONE',  ( -12.84093342736617238, -1.500000000000000444, -23.68139426467075737 ) ) ;
#343 = CARTESIAN_POINT ( 'NONE',  ( 19.11801938896470787, 4.500000000000000000, -16.64167385380915221 ) ) ;
#344 = CARTESIAN_POINT ( 'NONE',  ( -16.53786470028280675, -1.500000000000000444, -26.59688888804861406 ) ) ;
#345 = ORIENTED_EDGE ( 'NONE', *, *, #1317, .T. ) ;
#346 = CARTESIAN_POINT ( 'NONE',  ( -34.71098207010992098, 4.500000000000000000, 5.655028599540994350 ) ) ;
#347 = CARTESIAN_POINT ( 'NONE',  ( 5.850366513721095174, -1.500000000000000444, -26.82230197212015810 ) ) ;
#348 = B_SPLINE_SURFACE_WITH_KNOTS ( 'NONE', 3, 1, ( 
 ( #2169, #332 ),
 ( #1056, #1790 ),
 ( #1295, #1863 ),
 ( #1268, #540 ) ),
 .UNSPECIFIED., .F., .F., .F.,
 ( 4, 4 ),
 ( 2, 2 ),
 ( 0.9090903094065657664, 0.9385083864668765097 ),
 ( 0.000000000000000000, 1.000000000000000000 ),
 .UNSPECIFIED. ) ;
#349 = CARTESIAN_POINT ( 'NONE',  ( -30.43124965719902164, -1.500000000000000222, -4.535095015613291203 ) ) ;
#350 = EDGE_LOOP ( 'NONE', ( #1843, #2109 ) ) ;
#351 = DIRECTION ( 'NONE',  ( 0.000000000000000000, 0.000000000000000000, 1.000000000000000000 ) ) ;
#352 = CARTESIAN_POINT ( 'NONE',  ( -31.03161992710592898, 4.500000000000000000, 2.225662219799787511 ) ) ;
#353 = ORIENTED_EDGE ( 'NONE', *, *, #234, .T. ) ;
#354 = CARTESIAN_POINT ( 'NONE',  ( -17.10573597780430077, 4.500000000000000000, -26.34779985115730838 ) ) ;
#355 = B_SPLINE_CURVE_WITH_KNOTS ( 'NONE', 2,
 ( #2246, #1147, #1673 ),
 .UNSPECIFIED., .F., .F.,
 ( 3, 3 ),
 ( 0.000000000000000000, 1.000000000000000000 ),
 .UNSPECIFIED. ) ;
#356 = CARTESIAN_POINT ( 'NONE',  ( 12.53540622569293816, 4.500000000000000000, -18.02088317356248126 ) ) ;
#357 = EDGE_CURVE ( 'NONE', #1204, #155, #783, .T. ) ;
#358 = B_SPLINE_CURVE_WITH_KNOTS ( 'NONE', 3,
 ( #1748, #304, #196, #744 ),
 .UNSPECIFIED., .F., .F.,
 ( 4, 4 ),
 ( 0.7272709309819391787, 0.7566890080396341256 ),
 .UNSPECIFIED. ) ;
#359 = CARTESIAN_POINT ( 'NONE',  ( 7.379894934478580026, 4.500000000000000000, -24.94525307183976537 ) ) ;
#360 = CARTESIAN_POINT ( 'NONE',  ( 7.631250319745530142, -1.500000000000000222, -21.58155109484395240 ) ) ;
#361 = ORIENTED_EDGE ( 'NONE', *, *, #1772, .T. ) ;
#362 = ORIENTED_EDGE ( 'NONE', *, *, #339, .T. ) ;
#363 = LINE ( 'NONE', #1659, #1635 ) ;
#364 = ORIENTED_EDGE ( 'NONE', *, *, #1338, .F. ) ;
#365 = CARTESIAN_POINT ( 'NONE',  ( -6.155156148444743458, -1.500000000000000222, -24.85129384747109427 ) ) ;
#366 = STYLED_ITEM ( 'NONE', ( #2074 ), #244 ) ;
#367 = FACE_OUTER_BOUND ( 'NONE', #463, .T. ) ;
#368 = VERTEX_POINT ( 'NONE', #1808 ) ;
#369 = CARTESIAN_POINT ( 'NONE',  ( -10.71542109524853004, 4.500000000000000000, -24.25092357756454220 ) ) ;
#370 = CARTESIAN_POINT ( 'NONE',  ( -34.80460770209950283, -1.500000000000000444, -2.791205928911262735 ) ) ;
#371 = B_SPLINE_SURFACE_WITH_KNOTS ( 'NONE', 3, 1, ( 
 ( #1306, #775 ),
 ( #1507, #1325 ),
 ( #2247, #597 ),
 ( #43, #1855 ) ),
 .UNSPECIFIED., .F., .F., .F.,
 ( 4, 4 ),
 ( 2, 2 ),
 ( 0.000000000000000000, 0.5855695330273008592 ),
 ( 0.000000000000000000, 1.000000000000000000 ),
 .UNSPECIFIED. ) ;
#372 = DIRECTION ( 'NONE',  ( -0.000000000000000000, -1.000000000000000000, -0.000000000000000000 ) ) ;
#373 = CARTESIAN_POINT ( 'NONE',  ( -29.22783939724474678, -1.500000000000000222, -16.64167385380894615 ) ) ;
#374 = EDGE_LOOP ( 'NONE', ( #494, #216, #261, #1490 ) ) ;
#375 = EDGE_LOOP ( 'NONE', ( #558, #1310, #674, #1813 ) ) ;
#376 = ORIENTED_EDGE ( 'NONE', *, *, #227, .F. ) ;
#377 = DIRECTION ( 'NONE',  ( -0.000000000000000000, -1.000000000000000000, -0.000000000000000000 ) ) ;
#378 = ORIENTED_EDGE ( 'NONE', *, *, #1109, .T. ) ;
#379 = CARTESIAN_POINT ( 'NONE',  ( -20.05491000413994485, 4.500000000000000000, 4.125416075494897861 ) ) ;
#380 = EDGE_CURVE ( 'NONE', #1165, #1876, #518, .T. ) ;
#381 = CARTESIAN_POINT ( 'NONE',  ( -31.06280145886117694, 4.500000000000000000, 1.492432825326317269 ) ) ;
#382 = VERTEX_POINT ( 'NONE', #1298 ) ;
#383 = CARTESIAN_POINT ( 'NONE',  ( -28.47301552770922228, 4.500000000000000000, -17.62537947261383664 ) ) ;
#384 = CARTESIAN_POINT ( 'NONE',  ( -0.5252974800941901945, 4.500000000000000000, -28.53065599047513601 ) ) ;
#385 = CARTESIAN_POINT ( 'NONE',  ( 56.54081381643275961, -1.500000000000000222, -12.87304864845981456 ) ) ;
#386 = CYLINDRICAL_SURFACE ( 'NONE', #624, 7.999999999999996447 ) ;
#387 = DIRECTION ( 'NONE',  ( 0.000000000000000000, 0.000000000000000000, 1.000000000000000000 ) ) ;
#388 = B_SPLINE_CURVE_WITH_KNOTS ( 'NONE', 2,
 ( #1350, #1167, #1158 ),
 .UNSPECIFIED., .F., .F.,
 ( 3, 3 ),
 ( 0.000000000000000000, 1.000000000000000000 ),
 .UNSPECIFIED. ) ;
#389 = ORIENTED_EDGE ( 'NONE', *, *, #2197, .T. ) ;
#390 = VERTEX_POINT ( 'NONE', #1058 ) ;
#391 = CARTESIAN_POINT ( 'NONE',  ( -23.65316645461132339, -1.500000000000000222, -19.37470818749513413 ) ) ;
#392 = ORIENTED_EDGE ( 'NONE', *, *, #418, .T. ) ;
#393 = CARTESIAN_POINT ( 'NONE',  ( -32.70164014004183883, 4.500000000000000000, -0.2194075516574252871 ) ) ;
#394 = ORIENTED_EDGE ( 'NONE', *, *, #2119, .T. ) ;
#395 = PLANE ( 'NONE',  #719 ) ;
#396 = DIRECTION ( 'NONE',  ( 0.000000000000000000, 1.000000000000000000, 0.000000000000000000 ) ) ;
#397 = FACE_OUTER_BOUND ( 'NONE', #159, .T. ) ;
#398 = EDGE_CURVE ( 'NONE', #1638, #1597, #1647, .T. ) ;
#399 = CARTESIAN_POINT ( 'NONE',  ( -34.87282590710817942, 4.500000000000000000, -2.174870458052471367 ) ) ;
#400 = CARTESIAN_POINT ( 'NONE',  ( -27.00127763201592757, -1.500000000000000222, -12.81577999737192819 ) ) ;
#401 = ORIENTED_EDGE ( 'NONE', *, *, #767, .T. ) ;
#402 = CARTESIAN_POINT ( 'NONE',  ( -13.50941017139152578, 4.500000000000000000, -25.23120860820562683 ) ) ;
#403 = ORIENTED_EDGE ( 'NONE', *, *, #265, .T. ) ;
#404 = CIRCLE ( 'NONE', #206, 3.000000000000000888 ) ;
#405 = DIRECTION ( 'NONE',  ( 0.000000000000000000, 0.000000000000000000, 1.000000000000000000 ) ) ;
#406 = LINE ( 'NONE', #1831, #136 ) ;
#407 = CARTESIAN_POINT ( 'NONE',  ( 6.980603845959238107, 4.500000000000000000, -21.92119769668533991 ) ) ;
#408 = EDGE_CURVE ( 'NONE', #368, #2121, #1255, .T. ) ;
#409 = CARTESIAN_POINT ( 'NONE',  ( -22.64522623397328971, -1.500000000000000444, -18.02088317356265179 ) ) ;
#411 = ORIENTED_EDGE ( 'NONE', *, *, #882, .T. ) ;
#410 = VECTOR ( 'NONE', #2225, 1000.000000000000000 ) ;
#412 = DIRECTION ( 'NONE',  ( 0.000000000000000000, 1.000000000000000000, 0.000000000000000000 ) ) ;
#413 = APPLICATION_PROTOCOL_DEFINITION ( 'draft international standard', 'automotive_design', 1998, #2306 ) ;
#414 = CIRCLE ( 'NONE', #1445, 2.999999999999995559 ) ;
#415 = EDGE_CURVE ( 'NONE', #592, #991, #363, .T. ) ;
#416 = CARTESIAN_POINT ( 'NONE',  ( 12.53540622569293816, -1.500000000000000444, -18.02088317356248126 ) ) ;
#417 = CARTESIAN_POINT ( 'NONE',  ( -9.584522528185940971, 4.500000000000000000, -28.53065599047508982 ) ) ;
#418 = EDGE_CURVE ( 'NONE', #1918, #695, #880, .T. ) ;
#419 = CIRCLE ( 'NONE', #533, 2.000000000000001776 ) ;
#420 = CARTESIAN_POINT ( 'NONE',  ( -17.48971494275868110, 4.500000000000000000, -24.94525307183965523 ) ) ;
#421 = ORIENTED_EDGE ( 'NONE', *, *, #495, .F. ) ;
#422 = ADVANCED_FACE ( 'NONE', ( #2352 ), #600, .F. ) ;
#423 = DIRECTION ( 'NONE',  ( -0.000000000000000000, -1.000000000000000000, -0.000000000000000000 ) ) ;
#424 = ADVANCED_FACE ( 'NONE', ( #2042 ), #1884, .F. ) ;
#425 = CARTESIAN_POINT ( 'NONE',  ( -31.03161992710592898, -1.500000000000000444, 2.225662219799787511 ) ) ;
#426 = ORIENTED_EDGE ( 'NONE', *, *, #1120, .T. ) ;
#427 = B_SPLINE_CURVE_WITH_KNOTS ( 'NONE', 2,
 ( #1723, #1760, #1406 ),
 .UNSPECIFIED., .F., .F.,
 ( 3, 3 ),
 ( 0.000000000000000000, 1.000000000000000000 ),
 .UNSPECIFIED. ) ;
#428 = CARTESIAN_POINT ( 'NONE',  ( 6.980603845959238107, -1.500000000000000222, -21.92119769668533991 ) ) ;
#429 = B_SPLINE_SURFACE_WITH_KNOTS ( 'NONE', 3, 1, ( 
 ( #1444, #1458 ),
 ( #9, #1079 ),
 ( #181, #743 ),
 ( #2358, #1277 ) ),
 .UNSPECIFIED., .F., .F., .F.,
 ( 4, 4 ),
 ( 2, 2 ),
 ( 0.6363612417694253232, 0.6657793188270956231 ),
 ( 0.000000000000000000, 1.000000000000000000 ),
 .UNSPECIFIED. ) ;
#430 = DIRECTION ( 'NONE',  ( -0.000000000000000000, -1.000000000000000000, -0.000000000000000000 ) ) ;
#431 = B_SPLINE_CURVE_WITH_KNOTS ( 'NONE', 3,
 ( #1022, #1750, #1434, #2155 ),
 .UNSPECIFIED., .F., .F.,
 ( 4, 4 ),
 ( 0.000000000000000000, 0.5855695330273008592 ),
 .UNSPECIFIED. ) ;
#432 = CARTESIAN_POINT ( 'NONE',  ( 5.850366513721095174, -1.500000000000000222, -26.82230197212015810 ) ) ;
#433 = CARTESIAN_POINT ( 'NONE',  ( -31.06280362475138901, -1.500000000000000222, 0.7584829078154615711 ) ) ;
#434 = ORIENTED_EDGE ( 'NONE', *, *, #2192, .T. ) ;
#435 = CARTESIAN_POINT ( 'NONE',  ( -28.10152377632023857, 4.500000000000000000, -10.91009777460420871 ) ) ;
#436 = PRODUCT_DEFINITION ( 'BÝLÝNMEYEN', '', #1218, #638 ) ;
#437 = ORIENTED_EDGE ( 'NONE', *, *, #1361, .F. ) ;
#438 = CARTESIAN_POINT ( 'NONE',  ( -30.43124965719902164, 4.500000000000000000, -4.535095015613291203 ) ) ;
#439 = CARTESIAN_POINT ( 'NONE',  ( -5.054910004139945734, -1.500000000000000222, 1.125416075494895418 ) ) ;
#440 = CARTESIAN_POINT ( 'NONE',  ( 18.36319551942917272, -1.500000000000000222, -17.62537947261402849 ) ) ;
#441 = DIRECTION ( 'NONE',  ( 0.000000000000000000, 0.000000000000000000, -1.000000000000000000 ) ) ;
#442 = CARTESIAN_POINT ( 'NONE',  ( 5.850366513721095174, -1.500000000000000222, -26.82230197212015810 ) ) ;
#443 = EDGE_CURVE ( 'NONE', #572, #1142, #981, .T. ) ;
#444 = EDGE_LOOP ( 'NONE', ( #307, #1383, #87, #1809, #2078, #929, #2380, #2301, #605, #1023, #2231, #1078, #2072, #1466, #1193, #1944, #389, #1769, #460, #757, #980, #1738, #750, #248, #2365, #1906, #252, #434, #40, #1836, #1117, #285, #119, #1397, #1957, #678, #2345, #1457, #718, #1930, #1683, #1075, #1297, #426, #1568, #1239, #936, #1283, #335, #1299, #1807, #314, #1017, #1643 ) ) ;
#445 = CARTESIAN_POINT ( 'NONE',  ( -29.86172034430612499, 4.500000000000000000, -6.660607347731161809 ) ) ;
#446 = CARTESIAN_POINT ( 'NONE',  ( -22.82199993344407574, 4.500000000000000000, -23.04751331760969535 ) ) ;
#447 = CARTESIAN_POINT ( 'NONE',  ( -30.43124965719902164, -1.500000000000000222, -4.535095015613291203 ) ) ;
#448 = CARTESIAN_POINT ( 'NONE',  ( -27.76188494361622006, -1.500000000000000444, -11.56073892761503252 ) ) ;
#449 = CARTESIAN_POINT ( 'NONE',  ( -2.788432398420655378, 4.500000000000000000, -27.66984816906537503 ) ) ;
#450 = FACE_OUTER_BOUND ( 'NONE', #1783, .T. ) ;
#451 = VECTOR ( 'NONE', #1908, 1000.000000000000000 ) ;
#452 = CARTESIAN_POINT ( 'NONE',  ( -22.82199993344407574, 4.500000000000000000, -23.04751331760969535 ) ) ;
#453 = EDGE_LOOP ( 'NONE', ( #1464, #733, #1237, #1443 ) ) ;
#454 = CARTESIAN_POINT ( 'NONE',  ( 56.54081381643275961, 4.500000000000000000, -14.87304864845981633 ) ) ;
#455 = FACE_OUTER_BOUND ( 'NONE', #1821, .T. ) ;
#456 = CARTESIAN_POINT ( 'NONE',  ( -31.03161992710638373, -1.500000000000000222, 0.02516993119038501633 ) ) ;
#457 = EDGE_CURVE ( 'NONE', #736, #1286, #760, .T. ) ;
#458 = CARTESIAN_POINT ( 'NONE',  ( -5.054910004139945734, 4.500000000000000000, 1.125416075494895418 ) ) ;
#459 = DIRECTION ( 'NONE',  ( -0.000000000000000000, -1.000000000000000000, -0.000000000000000000 ) ) ;
#460 = ORIENTED_EDGE ( 'NONE', *, *, #443, .T. ) ;
#461 = CYLINDRICAL_SURFACE ( 'NONE', #1236, 3.000000000000001332 ) ;
#462 = CARTESIAN_POINT ( 'NONE',  ( -12.84093342736617238, -1.500000000000000222, -23.68139426467075737 ) ) ;
#463 = EDGE_LOOP ( 'NONE', ( #2041, #1212, #1610, #649 ) ) ;
#464 = CARTESIAN_POINT ( 'NONE',  ( -8.355196537687660907, 4.500000000000000000, -28.69249982747330563 ) ) ;
#465 = VERTEX_POINT ( 'NONE', #1491 ) ;
#466 = DIRECTION ( 'NONE',  ( 0.000000000000000000, 1.000000000000000000, 0.000000000000000000 ) ) ;
#467 = CYLINDRICAL_SURFACE ( 'NONE', #222, 2.999999999999995559 ) ;
#468 = CARTESIAN_POINT ( 'NONE',  ( 0.8015904165706968509, -1.500000000000000222, -25.92734054222753315 ) ) ;
#469 = EDGE_CURVE ( 'NONE', #2293, #1616, #1311, .T. ) ;
#470 = VECTOR ( 'NONE', #1472, 1000.000000000000000 ) ;
#471 = CARTESIAN_POINT ( 'NONE',  ( 56.40508999586005245, -1.500000000000000222, -6.874583924505103028 ) ) ;
#472 = EDGE_CURVE ( 'NONE', #1949, #1150, #613, .T. ) ;
#473 = CARTESIAN_POINT ( 'NONE',  ( -5.421864731468832410, 4.500000000000000000, -24.88247867340560049 ) ) ;
#474 = B_SPLINE_CURVE_WITH_KNOTS ( 'NONE', 2,
 ( #2241, #1833, #755 ),
 .UNSPECIFIED., .F., .F.,
 ( 3, 3 ),
 ( 0.000000000000000000, 1.000000000000000000 ),
 .UNSPECIFIED. ) ;
#475 = EDGE_CURVE ( 'NONE', #2043, #848, #1163, .T. ) ;
#476 = VERTEX_POINT ( 'NONE', #1143 ) ;
#477 = CARTESIAN_POINT ( 'NONE',  ( -20.05491000413994485, -1.500000000000000222, 1.125416075494895418 ) ) ;
#478 = CARTESIAN_POINT ( 'NONE',  ( -23.18579255505771286, 4.500000000000000000, -17.52441889406421893 ) ) ;
#479 = VERTEX_POINT ( 'NONE', #967 ) ;
#480 =( GEOMETRIC_REPRESENTATION_CONTEXT ( 3 ) GLOBAL_UNCERTAINTY_ASSIGNED_CONTEXT ( ( #1189 ) ) GLOBAL_UNIT_ASSIGNED_CONTEXT ( ( #2255, #2066, #1881 ) ) REPRESENTATION_CONTEXT ( 'NONE', 'WORKASPACE' ) );
#481 = ADVANCED_FACE ( 'NONE', ( #249 ), #1500, .F. ) ;
#482 = ORIENTED_EDGE ( 'NONE', *, *, #1021, .T. ) ;
#483 = LINE ( 'NONE', #1716, #580 ) ;
#484 = CARTESIAN_POINT ( 'NONE',  ( -17.48971494275868110, -1.500000000000000444, -24.94525307183965523 ) ) ;
#485 = CARTESIAN_POINT ( 'NONE',  ( -33.00262805175505321, -1.500000000000000222, -9.779860442366052453 ) ) ;
#486 = EDGE_CURVE ( 'NONE', #1394, #683, #1868, .T. ) ;
#487 = ORIENTED_EDGE ( 'NONE', *, *, #357, .T. ) ;
#488 = CARTESIAN_POINT ( 'NONE',  ( -33.45560698243747311, -1.500000000000000444, -4.138097465686569443 ) ) ;
#489 = LINE ( 'NONE', #1982, #2120 ) ;
#490 = CIRCLE ( 'NONE', #2037, 25.99999999999955946 ) ;
#491 = ORIENTED_EDGE ( 'NONE', *, *, #1715, .F. ) ;
#492 = CARTESIAN_POINT ( 'NONE',  ( 14.09138924491766609, -1.500000000000000444, -16.46490015433838394 ) ) ;
#493 = CARTESIAN_POINT ( 'NONE',  ( -20.04292649681440253, 4.500000000000000000, -22.14494274019222075 ) ) ;
#494 = ORIENTED_EDGE ( 'NONE', *, *, #909, .T. ) ;
#495 = EDGE_CURVE ( 'NONE', #189, #1449, #1894, .T. ) ;
#496 = B_SPLINE_CURVE_WITH_KNOTS ( 'NONE', 3,
 ( #993, #70, #1195, #272 ),
 .UNSPECIFIED., .F., .F.,
 ( 4, 4 ),
 ( 0.000000000000000000, 0.5855695330273008592 ),
 .UNSPECIFIED. ) ;
#497 = VERTEX_POINT ( 'NONE', #1510 ) ;
#498 = ORIENTED_EDGE ( 'NONE', *, *, #166, .F. ) ;
#499 = CARTESIAN_POINT ( 'NONE',  ( -34.87282590710813679, -1.500000000000000444, 4.425702609042714286 ) ) ;
#500 = CARTESIAN_POINT ( 'NONE',  ( -17.09042385423953192, 4.500000000000000000, -21.92119769668562768 ) ) ;
#501 = CARTESIAN_POINT ( 'NONE',  ( -18.99610607700680021, -1.500000000000000222, -20.82095155238054218 ) ) ;
#502 = EDGE_LOOP ( 'NONE', ( #1439, #2250, #1477, #1172 ) ) ;
#503 = CARTESIAN_POINT ( 'NONE',  ( -32.10766662186239273, -1.500000000000000444, -4.731084345215654352 ) ) ;
#504 = CARTESIAN_POINT ( 'NONE',  ( 14.09138924491766609, 4.500000000000000000, -16.46490015433838394 ) ) ;
#505 = VERTEX_POINT ( 'NONE', #2232 ) ;
#506 = CARTESIAN_POINT ( 'NONE',  ( 14.09138924491766609, 4.500000000000000000, -16.46490015433838394 ) ) ;
#507 = ADVANCED_FACE ( 'NONE', ( #1345 ), #1867, .F. ) ;
#508 = ORIENTED_EDGE ( 'NONE', *, *, #896, .F. ) ;
#509 = B_SPLINE_CURVE_WITH_KNOTS ( 'NONE', 2,
 ( #2091, #1569, #114 ),
 .UNSPECIFIED., .F., .F.,
 ( 3, 3 ),
 ( 0.000000000000000000, 1.000000000000000000 ),
 .UNSPECIFIED. ) ;
#510 = CARTESIAN_POINT ( 'NONE',  ( -1.754623470592475920, -1.500000000000000222, -28.69249982747332339 ) ) ;
#511 = CARTESIAN_POINT ( 'NONE',  ( -22.64522623397328971, 4.500000000000000000, -18.02088317356265179 ) ) ;
#512 = CARTESIAN_POINT ( 'NONE',  ( -30.27158192509202905, 4.500000000000000000, -5.251467384786715265 ) ) ;
#513 = VERTEX_POINT ( 'NONE', #771 ) ;
#514 = CARTESIAN_POINT ( 'NONE',  ( 12.71217992516398354, 4.500000000000000000, -23.04751331760983746 ) ) ;
#515 = VERTEX_POINT ( 'NONE', #1502 ) ;
#517 = EDGE_CURVE ( 'NONE', #2043, #1710, #1527, .T. ) ;
#516 = VECTOR ( 'NONE', #2166, 1000.000000000000000 ) ;
#518 = LINE ( 'NONE', #2028, #713 ) ;
#519 = ORIENTED_EDGE ( 'NONE', *, *, #2099, .F. ) ;
#520 = CARTESIAN_POINT ( 'NONE',  ( 56.25002505271775277, 4.500000000000000000, -14.85179620560223768 ) ) ;
#521 = CARTESIAN_POINT ( 'NONE',  ( -5.054910004139945734, 4.500000000000000000, -1.874583924505105026 ) ) ;
#522 = EDGE_LOOP ( 'NONE', ( #161, #100, #2202, #345 ) ) ;
#523 = DIRECTION ( 'NONE',  ( 0.000000000000000000, 1.000000000000000000, -0.000000000000000000 ) ) ;
#524 = CARTESIAN_POINT ( 'NONE',  ( -24.20120925319738348, -1.500000000000000444, -16.46490015433791854 ) ) ;
#525 = CARTESIAN_POINT ( 'NONE',  ( -32.70164014004137698, 4.500000000000000000, 2.470239702647625268 ) ) ;
#526 = ORIENTED_EDGE ( 'NONE', *, *, #457, .T. ) ;
#527 = CARTESIAN_POINT ( 'NONE',  ( 56.55935875458881412, 4.500000000000000000, 3.124226062192323905 ) ) ;
#528 = LINE ( 'NONE', #1253, #918 ) ;
#529 = CIRCLE ( 'NONE', #217, 2.999999999999995559 ) ;
#530 = CARTESIAN_POINT ( 'NONE',  ( -28.32526881982762035, -1.500000000000000444, -13.86260041717951097 ) ) ;
#531 = EDGE_LOOP ( 'NONE', ( #2032, #2016 ) ) ;
#532 = CARTESIAN_POINT ( 'NONE',  ( -6.399733631292575886, -1.500000000000000222, -26.52131406040654227 ) ) ;
#533 = AXIS2_PLACEMENT_3D ( 'NONE', #1717, #1359, #72 ) ;
#534 = EDGE_CURVE ( 'NONE', #1607, #1567, #221, .T. ) ;
#535 = CARTESIAN_POINT ( 'NONE',  ( -34.87282590710817942, 4.500000000000000000, -2.174870458052471367 ) ) ;
#536 = EDGE_LOOP ( 'NONE', ( #1804, #1556, #147, #526 ) ) ;
#537 = FACE_OUTER_BOUND ( 'NONE', #1029, .T. ) ;
#538 = CARTESIAN_POINT ( 'NONE',  ( 6.428044692002682581, 4.500000000000000000, -26.59688888804871709 ) ) ;
#539 = CARTESIAN_POINT ( 'NONE',  ( 15.44521425885015198, -1.500000000000000444, -17.47284037497641052 ) ) ;
#540 = CARTESIAN_POINT ( 'NONE',  ( 12.53540622569293816, -1.500000000000000444, -18.02088317356248126 ) ) ;
#541 = ORIENTED_EDGE ( 'NONE', *, *, #2260, .F. ) ;
#542 = B_SPLINE_SURFACE_WITH_KNOTS ( 'NONE', 3, 1, ( 
 ( #1351, #81 ),
 ( #1381, #807 ),
 ( #1724, #1549 ),
 ( #1922, #1936 ) ),
 .UNSPECIFIED., .F., .F., .F.,
 ( 4, 4 ),
 ( 2, 2 ),
 ( 0.4545418633443863987, 0.4839599404020549223 ),
 ( 0.000000000000000000, 1.000000000000000000 ),
 .UNSPECIFIED. ) ;
#543 = ORIENTED_EDGE ( 'NONE', *, *, #1021, .F. ) ;
#544 = CARTESIAN_POINT ( 'NONE',  ( -29.86172034430612499, -1.500000000000000222, -6.660607347731161809 ) ) ;
#545 = VERTEX_POINT ( 'NONE', #1785 ) ;
#546 = CARTESIAN_POINT ( 'NONE',  ( -23.80570555224895202, -1.500000000000000444, -22.29268944807415664 ) ) ;
#547 = B_SPLINE_CURVE_WITH_KNOTS ( 'NONE', 3,
 ( #514, #321, #1070, #1448 ),
 .UNSPECIFIED., .F., .F.,
 ( 4, 4 ),
 ( 0.000000000000000000, 0.5855695330273008592 ),
 .UNSPECIFIED. ) ;
#548 = CARTESIAN_POINT ( 'NONE',  ( 8.886286068726958476, 4.500000000000000000, -20.82095155238102890 ) ) ;
#549 = VERTEX_POINT ( 'NONE', #1224 ) ;
#550 = DIRECTION ( 'NONE',  ( 0.000000000000000000, 0.000000000000000000, -1.000000000000000000 ) ) ;
#551 = DIRECTION ( 'NONE',  ( 0.000000000000000000, 1.000000000000000000, 0.000000000000000000 ) ) ;
#552 = CARTESIAN_POINT ( 'NONE',  ( -29.22783939724474678, -1.500000000000000222, -16.64167385380894615 ) ) ;
#553 = CARTESIAN_POINT ( 'NONE',  ( -32.70164014004183883, 4.500000000000000000, -0.2194075516574252871 ) ) ;
#554 = ORIENTED_EDGE ( 'NONE', *, *, #1071, .F. ) ;
#555 = ORIENTED_EDGE ( 'NONE', *, *, #2111, .T. ) ;
#556 = CARTESIAN_POINT ( 'NONE',  ( -28.85910154575526576, 4.500000000000000000, -15.23504323044662101 ) ) ;
#557 = ADVANCED_FACE ( 'NONE', ( #1065 ), #1515, .F. ) ;
#558 = ORIENTED_EDGE ( 'NONE', *, *, #93, .T. ) ;
#559 = CARTESIAN_POINT ( 'NONE',  ( 21.74648268810767604, 4.500000000000000000, 6.218705279934696684 ) ) ;
#560 = EDGE_CURVE ( 'NONE', #192, #1567, #862, .T. ) ;
#561 = B_SPLINE_CURVE_WITH_KNOTS ( 'NONE', 3,
 ( #1386, #135, #671, #696 ),
 .UNSPECIFIED., .F., .F.,
 ( 4, 4 ),
 ( 0.000000000000000000, 0.5855695330273008592 ),
 .UNSPECIFIED. ) ;
#562 = CARTESIAN_POINT ( 'NONE',  ( -31.03161992710638373, -1.500000000000000444, 0.02516993119038501633 ) ) ;
#563 = ORIENTED_EDGE ( 'NONE', *, *, #2055, .T. ) ;
#564 = DIRECTION ( 'NONE',  ( -0.1453943818575021141, 0.000000000000000000, -0.9893737785712106714 ) ) ;
#565 = DIRECTION ( 'NONE',  ( 0.000000000000000000, 1.000000000000000000, 0.000000000000000000 ) ) ;
#566 = CARTESIAN_POINT ( 'NONE',  ( 8.886286068726958476, -1.500000000000000444, -20.82095155238102890 ) ) ;
#567 = CARTESIAN_POINT ( 'NONE',  ( -6.155156148444743458, -1.500000000000000444, -24.85129384747109427 ) ) ;
#568 = CARTESIAN_POINT ( 'NONE',  ( 19.11801938896470787, -1.500000000000000222, -16.64167385380915221 ) ) ;
#569 = VERTEX_POINT ( 'NONE', #2152 ) ;
#570 = VERTEX_POINT ( 'NONE', #875 ) ;
#571 = CARTESIAN_POINT ( 'NONE',  ( 18.21544881154721907, -1.500000000000000444, -13.86260041717947722 ) ) ;
#572 = VERTEX_POINT ( 'NONE', #318 ) ;
#573 = CARTESIAN_POINT ( 'NONE',  ( -32.70164014004137698, 4.500000000000000000, 2.470239702647625268 ) ) ;
#574 = VERTEX_POINT ( 'NONE', #2309 ) ;
#575 = CARTESIAN_POINT ( 'NONE',  ( -18.37664952819806885, 4.500000000000000000, -21.21460412836983878 ) ) ;
#576 = FACE_OUTER_BOUND ( 'NONE', #126, .T. ) ;
#577 = CARTESIAN_POINT ( 'NONE',  ( 8.886286068726958476, 4.500000000000000000, -20.82095155238102890 ) ) ;
#578 = CARTESIAN_POINT ( 'NONE',  ( -22.64522623397328971, 4.500000000000000000, -18.02088317356265179 ) ) ;
#579 = CARTESIAN_POINT ( 'NONE',  ( 19.11801938896470787, -1.500000000000000444, -16.64167385380915221 ) ) ;
#580 = VECTOR ( 'NONE', #1176, 1000.000000000000000 ) ;
#581 = ORIENTED_EDGE ( 'NONE', *, *, #1692, .T. ) ;
#582 = ORIENTED_EDGE ( 'NONE', *, *, #418, .F. ) ;
#583 = CARTESIAN_POINT ( 'NONE',  ( -29.67009244697975134, 4.500000000000000000, -11.53329756773205617 ) ) ;
#584 = B_SPLINE_SURFACE_WITH_KNOTS ( 'NONE', 2, 1, ( 
 ( #328, #499 ),
 ( #1223, #2346 ),
 ( #886, #714 ) ),
 .UNSPECIFIED., .F., .F., .F.,
 ( 3, 3 ),
 ( 2, 2 ),
 ( 0.000000000000000000, 1.000000000000000000 ),
 ( 0.000000000000000000, 1.000000000000000000 ),
 .UNSPECIFIED. ) ;
#585 = ADVANCED_FACE ( 'NONE', ( #1043 ), #1480, .F. ) ;
#586 = ORIENTED_EDGE ( 'NONE', *, *, #1391, .T. ) ;
#587 = CARTESIAN_POINT ( 'NONE',  ( 12.53540622569293816, 4.500000000000000000, -18.02088317356248126 ) ) ;
#588 = DIRECTION ( 'NONE',  ( 0.000000000000000000, 0.000000000000000000, 1.000000000000000000 ) ) ;
#589 = CARTESIAN_POINT ( 'NONE',  ( 2.030880514632329437, 4.500000000000000000, -23.90130486701732337 ) ) ;
#590 = FACE_OUTER_BOUND ( 'NONE', #1563, .T. ) ;
#591 = B_SPLINE_CURVE_WITH_KNOTS ( 'NONE', 3,
 ( #152, #1044, #2116, #1775 ),
 .UNSPECIFIED., .F., .F.,
 ( 4, 4 ),
 ( 0.000000000000000000, 0.5855695330273008592 ),
 .UNSPECIFIED. ) ;
#592 = VERTEX_POINT ( 'NONE', #1952 ) ;
#593 = CARTESIAN_POINT ( 'NONE',  ( -32.52812593079230652, -1.500000000000000444, -10.92540989816913921 ) ) ;
#594 = EDGE_CURVE ( 'NONE', #1150, #695, #1421, .T. ) ;
#595 = EDGE_CURVE ( 'NONE', #382, #1999, #851, .T. ) ;
#596 = DIRECTION ( 'NONE',  ( -0.000000000000000000, -1.000000000000000000, -0.000000000000000000 ) ) ;
#597 = CARTESIAN_POINT ( 'NONE',  ( 0.2086035370416185475, -1.500000000000000444, -27.27528090280261353 ) ) ;
#598 = DIRECTION ( 'NONE',  ( -0.000000000000000000, -1.000000000000000000, -0.000000000000000000 ) ) ;
#599 = CARTESIAN_POINT ( 'NONE',  ( -6.155156148444743458, 4.500000000000000000, -24.85129384747109427 ) ) ;
#600 = B_SPLINE_SURFACE_WITH_KNOTS ( 'NONE', 3, 1, ( 
 ( #1088, #1478 ),
 ( #1646, #571 ),
 ( #160, #706 ),
 ( #1822, #1465 ) ),
 .UNSPECIFIED., .F., .F., .F.,
 ( 4, 4 ),
 ( 2, 2 ),
 ( 0.000000000000000000, 0.5855695330273008592 ),
 ( 0.000000000000000000, 1.000000000000000000 ),
 .UNSPECIFIED. ) ;
#601 = EDGE_CURVE ( 'NONE', #54, #1463, #2252, .T. ) ;
#603 = EDGE_LOOP ( 'NONE', ( #1933, #313, #2126, #937 ) ) ;
#602 = VECTOR ( 'NONE', #1877, 1000.000000000000000 ) ;
#604 = CARTESIAN_POINT ( 'NONE',  ( 6.980603845959238107, 4.500000000000000000, -21.92119769668533991 ) ) ;
#605 = ORIENTED_EDGE ( 'NONE', *, *, #517, .T. ) ;
#606 = AXIS2_PLACEMENT_3D ( 'NONE', #109, #2330, #1026 ) ;
#607 = ADVANCED_FACE ( 'NONE', ( #2165 ), #1264, .F. ) ;
#608 = CARTESIAN_POINT ( 'NONE',  ( -6.155156148444743458, 4.500000000000000000, -24.85129384747109427 ) ) ;
#609 = DIRECTION ( 'NONE',  ( 0.000000000000000000, 0.000000000000000000, -1.000000000000000000 ) ) ;
#610 = CARTESIAN_POINT ( 'NONE',  ( 8.886286068726958476, -1.500000000000000222, -20.82095155238102890 ) ) ;
#611 = EDGE_CURVE ( 'NONE', #1024, #2222, #337, .T. ) ;
#612 = ORIENTED_EDGE ( 'NONE', *, *, #1518, .T. ) ;
#613 = LINE ( 'NONE', #1691, #602 ) ;
#614 = ORIENTED_EDGE ( 'NONE', *, *, #2226, .F. ) ;
#615 = CARTESIAN_POINT ( 'NONE',  ( -32.52812593079230652, 4.500000000000000000, -10.92540989816913921 ) ) ;
#616 = B_SPLINE_SURFACE_WITH_KNOTS ( 'NONE', 3, 1, ( 
 ( #934, #2038 ),
 ( #210, #1330 ),
 ( #2378, #1486 ),
 ( #1461, #1667 ) ),
 .UNSPECIFIED., .F., .F., .F.,
 ( 4, 4 ),
 ( 2, 2 ),
 ( 0.000000000000000000, 0.5855695330273008592 ),
 ( 0.000000000000000000, 1.000000000000000000 ),
 .UNSPECIFIED. ) ;
#617 = DIRECTION ( 'NONE',  ( 0.000000000000000000, 0.000000000000000000, 1.000000000000000000 ) ) ;
#618 = CARTESIAN_POINT ( 'NONE',  ( 22.03727145182267932, 4.500000000000000000, 8.197452837077118915 ) ) ;
#619 = CARTESIAN_POINT ( 'NONE',  ( -30.19177477955678057, 4.500000000000000000, 7.860758159587505567 ) ) ;
#620 = ADVANCED_FACE ( 'NONE', ( #1902 ), #542, .F. ) ;
#621 = ORIENTED_EDGE ( 'NONE', *, *, #1993, .F. ) ;
#622 = CARTESIAN_POINT ( 'NONE',  ( -30.08163230004591071, -1.500000000000000444, -5.960372132265750800 ) ) ;
#623 = CARTESIAN_POINT ( 'NONE',  ( -2.788432398420655378, 4.500000000000000000, -27.66984816906537503 ) ) ;
#624 = AXIS2_PLACEMENT_3D ( 'NONE', #1114, #372, #1098 ) ;
#625 = CARTESIAN_POINT ( 'NONE',  ( -33.45560698243738074, 4.500000000000000000, 6.388929616676787049 ) ) ;
#626 = FACE_OUTER_BOUND ( 'NONE', #104, .T. ) ;
#627 = CARTESIAN_POINT ( 'NONE',  ( -31.03161992710592898, -1.500000000000000222, 2.225662219799787511 ) ) ;
#628 = CARTESIAN_POINT ( 'NONE',  ( -33.00262805175505321, 4.500000000000000000, -9.779860442366052453 ) ) ;
#629 = VERTEX_POINT ( 'NONE', #647 ) ;
#630 = ADVANCED_FACE ( 'NONE', ( #626 ), #2278, .F. ) ;
#631 = CARTESIAN_POINT ( 'NONE',  ( -32.10766662186272669, -1.500000000000000222, 6.981916496205960776 ) ) ;
#632 = CARTESIAN_POINT ( 'NONE',  ( 7.379894934478580026, 4.500000000000000000, -24.94525307183976537 ) ) ;
#633 = CIRCLE ( 'NONE', #1144, 25.99999999999955946 ) ;
#634 = CARTESIAN_POINT ( 'NONE',  ( -31.03161992710592898, 4.500000000000000000, 2.225662219799787511 ) ) ;
#635 = CARTESIAN_POINT ( 'NONE',  ( -24.20120925319738348, 4.500000000000000000, -16.46490015433791854 ) ) ;
#636 = CARTESIAN_POINT ( 'NONE',  ( -3.710086376987531853, 4.500000000000000000, -26.52131406040699346 ) ) ;
#637 = AXIS2_PLACEMENT_3D ( 'NONE', #2052, #1115, #2228 ) ;
#638 = PRODUCT_DEFINITION_CONTEXT ( 'detailed design', #2306, 'design' ) ;
#639 = CARTESIAN_POINT ( 'NONE',  ( 18.36319551942917272, -1.500000000000000444, -17.62537947261402849 ) ) ;
#640 = AXIS2_PLACEMENT_3D ( 'NONE', #1429, #523, #1624 ) ;
#641 = CARTESIAN_POINT ( 'NONE',  ( -33.00262805175505321, -1.500000000000000222, -9.779860442366052453 ) ) ;
#642 = ORIENTED_EDGE ( 'NONE', *, *, #560, .F. ) ;
#643 = CARTESIAN_POINT ( 'NONE',  ( -3.710086376987531853, -1.500000000000000444, -26.52131406040699346 ) ) ;
#644 = ORIENTED_EDGE ( 'NONE', *, *, #705, .F. ) ;
#645 = DIRECTION ( 'NONE',  ( -0.000000000000000000, -1.000000000000000000, -0.000000000000000000 ) ) ;
#646 = EDGE_CURVE ( 'NONE', #549, #1602, #419, .T. ) ;
#647 = CARTESIAN_POINT ( 'NONE',  ( -17.09042385423953192, 4.500000000000000000, -21.92119769668562768 ) ) ;
#648 = CARTESIAN_POINT ( 'NONE',  ( -33.45560698243738074, -1.500000000000000444, 6.388929616676787049 ) ) ;
#649 = ORIENTED_EDGE ( 'NONE', *, *, #1512, .T. ) ;
#650 = EDGE_LOOP ( 'NONE', ( #65, #2316, #1041, #392 ) ) ;
#651 = CARTESIAN_POINT ( 'NONE',  ( -34.87282590710813679, 4.500000000000000000, 4.425702609042714286 ) ) ;
#652 = EDGE_CURVE ( 'NONE', #2026, #176, #1622, .T. ) ;
#653 = DIRECTION ( 'NONE',  ( -0.000000000000000000, -1.000000000000000000, -0.000000000000000000 ) ) ;
#654 = ORIENTED_EDGE ( 'NONE', *, *, #1742, .F. ) ;
#655 = EDGE_CURVE ( 'NONE', #1116, #368, #1878, .T. ) ;
#656 = ORIENTED_EDGE ( 'NONE', *, *, #1156, .F. ) ;
#657 = FACE_OUTER_BOUND ( 'NONE', #1819, .T. ) ;
#658 = CARTESIAN_POINT ( 'NONE',  ( -17.10573597780430077, 4.500000000000000000, -26.34779985115730838 ) ) ;
#659 = CARTESIAN_POINT ( 'NONE',  ( 12.53540622569293816, -1.500000000000000222, -18.02088317356248126 ) ) ;
#660 = EDGE_CURVE ( 'NONE', #2222, #1595, #2115, .T. ) ;
#661 = CIRCLE ( 'NONE', #971, 2.000000000000001776 ) ;
#662 = B_SPLINE_CURVE_WITH_KNOTS ( 'NONE', 3,
 ( #1811, #190, #1636, #1985 ),
 .UNSPECIFIED., .F., .F.,
 ( 4, 4 ),
 ( 0.000000000000000000, 0.5855695330273008592 ),
 .UNSPECIFIED. ) ;
#663 = APPLICATION_CONTEXT ( 'automotive_design' ) ;
#664 = EDGE_LOOP ( 'NONE', ( #310, #1660 ) ) ;
#665 = B_SPLINE_CURVE_WITH_KNOTS ( 'NONE', 3,
 ( #1953, #1418, #1572, #659 ),
 .UNSPECIFIED., .F., .F.,
 ( 4, 4 ),
 ( 0.9090903094065657664, 0.9385083864668765097 ),
 .UNSPECIFIED. ) ;
#666 = FACE_OUTER_BOUND ( 'NONE', #908, .T. ) ;
#667 = CARTESIAN_POINT ( 'NONE',  ( -28.47301552770922228, 4.500000000000000000, -17.62537947261383664 ) ) ;
#668 = ADVANCED_FACE ( 'NONE', ( #1913 ), #1436, .F. ) ;
#669 = ORIENTED_EDGE ( 'NONE', *, *, #475, .T. ) ;
#670 = CARTESIAN_POINT ( 'NONE',  ( 5.850366513721095174, 4.500000000000000000, -26.82230197212015810 ) ) ;
#671 = CARTESIAN_POINT ( 'NONE',  ( -10.91141042485091539, -1.500000000000000222, -25.92734054222791329 ) ) ;
#672 = VERTEX_POINT ( 'NONE', #267 ) ;
#673 = ORIENTED_EDGE ( 'NONE', *, *, #1455, .T. ) ;
#674 = ORIENTED_EDGE ( 'NONE', *, *, #2219, .F. ) ;
#675 = CARTESIAN_POINT ( 'NONE',  ( -32.70164014004183883, -1.500000000000000222, -0.2194075516574252871 ) ) ;
#676 = CARTESIAN_POINT ( 'NONE',  ( -12.84093342736617238, -1.500000000000000222, -23.68139426467075737 ) ) ;
#677 = DIRECTION ( 'NONE',  ( -0.000000000000000000, -1.000000000000000000, 0.000000000000000000 ) ) ;
#678 = ORIENTED_EDGE ( 'NONE', *, *, #652, .T. ) ;
#679 = PLANE ( 'NONE',  #1682 ) ;
#680 = EDGE_CURVE ( 'NONE', #1435, #672, #995, .T. ) ;
#681 = DIRECTION ( 'NONE',  ( 0.000000000000000000, 0.000000000000000000, 1.000000000000000000 ) ) ;
#682 = CIRCLE ( 'NONE', #2138, 2.999999999999995559 ) ;
#683 = VERTEX_POINT ( 'NONE', #1733 ) ;
#684 = DIRECTION ( 'NONE',  ( -0.000000000000000000, -1.000000000000000000, -0.000000000000000000 ) ) ;
#685 = ORIENTED_EDGE ( 'NONE', *, *, #2119, .F. ) ;
#686 = CARTESIAN_POINT ( 'NONE',  ( -20.05491000413994485, 4.500000000000000000, 4.125416075494896972 ) ) ;
#687 = CARTESIAN_POINT ( 'NONE',  ( -17.09042385423953192, -1.500000000000000444, -21.92119769668562768 ) ) ;
#688 = CARTESIAN_POINT ( 'NONE',  ( 20.10211563353960429, -1.500000000000000222, 7.692307354106952211 ) ) ;
#689 = ADVANCED_FACE ( 'NONE', ( #825 ), #467, .F. ) ;
#690 = VERTEX_POINT ( 'NONE', #432 ) ;
#691 = LINE ( 'NONE', #346, #1146 ) ;
#692 = DIRECTION ( 'NONE',  ( -0.000000000000000000, -1.000000000000000000, -0.000000000000000000 ) ) ;
#693 = B_SPLINE_CURVE_WITH_KNOTS ( 'NONE', 3,
 ( #855, #1779, #1057, #1791 ),
 .UNSPECIFIED., .F., .F.,
 ( 4, 4 ),
 ( 0.6363612417694253232, 0.6657793188270956231 ),
 .UNSPECIFIED. ) ;
#694 = EDGE_CURVE ( 'NONE', #849, #1950, #873, .T. ) ;
#695 = VERTEX_POINT ( 'NONE', #1708 ) ;
#696 = CARTESIAN_POINT ( 'NONE',  ( -10.71542109524853004, -1.500000000000000222, -24.25092357756454220 ) ) ;
#697 = CARTESIAN_POINT ( 'NONE',  ( 56.40508999586005245, -1.500000000000000222, -6.874583924505103028 ) ) ;
#698 = VERTEX_POINT ( 'NONE', #62 ) ;
#699 = FACE_OUTER_BOUND ( 'NONE', #603, .T. ) ;
#700 = CARTESIAN_POINT ( 'NONE',  ( -27.39493018866235374, 4.500000000000000000, -12.19632338600699129 ) ) ;
#701 = CARTESIAN_POINT ( 'NONE',  ( 0.6056010869683264852, -1.500000000000000222, -24.25092357756415851 ) ) ;
#702 = ORIENTED_EDGE ( 'NONE', *, *, #1882, .T. ) ;
#703 = DIRECTION ( 'NONE',  ( 0.000000000000000000, 0.000000000000000000, 1.000000000000000000 ) ) ;
#704 = CARTESIAN_POINT ( 'NONE',  ( 5.850366513721095174, -1.500000000000000222, -26.82230197212015810 ) ) ;
#705 = EDGE_CURVE ( 'NONE', #922, #711, #1744, .T. ) ;
#706 = CARTESIAN_POINT ( 'NONE',  ( 18.74928153747524107, -1.500000000000000444, -15.23504323044681819 ) ) ;
#707 = ORIENTED_EDGE ( 'NONE', *, *, #357, .F. ) ;
#708 = CARTESIAN_POINT ( 'NONE',  ( 20.10211563353960429, 4.500000000000000000, 7.692307354106952211 ) ) ;
#709 = B_SPLINE_SURFACE_WITH_KNOTS ( 'NONE', 3, 1, ( 
 ( #2189, #546 ),
 ( #1649, #177 ),
 ( #5, #1467 ),
 ( #1857, #1291 ) ),
 .UNSPECIFIED., .F., .F., .F.,
 ( 4, 4 ),
 ( 2, 2 ),
 ( 0.000000000000000000, 0.5855695330273008592 ),
 ( 0.000000000000000000, 1.000000000000000000 ),
 .UNSPECIFIED. ) ;
#710 = CARTESIAN_POINT ( 'NONE',  ( -20.04292649681440253, 4.500000000000000000, -22.14494274019222075 ) ) ;
#711 = VERTEX_POINT ( 'NONE', #1170 ) ;
#712 = ADVANCED_FACE ( 'NONE', ( #143 ), #1064, .F. ) ;
#713 = VECTOR ( 'NONE', #15, 1000.000000000000000 ) ;
#714 = CARTESIAN_POINT ( 'NONE',  ( -34.71098207010992098, -1.500000000000000444, 5.655028599540994350 ) ) ;
#715 = CARTESIAN_POINT ( 'NONE',  ( 6.995915969524182820, 4.500000000000000000, -26.34779985115741852 ) ) ;
#716 = CARTESIAN_POINT ( 'NONE',  ( -33.00262805175505321, -1.500000000000000444, -9.779860442366052453 ) ) ;
#717 = CARTESIAN_POINT ( 'NONE',  ( -34.71098207010999204, -1.500000000000000444, -3.404196448550757204 ) ) ;
#718 = ORIENTED_EDGE ( 'NONE', *, *, #1003, .T. ) ;
#719 = AXIS2_PLACEMENT_3D ( 'NONE', #1696, #564, #2048 ) ;
#720 = VERTEX_POINT ( 'NONE', #2337 ) ;
#721 = CARTESIAN_POINT ( 'NONE',  ( 3.399590163111536611, 4.500000000000000000, -25.23120860820611711 ) ) ;
#722 = ORIENTED_EDGE ( 'NONE', *, *, #1827, .F. ) ;
#723 = CARTESIAN_POINT ( 'NONE',  ( 0.6056010869683264852, 4.500000000000000000, -24.25092357756415851 ) ) ;
#724 = VECTOR ( 'NONE', #841, 1000.000000000000000 ) ;
#725 = CARTESIAN_POINT ( 'NONE',  ( -31.03161992710592898, 4.500000000000000000, 2.225662219799787511 ) ) ;
#726 = VERTEX_POINT ( 'NONE', #105 ) ;
#727 = EDGE_CURVE ( 'NONE', #549, #1451, #2131, .T. ) ;
#728 = DIRECTION ( 'NONE',  ( -0.000000000000000000, -1.000000000000000000, -0.000000000000000000 ) ) ;
#729 = CARTESIAN_POINT ( 'NONE',  ( 13.54334644633095941, 4.500000000000000000, -19.37470818749497425 ) ) ;
#730 = EDGE_CURVE ( 'NONE', #2349, #2329, #547, .T. ) ;
#731 = FACE_OUTER_BOUND ( 'NONE', #13, .T. ) ;
#732 = CARTESIAN_POINT ( 'NONE',  ( 19.11801938896470787, 4.500000000000000000, -16.64167385380915221 ) ) ;
#733 = ORIENTED_EDGE ( 'NONE', *, *, #179, .F. ) ;
#734 = EDGE_CURVE ( 'NONE', #570, #1950, #691, .T. ) ;
#735 = B_SPLINE_SURFACE_WITH_KNOTS ( 'NONE', 3, 1, ( 
 ( #628, #280 ),
 ( #1565, #1543 ),
 ( #97, #1554 ),
 ( #295, #2182 ) ),
 .UNSPECIFIED., .F., .F., .F.,
 ( 4, 4 ),
 ( 2, 2 ),
 ( 0.000000000000000000, 0.5855695330273008592 ),
 ( 0.000000000000000000, 1.000000000000000000 ),
 .UNSPECIFIED. ) ;
#736 = VERTEX_POINT ( 'NONE', #1806 ) ;
#737 = CARTESIAN_POINT ( 'NONE',  ( -3.710086376987531853, -1.500000000000000222, -26.52131406040699346 ) ) ;
#738 = EDGE_LOOP ( 'NONE', ( #1488, #1532, #1413, #1482 ) ) ;
#739 = CARTESIAN_POINT ( 'NONE',  ( -34.87282590710817942, -1.500000000000000222, -2.174870458052471367 ) ) ;
#740 = ADVANCED_FACE ( 'NONE', ( #1995, #1629, #666, #291, #1420 ), #157, .T. ) ;
#741 = CARTESIAN_POINT ( 'NONE',  ( -34.87282590710813679, 4.500000000000000000, 4.425702609042714286 ) ) ;
#742 = ORIENTED_EDGE ( 'NONE', *, *, #1810, .F. ) ;
#743 = CARTESIAN_POINT ( 'NONE',  ( -5.421864731468832410, -1.500000000000000444, -24.88247867340560049 ) ) ;
#744 = CARTESIAN_POINT ( 'NONE',  ( 0.6056010869683264852, -1.500000000000000222, -24.25092357756415851 ) ) ;
#745 = CARTESIAN_POINT ( 'NONE',  ( -29.67009244697975134, -1.500000000000000222, -11.53329756773205617 ) ) ;
#746 = CARTESIAN_POINT ( 'NONE',  ( 21.74648268810767604, -1.500000000000000222, 6.218705279934696684 ) ) ;
#747 = ORIENTED_EDGE ( 'NONE', *, *, #1827, .T. ) ;
#748 = ORIENTED_EDGE ( 'NONE', *, *, #1328, .F. ) ;
#749 = CARTESIAN_POINT ( 'NONE',  ( 56.52850500284306179, 4.500000000000000000, 1.124464064852838563 ) ) ;
#750 = ORIENTED_EDGE ( 'NONE', *, *, #38, .T. ) ;
#751 = CARTESIAN_POINT ( 'NONE',  ( -33.85017424870022040, 4.500000000000000000, -1.141061530224296128 ) ) ;
#752 = ORIENTED_EDGE ( 'NONE', *, *, #1141, .F. ) ;
#753 = LINE ( 'NONE', #2057, #290 ) ;
#754 = CARTESIAN_POINT ( 'NONE',  ( -5.054910004139945734, 4.500000000000000000, 4.125416075494896972 ) ) ;
#755 = CARTESIAN_POINT ( 'NONE',  ( -9.584522528185940971, -1.500000000000000222, -28.53065599047508982 ) ) ;
#756 = CARTESIAN_POINT ( 'NONE',  ( -34.87282590710813679, -1.500000000000000222, 4.425702609042714286 ) ) ;
#757 = ORIENTED_EDGE ( 'NONE', *, *, #1347, .T. ) ;
#758 = B_SPLINE_CURVE_WITH_KNOTS ( 'NONE', 3,
 ( #162, #1090, #1105, #2159 ),
 .UNSPECIFIED., .F., .F.,
 ( 4, 4 ),
 ( 0.000000000000000000, 0.5855695330273008592 ),
 .UNSPECIFIED. ) ;
#759 = ORIENTED_EDGE ( 'NONE', *, *, #1772, .F. ) ;
#760 = LINE ( 'NONE', #604, #1203 ) ;
#761 = ORIENTED_EDGE ( 'NONE', *, *, #1124, .F. ) ;
#762 = AXIS2_PLACEMENT_3D ( 'NONE', #458, #816, #2287 ) ;
#763 = CARTESIAN_POINT ( 'NONE',  ( -5.054910004139945734, 4.500000000000000000, 1.125416075494895418 ) ) ;
#764 = DIRECTION ( 'NONE',  ( -0.000000000000000000, -1.000000000000000000, 0.000000000000000000 ) ) ;
#765 = CARTESIAN_POINT ( 'NONE',  ( 7.631250319745530142, -1.500000000000000444, -21.58155109484395240 ) ) ;
#766 = B_SPLINE_CURVE_WITH_KNOTS ( 'NONE', 2,
 ( #1423, #1452, #910 ),
 .UNSPECIFIED., .F., .F.,
 ( 3, 3 ),
 ( 0.000000000000000000, 1.000000000000000000 ),
 .UNSPECIFIED. ) ;
#767 = EDGE_CURVE ( 'NONE', #569, #2134, #95, .T. ) ;
#768 = CARTESIAN_POINT ( 'NONE',  ( -28.10152377632023857, -1.500000000000000222, -10.91009777460420871 ) ) ;
#769 = VECTOR ( 'NONE', #2308, 1000.000000000000000 ) ;
#770 = ORIENTED_EDGE ( 'NONE', *, *, #1220, .F. ) ;
#771 = CARTESIAN_POINT ( 'NONE',  ( 56.40508999586005245, 4.500000000000000000, -9.874583924505110133 ) ) ;
#772 = CARTESIAN_POINT ( 'NONE',  ( 8.266844084386828939, 4.500000000000000000, -21.21458178454769694 ) ) ;
#773 = VERTEX_POINT ( 'NONE', #2363 ) ;
#774 = FACE_OUTER_BOUND ( 'NONE', #1795, .T. ) ;
#775 = CARTESIAN_POINT ( 'NONE',  ( 0.6056010869683264852, -1.500000000000000444, -24.25092357756415851 ) ) ;
#776 = CARTESIAN_POINT ( 'NONE',  ( 8.266844084386828939, 4.500000000000000000, -21.21458178454769694 ) ) ;
#777 = CARTESIAN_POINT ( 'NONE',  ( -27.39493018866235374, -1.500000000000000222, -12.19632338600699129 ) ) ;
#778 = ORIENTED_EDGE ( 'NONE', *, *, #534, .T. ) ;
#779 = CARTESIAN_POINT ( 'NONE',  ( -28.10152377632023857, 4.500000000000000000, -10.91009777460420871 ) ) ;
#780 = EDGE_CURVE ( 'NONE', #1954, #1703, #431, .T. ) ;
#781 = AXIS2_PLACEMENT_3D ( 'NONE', #2118, #1035, #1591 ) ;
#782 = CARTESIAN_POINT ( 'NONE',  ( 16.89145762373553694, 4.500000000000000000, -12.81577999737188023 ) ) ;
#783 = B_SPLINE_CURVE_WITH_KNOTS ( 'NONE', 3,
 ( #544, #3, #1118, #349 ),
 .UNSPECIFIED., .F., .F.,
 ( 4, 4 ),
 ( 0.1818127957067485756, 0.2112308727645026418 ),
 .UNSPECIFIED. ) ;
#784 = CARTESIAN_POINT ( 'NONE',  ( 1.321977743877459810, -1.500000000000000444, -24.09125556053739814 ) ) ;
#785 = CARTESIAN_POINT ( 'NONE',  ( -31.06280145886117694, -1.500000000000000222, 1.492432825326317269 ) ) ;
#786 = B_SPLINE_SURFACE_WITH_KNOTS ( 'NONE', 2, 1, ( 
 ( #71, #806 ),
 ( #1539, #1911 ),
 ( #994, #2163 ) ),
 .UNSPECIFIED., .F., .F., .F.,
 ( 3, 3 ),
 ( 2, 2 ),
 ( 0.000000000000000000, 1.000000000000000000 ),
 ( 0.000000000000000000, 1.000000000000000000 ),
 .UNSPECIFIED. ) ;
#788 = ORIENTED_EDGE ( 'NONE', *, *, #2033, .F. ) ;
#787 = VECTOR ( 'NONE', #1522, 1000.000000000000000 ) ;
#789 = CARTESIAN_POINT ( 'NONE',  ( -14.69692205346211367, 4.500000000000000000, -26.10206576348545582 ) ) ;
#790 = PRESENTATION_STYLE_ASSIGNMENT (( #970 ) ) ;
#791 = B_SPLINE_CURVE_WITH_KNOTS ( 'NONE', 2,
 ( #651, #845, #2106 ),
 .UNSPECIFIED., .F., .F.,
 ( 3, 3 ),
 ( 0.000000000000000000, 1.000000000000000000 ),
 .UNSPECIFIED. ) ;
#792 = ORIENTED_EDGE ( 'NONE', *, *, #1091, .F. ) ;
#793 = CARTESIAN_POINT ( 'NONE',  ( -31.12557915147465337, 4.500000000000000000, -11.30938886312353908 ) ) ;
#794 = CARTESIAN_POINT ( 'NONE',  ( -6.155156148444743458, 4.500000000000000000, -24.85129384747109427 ) ) ;
#795 = AXIS2_PLACEMENT_3D ( 'NONE', #1265, #1640, #2004 ) ;
#796 = EDGE_CURVE ( 'NONE', #2105, #2134, #1939, .T. ) ;
#797 = DIRECTION ( 'NONE',  ( -0.000000000000000000, -1.000000000000000000, -0.000000000000000000 ) ) ;
#798 = CARTESIAN_POINT ( 'NONE',  ( 9.945089995860051602, 4.500000000000000000, 4.125416075494891643 ) ) ;
#799 = VERTEX_POINT ( 'NONE', #1575 ) ;
#800 = B_SPLINE_CURVE_WITH_KNOTS ( 'NONE', 2,
 ( #2175, #914, #2193 ),
 .UNSPECIFIED., .F., .F.,
 ( 3, 3 ),
 ( 0.000000000000000000, 1.000000000000000000 ),
 .UNSPECIFIED. ) ;
#801 = ADVANCED_FACE ( 'NONE', ( #1615, #878, #2350, #2313, #1213 ), #679, .F. ) ;
#802 =( NAMED_UNIT ( * ) PLANE_ANGLE_UNIT ( ) SI_UNIT ( $, .RADIAN. ) );
#803 = ORIENTED_EDGE ( 'NONE', *, *, #1518, .F. ) ;
#804 = FACE_OUTER_BOUND ( 'NONE', #2361, .T. ) ;
#805 = DIRECTION ( 'NONE',  ( 0.000000000000000000, 1.000000000000000000, 0.000000000000000000 ) ) ;
#806 = CARTESIAN_POINT ( 'NONE',  ( -22.82199993344407574, -1.500000000000000444, -23.04751331760969535 ) ) ;
#807 = CARTESIAN_POINT ( 'NONE',  ( -17.74106523392211088, -1.500000000000000444, -21.58155889115132098 ) ) ;
#808 = CARTESIAN_POINT ( 'NONE',  ( 6.428044692002682581, -1.500000000000000444, -26.59688888804871709 ) ) ;
#809 = ADVANCED_FACE ( 'NONE', ( #120 ), #1288, .F. ) ;
#810 = DIRECTION ( 'NONE',  ( -0.000000000000000000, -1.000000000000000000, -0.000000000000000000 ) ) ;
#811 = EDGE_LOOP ( 'NONE', ( #1535, #1869, #761, #2130 ) ) ;
#812 = CARTESIAN_POINT ( 'NONE',  ( 0.6056010869683264852, 4.500000000000000000, -24.25092357756415851 ) ) ;
#813 = DIRECTION ( 'NONE',  ( -0.000000000000000000, -1.000000000000000000, -0.000000000000000000 ) ) ;
#814 = AXIS2_PLACEMENT_3D ( 'NONE', #2199, #2021, #1294 ) ;
#815 = CARTESIAN_POINT ( 'NONE',  ( -32.10766662186272669, 4.500000000000000000, 6.981916496205960776 ) ) ;
#816 = DIRECTION ( 'NONE',  ( -0.000000000000000000, -1.000000000000000000, -0.000000000000000000 ) ) ;
#817 = CYLINDRICAL_SURFACE ( 'NONE', #1626, 1.999999999999999556 ) ;
#818 = VECTOR ( 'NONE', #950, 1000.000000000000000 ) ;
#819 = CARTESIAN_POINT ( 'NONE',  ( -10.91141042485091539, -1.500000000000000444, -25.92734054222791329 ) ) ;
#820 = CARTESIAN_POINT ( 'NONE',  ( -29.22783939724474678, 4.500000000000000000, -16.64167385380894615 ) ) ;
#821 = ORIENTED_EDGE ( 'NONE', *, *, #1520, .T. ) ;
#822 = CARTESIAN_POINT ( 'NONE',  ( -30.19177477955678057, 4.500000000000000000, 7.860758159587505567 ) ) ;
#823 = AXIS2_PLACEMENT_3D ( 'NONE', #763, #241, #405 ) ;
#824 = CARTESIAN_POINT ( 'NONE',  ( -5.054910004139945734, 4.500000000000000000, 1.125416075494895418 ) ) ;
#825 = FACE_OUTER_BOUND ( 'NONE', #1384, .T. ) ;
#826 = CARTESIAN_POINT ( 'NONE',  ( 6.995915969524182820, -1.500000000000000444, -26.34779985115741852 ) ) ;
#827 = VECTOR ( 'NONE', #1006, 1000.000000000000000 ) ;
#828 = ADVANCED_FACE ( 'NONE', ( #2144 ), #348, .F. ) ;
#829 = DIRECTION ( 'NONE',  ( 0.000000000000000000, 1.000000000000000000, 0.000000000000000000 ) ) ;
#830 = ADVANCED_FACE ( 'NONE', ( #906 ), #2190, .F. ) ;
#831 = ORIENTED_EDGE ( 'NONE', *, *, #1153, .F. ) ;
#832 = CARTESIAN_POINT ( 'NONE',  ( -32.77721496768360510, -1.500000000000000444, -10.35753862064763808 ) ) ;
#833 = FACE_OUTER_BOUND ( 'NONE', #122, .T. ) ;
#834 = EDGE_LOOP ( 'NONE', ( #1028, #1100, #1387, #1630 ) ) ;
#835 = ORIENTED_EDGE ( 'NONE', *, *, #1380, .T. ) ;
#836 = CARTESIAN_POINT ( 'NONE',  ( -0.5252974800941901945, 4.500000000000000000, -28.53065599047513601 ) ) ;
#837 = EDGE_CURVE ( 'NONE', #1348, #2043, #195, .T. ) ;
#838 = CARTESIAN_POINT ( 'NONE',  ( -0.5252974800941901945, -1.500000000000000444, -28.53065599047513601 ) ) ;
#839 = CARTESIAN_POINT ( 'NONE',  ( -31.03161992710592898, 4.500000000000000000, 2.225662219799787511 ) ) ;
#840 = EDGE_LOOP ( 'NONE', ( #2368, #2113, #1777, #1062 ) ) ;
#841 = DIRECTION ( 'NONE',  ( -0.000000000000000000, -1.000000000000000000, -0.000000000000000000 ) ) ;
#842 = CARTESIAN_POINT ( 'NONE',  ( 5.850366513721095174, 4.500000000000000000, -26.82230197212015810 ) ) ;
#843 = B_SPLINE_CURVE_WITH_KNOTS ( 'NONE', 3,
 ( #440, #101, #2127, #2322 ),
 .UNSPECIFIED., .F., .F.,
 ( 4, 4 ),
 ( 0.000000000000000000, 0.5855695330273008592 ),
 .UNSPECIFIED. ) ;
#844 = ORIENTED_EDGE ( 'NONE', *, *, #212, .F. ) ;
#845 = CARTESIAN_POINT ( 'NONE',  ( -34.80460770209944599, 4.500000000000000000, 5.042038079901502101 ) ) ;
#846 = LINE ( 'NONE', #559, #1336 ) ;
#847 = ORIENTED_EDGE ( 'NONE', *, *, #2107, .T. ) ;
#848 = VERTEX_POINT ( 'NONE', #568 ) ;
#849 = VERTEX_POINT ( 'NONE', #756 ) ;
#850 = CARTESIAN_POINT ( 'NONE',  ( 56.40508999586005245, 4.500000000000000000, -6.874583924505103028 ) ) ;
#851 = LINE ( 'NONE', #511, #2167 ) ;
#852 = CARTESIAN_POINT ( 'NONE',  ( -30.08163230004591071, 4.500000000000000000, -5.960372132265750800 ) ) ;
#853 = ORIENTED_EDGE ( 'NONE', *, *, #79, .F. ) ;
#854 = CARTESIAN_POINT ( 'NONE',  ( -32.10766662186239273, 4.500000000000000000, -4.731084345215654352 ) ) ;
#855 = CARTESIAN_POINT ( 'NONE',  ( -3.954663859835348294, -1.500000000000000222, -24.85129384747154191 ) ) ;
#856 = ORIENTED_EDGE ( 'NONE', *, *, #655, .T. ) ;
#857 = CARTESIAN_POINT ( 'NONE',  ( -29.22783939724474678, -1.500000000000000444, -16.64167385380894615 ) ) ;
#858 = EDGE_LOOP ( 'NONE', ( #2047, #894, #1261, #2061 ) ) ;
#859 = ORIENTED_EDGE ( 'NONE', *, *, #1374, .F. ) ;
#860 = EDGE_LOOP ( 'NONE', ( #1699, #2124, #1837, #1962 ) ) ;
#861 = CARTESIAN_POINT ( 'NONE',  ( -31.03161992710638373, 4.500000000000000000, 0.02516993119038501633 ) ) ;
#862 = LINE ( 'NONE', #2347, #899 ) ;
#863 = CARTESIAN_POINT ( 'NONE',  ( -32.28239184312042198, -1.500000000000000222, -8.516595973826952104 ) ) ;
#864 = EDGE_CURVE ( 'NONE', #1567, #991, #2110, .T. ) ;
#865 = ORIENTED_EDGE ( 'NONE', *, *, #415, .F. ) ;
#866 = DIRECTION ( 'NONE',  ( 0.000000000000000000, -1.000000000000000000, 0.000000000000000000 ) ) ;
#867 = VERTEX_POINT ( 'NONE', #746 ) ;
#868 = CIRCLE ( 'NONE', #1492, 2.000000000000003553 ) ;
#869 = ORIENTED_EDGE ( 'NONE', *, *, #2023, .F. ) ;
#870 = CARTESIAN_POINT ( 'NONE',  ( -30.43124965719936270, 4.500000000000000000, 6.785927166603570093 ) ) ;
#871 = VECTOR ( 'NONE', #2333, 1000.000000000000000 ) ;
#872 = ORIENTED_EDGE ( 'NONE', *, *, #2046, .T. ) ;
#873 = B_SPLINE_CURVE_WITH_KNOTS ( 'NONE', 2,
 ( #2269, #246, #977 ),
 .UNSPECIFIED., .F., .F.,
 ( 3, 3 ),
 ( 0.000000000000000000, 1.000000000000000000 ),
 .UNSPECIFIED. ) ;
#874 = CARTESIAN_POINT ( 'NONE',  ( -3.954663859835348294, -1.500000000000000222, -24.85129384747154191 ) ) ;
#875 = CARTESIAN_POINT ( 'NONE',  ( -34.71098207010992098, 4.500000000000000000, 5.655028599540994350 ) ) ;
#876 = CARTESIAN_POINT ( 'NONE',  ( 4.587102045181992160, -1.500000000000000222, -26.10206576348552687 ) ) ;
#877 = EDGE_LOOP ( 'NONE', ( #1129, #1048, #172, #821 ) ) ;
#878 = FACE_BOUND ( 'NONE', #350, .T. ) ;
#879 = DIRECTION ( 'NONE',  ( -0.000000000000000000, -1.000000000000000000, -0.000000000000000000 ) ) ;
#880 = LINE ( 'NONE', #2218, #2063 ) ;
#881 = ORIENTED_EDGE ( 'NONE', *, *, #1941, .T. ) ;
#882 = EDGE_CURVE ( 'NONE', #2353, #2236, #1559, .T. ) ;
#883 = CARTESIAN_POINT ( 'NONE',  ( -30.19177477955678057, -1.500000000000000222, 7.860758159587505567 ) ) ;
#884 = CARTESIAN_POINT ( 'NONE',  ( -23.81359493311552455, 4.500000000000000000, -20.83855222230372917 ) ) ;
#885 = ORIENTED_EDGE ( 'NONE', *, *, #1614, .T. ) ;
#886 = CARTESIAN_POINT ( 'NONE',  ( -34.71098207010992098, 4.500000000000000000, 5.655028599540994350 ) ) ;
#887 = CARTESIAN_POINT ( 'NONE',  ( 9.945089995860051602, 4.500000000000000000, -1.874583924505100363 ) ) ;
#888 = ORIENTED_EDGE ( 'NONE', *, *, #2099, .T. ) ;
#889 = CARTESIAN_POINT ( 'NONE',  ( 15.44521425885015198, 4.500000000000000000, -17.47284037497641052 ) ) ;
#890 = CARTESIAN_POINT ( 'NONE',  ( 56.55935875458881412, -1.500000000000000222, 3.124226062192323905 ) ) ;
#891 = MECHANICAL_DESIGN_GEOMETRIC_PRESENTATION_REPRESENTATION (  '', ( #366 ), #480 ) ;
#892 = ORIENTED_EDGE ( 'NONE', *, *, #909, .F. ) ;
#893 = CARTESIAN_POINT ( 'NONE',  ( 2.731113419086195648, 4.500000000000000000, -23.68139426467124764 ) ) ;
#894 = ORIENTED_EDGE ( 'NONE', *, *, #1579, .T. ) ;
#895 = CARTESIAN_POINT ( 'NONE',  ( 6.995915969524182820, 4.500000000000000000, -26.34779985115741852 ) ) ;
#896 = EDGE_CURVE ( 'NONE', #1960, #1155, #338, .T. ) ;
#897 = CARTESIAN_POINT ( 'NONE',  ( -33.85017424870019909, -1.500000000000000444, 3.391893681214519507 ) ) ;
#898 = ORIENTED_EDGE ( 'NONE', *, *, #2264, .F. ) ;
#899 = VECTOR ( 'NONE', #1801, 1000.000000000000000 ) ;
#900 = PRODUCT_DEFINITION_SHAPE ( 'NONE', 'NONE',  #436 ) ;
#901 = CARTESIAN_POINT ( 'NONE',  ( 56.26856999087381439, -1.500000000000000222, 1.145478505049902784 ) ) ;
#902 = EDGE_CURVE ( 'NONE', #1999, #1232, #968, .T. ) ;
#903 = CARTESIAN_POINT ( 'NONE',  ( -15.96018652200122467, 4.500000000000000000, -26.82230197212007283 ) ) ;
#904 = B_SPLINE_CURVE_WITH_KNOTS ( 'NONE', 3,
 ( #989, #449, #636, #2299 ),
 .UNSPECIFIED., .F., .F.,
 ( 4, 4 ),
 ( 0.000000000000000000, 0.5855695330273008592 ),
 .UNSPECIFIED. ) ;
#905 = CARTESIAN_POINT ( 'NONE',  ( -33.00262805175505321, -1.500000000000000222, -9.779860442366052453 ) ) ;
#906 = FACE_OUTER_BOUND ( 'NONE', #1897, .T. ) ;
#907 = ORIENTED_EDGE ( 'NONE', *, *, #1153, .T. ) ;
#908 = EDGE_LOOP ( 'NONE', ( #519, #2216, #16, #685, #1344, #2326, #68, #1303, #2150, #960, #541, #803, #707, #1068, #45, #742, #1826, #892, #1479, #1230, #1050, #1402, #1984, #112, #4, #322, #124, #1627, #942, #554, #1040, #656, #1337, #1036, #1183, #2307, #1980, #621, #1574, #654, #1424, #1059, #770, #1509, #788, #1269, #2184, #2040, #1976, #915, #2056, #543, #1415, #2140 ) ) ;
#909 = EDGE_CURVE ( 'NONE', #1856, #75, #1596, .T. ) ;
#910 = CARTESIAN_POINT ( 'NONE',  ( 12.71217992516398354, 4.500000000000000000, -23.04751331760983746 ) ) ;
#911 = EDGE_LOOP ( 'NONE', ( #612, #1119, #2220, #403 ) ) ;
#912 = CARTESIAN_POINT ( 'NONE',  ( -30.43124965719936270, -1.500000000000000222, 6.785927166603570093 ) ) ;
#913 = EDGE_CURVE ( 'NONE', #848, #726, #1489, .T. ) ;
#914 = CARTESIAN_POINT ( 'NONE',  ( -8.971532008546448722, 4.500000000000000000, -28.62428162246461838 ) ) ;
#915 = ORIENTED_EDGE ( 'NONE', *, *, #58, .F. ) ;
#916 = CARTESIAN_POINT ( 'NONE',  ( -12.84093342736617238, 4.500000000000000000, -23.68139426467075737 ) ) ;
#917 = PLANE ( 'NONE',  #1175 ) ;
#918 = VECTOR ( 'NONE', #293, 1000.000000000000000 ) ;
#919 = EDGE_CURVE ( 'NONE', #1893, #1286, #1, .T. ) ;
#920 = CARTESIAN_POINT ( 'NONE',  ( 6.995915969524182820, 4.500000000000000000, -26.34779985115741852 ) ) ;
#921 = CARTESIAN_POINT ( 'NONE',  ( -5.054910004139945734, 4.500000000000000000, 1.125416075494895418 ) ) ;
#922 = VERTEX_POINT ( 'NONE', #948 ) ;
#923 = ORIENTED_EDGE ( 'NONE', *, *, #475, .F. ) ;
#924 = DIRECTION ( 'NONE',  ( -0.000000000000000000, -1.000000000000000000, -0.000000000000000000 ) ) ;
#925 = EDGE_LOOP ( 'NONE', ( #2008, #1758, #1038, #1222 ) ) ;
#926 = CARTESIAN_POINT ( 'NONE',  ( -29.86186789394404428, -1.500000000000000222, 8.910969379754215325 ) ) ;
#927 = B_SPLINE_CURVE_WITH_KNOTS ( 'NONE', 3,
 ( #2300, #309, #1412, #1766 ),
 .UNSPECIFIED., .F., .F.,
 ( 4, 4 ),
 ( 0.000000000000000000, 0.5855695330273008592 ),
 .UNSPECIFIED. ) ;
#928 = CARTESIAN_POINT ( 'NONE',  ( -34.87282590710817942, -1.500000000000000444, -2.174870458052471367 ) ) ;
#929 = ORIENTED_EDGE ( 'NONE', *, *, #646, .T. ) ;
#930 = CARTESIAN_POINT ( 'NONE',  ( -24.20120925319738348, -1.500000000000000222, -16.46490015433791854 ) ) ;
#931 = B_SPLINE_CURVE_WITH_KNOTS ( 'NONE', 3,
 ( #1992, #1250, #129, #501 ),
 .UNSPECIFIED., .F., .F.,
 ( 4, 4 ),
 ( 0.4545418633443863987, 0.4839599404020549223 ),
 .UNSPECIFIED. ) ;
#932 = LINE ( 'NONE', #2211, #1106 ) ;
#933 = LINE ( 'NONE', #2212, #1327 ) ;
#934 = CARTESIAN_POINT ( 'NONE',  ( 12.71217992516398354, 4.500000000000000000, -23.04751331760983746 ) ) ;
#935 = CARTESIAN_POINT ( 'NONE',  ( 18.21544881154721907, 4.500000000000000000, -13.86260041717947722 ) ) ;
#936 = ORIENTED_EDGE ( 'NONE', *, *, #2366, .T. ) ;
#937 = ORIENTED_EDGE ( 'NONE', *, *, #997, .T. ) ;
#938 = CARTESIAN_POINT ( 'NONE',  ( -32.52812593079230652, -1.500000000000000222, -10.92540989816913921 ) ) ;
#939 = ORIENTED_EDGE ( 'NONE', *, *, #1715, .T. ) ;
#940 = AXIS2_PLACEMENT_3D ( 'NONE', #140, #117, #2348 ) ;
#941 = CARTESIAN_POINT ( 'NONE',  ( -31.03161992710638373, -1.500000000000000444, 0.02516993119038523491 ) ) ;
#942 = ORIENTED_EDGE ( 'NONE', *, *, #594, .F. ) ;
#943 = EDGE_CURVE ( 'NONE', #545, #1410, #2344, .T. ) ;
#944 = CARTESIAN_POINT ( 'NONE',  ( -29.86172034430612499, -1.500000000000000222, -6.660607347731161809 ) ) ;
#945 = CARTESIAN_POINT ( 'NONE',  ( 22.03727145182267932, -1.500000000000000222, 8.197452837077118915 ) ) ;
#946 = CARTESIAN_POINT ( 'NONE',  ( 9.945089995860051602, 4.500000000000000000, 1.125416075494895418 ) ) ;
#947 = CARTESIAN_POINT ( 'NONE',  ( -23.18579255505771286, 4.500000000000000000, -17.52441889406421893 ) ) ;
#948 = CARTESIAN_POINT ( 'NONE',  ( 20.10211563353960429, 4.500000000000000000, 7.692307354106952211 ) ) ;
#949 = EDGE_LOOP ( 'NONE', ( #2, #2340 ) ) ;
#950 = DIRECTION ( 'NONE',  ( -0.000000000000000000, -1.000000000000000000, -0.000000000000000000 ) ) ;
#951 = CIRCLE ( 'NONE', #823, 3.000000000000000000 ) ;
#952 = DIRECTION ( 'NONE',  ( -0.000000000000000000, -1.000000000000000000, -0.000000000000000000 ) ) ;
#953 = EDGE_LOOP ( 'NONE', ( #2320, #1756, #1645, #2188 ) ) ;
#954 = AXIS2_PLACEMENT_3D ( 'NONE', #618, #2085, #441 ) ;
#955 = CARTESIAN_POINT ( 'NONE',  ( 13.69588554396887048, 4.500000000000000000, -22.29268944807431296 ) ) ;
#956 = DIRECTION ( 'NONE',  ( 0.9893737785712105604, 0.000000000000000000, -0.1453943818575021141 ) ) ;
#957 = CARTESIAN_POINT ( 'NONE',  ( 7.631250319745530142, 4.500000000000000000, -21.58155109484395240 ) ) ;
#958 = EDGE_CURVE ( 'NONE', #574, #1856, #1083, .T. ) ;
#959 = CARTESIAN_POINT ( 'NONE',  ( -7.321387609859469237, 4.500000000000000000, -27.66984816906536793 ) ) ;
#960 = ORIENTED_EDGE ( 'NONE', *, *, #1398, .F. ) ;
#961 = CARTESIAN_POINT ( 'NONE',  ( 2.030880514632329437, 4.500000000000000000, -23.90130486701732337 ) ) ;
#962 = CARTESIAN_POINT ( 'NONE',  ( 9.945089995860051602, 4.500000000000000000, 1.125416075494895418 ) ) ;
#963 = CARTESIAN_POINT ( 'NONE',  ( 56.55935875458881412, 4.500000000000000000, 3.124226062192323905 ) ) ;
#964 = CARTESIAN_POINT ( 'NONE',  ( 2.731113419086195648, 4.500000000000000000, -23.68139426467124764 ) ) ;
#965 = CARTESIAN_POINT ( 'NONE',  ( -17.10573597780430077, -1.500000000000000222, -26.34779985115730838 ) ) ;
#966 = VERTEX_POINT ( 'NONE', #1192 ) ;
#967 = CARTESIAN_POINT ( 'NONE',  ( -3.954663859835348294, 4.500000000000000000, -24.85129384747154191 ) ) ;
#968 = B_SPLINE_CURVE_WITH_KNOTS ( 'NONE', 3,
 ( #1655, #211, #2022, #1834 ),
 .UNSPECIFIED., .F., .F.,
 ( 4, 4 ),
 ( 0.3636321741318673806, 0.3930502511895355711 ),
 .UNSPECIFIED. ) ;
#969 = EDGE_CURVE ( 'NONE', #1988, #192, #1794, .T. ) ;
#970 = SURFACE_STYLE_USAGE ( .BOTH. , #1145 ) ;
#971 = AXIS2_PLACEMENT_3D ( 'NONE', #2328, #133, #2133 ) ;
#972 = ORIENTED_EDGE ( 'NONE', *, *, #495, .T. ) ;
#973 = CARTESIAN_POINT ( 'NONE',  ( -5.054910004139945734, 4.500000000000000000, 1.125416075494895418 ) ) ;
#974 = ADVANCED_FACE ( 'NONE', ( #833 ), #1206, .T. ) ;
#975 = CARTESIAN_POINT ( 'NONE',  ( -8.355196537687660907, -1.500000000000000444, -28.69249982747330563 ) ) ;
#976 = EDGE_CURVE ( 'NONE', #382, #2026, #1942, .T. ) ;
#977 = CARTESIAN_POINT ( 'NONE',  ( -34.71098207010992098, -1.500000000000000222, 5.655028599540994350 ) ) ;
#978 = CARTESIAN_POINT ( 'NONE',  ( 56.55935875458881412, 4.500000000000000000, 3.124226062192323905 ) ) ;
#979 = B_SPLINE_SURFACE_WITH_KNOTS ( 'NONE', 2, 1, ( 
 ( #2058, #21 ),
 ( #1675, #370 ),
 ( #208, #1292 ) ),
 .UNSPECIFIED., .F., .F., .F.,
 ( 3, 3 ),
 ( 2, 2 ),
 ( 0.000000000000000000, 1.000000000000000000 ),
 ( 0.000000000000000000, 1.000000000000000000 ),
 .UNSPECIFIED. ) ;
#980 = ORIENTED_EDGE ( 'NONE', *, *, #1475, .T. ) ;
#981 = B_SPLINE_CURVE_WITH_KNOTS ( 'NONE', 3,
 ( #237, #961, #1334, #36 ),
 .UNSPECIFIED., .F., .F.,
 ( 4, 4 ),
 ( 0.7272709309819391787, 0.7566890080396341256 ),
 .UNSPECIFIED. ) ;
#982 = DIRECTION ( 'NONE',  ( 0.000000000000000000, 0.000000000000000000, -1.000000000000000000 ) ) ;
#983 = ORIENTED_EDGE ( 'NONE', *, *, #1085, .F. ) ;
#984 = CARTESIAN_POINT ( 'NONE',  ( 0.2086035370416185475, 4.500000000000000000, -27.27528090280261353 ) ) ;
#985 = CARTESIAN_POINT ( 'NONE',  ( -28.47301552770922228, 4.500000000000000000, -17.62537947261383664 ) ) ;
#986 = CIRCLE ( 'NONE', #1300, 3.000000000000007994 ) ;
#987 = CARTESIAN_POINT ( 'NONE',  ( -28.86059296327725576, -1.500000000000000222, -17.14132692632176713 ) ) ;
#988 = CARTESIAN_POINT ( 'NONE',  ( -28.10152377632023857, 4.500000000000000000, -10.91009777460420871 ) ) ;
#989 = CARTESIAN_POINT ( 'NONE',  ( -1.754623470592475920, 4.500000000000000000, -28.69249982747332339 ) ) ;
#990 = CARTESIAN_POINT ( 'NONE',  ( -10.31842354532173900, -1.500000000000000444, -27.27528090280255313 ) ) ;
#991 = VERTEX_POINT ( 'NONE', #1728 ) ;
#992 = CARTESIAN_POINT ( 'NONE',  ( -30.08163230004591071, 4.500000000000000000, -5.960372132265750800 ) ) ;
#993 = CARTESIAN_POINT ( 'NONE',  ( 18.36319551942917272, 4.500000000000000000, -17.62537947261402849 ) ) ;
#994 = CARTESIAN_POINT ( 'NONE',  ( -23.80570555224895202, 4.500000000000000000, -22.29268944807415664 ) ) ;
#995 = LINE ( 'NONE', #275, #827 ) ;
#996 = DIRECTION ( 'NONE',  ( 0.000000000000000000, 0.000000000000000000, 1.000000000000000000 ) ) ;
#997 = EDGE_CURVE ( 'NONE', #773, #849, #1375, .T. ) ;
#998 = CARTESIAN_POINT ( 'NONE',  ( 18.36319551942917272, 4.500000000000000000, -17.62537947261402849 ) ) ;
#999 = CARTESIAN_POINT ( 'NONE',  ( -33.00262805175505321, 4.500000000000000000, -9.779860442366052453 ) ) ;
#1000 = VERTEX_POINT ( 'NONE', #2342 ) ;
#1001 = CARTESIAN_POINT ( 'NONE',  ( -1.754623470592475920, 4.500000000000000000, -28.69249982747332339 ) ) ;
#1003 = EDGE_CURVE ( 'NONE', #465, #189, #1830, .T. ) ;
#1002 = CIRCLE ( 'NONE', #66, 25.99999999999955946 ) ;
#1004 = B_SPLINE_CURVE_WITH_KNOTS ( 'NONE', 3,
 ( #2019, #1136, #2035, #903 ),
 .UNSPECIFIED., .F., .F.,
 ( 4, 4 ),
 ( 0.000000000000000000, 0.5855695330273008592 ),
 .UNSPECIFIED. ) ;
#1005 = LINE ( 'NONE', #2277, #228 ) ;
#1006 = DIRECTION ( 'NONE',  ( -0.000000000000000000, -1.000000000000000000, -0.000000000000000000 ) ) ;
#1007 = CARTESIAN_POINT ( 'NONE',  ( -34.71098207010992098, -1.500000000000000444, 5.655028599540994350 ) ) ;
#1008 = ADVANCED_FACE ( 'NONE', ( #1973 ), #1820, .F. ) ;
#1009 = VECTOR ( 'NONE', #146, 1000.000000000000000 ) ;
#1010 = VERTEX_POINT ( 'NONE', #1049 ) ;
#1011 = CARTESIAN_POINT ( 'NONE',  ( 56.40508999586005245, 4.500000000000000000, -6.874583924505103028 ) ) ;
#1012 = CARTESIAN_POINT ( 'NONE',  ( -22.64522623397328971, 4.500000000000000000, -18.02088317356265179 ) ) ;
#1013 = ORIENTED_EDGE ( 'NONE', *, *, #1091, .T. ) ;
#1014 = B_SPLINE_CURVE_WITH_KNOTS ( 'NONE', 2,
 ( #1318, #2060, #399 ),
 .UNSPECIFIED., .F., .F.,
 ( 3, 3 ),
 ( 0.000000000000000000, 1.000000000000000000 ),
 .UNSPECIFIED. ) ;
#1015 = B_SPLINE_SURFACE_WITH_KNOTS ( 'NONE', 3, 1, ( 
 ( #204, #1243 ),
 ( #710, #1481 ),
 ( #1812, #2372 ),
 ( #164, #1456 ) ),
 .UNSPECIFIED., .F., .F., .F.,
 ( 4, 4 ),
 ( 2, 2 ),
 ( 0.000000000000000000, 0.5855695330273008592 ),
 ( 0.000000000000000000, 1.000000000000000000 ),
 .UNSPECIFIED. ) ;
#1016 = VECTOR ( 'NONE', #1824, 1000.000000000000000 ) ;
#1017 = ORIENTED_EDGE ( 'NONE', *, *, #705, .T. ) ;
#1018 = CARTESIAN_POINT ( 'NONE',  ( -31.03161992710638373, 4.500000000000000000, 0.02516993119038501633 ) ) ;
#1019 = CARTESIAN_POINT ( 'NONE',  ( 12.53540622569293816, 4.500000000000000000, -18.02088317356248126 ) ) ;
#1020 = CARTESIAN_POINT ( 'NONE',  ( -5.054910004139945734, -1.500000000000000222, 1.125416075494895418 ) ) ;
#1021 = EDGE_CURVE ( 'NONE', #1010, #205, #92, .T. ) ;
#1022 = CARTESIAN_POINT ( 'NONE',  ( -17.10573597780430077, -1.500000000000000222, -26.34779985115730838 ) ) ;
#1023 = ORIENTED_EDGE ( 'NONE', *, *, #153, .T. ) ;
#1024 = VERTEX_POINT ( 'NONE', #506 ) ;
#1025 = DIRECTION ( 'NONE',  ( -0.000000000000000000, -1.000000000000000000, -0.000000000000000000 ) ) ;
#1026 = DIRECTION ( 'NONE',  ( 0.000000000000000000, 0.000000000000000000, -1.000000000000000000 ) ) ;
#1027 = VERTEX_POINT ( 'NONE', #1594 ) ;
#1028 = ORIENTED_EDGE ( 'NONE', *, *, #1531, .T. ) ;
#1029 = EDGE_LOOP ( 'NONE', ( #394, #831, #1389, #673 ) ) ;
#1030 = CARTESIAN_POINT ( 'NONE',  ( -34.87282590710813679, -1.500000000000000222, 4.425702609042714286 ) ) ;
#1031 = CARTESIAN_POINT ( 'NONE',  ( 18.75077295499721686, 4.500000000000000000, -17.14132692632196608 ) ) ;
#1032 = CARTESIAN_POINT ( 'NONE',  ( 2.731113419086195648, -1.500000000000000222, -23.68139426467124764 ) ) ;
#1033 = EDGE_LOOP ( 'NONE', ( #2336, #1227, #282, #1190 ) ) ;
#1034 = CARTESIAN_POINT ( 'NONE',  ( 13.69588554396887048, -1.500000000000000444, -22.29268944807431296 ) ) ;
#1035 = DIRECTION ( 'NONE',  ( 0.000000000000000000, 1.000000000000000000, 0.000000000000000000 ) ) ;
#1036 = ORIENTED_EDGE ( 'NONE', *, *, #398, .F. ) ;
#1037 = CARTESIAN_POINT ( 'NONE',  ( 16.89145762373553694, -1.500000000000000222, -12.81577999737188023 ) ) ;
#1038 = ORIENTED_EDGE ( 'NONE', *, *, #2374, .F. ) ;
#1039 = EDGE_CURVE ( 'NONE', #331, #1853, #2242, .T. ) ;
#1040 = ORIENTED_EDGE ( 'NONE', *, *, #1882, .F. ) ;
#1041 = ORIENTED_EDGE ( 'NONE', *, *, #2192, .F. ) ;
#1042 = DIRECTION ( 'NONE',  ( -0.000000000000000000, -1.000000000000000000, -0.000000000000000000 ) ) ;
#1043 = FACE_OUTER_BOUND ( 'NONE', #1564, .T. ) ;
#1044 = CARTESIAN_POINT ( 'NONE',  ( -25.55503426712988357, -1.500000000000000222, -17.47284037497593445 ) ) ;
#1045 = ORIENTED_EDGE ( 'NONE', *, *, #1347, .F. ) ;
#1046 = DIRECTION ( 'NONE',  ( 0.000000000000000000, -0.000000000000000000, -1.000000000000000000 ) ) ;
#1047 = FACE_OUTER_BOUND ( 'NONE', #2172, .T. ) ;
#1048 = ORIENTED_EDGE ( 'NONE', *, *, #1258, .F. ) ;
#1049 = CARTESIAN_POINT ( 'NONE',  ( 56.54081381643275961, -1.500000000000000222, -14.87304864845981633 ) ) ;
#1050 = ORIENTED_EDGE ( 'NONE', *, *, #902, .F. ) ;
#1051 = FACE_OUTER_BOUND ( 'NONE', #811, .T. ) ;
#1052 = CARTESIAN_POINT ( 'NONE',  ( -22.82199993344407574, -1.500000000000000222, -23.04751331760969535 ) ) ;
#1053 = CARTESIAN_POINT ( 'NONE',  ( 0.2086035370416185475, -1.500000000000000222, -27.27528090280261353 ) ) ;
#1054 = EDGE_CURVE ( 'NONE', #1949, #1918, #1879, .T. ) ;
#1055 = EDGE_LOOP ( 'NONE', ( #111, #498, #1799, #847 ) ) ;
#1056 = CARTESIAN_POINT ( 'NONE',  ( 13.59515238180482299, 4.500000000000000000, -17.00511721128744114 ) ) ;
#1057 = CARTESIAN_POINT ( 'NONE',  ( -5.421864731468832410, -1.500000000000000222, -24.88247867340560049 ) ) ;
#1058 = CARTESIAN_POINT ( 'NONE',  ( 56.52850500284306179, 4.500000000000000000, 1.124464064852838563 ) ) ;
#1059 = ORIENTED_EDGE ( 'NONE', *, *, #1971, .F. ) ;
#1060 = CARTESIAN_POINT ( 'NONE',  ( -0.5252974800941901945, -1.500000000000000222, -28.53065599047513601 ) ) ;
#1061 = CARTESIAN_POINT ( 'NONE',  ( -34.87282590710813679, -1.500000000000000444, 4.425702609042714286 ) ) ;
#1062 = ORIENTED_EDGE ( 'NONE', *, *, #229, .T. ) ;
#1063 = CARTESIAN_POINT ( 'NONE',  ( -18.99610607700680021, -1.500000000000000222, -20.82095155238054218 ) ) ;
#1064 = B_SPLINE_SURFACE_WITH_KNOTS ( 'NONE', 3, 1, ( 
 ( #1603, #1252 ),
 ( #854, #503 ),
 ( #1228, #488 ),
 ( #1201, #717 ) ),
 .UNSPECIFIED., .F., .F., .F.,
 ( 4, 4 ),
 ( 2, 2 ),
 ( 0.000000000000000000, 0.5855695330273008592 ),
 ( 0.000000000000000000, 1.000000000000000000 ),
 .UNSPECIFIED. ) ;
#1065 = FACE_OUTER_BOUND ( 'NONE', #2373, .T. ) ;
#1066 = CARTESIAN_POINT ( 'NONE',  ( -33.85017424870019909, 4.500000000000000000, 3.391893681214519507 ) ) ;
#1067 = EDGE_CURVE ( 'NONE', #1618, #297, #1768, .T. ) ;
#1068 = ORIENTED_EDGE ( 'NONE', *, *, #2011, .F. ) ;
#1069 = CARTESIAN_POINT ( 'NONE',  ( -32.77721496768360510, 4.500000000000000000, -10.35753862064763808 ) ) ;
#1070 = CARTESIAN_POINT ( 'NONE',  ( 9.933106488534546585, 4.500000000000000000, -22.14494274019271813 ) ) ;
#1071 = EDGE_CURVE ( 'NONE', #2147, #1150, #561, .T. ) ;
#1072 = VERTEX_POINT ( 'NONE', #1037 ) ;
#1073 = LINE ( 'NONE', #1998, #2360 ) ;
#1074 = EDGE_CURVE ( 'NONE', #2296, #2097, #414, .T. ) ;
#1075 = ORIENTED_EDGE ( 'NONE', *, *, #1085, .T. ) ;
#1076 = FACE_OUTER_BOUND ( 'NONE', #2217, .T. ) ;
#1077 = CARTESIAN_POINT ( 'NONE',  ( 12.71217992516398354, 4.500000000000000000, -23.04751331760983746 ) ) ;
#1078 = ORIENTED_EDGE ( 'NONE', *, *, #2219, .T. ) ;
#1079 = CARTESIAN_POINT ( 'NONE',  ( -4.687955166600964674, -1.500000000000000444, -24.88247861311390707 ) ) ;
#1080 = FACE_OUTER_BOUND ( 'NONE', #502, .T. ) ;
#1081 = EDGE_CURVE ( 'NONE', #695, #966, #1644, .T. ) ;
#1082 = LINE ( 'NONE', #44, #1666 ) ;
#1083 = LINE ( 'NONE', #184, #1990 ) ;
#1084 = VECTOR ( 'NONE', #1919, 1000.000000000000000 ) ;
#1085 = EDGE_CURVE ( 'NONE', #497, #14, #2191, .T. ) ;
#1086 = EDGE_LOOP ( 'NONE', ( #134, #2230, #1672, #747 ) ) ;
#1087 = ORIENTED_EDGE ( 'NONE', *, *, #292, .F. ) ;
#1088 = CARTESIAN_POINT ( 'NONE',  ( 16.89145762373553694, 4.500000000000000000, -12.81577999737188023 ) ) ;
#1089 = ORIENTED_EDGE ( 'NONE', *, *, #1074, .T. ) ;
#1090 = CARTESIAN_POINT ( 'NONE',  ( -10.31842354532173900, 4.500000000000000000, -27.27528090280255313 ) ) ;
#1091 = EDGE_CURVE ( 'NONE', #711, #867, #846, .T. ) ;
#1092 = B_SPLINE_SURFACE_WITH_KNOTS ( 'NONE', 3, 1, ( 
 ( #151, #1815 ),
 ( #167, #990 ),
 ( #1578, #819 ),
 ( #1719, #1805 ) ),
 .UNSPECIFIED., .F., .F., .F.,
 ( 4, 4 ),
 ( 2, 2 ),
 ( 0.000000000000000000, 0.5855695330273008592 ),
 ( 0.000000000000000000, 1.000000000000000000 ),
 .UNSPECIFIED. ) ;
#1093 = CARTESIAN_POINT ( 'NONE',  ( -32.52812593079230652, 4.500000000000000000, -10.92540989816913921 ) ) ;
#1094 = ORIENTED_EDGE ( 'NONE', *, *, #1975, .T. ) ;
#1095 = EDGE_CURVE ( 'NONE', #1155, #549, #1287, .T. ) ;
#1096 = DIRECTION ( 'NONE',  ( -0.000000000000000000, -1.000000000000000000, -0.000000000000000000 ) ) ;
#1097 = CARTESIAN_POINT ( 'NONE',  ( -34.71098207010999204, 4.500000000000000000, -3.404196448550757204 ) ) ;
#1098 = DIRECTION ( 'NONE',  ( 0.000000000000000000, 0.000000000000000000, -1.000000000000000000 ) ) ;
#1099 = CARTESIAN_POINT ( 'NONE',  ( -31.03161992710638373, 4.500000000000000000, 0.02516993119038501633 ) ) ;
#1100 = ORIENTED_EDGE ( 'NONE', *, *, #958, .F. ) ;
#1101 = EDGE_LOOP ( 'NONE', ( #1256, #421, #150, #1525 ) ) ;
#1102 = VERTEX_POINT ( 'NONE', #739 ) ;
#1103 = CARTESIAN_POINT ( 'NONE',  ( -2.788432398420655378, -1.500000000000000222, -27.66984816906537503 ) ) ;
#1104 = EDGE_LOOP ( 'NONE', ( #401, #240 ) ) ;
#1105 = CARTESIAN_POINT ( 'NONE',  ( -10.91141042485091539, 4.500000000000000000, -25.92734054222791329 ) ) ;
#1106 = VECTOR ( 'NONE', #1278, 1000.000000000000000 ) ;
#1107 = B_SPLINE_CURVE_WITH_KNOTS ( 'NONE', 3,
 ( #334, #2187, #721, #893 ),
 .UNSPECIFIED., .F., .F.,
 ( 4, 4 ),
 ( 0.000000000000000000, 0.5855695330273008592 ),
 .UNSPECIFIED. ) ;
#1108 = CARTESIAN_POINT ( 'NONE',  ( -34.87282590710817942, -1.500000000000000222, -2.174870458052471367 ) ) ;
#1109 = EDGE_CURVE ( 'NONE', #297, #505, #1409, .T. ) ;
#1110 = ORIENTED_EDGE ( 'NONE', *, *, #1506, .F. ) ;
#1111 = DIRECTION ( 'NONE',  ( 0.000000000000000000, 0.000000000000000000, -1.000000000000000000 ) ) ;
#1112 = CYLINDRICAL_SURFACE ( 'NONE', #795, 2.000000000000001776 ) ;
#1113 = SURFACE_STYLE_FILL_AREA ( #1498 ) ;
#1114 = CARTESIAN_POINT ( 'NONE',  ( 56.40508999586005245, 4.500000000000000000, -6.874583924505103028 ) ) ;
#1115 = DIRECTION ( 'NONE',  ( 0.000000000000000000, 1.000000000000000000, -0.000000000000000000 ) ) ;
#1116 = VERTEX_POINT ( 'NONE', #379 ) ;
#1117 = ORIENTED_EDGE ( 'NONE', *, *, #1328, .T. ) ;
#1118 = CARTESIAN_POINT ( 'NONE',  ( -30.27158192509202905, -1.500000000000000222, -5.251467384786715265 ) ) ;
#1119 = ORIENTED_EDGE ( 'NONE', *, *, #1317, .F. ) ;
#1120 = EDGE_CURVE ( 'NONE', #315, #2176, #662, .T. ) ;
#1121 = CARTESIAN_POINT ( 'NONE',  ( -32.70164014004183883, -1.500000000000000444, -0.2194075516574252871 ) ) ;
#1122 = ORIENTED_EDGE ( 'NONE', *, *, #767, .F. ) ;
#1123 = LINE ( 'NONE', #60, #1254 ) ;
#1124 = EDGE_CURVE ( 'NONE', #1251, #1949, #758, .T. ) ;
#1125 = DIRECTION ( 'NONE',  ( 0.000000000000000000, 0.000000000000000000, -1.000000000000000000 ) ) ;
#1126 = DIRECTION ( 'NONE',  ( 0.000000000000000000, 1.000000000000000000, -0.000000000000000000 ) ) ;
#1127 = CARTESIAN_POINT ( 'NONE',  ( -32.52812593079230652, -1.500000000000000222, -10.92540989816913921 ) ) ;
#1128 = CARTESIAN_POINT ( 'NONE',  ( 19.11801938896470787, -1.500000000000000222, -16.64167385380915221 ) ) ;
#1129 = ORIENTED_EDGE ( 'NONE', *, *, #1159, .T. ) ;
#1130 = CARTESIAN_POINT ( 'NONE',  ( -14.69692205346211367, -1.500000000000000444, -26.10206576348545582 ) ) ;
#1131 = VECTOR ( 'NONE', #1161, 1000.000000000000000 ) ;
#1132 = B_SPLINE_CURVE_WITH_KNOTS ( 'NONE', 3,
 ( #1802, #852, #512, #1235 ),
 .UNSPECIFIED., .F., .F.,
 ( 4, 4 ),
 ( 0.1818127957067485756, 0.2112308727645026418 ),
 .UNSPECIFIED. ) ;
#1133 = ORIENTED_EDGE ( 'NONE', *, *, #298, .T. ) ;
#1134 = EDGE_CURVE ( 'NONE', #572, #476, #2354, .T. ) ;
#1135 = CARTESIAN_POINT ( 'NONE',  ( -8.355196537687660907, 4.500000000000000000, -28.69249982747330563 ) ) ;
#1136 = CARTESIAN_POINT ( 'NONE',  ( -13.50941017139152578, 4.500000000000000000, -25.23120860820562683 ) ) ;
#1137 = CARTESIAN_POINT ( 'NONE',  ( 56.40508999586005245, 4.500000000000000000, -9.874583924505110133 ) ) ;
#1138 = AXIS2_PLACEMENT_3D ( 'NONE', #2323, #1234, #1978 ) ;
#1139 = DIRECTION ( 'NONE',  ( 0.000000000000000000, 0.000000000000000000, 1.000000000000000000 ) ) ;
#1140 = B_SPLINE_CURVE_WITH_KNOTS ( 'NONE', 2,
 ( #2034, #193, #1871 ),
 .UNSPECIFIED., .F., .F.,
 ( 3, 3 ),
 ( 0.000000000000000000, 1.000000000000000000 ),
 .UNSPECIFIED. ) ;
#1141 = EDGE_CURVE ( 'NONE', #2236, #683, #1274, .T. ) ;
#1142 = VERTEX_POINT ( 'NONE', #723 ) ;
#1143 = CARTESIAN_POINT ( 'NONE',  ( 2.731113419086195648, -1.500000000000000222, -23.68139426467124764 ) ) ;
#1144 = AXIS2_PLACEMENT_3D ( 'NONE', #2073, #1880, #1339 ) ;
#1145 = SURFACE_SIDE_STYLE ('',( #1154 ) ) ;
#1146 = VECTOR ( 'NONE', #1778, 1000.000000000000000 ) ;
#1147 = CARTESIAN_POINT ( 'NONE',  ( 13.21183299767679564, -1.500000000000000222, -22.68026688364234644 ) ) ;
#1148 = CARTESIAN_POINT ( 'NONE',  ( -30.43124965719902164, 4.500000000000000000, -4.535095015613291203 ) ) ;
#1149 = LINE ( 'NONE', #798, #1131 ) ;
#1150 = VERTEX_POINT ( 'NONE', #1840 ) ;
#1151 = CARTESIAN_POINT ( 'NONE',  ( -31.12557915147465337, -1.500000000000000444, -11.30938886312353908 ) ) ;
#1152 = B_SPLINE_SURFACE_WITH_KNOTS ( 'NONE', 3, 1, ( 
 ( #587, #416 ),
 ( #1704, #1505 ),
 ( #2237, #1314 ),
 ( #955, #1470 ) ),
 .UNSPECIFIED., .F., .F., .F.,
 ( 4, 4 ),
 ( 2, 2 ),
 ( 0.000000000000000000, 0.5855695330273008592 ),
 ( 0.000000000000000000, 1.000000000000000000 ),
 .UNSPECIFIED. ) ;
#1153 = EDGE_CURVE ( 'NONE', #922, #2024, #1242, .T. ) ;
#1154 = SURFACE_STYLE_FILL_AREA ( #67 ) ;
#1155 = VERTEX_POINT ( 'NONE', #520 ) ;
#1156 = EDGE_CURVE ( 'NONE', #1963, #1313, #1845, .T. ) ;
#1157 = CARTESIAN_POINT ( 'NONE',  ( -9.584522528185940971, 4.500000000000000000, -28.53065599047508982 ) ) ;
#1158 = CARTESIAN_POINT ( 'NONE',  ( -17.10573597780430077, 4.500000000000000000, -26.34779985115730838 ) ) ;
#1159 = EDGE_CURVE ( 'NONE', #1241, #1638, #1441, .T. ) ;
#1160 = CARTESIAN_POINT ( 'NONE',  ( -1.138287999733684774, -1.500000000000000444, -28.62428162246465035 ) ) ;
#1161 = DIRECTION ( 'NONE',  ( -0.000000000000000000, -1.000000000000000000, -0.000000000000000000 ) ) ;
#1162 = VERTEX_POINT ( 'NONE', #1440 ) ;
#1163 = LINE ( 'NONE', #2070, #1517 ) ;
#1164 =( LENGTH_UNIT ( ) NAMED_UNIT ( * ) SI_UNIT ( .MILLI., .METRE. ) );
#1165 = VERTEX_POINT ( 'NONE', #895 ) ;
#1166 = CARTESIAN_POINT ( 'NONE',  ( -0.5252974800941901945, 4.500000000000000000, -28.53065599047513601 ) ) ;
#1167 = CARTESIAN_POINT ( 'NONE',  ( -16.53786470028280675, 4.500000000000000000, -26.59688888804861406 ) ) ;
#1168 = EDGE_CURVE ( 'NONE', #515, #1823, #529, .T. ) ;
#1169 = CARTESIAN_POINT ( 'NONE',  ( -32.10766662186239273, -1.500000000000000222, -4.731084345215654352 ) ) ;
#1170 = CARTESIAN_POINT ( 'NONE',  ( 21.74648268810767604, 4.500000000000000000, 6.218705279934696684 ) ) ;
#1171 = CARTESIAN_POINT ( 'NONE',  ( -24.20120925319738348, 4.500000000000000000, -16.46490015433791854 ) ) ;
#1172 = ORIENTED_EDGE ( 'NONE', *, *, #727, .T. ) ;
#1173 = CARTESIAN_POINT ( 'NONE',  ( 0.8015904165706968509, 4.500000000000000000, -25.92734054222753315 ) ) ;
#1174 = CARTESIAN_POINT ( 'NONE',  ( 18.74928153747524107, -1.500000000000000222, -15.23504323044681819 ) ) ;
#1175 = AXIS2_PLACEMENT_3D ( 'NONE', #10, #1315, #956 ) ;
#1176 = DIRECTION ( 'NONE',  ( -0.000000000000000000, -1.000000000000000000, -0.000000000000000000 ) ) ;
#1177 = CARTESIAN_POINT ( 'NONE',  ( -28.47301552770922228, 4.500000000000000000, -17.62537947261383664 ) ) ;
#1178 = CARTESIAN_POINT ( 'NONE',  ( -23.70474495782151081, 4.500000000000000000, -17.00546648139759043 ) ) ;
#1179 = AXIS2_PLACEMENT_3D ( 'NONE', #850, #466, #1198 ) ;
#1180 = DIRECTION ( 'NONE',  ( 0.000000000000000000, 0.000000000000000000, -1.000000000000000000 ) ) ;
#1181 = ADVANCED_FACE ( 'NONE', ( #1076 ), #709, .F. ) ;
#1182 = CARTESIAN_POINT ( 'NONE',  ( -28.86059296327725576, -1.500000000000000444, -17.14132692632176713 ) ) ;
#1183 = ORIENTED_EDGE ( 'NONE', *, *, #1159, .F. ) ;
#1184 = CARTESIAN_POINT ( 'NONE',  ( 0.6056010869683264852, 4.500000000000000000, -24.25092357756415851 ) ) ;
#1185 = CARTESIAN_POINT ( 'NONE',  ( -28.10152377632023857, 4.500000000000000000, -10.91009777460420871 ) ) ;
#1186 = CYLINDRICAL_SURFACE ( 'NONE', #1304, 3.000000000000000444 ) ;
#1187 = CARTESIAN_POINT ( 'NONE',  ( 12.53540622569293816, 4.500000000000000000, -18.02088317356248126 ) ) ;
#1188 = CARTESIAN_POINT ( 'NONE',  ( -30.43124965719936270, -1.500000000000000444, 6.785927166603570093 ) ) ;
#1189 = UNCERTAINTY_MEASURE_WITH_UNIT (LENGTH_MEASURE( 1.000000000000000082E-05 ), #2255, 'distance_accuracy_value', 'NONE');
#1190 = ORIENTED_EDGE ( 'NONE', *, *, #2226, .T. ) ;
#1191 = CARTESIAN_POINT ( 'NONE',  ( 16.90905829365874879, -1.500000000000000444, -17.63326885348060102 ) ) ;
#1192 = CARTESIAN_POINT ( 'NONE',  ( -15.96018652200122467, -1.500000000000000222, -26.82230197212007283 ) ) ;
#1193 = ORIENTED_EDGE ( 'NONE', *, *, #2374, .T. ) ;
#1194 = AXIS2_PLACEMENT_3D ( 'NONE', #1229, #829, #681 ) ;
#1195 = CARTESIAN_POINT ( 'NONE',  ( 15.44521425885015198, 4.500000000000000000, -17.47284037497641052 ) ) ;
#1196 = ADVANCED_FACE ( 'NONE', ( #207 ), #1152, .F. ) ;
#1197 = ORIENTED_EDGE ( 'NONE', *, *, #1374, .T. ) ;
#1198 = DIRECTION ( 'NONE',  ( 0.000000000000000000, 0.000000000000000000, 1.000000000000000000 ) ) ;
#1199 = CARTESIAN_POINT ( 'NONE',  ( 9.945089995860051602, 4.500000000000000000, 1.125416075494895418 ) ) ;
#1200 = CARTESIAN_POINT ( 'NONE',  ( -15.96018652200122467, 4.500000000000000000, -26.82230197212007283 ) ) ;
#1201 = CARTESIAN_POINT ( 'NONE',  ( -34.71098207010999204, 4.500000000000000000, -3.404196448550757204 ) ) ;
#1202 = CARTESIAN_POINT ( 'NONE',  ( 6.428044692002682581, -1.500000000000000222, -26.59688888804871709 ) ) ;
#1203 = VECTOR ( 'NONE', #55, 1000.000000000000000 ) ;
#1204 = VERTEX_POINT ( 'NONE', #944 ) ;
#1205 = FACE_OUTER_BOUND ( 'NONE', #1086, .T. ) ;
#1206 = CYLINDRICAL_SURFACE ( 'NONE', #1874, 2.000000000000001776 ) ;
#1207 = EDGE_LOOP ( 'NONE', ( #1770, #1110, #364, #1197 ) ) ;
#1208 = ORIENTED_EDGE ( 'NONE', *, *, #2303, .F. ) ;
#1209 = FACE_OUTER_BOUND ( 'NONE', #18, .T. ) ;
#1210 = CARTESIAN_POINT ( 'NONE',  ( -28.47301552770922584, 4.500000000000000000, -17.62537947261383664 ) ) ;
#1211 = DIRECTION ( 'NONE',  ( -0.000000000000000000, -1.000000000000000000, -0.000000000000000000 ) ) ;
#1212 = ORIENTED_EDGE ( 'NONE', *, *, #1614, .F. ) ;
#1213 = FACE_BOUND ( 'NONE', #2321, .T. ) ;
#1214 = CARTESIAN_POINT ( 'NONE',  ( 4.587102045181992160, -1.500000000000000444, -26.10206576348552687 ) ) ;
#1215 = ORIENTED_EDGE ( 'NONE', *, *, #144, .T. ) ;
#1216 = CARTESIAN_POINT ( 'NONE',  ( -29.22783939724474678, 4.500000000000000000, -16.64167385380894615 ) ) ;
#1217 = DIRECTION ( 'NONE',  ( -0.000000000000000000, -1.000000000000000000, -0.000000000000000000 ) ) ;
#1218 = PRODUCT_DEFINITION_FORMATION_WITH_SPECIFIED_SOURCE ( 'HERHANGÝ', '', #1403, .NOT_KNOWN. ) ;
#1219 = ORIENTED_EDGE ( 'NONE', *, *, #1095, .F. ) ;
#1220 = EDGE_CURVE ( 'NONE', #1000, #1729, #355, .T. ) ;
#1221 = ORIENTED_EDGE ( 'NONE', *, *, #469, .T. ) ;
#1222 = ORIENTED_EDGE ( 'NONE', *, *, #1538, .T. ) ;
#1223 = CARTESIAN_POINT ( 'NONE',  ( -34.80460770209944599, 4.500000000000000000, 5.042038079901502101 ) ) ;
#1224 = CARTESIAN_POINT ( 'NONE',  ( 20.21048816677658522, 4.500000000000000000, -9.555571157542788185 ) ) ;
#1225 = DIRECTION ( 'NONE',  ( 0.000000000000000000, 0.000000000000000000, -1.000000000000000000 ) ) ;
#1226 = ADVANCED_BREP_SHAPE_REPRESENTATION ( 'Gear Link 2', ( #244, #2267 ), #1915 ) ;
#1227 = ORIENTED_EDGE ( 'NONE', *, *, #1538, .F. ) ;
#1228 = CARTESIAN_POINT ( 'NONE',  ( -33.45560698243747311, 4.500000000000000000, -4.138097465686569443 ) ) ;
#1229 = CARTESIAN_POINT ( 'NONE',  ( -5.054910004139945734, 4.500000000000000000, 1.125416075494895418 ) ) ;
#1230 = ORIENTED_EDGE ( 'NONE', *, *, #2055, .F. ) ;
#1231 = CARTESIAN_POINT ( 'NONE',  ( -27.39493018866235374, 4.500000000000000000, -12.19632338600699129 ) ) ;
#1232 = VERTEX_POINT ( 'NONE', #930 ) ;
#1233 = CARTESIAN_POINT ( 'NONE',  ( -22.82199993344407574, -1.500000000000000222, -23.04751331760969535 ) ) ;
#1234 = DIRECTION ( 'NONE',  ( 0.000000000000000000, 1.000000000000000000, 0.000000000000000000 ) ) ;
#1235 = CARTESIAN_POINT ( 'NONE',  ( -30.43124965719902164, 4.500000000000000000, -4.535095015613291203 ) ) ;
#1236 = AXIS2_PLACEMENT_3D ( 'NONE', #1727, #2362, #1180 ) ;
#1237 = ORIENTED_EDGE ( 'NONE', *, *, #2197, .F. ) ;
#1238 = CARTESIAN_POINT ( 'NONE',  ( 12.71217992516398354, -1.500000000000000444, -23.04751331760983746 ) ) ;
#1239 = ORIENTED_EDGE ( 'NONE', *, *, #943, .T. ) ;
#1240 = CARTESIAN_POINT ( 'NONE',  ( -8.355196537687660907, 4.500000000000000000, -28.69249982747330563 ) ) ;
#1241 = VERTEX_POINT ( 'NONE', #2065 ) ;
#1242 = LINE ( 'NONE', #708, #2371 ) ;
#1243 = CARTESIAN_POINT ( 'NONE',  ( -18.99610607700680021, -1.500000000000000444, -20.82095155238054218 ) ) ;
#1244 = ORIENTED_EDGE ( 'NONE', *, *, #601, .T. ) ;
#1245 = B_SPLINE_CURVE_WITH_KNOTS ( 'NONE', 3,
 ( #2254, #41, #575, #1496 ),
 .UNSPECIFIED., .F., .F.,
 ( 4, 4 ),
 ( 0.4545418633443863987, 0.4839599404020549223 ),
 .UNSPECIFIED. ) ;
#1246 = B_SPLINE_CURVE_WITH_KNOTS ( 'NONE', 3,
 ( #1216, #74, #2302, #2135 ),
 .UNSPECIFIED., .F., .F.,
 ( 4, 4 ),
 ( 0.000000000000000000, 0.5855695330273008592 ),
 .UNSPECIFIED. ) ;
#1247 = FACE_OUTER_BOUND ( 'NONE', #1521, .T. ) ;
#1248 = VECTOR ( 'NONE', #653, 1000.000000000000000 ) ;
#1249 = CARTESIAN_POINT ( 'NONE',  ( -27.01887830193879481, 4.500000000000000000, -17.63326885348043049 ) ) ;
#1250 = CARTESIAN_POINT ( 'NONE',  ( -17.74106523392211088, -1.500000000000000222, -21.58155889115132098 ) ) ;
#1251 = VERTEX_POINT ( 'NONE', #1157 ) ;
#1252 = CARTESIAN_POINT ( 'NONE',  ( -30.43124965719902164, -1.500000000000000444, -4.535095015613291203 ) ) ;
#1253 = CARTESIAN_POINT ( 'NONE',  ( -3.954663859835348294, 4.500000000000000000, -24.85129384747154191 ) ) ;
#1254 = VECTOR ( 'NONE', #48, 1000.000000000000000 ) ;
#1255 = LINE ( 'NONE', #1793, #1009 ) ;
#1256 = ORIENTED_EDGE ( 'NONE', *, *, #1803, .T. ) ;
#1257 = CARTESIAN_POINT ( 'NONE',  ( 9.945089995860051602, 4.500000000000000000, 1.125416075494895418 ) ) ;
#1258 = EDGE_CURVE ( 'NONE', #698, #1638, #753, .T. ) ;
#1259 = VECTOR ( 'NONE', #1025, 1000.000000000000000 ) ;
#1260 = CARTESIAN_POINT ( 'NONE',  ( -31.03161992710638373, 4.500000000000000000, 0.02516993119038501633 ) ) ;
#1261 = ORIENTED_EDGE ( 'NONE', *, *, #2177, .F. ) ;
#1262 = CARTESIAN_POINT ( 'NONE',  ( 56.54081381643275961, 4.500000000000000000, -12.87304864845981456 ) ) ;
#1263 = EDGE_CURVE ( 'NONE', #2236, #2353, #951, .T. ) ;
#1264 = B_SPLINE_SURFACE_WITH_KNOTS ( 'NONE', 3, 1, ( 
 ( #1407, #139 ),
 ( #700, #1561 ),
 ( #90, #448 ),
 ( #988, #1342 ) ),
 .UNSPECIFIED., .F., .F., .F.,
 ( 4, 4 ),
 ( 2, 2 ),
 ( 0.2727224849193458089, 0.3021405619770169415 ),
 ( 0.000000000000000000, 1.000000000000000000 ),
 .UNSPECIFIED. ) ;
#1265 = CARTESIAN_POINT ( 'NONE',  ( 19.91969940306157838, 4.500000000000000000, -11.53431871468521130 ) ) ;
#1266 = EDGE_CURVE ( 'NONE', #213, #294, #1329, .T. ) ;
#1267 = FACE_OUTER_BOUND ( 'NONE', #1207, .T. ) ;
#1268 = CARTESIAN_POINT ( 'NONE',  ( 12.53540622569293816, 4.500000000000000000, -18.02088317356248126 ) ) ;
#1269 = ORIENTED_EDGE ( 'NONE', *, *, #1513, .F. ) ;
#1270 = ORIENTED_EDGE ( 'NONE', *, *, #913, .T. ) ;
#1271 = CARTESIAN_POINT ( 'NONE',  ( -1.754623470592475920, -1.500000000000000222, -28.69249982747332339 ) ) ;
#1272 = ORIENTED_EDGE ( 'NONE', *, *, #1925, .F. ) ;
#1273 = EDGE_CURVE ( 'NONE', #176, #574, #2274, .T. ) ;
#1274 = LINE ( 'NONE', #2013, #1943 ) ;
#1275 = DIRECTION ( 'NONE',  ( -0.000000000000000000, -1.000000000000000000, -0.000000000000000000 ) ) ;
#1276 = ORIENTED_EDGE ( 'NONE', *, *, #1493, .F. ) ;
#1277 = CARTESIAN_POINT ( 'NONE',  ( -6.155156148444743458, -1.500000000000000444, -24.85129384747109427 ) ) ;
#1278 = DIRECTION ( 'NONE',  ( -0.000000000000000000, -1.000000000000000000, -0.000000000000000000 ) ) ;
#1279 = FACE_OUTER_BOUND ( 'NONE', #1669, .T. ) ;
#1280 = CARTESIAN_POINT ( 'NONE',  ( 18.75077295499721686, 4.500000000000000000, -17.14132692632196608 ) ) ;
#1281 = CIRCLE ( 'NONE', #245, 2.999999999999995559 ) ;
#1282 = ORIENTED_EDGE ( 'NONE', *, *, #230, .T. ) ;
#1283 = ORIENTED_EDGE ( 'NONE', *, *, #2014, .T. ) ;
#1284 = CARTESIAN_POINT ( 'NONE',  ( -23.80570555224895202, -1.500000000000000222, -22.29268944807415664 ) ) ;
#1285 = EDGE_CURVE ( 'NONE', #720, #1072, #633, .T. ) ;
#1286 = VERTEX_POINT ( 'NONE', #428 ) ;
#1287 = LINE ( 'NONE', #1425, #1737 ) ;
#1288 = B_SPLINE_SURFACE_WITH_KNOTS ( 'NONE', 2, 1, ( 
 ( #308, #1034 ),
 ( #1765, #2327 ),
 ( #1411, #1238 ) ),
 .UNSPECIFIED., .F., .F., .F.,
 ( 3, 3 ),
 ( 2, 2 ),
 ( 0.000000000000000000, 1.000000000000000000 ),
 ( 0.000000000000000000, 1.000000000000000000 ),
 .UNSPECIFIED. ) ;
#1289 = CARTESIAN_POINT ( 'NONE',  ( -31.06280362475138901, 4.500000000000000000, 0.7584829078154615711 ) ) ;
#1290 = ORIENTED_EDGE ( 'NONE', *, *, #734, .T. ) ;
#1291 = CARTESIAN_POINT ( 'NONE',  ( -22.64522623397328971, -1.500000000000000444, -18.02088317356265179 ) ) ;
#1292 = CARTESIAN_POINT ( 'NONE',  ( -34.87282590710817942, -1.500000000000000444, -2.174870458052471367 ) ) ;
#1293 = CARTESIAN_POINT ( 'NONE',  ( 18.13579873111858376, 4.500000000000000000, -10.63005194395804232 ) ) ;
#1294 = DIRECTION ( 'NONE',  ( 0.000000000000000000, 0.000000000000000000, -1.000000000000000000 ) ) ;
#1295 = CARTESIAN_POINT ( 'NONE',  ( 13.07605185094068112, 4.500000000000000000, -17.52429712476194723 ) ) ;
#1296 = VERTEX_POINT ( 'NONE', #218 ) ;
#1297 = ORIENTED_EDGE ( 'NONE', *, *, #2081, .T. ) ;
#1298 = CARTESIAN_POINT ( 'NONE',  ( -22.64522623397328971, 4.500000000000000000, -18.02088317356265179 ) ) ;
#1299 = ORIENTED_EDGE ( 'NONE', *, *, #1437, .T. ) ;
#1300 = AXIS2_PLACEMENT_3D ( 'NONE', #697, #1637, #1427 ) ;
#1301 = ADVANCED_FACE ( 'NONE', ( #1685 ), #30, .T. ) ;
#1302 = CARTESIAN_POINT ( 'NONE',  ( -32.70164014004137698, -1.500000000000000444, 2.470239702647625268 ) ) ;
#1303 = ORIENTED_EDGE ( 'NONE', *, *, #1396, .F. ) ;
#1304 = AXIS2_PLACEMENT_3D ( 'NONE', #824, #1560, #1379 ) ;
#1305 = DIRECTION ( 'NONE',  ( -0.000000000000000000, -1.000000000000000000, -0.000000000000000000 ) ) ;
#1306 = CARTESIAN_POINT ( 'NONE',  ( 0.6056010869683264852, 4.500000000000000000, -24.25092357756415851 ) ) ;
#1307 = CARTESIAN_POINT ( 'NONE',  ( 0.6056010869683264852, 4.500000000000000000, -24.25092357756415851 ) ) ;
#1308 = CYLINDRICAL_SURFACE ( 'NONE', #814, 2.000000000000003553 ) ;
#1309 = CARTESIAN_POINT ( 'NONE',  ( -23.32165300595688606, -1.500000000000000222, -22.68026688364220433 ) ) ;
#1310 = ORIENTED_EDGE ( 'NONE', *, *, #2162, .F. ) ;
#1311 = LINE ( 'NONE', #1866, #787 ) ;
#1312 = CARTESIAN_POINT ( 'NONE',  ( -31.03161992710592898, 4.500000000000000000, 2.225662219799787511 ) ) ;
#1313 = VERTEX_POINT ( 'NONE', #231 ) ;
#1314 = CARTESIAN_POINT ( 'NONE',  ( 13.70377492483545723, -1.500000000000000444, -20.83855222230388904 ) ) ;
#1315 = DIRECTION ( 'NONE',  ( 0.1453943818575021418, -0.000000000000000000, 0.9893737785712106714 ) ) ;
#1316 = CARTESIAN_POINT ( 'NONE',  ( 2.030880514632329437, -1.500000000000000444, -23.90130486701732337 ) ) ;
#1317 = EDGE_CURVE ( 'NONE', #2176, #2053, #1483, .T. ) ;
#1318 = CARTESIAN_POINT ( 'NONE',  ( -34.71098207010999204, 4.500000000000000000, -3.404196448550757204 ) ) ;
#1319 = ORIENTED_EDGE ( 'NONE', *, *, #680, .F. ) ;
#1320 = CARTESIAN_POINT ( 'NONE',  ( -5.054910004139945734, -1.500000000000000222, 1.125416075494895418 ) ) ;
#1321 =( NAMED_UNIT ( * ) SI_UNIT ( $, .STERADIAN. ) SOLID_ANGLE_UNIT ( ) );
#1322 = CARTESIAN_POINT ( 'NONE',  ( -28.86059296327725576, 4.500000000000000000, -17.14132692632176713 ) ) ;
#1323 = B_SPLINE_SURFACE_WITH_KNOTS ( 'NONE', 3, 1, ( 
 ( #964, #32 ),
 ( #589, #1316 ),
 ( #50, #784 ),
 ( #1307, #1516 ) ),
 .UNSPECIFIED., .F., .F., .F.,
 ( 4, 4 ),
 ( 2, 2 ),
 ( 0.7272709309819391787, 0.7566890080396341256 ),
 ( 0.000000000000000000, 1.000000000000000000 ),
 .UNSPECIFIED. ) ;
#1324 = EDGE_CURVE ( 'NONE', #2293, #390, #2289, .T. ) ;
#1325 = CARTESIAN_POINT ( 'NONE',  ( 0.8015904165706968509, -1.500000000000000444, -25.92734054222753315 ) ) ;
#1326 = CARTESIAN_POINT ( 'NONE',  ( -8.971532008546448722, 4.500000000000000000, -28.62428162246461838 ) ) ;
#1327 = VECTOR ( 'NONE', #598, 1000.000000000000000 ) ;
#1328 = EDGE_CURVE ( 'NONE', #629, #1988, #1245, .T. ) ;
#1329 = B_SPLINE_CURVE_WITH_KNOTS ( 'NONE', 3,
 ( #608, #20, #1844, #1135 ),
 .UNSPECIFIED., .F., .F.,
 ( 4, 4 ),
 ( 0.000000000000000000, 0.5855695330273008592 ),
 .UNSPECIFIED. ) ;
#1330 = CARTESIAN_POINT ( 'NONE',  ( 11.30554930180165485, -1.500000000000000444, -22.67877546612036355 ) ) ;
#1331 = B_SPLINE_CURVE_WITH_KNOTS ( 'NONE', 3,
 ( #701, #468, #1053, #288 ),
 .UNSPECIFIED., .F., .F.,
 ( 4, 4 ),
 ( 0.000000000000000000, 0.5855695330273008592 ),
 .UNSPECIFIED. ) ;
#1332 = ADVANCED_FACE ( 'NONE', ( #774 ), #395, .F. ) ;
#1333 = ORIENTED_EDGE ( 'NONE', *, *, #306, .T. ) ;
#1334 = CARTESIAN_POINT ( 'NONE',  ( 1.321977743877459810, 4.500000000000000000, -24.09125556053739814 ) ) ;
#1335 = EDGE_CURVE ( 'NONE', #629, #1703, #1123, .T. ) ;
#1336 = VECTOR ( 'NONE', #2206, 1000.000000000000000 ) ;
#1337 = ORIENTED_EDGE ( 'NONE', *, *, #115, .F. ) ;
#1338 = EDGE_CURVE ( 'NONE', #2351, #497, #1140, .T. ) ;
#1339 = DIRECTION ( 'NONE',  ( 0.000000000000000000, 0.000000000000000000, 1.000000000000000000 ) ) ;
#1340 = B_SPLINE_CURVE_WITH_KNOTS ( 'NONE', 2,
 ( #138, #2196, #1652 ),
 .UNSPECIFIED., .F., .F.,
 ( 3, 3 ),
 ( 0.000000000000000000, 1.000000000000000000 ),
 .UNSPECIFIED. ) ;
#1341 = EDGE_CURVE ( 'NONE', #189, #2351, #305, .T. ) ;
#1342 = CARTESIAN_POINT ( 'NONE',  ( -28.10152377632023857, -1.500000000000000444, -10.91009777460420871 ) ) ;
#1343 = FACE_OUTER_BOUND ( 'NONE', #1404, .T. ) ;
#1344 = ORIENTED_EDGE ( 'NONE', *, *, #1109, .F. ) ;
#1345 = FACE_OUTER_BOUND ( 'NONE', #650, .T. ) ;
#1346 = B_SPLINE_SURFACE_WITH_KNOTS ( 'NONE', 3, 1, ( 
 ( #578, #409 ),
 ( #947, #1677 ),
 ( #1178, #247 ),
 ( #1171, #1923 ) ),
 .UNSPECIFIED., .F., .F., .F.,
 ( 4, 4 ),
 ( 2, 2 ),
 ( 0.3636321741318673806, 0.3930502511895355711 ),
 ( 0.000000000000000000, 1.000000000000000000 ),
 .UNSPECIFIED. ) ;
#1347 = EDGE_CURVE ( 'NONE', #1142, #2201, #154, .T. ) ;
#1348 = VERTEX_POINT ( 'NONE', #782 ) ;
#1349 = CARTESIAN_POINT ( 'NONE',  ( -17.10573597780430077, 4.500000000000000000, -26.34779985115730838 ) ) ;
#1350 = CARTESIAN_POINT ( 'NONE',  ( -15.96018652200122467, 4.500000000000000000, -26.82230197212007283 ) ) ;
#1351 = CARTESIAN_POINT ( 'NONE',  ( -17.09042385423953192, 4.500000000000000000, -21.92119769668562768 ) ) ;
#1352 = CARTESIAN_POINT ( 'NONE',  ( -32.10766662186272669, -1.500000000000000444, 6.981916496205960776 ) ) ;
#1353 = B_SPLINE_CURVE_WITH_KNOTS ( 'NONE', 2,
 ( #88, #822, #2268 ),
 .UNSPECIFIED., .F., .F.,
 ( 3, 3 ),
 ( 0.000000000000000000, 0.02941149433826504428 ),
 .UNSPECIFIED. ) ;
#1354 = ADVANCED_FACE ( 'NONE', ( #804 ), #1459, .F. ) ;
#1355 = EDGE_LOOP ( 'NONE', ( #778, #642, #2161, #1545 ) ) ;
#1356 = LINE ( 'NONE', #454, #260 ) ;
#1357 = CARTESIAN_POINT ( 'NONE',  ( 56.40508999586005245, 4.500000000000000000, -6.874583924505103028 ) ) ;
#1358 = CARTESIAN_POINT ( 'NONE',  ( -33.85017424870019909, -1.500000000000000222, 3.391893681214519507 ) ) ;
#1359 = DIRECTION ( 'NONE',  ( -0.000000000000000000, -1.000000000000000000, 0.000000000000000000 ) ) ;
#1360 = CARTESIAN_POINT ( 'NONE',  ( 6.995915969524182820, 4.500000000000000000, -26.34779985115741852 ) ) ;
#1361 = EDGE_CURVE ( 'NONE', #1960, #1010, #1356, .T. ) ;
#1362 = B_SPLINE_CURVE_WITH_KNOTS ( 'NONE', 2,
 ( #256, #987, #1390 ),
 .UNSPECIFIED., .F., .F.,
 ( 3, 3 ),
 ( 0.000000000000000000, 1.000000000000000000 ),
 .UNSPECIFIED. ) ;
#1363 = DIRECTION ( 'NONE',  ( -0.9893737785712105604, -0.000000000000000000, 0.1453943818575021141 ) ) ;
#1364 = EDGE_CURVE ( 'NONE', #1142, #1453, #1721, .T. ) ;
#1365 = ORIENTED_EDGE ( 'NONE', *, *, #2366, .F. ) ;
#1366 = CARTESIAN_POINT ( 'NONE',  ( -33.45560698243738074, -1.500000000000000222, 6.388929616676787049 ) ) ;
#1367 = CARTESIAN_POINT ( 'NONE',  ( 7.379894934478580026, -1.500000000000000444, -24.94525307183976537 ) ) ;
#1368 = AXIS2_PLACEMENT_3D ( 'NONE', #471, #132, #703 ) ;
#1369 = DIRECTION ( 'NONE',  ( -0.000000000000000000, -1.000000000000000000, -0.000000000000000000 ) ) ;
#1370 = CARTESIAN_POINT ( 'NONE',  ( -0.5252974800941901945, 4.500000000000000000, -28.53065599047513601 ) ) ;
#1371 = CARTESIAN_POINT ( 'NONE',  ( -30.43124965719936270, 4.500000000000000000, 6.785927166603570093 ) ) ;
#1372 = VECTOR ( 'NONE', #1363, 1000.000000000000114 ) ;
#1373 = LINE ( 'NONE', #108, #1259 ) ;
#1374 = EDGE_CURVE ( 'NONE', #2351, #331, #2266, .T. ) ;
#1375 = LINE ( 'NONE', #296, #2067 ) ;
#1376 = ORIENTED_EDGE ( 'NONE', *, *, #306, .F. ) ;
#1377 = CYLINDRICAL_SURFACE ( 'NONE', #2017, 3.000000000000007994 ) ;
#1378 = ORIENTED_EDGE ( 'NONE', *, *, #2341, .F. ) ;
#1379 = DIRECTION ( 'NONE',  ( 0.000000000000000000, 0.000000000000000000, -1.000000000000000000 ) ) ;
#1380 = EDGE_CURVE ( 'NONE', #1585, #1954, #262, .T. ) ;
#1381 = CARTESIAN_POINT ( 'NONE',  ( -17.74106523392211088, 4.500000000000000000, -21.58155889115132098 ) ) ;
#1382 = FACE_OUTER_BOUND ( 'NONE', #1789, .T. ) ;
#1383 = ORIENTED_EDGE ( 'NONE', *, *, #1493, .T. ) ;
#1384 = EDGE_LOOP ( 'NONE', ( #1282, #1094, #898, #869 ) ) ;
#1385 = DIRECTION ( 'NONE',  ( 0.000000000000000000, 1.000000000000000000, 0.000000000000000000 ) ) ;
#1386 = CARTESIAN_POINT ( 'NONE',  ( -9.584522528185940971, -1.500000000000000222, -28.53065599047508982 ) ) ;
#1387 = ORIENTED_EDGE ( 'NONE', *, *, #1273, .F. ) ;
#1388 = VECTOR ( 'NONE', #692, 1000.000000000000000 ) ;
#1389 = ORIENTED_EDGE ( 'NONE', *, *, #2234, .F. ) ;
#1390 = CARTESIAN_POINT ( 'NONE',  ( -29.22783939724474678, -1.500000000000000222, -16.64167385380894615 ) ) ;
#1391 = EDGE_CURVE ( 'NONE', #1950, #297, #1788, .T. ) ;
#1392 = CARTESIAN_POINT ( 'NONE',  ( -17.48971494275868110, 4.500000000000000000, -24.94525307183965523 ) ) ;
#1393 = LINE ( 'NONE', #887, #83 ) ;
#1394 = VERTEX_POINT ( 'NONE', #253 ) ;
#1395 = CARTESIAN_POINT ( 'NONE',  ( 56.40508999586005245, 4.500000000000000000, -3.874583924505095034 ) ) ;
#1396 = EDGE_CURVE ( 'NONE', #672, #849, #2238, .T. ) ;
#1397 = ORIENTED_EDGE ( 'NONE', *, *, #2341, .T. ) ;
#1398 = EDGE_CURVE ( 'NONE', #1102, #2357, #2339, .T. ) ;
#1399 = ORIENTED_EDGE ( 'NONE', *, *, #2185, .F. ) ;
#1400 = CARTESIAN_POINT ( 'NONE',  ( -32.52812593079230652, 4.500000000000000000, -10.92540989816913921 ) ) ;
#1401 = CARTESIAN_POINT ( 'NONE',  ( -29.86172034430612499, 4.500000000000000000, -6.660607347731161809 ) ) ;
#1402 = ORIENTED_EDGE ( 'NONE', *, *, #299, .F. ) ;
#1403 = PRODUCT ( 'Gear Link 2', 'Gear Link 2', '', ( #215 ) ) ;
#1404 = EDGE_LOOP ( 'NONE', ( #586, #200, #341, #1290 ) ) ;
#1405 = ORIENTED_EDGE ( 'NONE', *, *, #299, .T. ) ;
#1406 = CARTESIAN_POINT ( 'NONE',  ( -1.754623470592475920, 4.500000000000000000, -28.69249982747332339 ) ) ;
#1407 = CARTESIAN_POINT ( 'NONE',  ( -27.00127763201592757, 4.500000000000000000, -12.81577999737192819 ) ) ;
#1408 = CARTESIAN_POINT ( 'NONE',  ( -31.41153468784100511, -1.500000000000000222, -7.329084091756497443 ) ) ;
#1409 = B_SPLINE_CURVE_WITH_KNOTS ( 'NONE', 2,
 ( #912, #883, #926 ),
 .UNSPECIFIED., .F., .F.,
 ( 3, 3 ),
 ( 0.000000000000000000, 0.02941149433826504428 ),
 .UNSPECIFIED. ) ;
#1410 = VERTEX_POINT ( 'NONE', #1018 ) ;
#1411 = CARTESIAN_POINT ( 'NONE',  ( 12.71217992516398354, 4.500000000000000000, -23.04751331760983746 ) ) ;
#1412 = CARTESIAN_POINT ( 'NONE',  ( 13.70377492483545723, -1.500000000000000222, -20.83855222230388904 ) ) ;
#1413 = ORIENTED_EDGE ( 'NONE', *, *, #1924, .F. ) ;
#1414 = CARTESIAN_POINT ( 'NONE',  ( -28.86059296327725576, 4.500000000000000000, -17.14132692632176713 ) ) ;
#1415 = ORIENTED_EDGE ( 'NONE', *, *, #234, .F. ) ;
#1416 = CARTESIAN_POINT ( 'NONE',  ( -10.71542109524853004, -1.500000000000000444, -24.25092357756454220 ) ) ;
#1417 = CARTESIAN_POINT ( 'NONE',  ( -25.55503426712988357, -1.500000000000000444, -17.47284037497593445 ) ) ;
#1418 = CARTESIAN_POINT ( 'NONE',  ( 13.59515238180482299, -1.500000000000000222, -17.00511721128744114 ) ) ;
#1419 = ORIENTED_EDGE ( 'NONE', *, *, #2005, .T. ) ;
#1420 = FACE_BOUND ( 'NONE', #1104, .T. ) ;
#1421 = B_SPLINE_CURVE_WITH_KNOTS ( 'NONE', 3,
 ( #303, #116, #329, #676 ),
 .UNSPECIFIED., .F., .F.,
 ( 4, 4 ),
 ( 0.5454515525569062495, 0.5748696296145745510 ),
 .UNSPECIFIED. ) ;
#1422 = CARTESIAN_POINT ( 'NONE',  ( 16.89145762373553694, -1.500000000000000222, -12.81577999737188023 ) ) ;
#1423 = CARTESIAN_POINT ( 'NONE',  ( 13.69588554396887048, 4.500000000000000000, -22.29268944807431296 ) ) ;
#1424 = ORIENTED_EDGE ( 'NONE', *, *, #919, .F. ) ;
#1425 = CARTESIAN_POINT ( 'NONE',  ( 20.21048816677658522, 4.500000000000000000, -9.555571157542791738 ) ) ;
#1426 = EDGE_CURVE ( 'NONE', #966, #1954, #509, .T. ) ;
#1427 = DIRECTION ( 'NONE',  ( 0.000000000000000000, 0.000000000000000000, 1.000000000000000000 ) ) ;
#1428 = ORIENTED_EDGE ( 'NONE', *, *, #486, .F. ) ;
#1429 = CARTESIAN_POINT ( 'NONE',  ( 56.54081381643275961, 4.500000000000000000, -12.87304864845981456 ) ) ;
#1430 = CARTESIAN_POINT ( 'NONE',  ( -18.99610607700680021, -1.500000000000000222, -20.82095155238054218 ) ) ;
#1431 = FACE_OUTER_BOUND ( 'NONE', #858, .T. ) ;
#1432 = CIRCLE ( 'NONE', #2355, 3.000000000000007994 ) ;
#1433 = ORIENTED_EDGE ( 'NONE', *, *, #652, .F. ) ;
#1434 = CARTESIAN_POINT ( 'NONE',  ( -17.71362364736739536, -1.500000000000000222, -23.48976636734513335 ) ) ;
#1435 = VERTEX_POINT ( 'NONE', #634 ) ;
#1436 = B_SPLINE_SURFACE_WITH_KNOTS ( 'NONE', 2, 1, ( 
 ( #1370, #838 ),
 ( #1529, #1160 ),
 ( #1891, #2103 ) ),
 .UNSPECIFIED., .F., .F., .F.,
 ( 3, 3 ),
 ( 2, 2 ),
 ( 0.000000000000000000, 1.000000000000000000 ),
 ( 0.000000000000000000, 1.000000000000000000 ),
 .UNSPECIFIED. ) ;
#1437 = EDGE_CURVE ( 'NONE', #570, #1618, #1907, .T. ) ;
#1438 = CARTESIAN_POINT ( 'NONE',  ( -29.22783939724474678, 4.500000000000000000, -16.64167385380894615 ) ) ;
#1439 = ORIENTED_EDGE ( 'NONE', *, *, #58, .T. ) ;
#1440 = CARTESIAN_POINT ( 'NONE',  ( 14.09138924491766609, -1.500000000000000222, -16.46490015433838394 ) ) ;
#1441 = B_SPLINE_CURVE_WITH_KNOTS ( 'NONE', 2,
 ( #1060, #148, #1619 ),
 .UNSPECIFIED., .F., .F.,
 ( 3, 3 ),
 ( 0.000000000000000000, 1.000000000000000000 ),
 .UNSPECIFIED. ) ;
#1442 = DIRECTION ( 'NONE',  ( 0.000000000000000000, 1.000000000000000000, 0.000000000000000000 ) ) ;
#1443 = ORIENTED_EDGE ( 'NONE', *, *, #380, .T. ) ;
#1444 = CARTESIAN_POINT ( 'NONE',  ( -3.954663859835348294, 4.500000000000000000, -24.85129384747154191 ) ) ;
#1445 = AXIS2_PLACEMENT_3D ( 'NONE', #2096, #1917, #270 ) ;
#1446 = CARTESIAN_POINT ( 'NONE',  ( 5.850366513721095174, 4.500000000000000000, -26.82230197212015810 ) ) ;
#1447 = CARTESIAN_POINT ( 'NONE',  ( 7.379894934478580026, -1.500000000000000222, -24.94525307183976537 ) ) ;
#1448 = CARTESIAN_POINT ( 'NONE',  ( 8.886286068726958476, 4.500000000000000000, -20.82095155238102890 ) ) ;
#1449 = VERTEX_POINT ( 'NONE', #80 ) ;
#1450 = VECTOR ( 'NONE', #1981, 1000.000000000000000 ) ;
#1451 = VERTEX_POINT ( 'NONE', #89 ) ;
#1452 = CARTESIAN_POINT ( 'NONE',  ( 13.21183299767679564, 4.500000000000000000, -22.68026688364234644 ) ) ;
#1453 = VERTEX_POINT ( 'NONE', #302 ) ;
#1454 = CARTESIAN_POINT ( 'NONE',  ( -7.321387609859469237, -1.500000000000000222, -27.66984816906536793 ) ) ;
#1455 = EDGE_CURVE ( 'NONE', #1972, #505, #1005, .T. ) ;
#1456 = CARTESIAN_POINT ( 'NONE',  ( -22.82199993344407574, -1.500000000000000444, -23.04751331760969535 ) ) ;
#1457 = ORIENTED_EDGE ( 'NONE', *, *, #1697, .T. ) ;
#1458 = CARTESIAN_POINT ( 'NONE',  ( -3.954663859835348294, -1.500000000000000444, -24.85129384747154191 ) ) ;
#1459 = B_SPLINE_SURFACE_WITH_KNOTS ( 'NONE', 3, 1, ( 
 ( #445, #1713 ),
 ( #992, #622 ),
 ( #1526, #2082 ),
 ( #438, #1546 ) ),
 .UNSPECIFIED., .F., .F., .F.,
 ( 4, 4 ),
 ( 2, 2 ),
 ( 0.1818127957067485756, 0.2112308727645026418 ),
 ( 0.000000000000000000, 1.000000000000000000 ),
 .UNSPECIFIED. ) ;
#1460 = LINE ( 'NONE', #1484, #1832 ) ;
#1461 = CARTESIAN_POINT ( 'NONE',  ( 8.886286068726958476, 4.500000000000000000, -20.82095155238102890 ) ) ;
#1462 = CARTESIAN_POINT ( 'NONE',  ( -22.82199993344407574, -1.500000000000000222, -23.04751331760969535 ) ) ;
#1463 = VERTEX_POINT ( 'NONE', #2102 ) ;
#1464 = ORIENTED_EDGE ( 'NONE', *, *, #49, .T. ) ;
#1465 = CARTESIAN_POINT ( 'NONE',  ( 19.11801938896470787, -1.500000000000000444, -16.64167385380915221 ) ) ;
#1466 = ORIENTED_EDGE ( 'NONE', *, *, #730, .T. ) ;
#1467 = CARTESIAN_POINT ( 'NONE',  ( -23.65316645461132339, -1.500000000000000444, -19.37470818749513413 ) ) ;
#1468 = CARTESIAN_POINT ( 'NONE',  ( -31.03161992710638373, 4.500000000000000000, 0.02516993119038523491 ) ) ;
#1469 = ORIENTED_EDGE ( 'NONE', *, *, #1579, .F. ) ;
#1470 = CARTESIAN_POINT ( 'NONE',  ( 13.69588554396887048, -1.500000000000000444, -22.29268944807431296 ) ) ;
#1471 = DIRECTION ( 'NONE',  ( 0.000000000000000000, 0.000000000000000000, 1.000000000000000000 ) ) ;
#1472 = DIRECTION ( 'NONE',  ( -0.000000000000000000, -1.000000000000000000, -0.000000000000000000 ) ) ;
#1473 = DIRECTION ( 'NONE',  ( 0.000000000000000000, 1.000000000000000000, 0.000000000000000000 ) ) ;
#1474 = CARTESIAN_POINT ( 'NONE',  ( 6.980603845959238107, -1.500000000000000222, -21.92119769668533991 ) ) ;
#1475 = EDGE_CURVE ( 'NONE', #2201, #698, #427, .T. ) ;
#1476 = ORIENTED_EDGE ( 'NONE', *, *, #1168, .T. ) ;
#1477 = ORIENTED_EDGE ( 'NONE', *, *, #646, .F. ) ;
#1478 = CARTESIAN_POINT ( 'NONE',  ( 16.89145762373553694, -1.500000000000000444, -12.81577999737188023 ) ) ;
#1479 = ORIENTED_EDGE ( 'NONE', *, *, #1531, .F. ) ;
#1480 = B_SPLINE_SURFACE_WITH_KNOTS ( 'NONE', 3, 1, ( 
 ( #658, #1774 ),
 ( #1392, #484 ),
 ( #2334, #128 ),
 ( #500, #687 ) ),
 .UNSPECIFIED., .F., .F., .F.,
 ( 4, 4 ),
 ( 2, 2 ),
 ( 0.000000000000000000, 0.5855695330273008592 ),
 ( 0.000000000000000000, 1.000000000000000000 ),
 .UNSPECIFIED. ) ;
#1481 = CARTESIAN_POINT ( 'NONE',  ( -20.04292649681440253, -1.500000000000000444, -22.14494274019222075 ) ) ;
#1482 = ORIENTED_EDGE ( 'NONE', *, *, #1258, .T. ) ;
#1483 = LINE ( 'NONE', #1514, #1986 ) ;
#1484 = CARTESIAN_POINT ( 'NONE',  ( 12.71217992516398354, 4.500000000000000000, -23.04751331760983746 ) ) ;
#1485 = SURFACE_STYLE_USAGE ( .BOTH. , #1676 ) ;
#1486 = CARTESIAN_POINT ( 'NONE',  ( 9.933106488534546585, -1.500000000000000444, -22.14494274019271813 ) ) ;
#1487 = CARTESIAN_POINT ( 'NONE',  ( -28.85910154575526576, -1.500000000000000222, -15.23504323044662101 ) ) ;
#1488 = ORIENTED_EDGE ( 'NONE', *, *, #398, .T. ) ;
#1489 = B_SPLINE_CURVE_WITH_KNOTS ( 'NONE', 2,
 ( #1128, #199, #2007 ),
 .UNSPECIFIED., .F., .F.,
 ( 3, 3 ),
 ( 0.000000000000000000, 1.000000000000000000 ),
 .UNSPECIFIED. ) ;
#1490 = ORIENTED_EDGE ( 'NONE', *, *, #958, .T. ) ;
#1491 = CARTESIAN_POINT ( 'NONE',  ( -27.00127763201592757, 4.500000000000000000, -12.81577999737192819 ) ) ;
#1492 = AXIS2_PLACEMENT_3D ( 'NONE', #945, #764, #1125 ) ;
#1493 = EDGE_CURVE ( 'NONE', #390, #799, #1684, .T. ) ;
#1494 = ORIENTED_EDGE ( 'NONE', *, *, #254, .F. ) ;
#1495 = VECTOR ( 'NONE', #810, 1000.000000000000000 ) ;
#1496 = CARTESIAN_POINT ( 'NONE',  ( -18.99610607700680021, 4.500000000000000000, -20.82095155238054218 ) ) ;
#1497 = CARTESIAN_POINT ( 'NONE',  ( -9.584522528185940971, -1.500000000000000222, -28.53065599047508982 ) ) ;
#1498 = FILL_AREA_STYLE ('',( #2036 ) ) ;
#1499 = FACE_OUTER_BOUND ( 'NONE', #1033, .T. ) ;
#1500 = B_SPLINE_SURFACE_WITH_KNOTS ( 'NONE', 3, 1, ( 
 ( #435, #2259 ),
 ( #583, #226 ),
 ( #2079, #1151 ),
 ( #1886, #593 ) ),
 .UNSPECIFIED., .F., .F., .F.,
 ( 4, 4 ),
 ( 2, 2 ),
 ( 0.000000000000000000, 0.5855695330273008592 ),
 ( 0.000000000000000000, 1.000000000000000000 ),
 .UNSPECIFIED. ) ;
#1501 = ORIENTED_EDGE ( 'NONE', *, *, #1520, .F. ) ;
#1502 = CARTESIAN_POINT ( 'NONE',  ( 9.945089995860051602, 4.500000000000000000, 4.125416075494891643 ) ) ;
#1503 = ADVANCED_FACE ( 'NONE', ( #657 ), #1186, .F. ) ;
#1504 = FACE_OUTER_BOUND ( 'NONE', #142, .T. ) ;
#1505 = CARTESIAN_POINT ( 'NONE',  ( 13.54334644633095941, -1.500000000000000444, -19.37470818749497425 ) ) ;
#1506 = EDGE_CURVE ( 'NONE', #497, #1853, #2114, .T. ) ;
#1507 = CARTESIAN_POINT ( 'NONE',  ( 0.8015904165706968509, 4.500000000000000000, -25.92734054222753315 ) ) ;
#1508 = CARTESIAN_POINT ( 'NONE',  ( -7.321387609859469237, -1.500000000000000444, -27.66984816906536793 ) ) ;
#1509 = ORIENTED_EDGE ( 'NONE', *, *, #93, .F. ) ;
#1510 = CARTESIAN_POINT ( 'NONE',  ( -33.00262805175505321, 4.500000000000000000, -9.779860442366052453 ) ) ;
#1511 = AXIS2_PLACEMENT_3D ( 'NONE', #385, #1126, #22 ) ;
#1512 = EDGE_CURVE ( 'NONE', #545, #1102, #1934, .T. ) ;
#1513 = EDGE_CURVE ( 'NONE', #726, #1162, #843, .T. ) ;
#1514 = CARTESIAN_POINT ( 'NONE',  ( -34.71098207010999204, 4.500000000000000000, -3.404196448550757204 ) ) ;
#1515 = B_SPLINE_SURFACE_WITH_KNOTS ( 'NONE', 3, 1, ( 
 ( #1612, #524 ),
 ( #1599, #1417 ),
 ( #1249, #2142 ),
 ( #1210, #1965 ) ),
 .UNSPECIFIED., .F., .F., .F.,
 ( 4, 4 ),
 ( 2, 2 ),
 ( 0.000000000000000000, 0.5855695330273008592 ),
 ( 0.000000000000000000, 1.000000000000000000 ),
 .UNSPECIFIED. ) ;
#1516 = CARTESIAN_POINT ( 'NONE',  ( 0.6056010869683264852, -1.500000000000000444, -24.25092357756415851 ) ) ;
#1517 = VECTOR ( 'NONE', #423, 1000.000000000000000 ) ;
#1518 = EDGE_CURVE ( 'NONE', #155, #2053, #2261, .T. ) ;
#1519 = CARTESIAN_POINT ( 'NONE',  ( 9.933106488534546585, -1.500000000000000222, -22.14494274019271813 ) ) ;
#1520 = EDGE_CURVE ( 'NONE', #2201, #1241, #1586, .T. ) ;
#1521 = EDGE_LOOP ( 'NONE', ( #2364, #582, #59, #180 ) ) ;
#1522 = DIRECTION ( 'NONE',  ( -0.000000000000000000, -1.000000000000000000, -0.000000000000000000 ) ) ;
#1523 = DIRECTION ( 'NONE',  ( 1.000000000000000000, 0.000000000000000000, 0.000000000000000000 ) ) ;
#1524 = CIRCLE ( 'NONE', #2331, 3.000000000000000888 ) ;
#1525 = ORIENTED_EDGE ( 'NONE', *, *, #2248, .T. ) ;
#1526 = CARTESIAN_POINT ( 'NONE',  ( -30.27158192509202905, 4.500000000000000000, -5.251467384786715265 ) ) ;
#1527 = B_SPLINE_CURVE_WITH_KNOTS ( 'NONE', 2,
 ( #343, #1031, #2128 ),
 .UNSPECIFIED., .F., .F.,
 ( 3, 3 ),
 ( 0.000000000000000000, 1.000000000000000000 ),
 .UNSPECIFIED. ) ;
#1528 = CARTESIAN_POINT ( 'NONE',  ( -2.788432398420655378, -1.500000000000000444, -27.66984816906537503 ) ) ;
#1529 = CARTESIAN_POINT ( 'NONE',  ( -1.138287999733684774, 4.500000000000000000, -28.62428162246465035 ) ) ;
#1530 = CARTESIAN_POINT ( 'NONE',  ( -22.64522623397328971, -1.500000000000000222, -18.02088317356265179 ) ) ;
#1531 = EDGE_CURVE ( 'NONE', #320, #1856, #1362, .T. ) ;
#1532 = ORIENTED_EDGE ( 'NONE', *, *, #19, .F. ) ;
#1533 = DIRECTION ( 'NONE',  ( 0.000000000000000000, 0.000000000000000000, 1.000000000000000000 ) ) ;
#1534 = B_SPLINE_CURVE_WITH_KNOTS ( 'NONE', 3,
 ( #1734, #420, #1541, #2279 ),
 .UNSPECIFIED., .F., .F.,
 ( 4, 4 ),
 ( 0.000000000000000000, 0.5855695330273008592 ),
 .UNSPECIFIED. ) ;
#1535 = ORIENTED_EDGE ( 'NONE', *, *, #1071, .T. ) ;
#1536 = CARTESIAN_POINT ( 'NONE',  ( -32.52812593079230652, 4.500000000000000000, -10.92540989816913921 ) ) ;
#1537 = CARTESIAN_POINT ( 'NONE',  ( -3.954663859835348294, 4.500000000000000000, -24.85129384747154191 ) ) ;
#1538 = EDGE_CURVE ( 'NONE', #2329, #1893, #483, .T. ) ;
#1539 = CARTESIAN_POINT ( 'NONE',  ( -23.32165300595688606, 4.500000000000000000, -22.68026688364220433 ) ) ;
#1540 = CARTESIAN_POINT ( 'NONE',  ( 13.07605185094068112, 4.500000000000000000, -17.52429712476194723 ) ) ;
#1541 = CARTESIAN_POINT ( 'NONE',  ( -17.71362364736739536, 4.500000000000000000, -23.48976636734513335 ) ) ;
#1542 = ADVANCED_FACE ( 'NONE', ( #1209 ), #786, .F. ) ;
#1543 = CARTESIAN_POINT ( 'NONE',  ( -32.28239184312042198, -1.500000000000000444, -8.516595973826952104 ) ) ;
#1544 = CIRCLE ( 'NONE', #1974, 3.000000000000007994 ) ;
#1545 = ORIENTED_EDGE ( 'NONE', *, *, #1702, .T. ) ;
#1546 = CARTESIAN_POINT ( 'NONE',  ( -30.43124965719902164, -1.500000000000000444, -4.535095015613291203 ) ) ;
#1547 = LINE ( 'NONE', #1931, #51 ) ;
#1548 = CARTESIAN_POINT ( 'NONE',  ( -34.87282590710817942, -1.500000000000000222, -2.174870458052471367 ) ) ;
#1549 = CARTESIAN_POINT ( 'NONE',  ( -18.37664952819806885, -1.500000000000000444, -21.21460412836983878 ) ) ;
#1550 = CARTESIAN_POINT ( 'NONE',  ( -30.19177477955678057, -1.500000000000000444, 7.860758159587505567 ) ) ;
#1551 = B_SPLINE_CURVE_WITH_KNOTS ( 'NONE', 3,
 ( #839, #525, #1066, #330 ),
 .UNSPECIFIED., .F., .F.,
 ( 4, 4 ),
 ( 0.000000000000000000, 0.5855695330273008592 ),
 .UNSPECIFIED. ) ;
#1552 = UNCERTAINTY_MEASURE_WITH_UNIT (LENGTH_MEASURE( 1.000000000000000082E-05 ), #1164, 'distance_accuracy_value', 'NONE');
#1553 = AXIS2_PLACEMENT_3D ( 'NONE', #963, #1889, #1111 ) ;
#1554 = CARTESIAN_POINT ( 'NONE',  ( -31.41153468784100511, -1.500000000000000444, -7.329084091756497443 ) ) ;
#1555 = CARTESIAN_POINT ( 'NONE',  ( -32.52812593079230652, -1.500000000000000222, -10.92540989816913921 ) ) ;
#1556 = ORIENTED_EDGE ( 'NONE', *, *, #380, .F. ) ;
#1557 = ADVANCED_FACE ( 'NONE', ( #699 ), #584, .F. ) ;
#1558 = CARTESIAN_POINT ( 'NONE',  ( -3.710086376987531853, 4.500000000000000000, -26.52131406040699346 ) ) ;
#1559 = CIRCLE ( 'NONE', #2071, 3.000000000000000000 ) ;
#1560 = DIRECTION ( 'NONE',  ( -0.000000000000000000, -1.000000000000000000, -0.000000000000000000 ) ) ;
#1561 = CARTESIAN_POINT ( 'NONE',  ( -27.39493018866235374, -1.500000000000000444, -12.19632338600699129 ) ) ;
#1562 = CARTESIAN_POINT ( 'NONE',  ( 5.850366513721095174, 4.500000000000000000, -26.82230197212015810 ) ) ;
#1563 = EDGE_LOOP ( 'NONE', ( #1927, #491, #1753, #1656 ) ) ;
#1564 = EDGE_LOOP ( 'NONE', ( #1864, #1712, #1272, #835 ) ) ;
#1565 = CARTESIAN_POINT ( 'NONE',  ( -32.28239184312042198, 4.500000000000000000, -8.516595973826952104 ) ) ;
#1566 = CARTESIAN_POINT ( 'NONE',  ( -28.10152377632023857, 4.500000000000000000, -10.91009777460420871 ) ) ;
#1567 = VERTEX_POINT ( 'NONE', #1233 ) ;
#1568 = ORIENTED_EDGE ( 'NONE', *, *, #1782, .T. ) ;
#1569 = CARTESIAN_POINT ( 'NONE',  ( -16.53786470028280675, -1.500000000000000222, -26.59688888804861406 ) ) ;
#1570 = ADVANCED_FACE ( 'NONE', ( #1964 ), #429, .F. ) ;
#1571 = DIRECTION ( 'NONE',  ( -0.000000000000000000, -1.000000000000000000, -0.000000000000000000 ) ) ;
#1572 = CARTESIAN_POINT ( 'NONE',  ( 13.07605185094068112, -1.500000000000000222, -17.52429712476194723 ) ) ;
#1573 = EDGE_CURVE ( 'NONE', #799, #1960, #1910, .T. ) ;
#1574 = ORIENTED_EDGE ( 'NONE', *, *, #49, .F. ) ;
#1575 = CARTESIAN_POINT ( 'NONE',  ( 56.58605508995699296, 4.500000000000000000, -14.87253688977805588 ) ) ;
#1576 = LINE ( 'NONE', #667, #1388 ) ;
#1577 = ORIENTED_EDGE ( 'NONE', *, *, #265, .F. ) ;
#1578 = CARTESIAN_POINT ( 'NONE',  ( -10.91141042485091539, 4.500000000000000000, -25.92734054222791329 ) ) ;
#1579 = EDGE_CURVE ( 'NONE', #1116, #1296, #2018, .T. ) ;
#1580 = CARTESIAN_POINT ( 'NONE',  ( -32.28239184312042198, 4.500000000000000000, -8.516595973826952104 ) ) ;
#1581 = ORIENTED_EDGE ( 'NONE', *, *, #443, .F. ) ;
#1582 = CIRCLE ( 'NONE', #1511, 2.000000000000001776 ) ;
#1583 = ADVANCED_FACE ( 'NONE', ( #1247 ), #57, .F. ) ;
#1584 = ORIENTED_EDGE ( 'NONE', *, *, #278, .T. ) ;
#1585 = VERTEX_POINT ( 'NONE', #354 ) ;
#1586 = LINE ( 'NONE', #836, #769 ) ;
#1587 = DIRECTION ( 'NONE',  ( -0.000000000000000000, -1.000000000000000000, -0.000000000000000000 ) ) ;
#1588 = CARTESIAN_POINT ( 'NONE',  ( -16.53786470028280675, 4.500000000000000000, -26.59688888804861406 ) ) ;
#1589 = ORIENTED_EDGE ( 'NONE', *, *, #1380, .F. ) ;
#1590 = DIRECTION ( 'NONE',  ( 0.000000000000000000, -1.000000000000000000, 0.000000000000000000 ) ) ;
#1591 = DIRECTION ( 'NONE',  ( 0.000000000000000000, 0.000000000000000000, 1.000000000000000000 ) ) ;
#1592 = EDGE_CURVE ( 'NONE', #1251, #2147, #316, .T. ) ;
#1593 = ORIENTED_EDGE ( 'NONE', *, *, #339, .F. ) ;
#1594 = CARTESIAN_POINT ( 'NONE',  ( -15.96018652200122467, 4.500000000000000000, -26.82230197212007283 ) ) ;
#1595 = VERTEX_POINT ( 'NONE', #1598 ) ;
#1596 = B_SPLINE_CURVE_WITH_KNOTS ( 'NONE', 3,
 ( #373, #1487, #1668, #400 ),
 .UNSPECIFIED., .F., .F.,
 ( 4, 4 ),
 ( 0.000000000000000000, 0.5855695330273008592 ),
 .UNSPECIFIED. ) ;
#1597 = VERTEX_POINT ( 'NONE', #874 ) ;
#1598 = CARTESIAN_POINT ( 'NONE',  ( 12.53540622569293816, -1.500000000000000222, -18.02088317356248126 ) ) ;
#1599 = CARTESIAN_POINT ( 'NONE',  ( -25.55503426712988357, 4.500000000000000000, -17.47284037497593445 ) ) ;
#1600 = CARTESIAN_POINT ( 'NONE',  ( 3.399590163111536611, -1.500000000000000222, -25.23120860820611711 ) ) ;
#1601 = AXIS2_PLACEMENT_3D ( 'NONE', #962, #952, #982 ) ;
#1602 = VERTEX_POINT ( 'NONE', #2375 ) ;
#1603 = CARTESIAN_POINT ( 'NONE',  ( -30.43124965719902164, 4.500000000000000000, -4.535095015613291203 ) ) ;
#1604 = ADVANCED_FACE ( 'NONE', ( #537 ), #1977, .T. ) ;
#1605 = EDGE_LOOP ( 'NONE', ( #2243, #165 ) ) ;
#1606 = VECTOR ( 'NONE', #1746, 1000.000000000000000 ) ;
#1607 = VERTEX_POINT ( 'NONE', #1063 ) ;
#1608 = CARTESIAN_POINT ( 'NONE',  ( -32.77721496768360510, -1.500000000000000222, -10.35753862064763808 ) ) ;
#1609 =( GEOMETRIC_REPRESENTATION_CONTEXT ( 3 ) GLOBAL_UNCERTAINTY_ASSIGNED_CONTEXT ( ( #84 ) ) GLOBAL_UNIT_ASSIGNED_CONTEXT ( ( #1694, #802, #2253 ) ) REPRESENTATION_CONTEXT ( 'NONE', 'WORKASPACE' ) );
#1610 = ORIENTED_EDGE ( 'NONE', *, *, #943, .F. ) ;
#1611 = CYLINDRICAL_SURFACE ( 'NONE', #141, 2.000000000000001776 ) ;
#1612 = CARTESIAN_POINT ( 'NONE',  ( -24.20120925319738348, 4.500000000000000000, -16.46490015433791854 ) ) ;
#1613 = CARTESIAN_POINT ( 'NONE',  ( -6.155156148444743458, 4.500000000000000000, -24.85129384747109427 ) ) ;
#1614 = EDGE_CURVE ( 'NONE', #1410, #2357, #127, .T. ) ;
#1615 = FACE_OUTER_BOUND ( 'NONE', #444, .T. ) ;
#1616 = VERTEX_POINT ( 'NONE', #901 ) ;
#1617 = DIRECTION ( 'NONE',  ( -0.000000000000000000, -1.000000000000000000, -0.000000000000000000 ) ) ;
#1618 = VERTEX_POINT ( 'NONE', #2141 ) ;
#1619 = CARTESIAN_POINT ( 'NONE',  ( -1.754623470592475920, -1.500000000000000222, -28.69249982747332339 ) ) ;
#1620 = CARTESIAN_POINT ( 'NONE',  ( -22.64522623397328971, 4.500000000000000000, -18.02088317356265179 ) ) ;
#1621 = ORIENTED_EDGE ( 'NONE', *, *, #727, .F. ) ;
#1622 = B_SPLINE_CURVE_WITH_KNOTS ( 'NONE', 3,
 ( #635, #2298, #1747, #1177 ),
 .UNSPECIFIED., .F., .F.,
 ( 4, 4 ),
 ( 0.000000000000000000, 0.5855695330273008592 ),
 .UNSPECIFIED. ) ;
#1623 = CIRCLE ( 'NONE', #1814, 3.000000000000000000 ) ;
#1624 = DIRECTION ( 'NONE',  ( 0.000000000000000000, 0.000000000000000000, -1.000000000000000000 ) ) ;
#1625 = CARTESIAN_POINT ( 'NONE',  ( -29.86172034430612499, -1.500000000000000222, -6.660607347731161809 ) ) ;
#1626 = AXIS2_PLACEMENT_3D ( 'NONE', #978, #459, #1709 ) ;
#1627 = ORIENTED_EDGE ( 'NONE', *, *, #1081, .F. ) ;
#1628 = LINE ( 'NONE', #2291, #1495 ) ;
#1629 = FACE_BOUND ( 'NONE', #949, .T. ) ;
#1630 = ORIENTED_EDGE ( 'NONE', *, *, #79, .T. ) ;
#1631 = B_SPLINE_SURFACE_WITH_KNOTS ( 'NONE', 2, 1, ( 
 ( #242, #975 ),
 ( #1326, #1847 ),
 ( #417, #197 ) ),
 .UNSPECIFIED., .F., .F., .F.,
 ( 3, 3 ),
 ( 2, 2 ),
 ( 0.000000000000000000, 1.000000000000000000 ),
 ( 0.000000000000000000, 1.000000000000000000 ),
 .UNSPECIFIED. ) ;
#1632 = EDGE_CURVE ( 'NONE', #192, #592, #1340, .T. ) ;
#1633 = CARTESIAN_POINT ( 'NONE',  ( -28.85910154575526576, -1.500000000000000444, -15.23504323044662101 ) ) ;
#1634 = ORIENTED_EDGE ( 'NONE', *, *, #1324, .F. ) ;
#1635 = VECTOR ( 'NONE', #1852, 1000.000000000000000 ) ;
#1636 = CARTESIAN_POINT ( 'NONE',  ( -33.45560698243747311, 4.500000000000000000, -4.138097465686569443 ) ) ;
#1637 = DIRECTION ( 'NONE',  ( 0.000000000000000000, 1.000000000000000000, 0.000000000000000000 ) ) ;
#1638 = VERTEX_POINT ( 'NONE', #510 ) ;
#1639 = CARTESIAN_POINT ( 'NONE',  ( -11.43179739512778603, -1.500000000000000444, -24.09125605920207036 ) ) ;
#1640 = DIRECTION ( 'NONE',  ( -0.000000000000000000, -1.000000000000000000, -0.000000000000000000 ) ) ;
#1641 = FACE_OUTER_BOUND ( 'NONE', #1055, .T. ) ;
#1642 = CARTESIAN_POINT ( 'NONE',  ( -34.87282590710817942, 4.500000000000000000, -2.174870458052471367 ) ) ;
#1643 = ORIENTED_EDGE ( 'NONE', *, *, #2185, .T. ) ;
#1644 = B_SPLINE_CURVE_WITH_KNOTS ( 'NONE', 3,
 ( #462, #281, #1740, #1755 ),
 .UNSPECIFIED., .F., .F.,
 ( 4, 4 ),
 ( 0.000000000000000000, 0.5855695330273008592 ),
 .UNSPECIFIED. ) ;
#1645 = ORIENTED_EDGE ( 'NONE', *, *, #38, .F. ) ;
#1646 = CARTESIAN_POINT ( 'NONE',  ( 18.21544881154721907, 4.500000000000000000, -13.86260041717947722 ) ) ;
#1647 = B_SPLINE_CURVE_WITH_KNOTS ( 'NONE', 3,
 ( #1271, #1103, #737, #2010 ),
 .UNSPECIFIED., .F., .F.,
 ( 4, 4 ),
 ( 0.000000000000000000, 0.5855695330273008592 ),
 .UNSPECIFIED. ) ;
#1648 = ORIENTED_EDGE ( 'NONE', *, *, #1364, .T. ) ;
#1649 = CARTESIAN_POINT ( 'NONE',  ( -23.81359493311552455, 4.500000000000000000, -20.83855222230372917 ) ) ;
#1650 = FACE_OUTER_BOUND ( 'NONE', #1651, .T. ) ;
#1651 = EDGE_LOOP ( 'NONE', ( #881, #1319, #1365, #885 ) ) ;
#1652 = CARTESIAN_POINT ( 'NONE',  ( -23.80570555224895202, 4.500000000000000000, -22.29268944807415664 ) ) ;
#1653 = FACE_OUTER_BOUND ( 'NONE', #2319, .T. ) ;
#1654 = LINE ( 'NONE', #11, #323 ) ;
#1655 = CARTESIAN_POINT ( 'NONE',  ( -22.64522623397328971, -1.500000000000000222, -18.02088317356265179 ) ) ;
#1656 = ORIENTED_EDGE ( 'NONE', *, *, #595, .T. ) ;
#1657 = ADVANCED_FACE ( 'NONE', ( #1800 ), #1611, .T. ) ;
#1658 = EDGE_LOOP ( 'NONE', ( #300, #1089 ) ) ;
#1659 = CARTESIAN_POINT ( 'NONE',  ( -23.80570555224895202, 4.500000000000000000, -22.29268944807415664 ) ) ;
#1660 = ORIENTED_EDGE ( 'NONE', *, *, #655, .F. ) ;
#1661 = CARTESIAN_POINT ( 'NONE',  ( -34.71098207010999204, -1.500000000000000222, -3.404196448550757204 ) ) ;
#1662 = ORIENTED_EDGE ( 'NONE', *, *, #560, .T. ) ;
#1663 = CARTESIAN_POINT ( 'NONE',  ( -29.22783939724474678, 4.500000000000000000, -16.64167385380894615 ) ) ;
#1664 = DIRECTION ( 'NONE',  ( 0.9893737785712105604, -0.000000000000000000, -0.1453943818575020863 ) ) ;
#1665 = LINE ( 'NONE', #1148, #410 ) ;
#1666 = VECTOR ( 'NONE', #223, 1000.000000000000000 ) ;
#1667 = CARTESIAN_POINT ( 'NONE',  ( 8.886286068726958476, -1.500000000000000444, -20.82095155238102890 ) ) ;
#1668 = CARTESIAN_POINT ( 'NONE',  ( -28.32526881982762035, -1.500000000000000222, -13.86260041717951097 ) ) ;
#1669 = EDGE_LOOP ( 'NONE', ( #1244, #759, #1276, #1333 ) ) ;
#1670 = ORIENTED_EDGE ( 'NONE', *, *, #1592, .F. ) ;
#1671 = CARTESIAN_POINT ( 'NONE',  ( -23.81359493311552455, -1.500000000000000222, -20.83855222230372917 ) ) ;
#1672 = ORIENTED_EDGE ( 'NONE', *, *, #153, .F. ) ;
#1673 = CARTESIAN_POINT ( 'NONE',  ( 12.71217992516398354, -1.500000000000000222, -23.04751331760983746 ) ) ;
#1674 = B_SPLINE_CURVE_WITH_KNOTS ( 'NONE', 3,
 ( #442, #876, #1600, #1032 ),
 .UNSPECIFIED., .F., .F.,
 ( 4, 4 ),
 ( 0.000000000000000000, 0.5855695330273008592 ),
 .UNSPECIFIED. ) ;
#1675 = CARTESIAN_POINT ( 'NONE',  ( -34.80460770209950283, 4.500000000000000000, -2.791205928911262735 ) ) ;
#1676 = SURFACE_SIDE_STYLE ('',( #1113 ) ) ;
#1677 = CARTESIAN_POINT ( 'NONE',  ( -23.18579255505771286, -1.500000000000000444, -17.52441889406421893 ) ) ;
#1678 = CARTESIAN_POINT ( 'NONE',  ( 8.886286068726958476, -1.500000000000000222, -20.82095155238102890 ) ) ;
#1679 = ORIENTED_EDGE ( 'NONE', *, *, #278, .F. ) ;
#1680 = CARTESIAN_POINT ( 'NONE',  ( -15.96018652200122467, -1.500000000000000444, -26.82230197212007283 ) ) ;
#1681 = PRODUCT_RELATED_PRODUCT_CATEGORY ( 'part', '', ( #1403 ) ) ;
#1682 = AXIS2_PLACEMENT_3D ( 'NONE', #527, #866, #1955 ) ;
#1683 = ORIENTED_EDGE ( 'NONE', *, *, #1338, .T. ) ;
#1684 = CIRCLE ( 'NONE', #1179, 7.999999999999996447 ) ;
#1685 = FACE_OUTER_BOUND ( 'NONE', #840, .T. ) ;
#1686 = DIRECTION ( 'NONE',  ( -0.000000000000000000, -1.000000000000000000, -0.000000000000000000 ) ) ;
#1687 = ADVANCED_FACE ( 'NONE', ( #1051 ), #1092, .F. ) ;
#1688 = CARTESIAN_POINT ( 'NONE',  ( -6.399733631292575886, 4.500000000000000000, -26.52131406040654227 ) ) ;
#1689 = B_SPLINE_SURFACE_WITH_KNOTS ( 'NONE', 3, 1, ( 
 ( #842, #347 ),
 ( #1735, #1214 ),
 ( #121, #94 ),
 ( #1956, #2338 ) ),
 .UNSPECIFIED., .F., .F., .F.,
 ( 4, 4 ),
 ( 2, 2 ),
 ( 0.000000000000000000, 0.5855695330273008592 ),
 ( 0.000000000000000000, 1.000000000000000000 ),
 .UNSPECIFIED. ) ;
#1690 = ORIENTED_EDGE ( 'NONE', *, *, #1752, .F. ) ;
#1691 = CARTESIAN_POINT ( 'NONE',  ( -10.71542109524853004, 4.500000000000000000, -24.25092357756454220 ) ) ;
#1692 = EDGE_CURVE ( 'NONE', #205, #1451, #156, .T. ) ;
#1693 = B_SPLINE_CURVE_WITH_KNOTS ( 'NONE', 3,
 ( #340, #884, #2208, #1620 ),
 .UNSPECIFIED., .F., .F.,
 ( 4, 4 ),
 ( 0.000000000000000000, 0.5855695330273008592 ),
 .UNSPECIFIED. ) ;
#1694 =( LENGTH_UNIT ( ) NAMED_UNIT ( * ) SI_UNIT ( .MILLI., .METRE. ) );
#1695 = ADVANCED_FACE ( 'NONE', ( #450 ), #735, .F. ) ;
#1696 = CARTESIAN_POINT ( 'NONE',  ( 56.26856999087381439, 4.500000000000000000, 1.145478505049902784 ) ) ;
#1697 = EDGE_CURVE ( 'NONE', #574, #465, #1246, .T. ) ;
#1698 = CARTESIAN_POINT ( 'NONE',  ( -30.43124965719936270, 4.500000000000000000, 6.785927166603570093 ) ) ;
#1699 = ORIENTED_EDGE ( 'NONE', *, *, #2033, .T. ) ;
#1700 = DIRECTION ( 'NONE',  ( 0.000000000000000000, 0.000000000000000000, 1.000000000000000000 ) ) ;
#1701 = VECTOR ( 'NONE', #145, 1000.000000000000000 ) ;
#1702 = EDGE_CURVE ( 'NONE', #1988, #1607, #1628, .T. ) ;
#1703 = VERTEX_POINT ( 'NONE', #1916 ) ;
#1704 = CARTESIAN_POINT ( 'NONE',  ( 13.54334644633095941, 4.500000000000000000, -19.37470818749497425 ) ) ;
#1705 = ADVANCED_FACE ( 'NONE', ( #1205 ), #6, .F. ) ;
#1706 = B_SPLINE_SURFACE_WITH_KNOTS ( 'NONE', 2, 1, ( 
 ( #1200, #2335 ),
 ( #1588, #344 ),
 ( #319, #2359 ) ),
 .UNSPECIFIED., .F., .F., .F.,
 ( 3, 3 ),
 ( 2, 2 ),
 ( 0.000000000000000000, 1.000000000000000000 ),
 ( 0.000000000000000000, 1.000000000000000000 ),
 .UNSPECIFIED. ) ;
#1707 = LINE ( 'NONE', #1293, #2315 ) ;
#1708 = CARTESIAN_POINT ( 'NONE',  ( -12.84093342736617238, -1.500000000000000222, -23.68139426467075737 ) ) ;
#1709 = DIRECTION ( 'NONE',  ( 0.000000000000000000, 0.000000000000000000, -1.000000000000000000 ) ) ;
#1710 = VERTEX_POINT ( 'NONE', #998 ) ;
#1711 = AXIS2_PLACEMENT_3D ( 'NONE', #219, #1686, #2239 ) ;
#1712 = ORIENTED_EDGE ( 'NONE', *, *, #1335, .F. ) ;
#1713 = CARTESIAN_POINT ( 'NONE',  ( -29.86172034430612499, -1.500000000000000444, -6.660607347731161809 ) ) ;
#1714 = CARTESIAN_POINT ( 'NONE',  ( 6.995915969524182820, -1.500000000000000444, -26.34779985115741852 ) ) ;
#1715 = EDGE_CURVE ( 'NONE', #2026, #1232, #1373, .T. ) ;
#1716 = CARTESIAN_POINT ( 'NONE',  ( 8.886286068726958476, 4.500000000000000000, -20.82095155238102890 ) ) ;
#1717 = CARTESIAN_POINT ( 'NONE',  ( 19.91969940306157838, 4.500000000000000000, -11.53431871468521130 ) ) ;
#1718 = CARTESIAN_POINT ( 'NONE',  ( -33.45560698243738074, 4.500000000000000000, 6.388929616676787049 ) ) ;
#1719 = CARTESIAN_POINT ( 'NONE',  ( -10.71542109524853004, 4.500000000000000000, -24.25092357756454220 ) ) ;
#1720 = ORIENTED_EDGE ( 'NONE', *, *, #1426, .T. ) ;
#1721 = LINE ( 'NONE', #1184, #451 ) ;
#1722 = DIRECTION ( 'NONE',  ( -0.000000000000000000, -1.000000000000000000, -0.000000000000000000 ) ) ;
#1723 = CARTESIAN_POINT ( 'NONE',  ( -0.5252974800941901945, 4.500000000000000000, -28.53065599047513601 ) ) ;
#1724 = CARTESIAN_POINT ( 'NONE',  ( -18.37664952819806885, 4.500000000000000000, -21.21460412836983878 ) ) ;
#1725 = CARTESIAN_POINT ( 'NONE',  ( -34.71098207010992098, -1.500000000000000222, 5.655028599540994350 ) ) ;
#1726 = ADVANCED_FACE ( 'NONE', ( #1958 ), #461, .F. ) ;
#1727 = CARTESIAN_POINT ( 'NONE',  ( -20.05491000413994485, 4.500000000000000000, 1.125416075494895418 ) ) ;
#1728 = CARTESIAN_POINT ( 'NONE',  ( -23.80570555224895202, -1.500000000000000222, -22.29268944807415664 ) ) ;
#1729 = VERTEX_POINT ( 'NONE', #1754 ) ;
#1730 = CARTESIAN_POINT ( 'NONE',  ( 56.25002505271775277, -1.500000000000000222, -14.85179620560223768 ) ) ;
#1731 = CARTESIAN_POINT ( 'NONE',  ( -33.85017424870022040, -1.500000000000000222, -1.141061530224296128 ) ) ;
#1732 = VECTOR ( 'NONE', #2157, 1000.000000000000000 ) ;
#1733 = CARTESIAN_POINT ( 'NONE',  ( -5.054910004139945734, -1.500000000000000222, 4.125416075494896972 ) ) ;
#1734 = CARTESIAN_POINT ( 'NONE',  ( -17.10573597780430077, 4.500000000000000000, -26.34779985115730838 ) ) ;
#1735 = CARTESIAN_POINT ( 'NONE',  ( 4.587102045181992160, 4.500000000000000000, -26.10206576348552687 ) ) ;
#1736 = EDGE_CURVE ( 'NONE', #773, #570, #791, .T. ) ;
#1737 = VECTOR ( 'NONE', #2030, 1000.000000000000114 ) ;
#1738 = ORIENTED_EDGE ( 'NONE', *, *, #1924, .T. ) ;
#1739 = CARTESIAN_POINT ( 'NONE',  ( 6.995915969524182820, -1.500000000000000222, -26.34779985115741852 ) ) ;
#1740 = CARTESIAN_POINT ( 'NONE',  ( -14.69692205346211367, -1.500000000000000222, -26.10206576348545582 ) ) ;
#1741 = VERTEX_POINT ( 'NONE', #670 ) ;
#1742 = EDGE_CURVE ( 'NONE', #1286, #1876, #1757, .T. ) ;
#1743 = ADVANCED_FACE ( 'NONE', ( #1267 ), #2025, .F. ) ;
#1744 = CIRCLE ( 'NONE', #954, 2.000000000000003553 ) ;
#1745 = VERTEX_POINT ( 'NONE', #85 ) ;
#1746 = DIRECTION ( 'NONE',  ( -0.000000000000000000, -1.000000000000000000, -0.000000000000000000 ) ) ;
#1747 = CARTESIAN_POINT ( 'NONE',  ( -27.01887830193879481, 4.500000000000000000, -17.63326885348043049 ) ) ;
#1748 = CARTESIAN_POINT ( 'NONE',  ( 2.731113419086195648, -1.500000000000000222, -23.68139426467124764 ) ) ;
#1749 = EDGE_CURVE ( 'NONE', #2105, #513, #1432, .T. ) ;
#1750 = CARTESIAN_POINT ( 'NONE',  ( -17.48971494275868110, -1.500000000000000222, -24.94525307183965523 ) ) ;
#1751 = CARTESIAN_POINT ( 'NONE',  ( -4.687955166600964674, 4.500000000000000000, -24.88247861311390707 ) ) ;
#1752 = EDGE_CURVE ( 'NONE', #1296, #2121, #404, .T. ) ;
#1753 = ORIENTED_EDGE ( 'NONE', *, *, #976, .F. ) ;
#1754 = CARTESIAN_POINT ( 'NONE',  ( 12.71217992516398354, -1.500000000000000222, -23.04751331760983746 ) ) ;
#1755 = CARTESIAN_POINT ( 'NONE',  ( -15.96018652200122467, -1.500000000000000222, -26.82230197212007283 ) ) ;
#1756 = ORIENTED_EDGE ( 'NONE', *, *, #2107, .F. ) ;
#1757 = B_SPLINE_CURVE_WITH_KNOTS ( 'NONE', 3,
 ( #1928, #311, #1447, #1739 ),
 .UNSPECIFIED., .F., .F.,
 ( 4, 4 ),
 ( 0.000000000000000000, 0.5855695330273008592 ),
 .UNSPECIFIED. ) ;
#1758 = ORIENTED_EDGE ( 'NONE', *, *, #457, .F. ) ;
#1759 = ORIENTED_EDGE ( 'NONE', *, *, #2162, .T. ) ;
#1760 = CARTESIAN_POINT ( 'NONE',  ( -1.138287999733684774, 4.500000000000000000, -28.62428162246465035 ) ) ;
#1761 = EDGE_CURVE ( 'NONE', #736, #1165, #2207, .T. ) ;
#1762 = CARTESIAN_POINT ( 'NONE',  ( -20.04292649681440253, -1.500000000000000222, -22.14494274019222075 ) ) ;
#1763 = CARTESIAN_POINT ( 'NONE',  ( -34.71098207010999204, -1.500000000000000222, -3.404196448550757204 ) ) ;
#1764 = ORIENTED_EDGE ( 'NONE', *, *, #1141, .T. ) ;
#1765 = CARTESIAN_POINT ( 'NONE',  ( 13.21183299767679564, 4.500000000000000000, -22.68026688364234644 ) ) ;
#1766 = CARTESIAN_POINT ( 'NONE',  ( 13.69588554396887048, -1.500000000000000222, -22.29268944807431296 ) ) ;
#1767 = ORIENTED_EDGE ( 'NONE', *, *, #1364, .F. ) ;
#1768 = LINE ( 'NONE', #870, #1248 ) ;
#1769 = ORIENTED_EDGE ( 'NONE', *, *, #327, .T. ) ;
#1770 = ORIENTED_EDGE ( 'NONE', *, *, #1039, .T. ) ;
#1771 = ORIENTED_EDGE ( 'NONE', *, *, #1948, .T. ) ;
#1772 = EDGE_CURVE ( 'NONE', #799, #1463, #1654, .T. ) ;
#1773 = CARTESIAN_POINT ( 'NONE',  ( -12.14069956329436906, -1.500000000000000444, -23.90130630102138198 ) ) ;
#1774 = CARTESIAN_POINT ( 'NONE',  ( -17.10573597780430077, -1.500000000000000444, -26.34779985115730838 ) ) ;
#1775 = CARTESIAN_POINT ( 'NONE',  ( -28.47301552770922228, -1.500000000000000222, -17.62537947261383664 ) ) ;
#1776 = B_SPLINE_CURVE_WITH_KNOTS ( 'NONE', 3,
 ( #1422, #2156, #1174, #2112 ),
 .UNSPECIFIED., .F., .F.,
 ( 4, 4 ),
 ( 0.000000000000000000, 0.5855695330273008592 ),
 .UNSPECIFIED. ) ;
#1777 = ORIENTED_EDGE ( 'NONE', *, *, #64, .F. ) ;
#1778 = DIRECTION ( 'NONE',  ( -0.000000000000000000, -1.000000000000000000, -0.000000000000000000 ) ) ;
#1779 = CARTESIAN_POINT ( 'NONE',  ( -4.687955166600964674, -1.500000000000000222, -24.88247861311390707 ) ) ;
#1780 = ORIENTED_EDGE ( 'NONE', *, *, #254, .T. ) ;
#1781 = CARTESIAN_POINT ( 'NONE',  ( -11.43179739512778603, 4.500000000000000000, -24.09125605920207036 ) ) ;
#1782 = EDGE_CURVE ( 'NONE', #2176, #545, #1014, .T. ) ;
#1783 = EDGE_LOOP ( 'NONE', ( #2305, #1679, #983, #2027 ) ) ;
#1784 = CARTESIAN_POINT ( 'NONE',  ( -12.14069956329436906, 4.500000000000000000, -23.90130630102138198 ) ) ;
#1785 = CARTESIAN_POINT ( 'NONE',  ( -34.87282590710817942, 4.500000000000000000, -2.174870458052471367 ) ) ;
#1786 = DIRECTION ( 'NONE',  ( 0.9893737785712105604, -0.000000000000000000, -0.1453943818575020863 ) ) ;
#1787 = ADVANCED_FACE ( 'NONE', ( #731 ), #1308, .F. ) ;
#1788 = B_SPLINE_CURVE_WITH_KNOTS ( 'NONE', 3,
 ( #76, #1366, #631, #2098 ),
 .UNSPECIFIED., .F., .F.,
 ( 4, 4 ),
 ( 0.000000000000000000, 0.5855695330273008592 ),
 .UNSPECIFIED. ) ;
#1789 = EDGE_LOOP ( 'NONE', ( #1720, #1589, #376, #236 ) ) ;
#1790 = CARTESIAN_POINT ( 'NONE',  ( 13.59515238180482299, -1.500000000000000444, -17.00511721128744114 ) ) ;
#1791 = CARTESIAN_POINT ( 'NONE',  ( -6.155156148444743458, -1.500000000000000222, -24.85129384747109427 ) ) ;
#1792 = VECTOR ( 'NONE', #2284, 1000.000000000000000 ) ;
#1793 = CARTESIAN_POINT ( 'NONE',  ( -20.05491000413994485, 4.500000000000000000, -1.874583924505105914 ) ) ;
#1794 = B_SPLINE_CURVE_WITH_KNOTS ( 'NONE', 3,
 ( #1946, #493, #98, #452 ),
 .UNSPECIFIED., .F., .F.,
 ( 4, 4 ),
 ( 0.000000000000000000, 0.5855695330273008592 ),
 .UNSPECIFIED. ) ;
#1795 = EDGE_LOOP ( 'NONE', ( #555, #2283, #1399, #1013 ) ) ;
#1796 = DIRECTION ( 'NONE',  ( -0.000000000000000000, -1.000000000000000000, -0.000000000000000000 ) ) ;
#1797 = B_SPLINE_SURFACE_WITH_KNOTS ( 'NONE', 3, 1, ( 
 ( #2090, #78 ),
 ( #2285, #284 ),
 ( #632, #1367 ),
 ( #2100, #1714 ) ),
 .UNSPECIFIED., .F., .F., .F.,
 ( 4, 4 ),
 ( 2, 2 ),
 ( 0.000000000000000000, 0.5855695330273008592 ),
 ( 0.000000000000000000, 1.000000000000000000 ),
 .UNSPECIFIED. ) ;
#1798 = CARTESIAN_POINT ( 'NONE',  ( -27.00127763201592757, 4.500000000000000000, -12.81577999737192819 ) ) ;
#1799 = ORIENTED_EDGE ( 'NONE', *, *, #1266, .F. ) ;
#1800 = FACE_OUTER_BOUND ( 'NONE', #2204, .T. ) ;
#1801 = DIRECTION ( 'NONE',  ( -0.000000000000000000, -1.000000000000000000, -0.000000000000000000 ) ) ;
#1802 = CARTESIAN_POINT ( 'NONE',  ( -29.86172034430612499, 4.500000000000000000, -6.660607347731161809 ) ) ;
#1803 = EDGE_CURVE ( 'NONE', #75, #1449, #2311, .T. ) ;
#1804 = ORIENTED_EDGE ( 'NONE', *, *, #1742, .T. ) ;
#1805 = CARTESIAN_POINT ( 'NONE',  ( -10.71542109524853004, -1.500000000000000444, -24.25092357756454220 ) ) ;
#1806 = CARTESIAN_POINT ( 'NONE',  ( 6.980603845959238107, 4.500000000000000000, -21.92119769668533991 ) ) ;
#1807 = ORIENTED_EDGE ( 'NONE', *, *, #212, .T. ) ;
#1808 = CARTESIAN_POINT ( 'NONE',  ( -20.05491000413994485, 4.500000000000000000, -1.874583924505105914 ) ) ;
#1809 = ORIENTED_EDGE ( 'NONE', *, *, #896, .T. ) ;
#1810 = EDGE_CURVE ( 'NONE', #1449, #331, #2084, .T. ) ;
#1811 = CARTESIAN_POINT ( 'NONE',  ( -30.43124965719902164, 4.500000000000000000, -4.535095015613291203 ) ) ;
#1812 = CARTESIAN_POINT ( 'NONE',  ( -21.41536931008173994, 4.500000000000000000, -22.67877546612023210 ) ) ;
#1813 = ORIENTED_EDGE ( 'NONE', *, *, #660, .T. ) ;
#1814 = AXIS2_PLACEMENT_3D ( 'NONE', #439, #805, #617 ) ;
#1815 = CARTESIAN_POINT ( 'NONE',  ( -9.584522528185940971, -1.500000000000000444, -28.53065599047508982 ) ) ;
#1816 = CARTESIAN_POINT ( 'NONE',  ( -20.05491000413994485, -1.500000000000000222, -1.874583924505105914 ) ) ;
#1817 = CARTESIAN_POINT ( 'NONE',  ( 6.980603845959238107, 4.500000000000000000, -21.92119769668533991 ) ) ;
#1818 = CARTESIAN_POINT ( 'NONE',  ( -23.80570555224895202, -1.500000000000000222, -22.29268944807415664 ) ) ;
#1819 = EDGE_LOOP ( 'NONE', ( #752, #185, #1780, #2012 ) ) ;
#1820 = B_SPLINE_SURFACE_WITH_KNOTS ( 'NONE', 2, 1, ( 
 ( #2123, #86 ),
 ( #1414, #1182 ),
 ( #820, #857 ) ),
 .UNSPECIFIED., .F., .F., .F.,
 ( 3, 3 ),
 ( 2, 2 ),
 ( 0.000000000000000000, 1.000000000000000000 ),
 ( 0.000000000000000000, 1.000000000000000000 ),
 .UNSPECIFIED. ) ;
#1821 = EDGE_LOOP ( 'NONE', ( #1771, #279, #1122, #324 ) ) ;
#1822 = CARTESIAN_POINT ( 'NONE',  ( 19.11801938896470787, 4.500000000000000000, -16.64167385380915221 ) ) ;
#1823 = VERTEX_POINT ( 'NONE', #170 ) ;
#1824 = DIRECTION ( 'NONE',  ( -0.000000000000000000, -1.000000000000000000, -0.000000000000000000 ) ) ;
#1825 = DIRECTION ( 'NONE',  ( 0.000000000000000000, 0.000000000000000000, 1.000000000000000000 ) ) ;
#1826 = ORIENTED_EDGE ( 'NONE', *, *, #1803, .F. ) ;
#1827 = EDGE_CURVE ( 'NONE', #1710, #726, #1082, .T. ) ;
#1828 = CARTESIAN_POINT ( 'NONE',  ( -5.054910004139945734, 4.500000000000000000, 1.125416075494895418 ) ) ;
#1829 = ADVANCED_FACE ( 'NONE', ( #1641 ), #2271, .F. ) ;
#1830 = B_SPLINE_CURVE_WITH_KNOTS ( 'NONE', 3,
 ( #1959, #1231, #2148, #1566 ),
 .UNSPECIFIED., .F., .F.,
 ( 4, 4 ),
 ( 0.2727224849193458089, 0.3021405619770169415 ),
 .UNSPECIFIED. ) ;
#1831 = CARTESIAN_POINT ( 'NONE',  ( 56.26856999087381439, 4.500000000000000000, 1.145478505049902784 ) ) ;
#1832 = VECTOR ( 'NONE', #2198, 1000.000000000000000 ) ;
#1833 = CARTESIAN_POINT ( 'NONE',  ( -8.971532008546448722, -1.500000000000000222, -28.62428162246461838 ) ) ;
#1834 = CARTESIAN_POINT ( 'NONE',  ( -24.20120925319738348, -1.500000000000000222, -16.46490015433791854 ) ) ;
#1835 = ORIENTED_EDGE ( 'NONE', *, *, #327, .F. ) ;
#1836 = ORIENTED_EDGE ( 'NONE', *, *, #1925, .T. ) ;
#1837 = ORIENTED_EDGE ( 'NONE', *, *, #611, .F. ) ;
#1838 = LINE ( 'NONE', #2367, #169 ) ;
#1839 = ORIENTED_EDGE ( 'NONE', *, *, #1396, .T. ) ;
#1840 = CARTESIAN_POINT ( 'NONE',  ( -10.71542109524853004, -1.500000000000000222, -24.25092357756454220 ) ) ;
#1841 = FACE_OUTER_BOUND ( 'NONE', #1355, .T. ) ;
#1842 = STYLED_ITEM ( 'NONE', ( #790 ), #1226 ) ;
#1843 = ORIENTED_EDGE ( 'NONE', *, *, #882, .F. ) ;
#1844 = CARTESIAN_POINT ( 'NONE',  ( -7.321387609859469237, 4.500000000000000000, -27.66984816906536793 ) ) ;
#1845 = B_SPLINE_CURVE_WITH_KNOTS ( 'NONE', 3,
 ( #365, #532, #1454, #336 ),
 .UNSPECIFIED., .F., .F.,
 ( 4, 4 ),
 ( 0.000000000000000000, 0.5855695330273008592 ),
 .UNSPECIFIED. ) ;
#1846 = DIRECTION ( 'NONE',  ( 0.000000000000000000, 0.000000000000000000, 1.000000000000000000 ) ) ;
#1847 = CARTESIAN_POINT ( 'NONE',  ( -8.971532008546448722, -1.500000000000000444, -28.62428162246461838 ) ) ;
#1848 = CARTESIAN_POINT ( 'NONE',  ( -27.00127763201592757, -1.500000000000000222, -12.81577999737192819 ) ) ;
#1849 = CARTESIAN_POINT ( 'NONE',  ( 18.36319551942917272, -1.500000000000000444, -17.62537947261402849 ) ) ;
#1850 = ORIENTED_EDGE ( 'NONE', *, *, #2023, .T. ) ;
#1851 = EDGE_LOOP ( 'NONE', ( #888, #1376, #1634, #1221 ) ) ;
#1852 = DIRECTION ( 'NONE',  ( -0.000000000000000000, -1.000000000000000000, -0.000000000000000000 ) ) ;
#1853 = VERTEX_POINT ( 'NONE', #905 ) ;
#1854 = B_SPLINE_CURVE_WITH_KNOTS ( 'NONE', 3,
 ( #1284, #1671, #391, #188 ),
 .UNSPECIFIED., .F., .F.,
 ( 4, 4 ),
 ( 0.000000000000000000, 0.5855695330273008592 ),
 .UNSPECIFIED. ) ;
#1855 = CARTESIAN_POINT ( 'NONE',  ( -0.5252974800941901945, -1.500000000000000444, -28.53065599047513601 ) ) ;
#1856 = VERTEX_POINT ( 'NONE', #552 ) ;
#1857 = CARTESIAN_POINT ( 'NONE',  ( -22.64522623397328971, 4.500000000000000000, -18.02088317356265179 ) ) ;
#1858 = CARTESIAN_POINT ( 'NONE',  ( -20.05491000413994485, -1.500000000000000222, 1.125416075494895418 ) ) ;
#1859 = CARTESIAN_POINT ( 'NONE',  ( -29.86172034430612499, 4.500000000000000000, -6.660607347731161809 ) ) ;
#1860 = ADVANCED_FACE ( 'NONE', ( #1499 ), #616, .F. ) ;
#1861 = VECTOR ( 'NONE', #1786, 1000.000000000000114 ) ;
#1862 = CARTESIAN_POINT ( 'NONE',  ( -6.399733631292575886, -1.500000000000000444, -26.52131406040654227 ) ) ;
#1863 = CARTESIAN_POINT ( 'NONE',  ( 13.07605185094068112, -1.500000000000000444, -17.52429712476194723 ) ) ;
#1864 = ORIENTED_EDGE ( 'NONE', *, *, #780, .T. ) ;
#1865 = B_SPLINE_CURVE_WITH_KNOTS ( 'NONE', 2,
 ( #1996, #1202, #704 ),
 .UNSPECIFIED., .F., .F.,
 ( 3, 3 ),
 ( 0.000000000000000000, 1.000000000000000000 ),
 .UNSPECIFIED. ) ;
#1866 = CARTESIAN_POINT ( 'NONE',  ( 56.26856999087381439, 4.500000000000000000, 1.145478505049902784 ) ) ;
#1867 = B_SPLINE_SURFACE_WITH_KNOTS ( 'NONE', 3, 1, ( 
 ( #2251, #2054 ),
 ( #402, #2244 ),
 ( #789, #1130 ),
 ( #214, #1680 ) ),
 .UNSPECIFIED., .F., .F., .F.,
 ( 4, 4 ),
 ( 2, 2 ),
 ( 0.000000000000000000, 0.5855695330273008592 ),
 ( 0.000000000000000000, 1.000000000000000000 ),
 .UNSPECIFIED. ) ;
#1868 = CIRCLE ( 'NONE', #1935, 3.000000000000000000 ) ;
#1869 = ORIENTED_EDGE ( 'NONE', *, *, #472, .F. ) ;
#1870 = ADVANCED_FACE ( 'NONE', ( #1279 ), #386, .T. ) ;
#1871 = CARTESIAN_POINT ( 'NONE',  ( -33.00262805175505321, 4.500000000000000000, -9.779860442366052453 ) ) ;
#1872 = CARTESIAN_POINT ( 'NONE',  ( 56.40508999586005245, -1.500000000000000222, -3.874583924505095034 ) ) ;
#1873 = CARTESIAN_POINT ( 'NONE',  ( 8.266844084386828939, -1.500000000000000444, -21.21458178454769694 ) ) ;
#1874 = AXIS2_PLACEMENT_3D ( 'NONE', #2292, #684, #2304 ) ;
#1875 = CARTESIAN_POINT ( 'NONE',  ( -28.10152377632023857, -1.500000000000000222, -10.91009777460420871 ) ) ;
#1876 = VERTEX_POINT ( 'NONE', #23 ) ;
#1877 = DIRECTION ( 'NONE',  ( -0.000000000000000000, -1.000000000000000000, -0.000000000000000000 ) ) ;
#1878 = CIRCLE ( 'NONE', #2179, 3.000000000000000888 ) ;
#1879 = B_SPLINE_CURVE_WITH_KNOTS ( 'NONE', 3,
 ( #325, #1781, #1929, #312 ),
 .UNSPECIFIED., .F., .F.,
 ( 4, 4 ),
 ( 0.5454515525569062495, 0.5748696296145745510 ),
 .UNSPECIFIED. ) ;
#1880 = DIRECTION ( 'NONE',  ( 0.000000000000000000, 1.000000000000000000, 0.000000000000000000 ) ) ;
#1881 =( NAMED_UNIT ( * ) SI_UNIT ( $, .STERADIAN. ) SOLID_ANGLE_UNIT ( ) );
#1882 = EDGE_CURVE ( 'NONE', #1313, #2147, #474, .T. ) ;
#1883 = CARTESIAN_POINT ( 'NONE',  ( 12.71217992516398354, -1.500000000000000222, -23.04751331760983746 ) ) ;
#1884 = B_SPLINE_SURFACE_WITH_KNOTS ( 'NONE', 3, 1, ( 
 ( #1438, #2203 ),
 ( #556, #1633 ),
 ( #2171, #530 ),
 ( #2062, #46 ) ),
 .UNSPECIFIED., .F., .F., .F.,
 ( 4, 4 ),
 ( 2, 2 ),
 ( 0.000000000000000000, 0.5855695330273008592 ),
 ( 0.000000000000000000, 1.000000000000000000 ),
 .UNSPECIFIED. ) ;
#1885 = ORIENTED_EDGE ( 'NONE', *, *, #1810, .T. ) ;
#1886 = CARTESIAN_POINT ( 'NONE',  ( -32.52812593079230652, 4.500000000000000000, -10.92540989816913921 ) ) ;
#1887 = CARTESIAN_POINT ( 'NONE',  ( 0.000000000000000000, 0.000000000000000000, 0.000000000000000000 ) ) ;
#1888 = ORIENTED_EDGE ( 'NONE', *, *, #2117, .T. ) ;
#1889 = DIRECTION ( 'NONE',  ( -0.000000000000000000, -1.000000000000000000, 0.000000000000000000 ) ) ;
#1890 = FACE_OUTER_BOUND ( 'NONE', #925, .T. ) ;
#1891 = CARTESIAN_POINT ( 'NONE',  ( -1.754623470592475920, 4.500000000000000000, -28.69249982747332339 ) ) ;
#1892 = CARTESIAN_POINT ( 'NONE',  ( -18.99610607700680021, 4.500000000000000000, -20.82095155238054218 ) ) ;
#1893 = VERTEX_POINT ( 'NONE', #2227 ) ;
#1894 = LINE ( 'NONE', #779, #818 ) ;
#1895 =( NAMED_UNIT ( * ) PLANE_ANGLE_UNIT ( ) SI_UNIT ( $, .RADIAN. ) );
#1896 = ADVANCED_FACE ( 'NONE', ( #590 ), #1346, .F. ) ;
#1897 = EDGE_LOOP ( 'NONE', ( #1270, #722, #201, #669 ) ) ;
#1898 = DIRECTION ( 'NONE',  ( -0.000000000000000000, -1.000000000000000000, -0.000000000000000000 ) ) ;
#1899 = B_SPLINE_SURFACE_WITH_KNOTS ( 'NONE', 2, 1, ( 
 ( #1360, #826 ),
 ( #276, #808 ),
 ( #1562, #258 ) ),
 .UNSPECIFIED., .F., .F., .F.,
 ( 3, 3 ),
 ( 2, 2 ),
 ( 0.000000000000000000, 1.000000000000000000 ),
 ( 0.000000000000000000, 1.000000000000000000 ),
 .UNSPECIFIED. ) ;
#1900 = CARTESIAN_POINT ( 'NONE',  ( -3.954663859835348294, -1.500000000000000444, -24.85129384747154191 ) ) ;
#1901 = CARTESIAN_POINT ( 'NONE',  ( -33.45560698243747311, -1.500000000000000222, -4.138097465686569443 ) ) ;
#1902 = FACE_OUTER_BOUND ( 'NONE', #29, .T. ) ;
#1903 = CARTESIAN_POINT ( 'NONE',  ( -12.84093342736617238, 4.500000000000000000, -23.68139426467075737 ) ) ;
#1904 = APPLICATION_PROTOCOL_DEFINITION ( 'draft international standard', 'automotive_design', 1998, #663 ) ;
#1905 = VECTOR ( 'NONE', #1275, 1000.000000000000000 ) ;
#1906 = ORIENTED_EDGE ( 'NONE', *, *, #1124, .T. ) ;
#1907 = B_SPLINE_CURVE_WITH_KNOTS ( 'NONE', 3,
 ( #1921, #625, #815, #274 ),
 .UNSPECIFIED., .F., .F.,
 ( 4, 4 ),
 ( 0.000000000000000000, 0.5855695330273008592 ),
 .UNSPECIFIED. ) ;
#1908 = DIRECTION ( 'NONE',  ( -0.000000000000000000, -1.000000000000000000, -0.000000000000000000 ) ) ;
#1909 = DIRECTION ( 'NONE',  ( 0.000000000000000000, 0.000000000000000000, -1.000000000000000000 ) ) ;
#1910 = CIRCLE ( 'NONE', #640, 2.000000000000001776 ) ;
#1911 = CARTESIAN_POINT ( 'NONE',  ( -23.32165300595688606, -1.500000000000000444, -22.68026688364220433 ) ) ;
#1912 = ADVANCED_FACE ( 'NONE', ( #2256 ), #1899, .F. ) ;
#1913 = FACE_OUTER_BOUND ( 'NONE', #877, .T. ) ;
#1914 = CARTESIAN_POINT ( 'NONE',  ( -29.86186789394404073, 4.500000000000000000, 8.910969379754222430 ) ) ;
#1915 =( GEOMETRIC_REPRESENTATION_CONTEXT ( 3 ) GLOBAL_UNCERTAINTY_ASSIGNED_CONTEXT ( ( #1552 ) ) GLOBAL_UNIT_ASSIGNED_CONTEXT ( ( #1164, #1895, #1321 ) ) REPRESENTATION_CONTEXT ( 'NONE', 'WORKASPACE' ) );
#1916 = CARTESIAN_POINT ( 'NONE',  ( -17.09042385423953192, -1.500000000000000222, -21.92119769668562768 ) ) ;
#1917 = DIRECTION ( 'NONE',  ( 0.000000000000000000, 1.000000000000000000, 0.000000000000000000 ) ) ;
#1918 = VERTEX_POINT ( 'NONE', #1903 ) ;
#1919 = DIRECTION ( 'NONE',  ( -0.000000000000000000, -1.000000000000000000, -0.000000000000000000 ) ) ;
#1920 = B_SPLINE_SURFACE_WITH_KNOTS ( 'NONE', 3, 1, ( 
 ( #7, #562 ),
 ( #1289, #2031 ),
 ( #381, #39 ),
 ( #1312, #425 ) ),
 .UNSPECIFIED., .F., .F., .F.,
 ( 4, 4 ),
 ( 2, 2 ),
 ( 0.09090310649439187207, 0.1203211835519651524 ),
 ( 0.000000000000000000, 1.000000000000000000 ),
 .UNSPECIFIED. ) ;
#1921 = CARTESIAN_POINT ( 'NONE',  ( -34.71098207010992098, 4.500000000000000000, 5.655028599540994350 ) ) ;
#1922 = CARTESIAN_POINT ( 'NONE',  ( -18.99610607700680021, 4.500000000000000000, -20.82095155238054218 ) ) ;
#1923 = CARTESIAN_POINT ( 'NONE',  ( -24.20120925319738348, -1.500000000000000444, -16.46490015433791854 ) ) ;
#1924 = EDGE_CURVE ( 'NONE', #698, #479, #904, .T. ) ;
#1925 = EDGE_CURVE ( 'NONE', #1585, #629, #1534, .T. ) ;
#1926 = PRESENTATION_LAYER_ASSIGNMENT (  '', '', ( #366 ) ) ;
#1927 = ORIENTED_EDGE ( 'NONE', *, *, #902, .T. ) ;
#1928 = CARTESIAN_POINT ( 'NONE',  ( 6.980603845959238107, -1.500000000000000222, -21.92119769668533991 ) ) ;
#1929 = CARTESIAN_POINT ( 'NONE',  ( -12.14069956329436906, 4.500000000000000000, -23.90130630102138198 ) ) ;
#1930 = ORIENTED_EDGE ( 'NONE', *, *, #1341, .T. ) ;
#1931 = CARTESIAN_POINT ( 'NONE',  ( 5.850366513721095174, 4.500000000000000000, -26.82230197212015810 ) ) ;
#1932 = ADVANCED_FACE ( 'NONE', ( #1343 ), #2077, .F. ) ;
#1933 = ORIENTED_EDGE ( 'NONE', *, *, #694, .T. ) ;
#1934 = LINE ( 'NONE', #286, #1606 ) ;
#1935 = AXIS2_PLACEMENT_3D ( 'NONE', #1320, #412, #1700 ) ;
#1936 = CARTESIAN_POINT ( 'NONE',  ( -18.99610607700680021, -1.500000000000000444, -20.82095155238054218 ) ) ;
#1937 = CARTESIAN_POINT ( 'NONE',  ( 56.40508999586005245, 4.500000000000000000, -3.874583924505095034 ) ) ;
#1938 = ADVANCED_FACE ( 'NONE', ( #2076 ), #250, .F. ) ;
#1939 = LINE ( 'NONE', #1395, #724 ) ;
#1940 = DIRECTION ( 'NONE',  ( -0.000000000000000000, -1.000000000000000000, -0.000000000000000000 ) ) ;
#1941 = EDGE_CURVE ( 'NONE', #2357, #672, #42, .T. ) ;
#1942 = B_SPLINE_CURVE_WITH_KNOTS ( 'NONE', 3,
 ( #1012, #478, #2108, #2136 ),
 .UNSPECIFIED., .F., .F.,
 ( 4, 4 ),
 ( 0.3636321741318673806, 0.3930502511895355711 ),
 .UNSPECIFIED. ) ;
#1943 = VECTOR ( 'NONE', #1796, 1000.000000000000000 ) ;
#1944 = ORIENTED_EDGE ( 'NONE', *, *, #1761, .T. ) ;
#1945 = CARTESIAN_POINT ( 'NONE',  ( 16.90905829365874879, 4.500000000000000000, -17.63326885348060102 ) ) ;
#1946 = CARTESIAN_POINT ( 'NONE',  ( -18.99610607700680021, 4.500000000000000000, -20.82095155238054218 ) ) ;
#1947 = ORIENTED_EDGE ( 'NONE', *, *, #243, .T. ) ;
#1948 = EDGE_CURVE ( 'NONE', #513, #2105, #1544, .T. ) ;
#1949 = VERTEX_POINT ( 'NONE', #2093 ) ;
#1950 = VERTEX_POINT ( 'NONE', #1725 ) ;
#1951 = CARTESIAN_POINT ( 'NONE',  ( -34.71098207010999204, -1.500000000000000222, -3.404196448550757204 ) ) ;
#1952 = CARTESIAN_POINT ( 'NONE',  ( -23.80570555224895202, 4.500000000000000000, -22.29268944807415664 ) ) ;
#1953 = CARTESIAN_POINT ( 'NONE',  ( 14.09138924491766609, -1.500000000000000222, -16.46490015433838394 ) ) ;
#1954 = VERTEX_POINT ( 'NONE', #965 ) ;
#1955 = DIRECTION ( 'NONE',  ( 0.000000000000000000, -0.000000000000000000, -1.000000000000000000 ) ) ;
#1956 = CARTESIAN_POINT ( 'NONE',  ( 2.731113419086195648, 4.500000000000000000, -23.68139426467124764 ) ) ;
#1957 = ORIENTED_EDGE ( 'NONE', *, *, #976, .T. ) ;
#1958 = FACE_OUTER_BOUND ( 'NONE', #110, .T. ) ;
#1959 = CARTESIAN_POINT ( 'NONE',  ( -27.00127763201592757, 4.500000000000000000, -12.81577999737192819 ) ) ;
#1960 = VERTEX_POINT ( 'NONE', #82 ) ;
#1961 = ADVANCED_FACE ( 'NONE', ( #73 ), #817, .F. ) ;
#1962 = ORIENTED_EDGE ( 'NONE', *, *, #118, .T. ) ;
#1963 = VERTEX_POINT ( 'NONE', #91 ) ;
#1964 = FACE_OUTER_BOUND ( 'NONE', #953, .T. ) ;
#1965 = CARTESIAN_POINT ( 'NONE',  ( -28.47301552770922584, -1.500000000000000444, -17.62537947261383664 ) ) ;
#1966 = CARTESIAN_POINT ( 'NONE',  ( 19.11801938896470787, 4.500000000000000000, -16.64167385380915221 ) ) ;
#1967 = B_SPLINE_SURFACE_WITH_KNOTS ( 'NONE', 3, 1, ( 
 ( #535, #928 ),
 ( #751, #17 ),
 ( #393, #1121 ),
 ( #1468, #941 ) ),
 .UNSPECIFIED., .F., .F., .F.,
 ( 4, 4 ),
 ( 2, 2 ),
 ( 0.000000000000000000, 0.5855695330273008592 ),
 ( 0.000000000000000000, 1.000000000000000000 ),
 .UNSPECIFIED. ) ;
#1968 = ORIENTED_EDGE ( 'NONE', *, *, #1948, .F. ) ;
#1969 = CARTESIAN_POINT ( 'NONE',  ( 20.21048816677658522, 4.500000000000000000, -9.555571157542788185 ) ) ;
#1970 = CARTESIAN_POINT ( 'NONE',  ( -27.00127763201592757, -1.500000000000000222, -12.81577999737192819 ) ) ;
#1971 = EDGE_CURVE ( 'NONE', #1729, #1893, #113, .T. ) ;
#1972 = VERTEX_POINT ( 'NONE', #63 ) ;
#1973 = FACE_OUTER_BOUND ( 'NONE', #834, .T. ) ;
#1974 = AXIS2_PLACEMENT_3D ( 'NONE', #2288, #2104, #996 ) ;
#1975 = EDGE_CURVE ( 'NONE', #515, #2296, #1149, .T. ) ;
#1976 = ORIENTED_EDGE ( 'NONE', *, *, #1285, .F. ) ;
#1977 = CYLINDRICAL_SURFACE ( 'NONE', #2233, 25.99999999999955946 ) ;
#1978 = DIRECTION ( 'NONE',  ( 0.000000000000000000, 0.000000000000000000, 1.000000000000000000 ) ) ;
#1979 = LINE ( 'NONE', #103, #1861 ) ;
#1980 = ORIENTED_EDGE ( 'NONE', *, *, #2117, .F. ) ;
#1981 = DIRECTION ( 'NONE',  ( -0.000000000000000000, -1.000000000000000000, -0.000000000000000000 ) ) ;
#1982 = CARTESIAN_POINT ( 'NONE',  ( -15.96018652200122467, 4.500000000000000000, -26.82230197212007283 ) ) ;
#1983 = CARTESIAN_POINT ( 'NONE',  ( -30.43124965719902164, 4.500000000000000000, -4.535095015613291203 ) ) ;
#1984 = ORIENTED_EDGE ( 'NONE', *, *, #864, .F. ) ;
#1985 = CARTESIAN_POINT ( 'NONE',  ( -34.71098207010999204, 4.500000000000000000, -3.404196448550757204 ) ) ;
#1986 = VECTOR ( 'NONE', #2223, 1000.000000000000000 ) ;
#1987 = CARTESIAN_POINT ( 'NONE',  ( 9.945089995860051602, -1.500000000000000222, 4.125416075494891643 ) ) ;
#1988 = VERTEX_POINT ( 'NONE', #1892 ) ;
#1989 = CARTESIAN_POINT ( 'NONE',  ( -9.584522528185940971, 4.500000000000000000, -28.53065599047508982 ) ) ;
#1990 = VECTOR ( 'NONE', #123, 1000.000000000000000 ) ;
#1991 = CARTESIAN_POINT ( 'NONE',  ( -21.41536931008173994, -1.500000000000000222, -22.67877546612023210 ) ) ;
#1992 = CARTESIAN_POINT ( 'NONE',  ( -17.09042385423953192, -1.500000000000000222, -21.92119769668562768 ) ) ;
#1993 = EDGE_CURVE ( 'NONE', #690, #476, #1674, .T. ) ;
#1994 = EDGE_LOOP ( 'NONE', ( #581, #1621, #1219, #362 ) ) ;
#1995 = FACE_BOUND ( 'NONE', #1605, .T. ) ;
#1996 = CARTESIAN_POINT ( 'NONE',  ( 6.995915969524182820, -1.500000000000000222, -26.34779985115741852 ) ) ;
#1997 = VECTOR ( 'NONE', #2151, 1000.000000000000000 ) ;
#1998 = CARTESIAN_POINT ( 'NONE',  ( 56.25002505271775277, 4.500000000000000000, -14.85179620560223768 ) ) ;
#1999 = VERTEX_POINT ( 'NONE', #1530 ) ;
#2000 = DIRECTION ( 'NONE',  ( 0.000000000000000000, 1.000000000000000000, 0.000000000000000000 ) ) ;
#2001 = CARTESIAN_POINT ( 'NONE',  ( -31.06280362475138901, 4.500000000000000000, 0.7584829078154615711 ) ) ;
#2002 = EDGE_LOOP ( 'NONE', ( #1885, #859, #2080, #972 ) ) ;
#2003 = DIRECTION ( 'NONE',  ( 0.000000000000000000, 0.000000000000000000, -1.000000000000000000 ) ) ;
#2004 = DIRECTION ( 'NONE',  ( 0.000000000000000000, 0.000000000000000000, -1.000000000000000000 ) ) ;
#2005 = EDGE_CURVE ( 'NONE', #1703, #1607, #931, .T. ) ;
#2006 = CARTESIAN_POINT ( 'NONE',  ( 14.09138924491766609, 4.500000000000000000, -16.46490015433838394 ) ) ;
#2007 = CARTESIAN_POINT ( 'NONE',  ( 18.36319551942917272, -1.500000000000000222, -17.62537947261402849 ) ) ;
#2008 = ORIENTED_EDGE ( 'NONE', *, *, #919, .T. ) ;
#2009 = ORIENTED_EDGE ( 'NONE', *, *, #1074, .F. ) ;
#2010 = CARTESIAN_POINT ( 'NONE',  ( -3.954663859835348294, -1.500000000000000222, -24.85129384747154191 ) ) ;
#2011 = EDGE_CURVE ( 'NONE', #1853, #1204, #2194, .T. ) ;
#2012 = ORIENTED_EDGE ( 'NONE', *, *, #224, .F. ) ;
#2013 = CARTESIAN_POINT ( 'NONE',  ( -5.054910004139945734, 4.500000000000000000, 4.125416075494896084 ) ) ;
#2014 = EDGE_CURVE ( 'NONE', #1435, #773, #1551, .T. ) ;
#2015 = CARTESIAN_POINT ( 'NONE',  ( -33.85017424870019909, 4.500000000000000000, 3.391893681214519507 ) ) ;
#2016 = ORIENTED_EDGE ( 'NONE', *, *, #1168, .F. ) ;
#2017 = AXIS2_PLACEMENT_3D ( 'NONE', #1357, #813, #1909 ) ;
#2018 = LINE ( 'NONE', #686, #871 ) ;
#2019 = CARTESIAN_POINT ( 'NONE',  ( -12.84093342736617238, 4.500000000000000000, -23.68139426467075737 ) ) ;
#2020 = ADVANCED_FACE ( 'NONE', ( #1382 ), #1706, .F. ) ;
#2021 = DIRECTION ( 'NONE',  ( -0.000000000000000000, -1.000000000000000000, -0.000000000000000000 ) ) ;
#2022 = CARTESIAN_POINT ( 'NONE',  ( -23.70474495782151081, -1.500000000000000222, -17.00546648139759043 ) ) ;
#2023 = EDGE_CURVE ( 'NONE', #1823, #2097, #1393, .T. ) ;
#2024 = VERTEX_POINT ( 'NONE', #688 ) ;
#2025 = B_SPLINE_SURFACE_WITH_KNOTS ( 'NONE', 2, 1, ( 
 ( #1400, #2282 ),
 ( #1069, #832 ),
 ( #2095, #716 ) ),
 .UNSPECIFIED., .F., .F., .F.,
 ( 3, 3 ),
 ( 2, 2 ),
 ( 0.000000000000000000, 1.000000000000000000 ),
 ( 0.000000000000000000, 1.000000000000000000 ),
 .UNSPECIFIED. ) ;
#2026 = VERTEX_POINT ( 'NONE', #2129 ) ;
#2027 = ORIENTED_EDGE ( 'NONE', *, *, #1506, .T. ) ;
#2028 = CARTESIAN_POINT ( 'NONE',  ( 6.995915969524182820, 4.500000000000000000, -26.34779985115741852 ) ) ;
#2029 = ORIENTED_EDGE ( 'NONE', *, *, #997, .F. ) ;
#2030 = DIRECTION ( 'NONE',  ( -0.9893737785712105604, -0.000000000000000000, 0.1453943818575021141 ) ) ;
#2031 = CARTESIAN_POINT ( 'NONE',  ( -31.06280362475138901, -1.500000000000000444, 0.7584829078154615711 ) ) ;
#2032 = ORIENTED_EDGE ( 'NONE', *, *, #230, .F. ) ;
#2033 = EDGE_CURVE ( 'NONE', #1162, #1595, #665, .T. ) ;
#2034 = CARTESIAN_POINT ( 'NONE',  ( -32.52812593079230652, 4.500000000000000000, -10.92540989816913921 ) ) ;
#2035 = CARTESIAN_POINT ( 'NONE',  ( -14.69692205346211367, 4.500000000000000000, -26.10206576348545582 ) ) ;
#2036 = FILL_AREA_STYLE_COLOUR ( '', #277 ) ;
#2037 = AXIS2_PLACEMENT_3D ( 'NONE', #2049, #396, #1846 ) ;
#2038 = CARTESIAN_POINT ( 'NONE',  ( 12.71217992516398354, -1.500000000000000444, -23.04751331760983746 ) ) ;
#2039 = CARTESIAN_POINT ( 'NONE',  ( 19.11801938896470787, 4.500000000000000000, -16.64167385380915221 ) ) ;
#2040 = ORIENTED_EDGE ( 'NONE', *, *, #144, .F. ) ;
#2041 = ORIENTED_EDGE ( 'NONE', *, *, #1398, .T. ) ;
#2042 = FACE_OUTER_BOUND ( 'NONE', #374, .T. ) ;
#2043 = VERTEX_POINT ( 'NONE', #1966 ) ;
#2044 = CARTESIAN_POINT ( 'NONE',  ( 9.945089995860051602, -1.500000000000000222, 1.125416075494895418 ) ) ;
#2045 = MECHANICAL_DESIGN_GEOMETRIC_PRESENTATION_REPRESENTATION (  '', ( #1842 ), #1609 ) ;
#2046 = EDGE_CURVE ( 'NONE', #1453, #1241, #1331, .T. ) ;
#2047 = ORIENTED_EDGE ( 'NONE', *, *, #25, .T. ) ;
#2048 = DIRECTION ( 'NONE',  ( -0.9893737785712105604, 0.000000000000000000, 0.1453943818575020863 ) ) ;
#2049 = CARTESIAN_POINT ( 'NONE',  ( -5.054910004139945734, 4.500000000000000000, 1.125416075494895418 ) ) ;
#2050 = LINE ( 'NONE', #1859, #283 ) ;
#2051 = DIRECTION ( 'NONE',  ( -0.000000000000000000, -1.000000000000000000, -0.000000000000000000 ) ) ;
#2052 = CARTESIAN_POINT ( 'NONE',  ( 56.54081381643275961, 4.500000000000000000, -12.87304864845981456 ) ) ;
#2053 = VERTEX_POINT ( 'NONE', #1763 ) ;
#2054 = CARTESIAN_POINT ( 'NONE',  ( -12.84093342736617238, -1.500000000000000444, -23.68139426467075737 ) ) ;
#2055 = EDGE_CURVE ( 'NONE', #1232, #320, #591, .T. ) ;
#2056 = ORIENTED_EDGE ( 'NONE', *, *, #1692, .F. ) ;
#2057 = CARTESIAN_POINT ( 'NONE',  ( -1.754623470592475920, 4.500000000000000000, -28.69249982747332339 ) ) ;
#2058 = CARTESIAN_POINT ( 'NONE',  ( -34.71098207010999204, 4.500000000000000000, -3.404196448550757204 ) ) ;
#2059 = CIRCLE ( 'NONE', #2280, 1.999999999999999556 ) ;
#2060 = CARTESIAN_POINT ( 'NONE',  ( -34.80460770209950283, 4.500000000000000000, -2.791205928911262735 ) ) ;
#2061 = ORIENTED_EDGE ( 'NONE', *, *, #408, .F. ) ;
#2062 = CARTESIAN_POINT ( 'NONE',  ( -27.00127763201592757, 4.500000000000000000, -12.81577999737192819 ) ) ;
#2063 = VECTOR ( 'NONE', #1617, 1000.000000000000000 ) ;
#2064 = ADVANCED_FACE ( 'NONE', ( #1431 ), #2153, .F. ) ;
#2065 = CARTESIAN_POINT ( 'NONE',  ( -0.5252974800941901945, -1.500000000000000222, -28.53065599047513601 ) ) ;
#2066 =( NAMED_UNIT ( * ) PLANE_ANGLE_UNIT ( ) SI_UNIT ( $, .RADIAN. ) );
#2067 = VECTOR ( 'NONE', #1217, 1000.000000000000000 ) ;
#2068 = CARTESIAN_POINT ( 'NONE',  ( -29.86186789394404073, -1.500000000000000444, 8.910969379754222430 ) ) ;
#2069 = ORIENTED_EDGE ( 'NONE', *, *, #1975, .F. ) ;
#2070 = CARTESIAN_POINT ( 'NONE',  ( 19.11801938896470787, 4.500000000000000000, -16.64167385380915221 ) ) ;
#2071 = AXIS2_PLACEMENT_3D ( 'NONE', #921, #2379, #387 ) ;
#2072 = ORIENTED_EDGE ( 'NONE', *, *, #292, .T. ) ;
#2073 = CARTESIAN_POINT ( 'NONE',  ( -5.054910004139945734, -1.500000000000000222, 1.125416075494895418 ) ) ;
#2074 = PRESENTATION_STYLE_ASSIGNMENT (( #1485 ) ) ;
#2075 = CARTESIAN_POINT ( 'NONE',  ( 13.59515238180482299, 4.500000000000000000, -17.00511721128744114 ) ) ;
#2076 = FACE_OUTER_BOUND ( 'NONE', #27, .T. ) ;
#2077 = B_SPLINE_SURFACE_WITH_KNOTS ( 'NONE', 3, 1, ( 
 ( #2270, #1007 ),
 ( #1718, #648 ),
 ( #268, #1352 ),
 ( #1371, #1188 ) ),
 .UNSPECIFIED., .F., .F., .F.,
 ( 4, 4 ),
 ( 2, 2 ),
 ( 0.000000000000000000, 0.5855695330273008592 ),
 ( 0.000000000000000000, 1.000000000000000000 ),
 .UNSPECIFIED. ) ;
#2078 = ORIENTED_EDGE ( 'NONE', *, *, #1095, .T. ) ;
#2079 = CARTESIAN_POINT ( 'NONE',  ( -31.12557915147465337, 4.500000000000000000, -11.30938886312353908 ) ) ;
#2080 = ORIENTED_EDGE ( 'NONE', *, *, #1341, .F. ) ;
#2081 = EDGE_CURVE ( 'NONE', #14, #315, #1132, .T. ) ;
#2082 = CARTESIAN_POINT ( 'NONE',  ( -30.27158192509202905, -1.500000000000000444, -5.251467384786715265 ) ) ;
#2083 = FACE_OUTER_BOUND ( 'NONE', #536, .T. ) ;
#2084 = B_SPLINE_CURVE_WITH_KNOTS ( 'NONE', 3,
 ( #1875, #745, #34, #1127 ),
 .UNSPECIFIED., .F., .F.,
 ( 4, 4 ),
 ( 0.000000000000000000, 0.5855695330273008592 ),
 .UNSPECIFIED. ) ;
#2085 = DIRECTION ( 'NONE',  ( -0.000000000000000000, -1.000000000000000000, 0.000000000000000000 ) ) ;
#2086 = CARTESIAN_POINT ( 'NONE',  ( -30.43124965719936270, -1.500000000000000444, 6.785927166603570093 ) ) ;
#2087 = FILL_AREA_STYLE_COLOUR ( '', #263 ) ;
#2088 = ORIENTED_EDGE ( 'NONE', *, *, #179, .T. ) ;
#2089 = DIRECTION ( 'NONE',  ( -0.000000000000000000, -1.000000000000000000, -0.000000000000000000 ) ) ;
#2090 = CARTESIAN_POINT ( 'NONE',  ( 6.980603845959238107, 4.500000000000000000, -21.92119769668533991 ) ) ;
#2091 = CARTESIAN_POINT ( 'NONE',  ( -15.96018652200122467, -1.500000000000000222, -26.82230197212007283 ) ) ;
#2092 = DIRECTION ( 'NONE',  ( 0.000000000000000000, 0.000000000000000000, 1.000000000000000000 ) ) ;
#2093 = CARTESIAN_POINT ( 'NONE',  ( -10.71542109524853004, 4.500000000000000000, -24.25092357756454220 ) ) ;
#2094 = VECTOR ( 'NONE', #797, 1000.000000000000000 ) ;
#2095 = CARTESIAN_POINT ( 'NONE',  ( -33.00262805175505321, 4.500000000000000000, -9.779860442366052453 ) ) ;
#2096 = CARTESIAN_POINT ( 'NONE',  ( 9.945089995860051602, -1.500000000000000222, 1.125416075494895418 ) ) ;
#2097 = VERTEX_POINT ( 'NONE', #2310 ) ;
#2098 = CARTESIAN_POINT ( 'NONE',  ( -30.43124965719936270, -1.500000000000000222, 6.785927166603570093 ) ) ;
#2099 = EDGE_CURVE ( 'NONE', #1616, #54, #2059, .T. ) ;
#2100 = CARTESIAN_POINT ( 'NONE',  ( 6.995915969524182820, 4.500000000000000000, -26.34779985115741852 ) ) ;
#2101 = VECTOR ( 'NONE', #1898, 1000.000000000000000 ) ;
#2102 = CARTESIAN_POINT ( 'NONE',  ( 56.58605508995699296, -1.500000000000000222, -14.87253688977805588 ) ) ;
#2103 = CARTESIAN_POINT ( 'NONE',  ( -1.754623470592475920, -1.500000000000000444, -28.69249982747332339 ) ) ;
#2104 = DIRECTION ( 'NONE',  ( 0.000000000000000000, 1.000000000000000000, 0.000000000000000000 ) ) ;
#2105 = VERTEX_POINT ( 'NONE', #1937 ) ;
#2106 = CARTESIAN_POINT ( 'NONE',  ( -34.71098207010992098, 4.500000000000000000, 5.655028599540994350 ) ) ;
#2107 = EDGE_CURVE ( 'NONE', #213, #1963, #2324, .T. ) ;
#2108 = CARTESIAN_POINT ( 'NONE',  ( -23.70474495782151081, 4.500000000000000000, -17.00546648139759043 ) ) ;
#2109 = ORIENTED_EDGE ( 'NONE', *, *, #1263, .F. ) ;
#2110 = B_SPLINE_CURVE_WITH_KNOTS ( 'NONE', 2,
 ( #1462, #1309, #1818 ),
 .UNSPECIFIED., .F., .F.,
 ( 3, 3 ),
 ( 0.000000000000000000, 1.000000000000000000 ),
 .UNSPECIFIED. ) ;
#2111 = EDGE_CURVE ( 'NONE', #867, #1616, #1979, .T. ) ;
#2112 = CARTESIAN_POINT ( 'NONE',  ( 19.11801938896470787, -1.500000000000000222, -16.64167385380915221 ) ) ;
#2113 = ORIENTED_EDGE ( 'NONE', *, *, #298, .F. ) ;
#2114 = LINE ( 'NONE', #2297, #2295 ) ;
#2115 = LINE ( 'NONE', #1019, #2094 ) ;
#2116 = CARTESIAN_POINT ( 'NONE',  ( -27.01887830193879481, -1.500000000000000222, -17.63326885348043049 ) ) ;
#2117 = EDGE_CURVE ( 'NONE', #476, #1453, #358, .T. ) ;
#2118 = CARTESIAN_POINT ( 'NONE',  ( -20.05491000413994485, 4.500000000000000000, 1.125416075494895418 ) ) ;
#2119 = EDGE_CURVE ( 'NONE', #505, #2024, #1002, .T. ) ;
#2120 = VECTOR ( 'NONE', #1940, 1000.000000000000000 ) ;
#2121 = VERTEX_POINT ( 'NONE', #1816 ) ;
#2122 = DIRECTION ( 'NONE',  ( 0.000000000000000000, 0.000000000000000000, 1.000000000000000000 ) ) ;
#2123 = CARTESIAN_POINT ( 'NONE',  ( -28.47301552770922228, 4.500000000000000000, -17.62537947261383664 ) ) ;
#2124 = ORIENTED_EDGE ( 'NONE', *, *, #660, .F. ) ;
#2125 = ADVANCED_FACE ( 'NONE', ( #31 ), #979, .F. ) ;
#2126 = ORIENTED_EDGE ( 'NONE', *, *, #1736, .F. ) ;
#2127 = CARTESIAN_POINT ( 'NONE',  ( 15.44521425885015198, -1.500000000000000222, -17.47284037497641052 ) ) ;
#2128 = CARTESIAN_POINT ( 'NONE',  ( 18.36319551942917272, 4.500000000000000000, -17.62537947261402849 ) ) ;
#2129 = CARTESIAN_POINT ( 'NONE',  ( -24.20120925319738348, 4.500000000000000000, -16.46490015433791854 ) ) ;
#2130 = ORIENTED_EDGE ( 'NONE', *, *, #1592, .T. ) ;
#2131 = LINE ( 'NONE', #1969, #1450 ) ;
#2132 = EDGE_CURVE ( 'NONE', #2024, #867, #868, .T. ) ;
#2133 = DIRECTION ( 'NONE',  ( 0.000000000000000000, 0.000000000000000000, -1.000000000000000000 ) ) ;
#2134 = VERTEX_POINT ( 'NONE', #1872 ) ;
#2135 = CARTESIAN_POINT ( 'NONE',  ( -27.00127763201592757, 4.500000000000000000, -12.81577999737192819 ) ) ;
#2136 = CARTESIAN_POINT ( 'NONE',  ( -24.20120925319738348, 4.500000000000000000, -16.46490015433791854 ) ) ;
#2137 = ORIENTED_EDGE ( 'NONE', *, *, #595, .F. ) ;
#2138 = AXIS2_PLACEMENT_3D ( 'NONE', #2044, #1442, #1825 ) ;
#2139 = ORIENTED_EDGE ( 'NONE', *, *, #1749, .T. ) ;
#2140 = ORIENTED_EDGE ( 'NONE', *, *, #601, .F. ) ;
#2141 = CARTESIAN_POINT ( 'NONE',  ( -30.43124965719936270, 4.500000000000000000, 6.785927166603570093 ) ) ;
#2142 = CARTESIAN_POINT ( 'NONE',  ( -27.01887830193879481, -1.500000000000000444, -17.63326885348043049 ) ) ;
#2143 = CARTESIAN_POINT ( 'NONE',  ( 56.55935875458881412, -1.500000000000000222, 3.124226062192323905 ) ) ;
#2144 = FACE_OUTER_BOUND ( 'NONE', #860, .T. ) ;
#2145 = CARTESIAN_POINT ( 'NONE',  ( -3.954663859835348294, 4.500000000000000000, -24.85129384747154191 ) ) ;
#2146 = ADVANCED_FACE ( 'NONE', ( #1653 ), #168, .F. ) ;
#2147 = VERTEX_POINT ( 'NONE', #1497 ) ;
#2148 = CARTESIAN_POINT ( 'NONE',  ( -27.76188494361622006, 4.500000000000000000, -11.56073892761503252 ) ) ;
#2149 = B_SPLINE_CURVE_WITH_KNOTS ( 'NONE', 2,
 ( #1661, #2160, #1108 ),
 .UNSPECIFIED., .F., .F.,
 ( 3, 3 ),
 ( 0.000000000000000000, 1.000000000000000000 ),
 .UNSPECIFIED. ) ;
#2150 = ORIENTED_EDGE ( 'NONE', *, *, #1941, .F. ) ;
#2151 = DIRECTION ( 'NONE',  ( -0.000000000000000000, -1.000000000000000000, -0.000000000000000000 ) ) ;
#2152 = CARTESIAN_POINT ( 'NONE',  ( 56.40508999586005245, -1.500000000000000222, -9.874583924505110133 ) ) ;
#2153 = CYLINDRICAL_SURFACE ( 'NONE', #940, 3.000000000000001332 ) ;
#2154 = ORIENTED_EDGE ( 'NONE', *, *, #1993, .T. ) ;
#2155 = CARTESIAN_POINT ( 'NONE',  ( -17.09042385423953192, -1.500000000000000222, -21.92119769668562768 ) ) ;
#2156 = CARTESIAN_POINT ( 'NONE',  ( 18.21544881154721907, -1.500000000000000222, -13.86260041717947722 ) ) ;
#2157 = DIRECTION ( 'NONE',  ( -0.000000000000000000, -1.000000000000000000, -0.000000000000000000 ) ) ;
#2158 = ORIENTED_EDGE ( 'NONE', *, *, #680, .T. ) ;
#2159 = CARTESIAN_POINT ( 'NONE',  ( -10.71542109524853004, 4.500000000000000000, -24.25092357756454220 ) ) ;
#2160 = CARTESIAN_POINT ( 'NONE',  ( -34.80460770209950283, -1.500000000000000222, -2.791205928911262735 ) ) ;
#2161 = ORIENTED_EDGE ( 'NONE', *, *, #969, .F. ) ;
#2162 = EDGE_CURVE ( 'NONE', #1745, #1000, #932, .T. ) ;
#2163 = CARTESIAN_POINT ( 'NONE',  ( -23.80570555224895202, -1.500000000000000444, -22.29268944807415664 ) ) ;
#2164 = B_SPLINE_SURFACE_WITH_KNOTS ( 'NONE', 3, 1, ( 
 ( #1001, #264 ),
 ( #623, #1528 ),
 ( #1558, #643 ),
 ( #1537, #1900 ) ),
 .UNSPECIFIED., .F., .F., .F.,
 ( 4, 4 ),
 ( 2, 2 ),
 ( 0.000000000000000000, 0.5855695330273008592 ),
 ( 0.000000000000000000, 1.000000000000000000 ),
 .UNSPECIFIED. ) ;
#2165 = FACE_OUTER_BOUND ( 'NONE', #1101, .T. ) ;
#2166 = DIRECTION ( 'NONE',  ( -0.000000000000000000, -1.000000000000000000, -0.000000000000000000 ) ) ;
#2167 = VECTOR ( 'NONE', #1587, 1000.000000000000000 ) ;
#2168 = ORIENTED_EDGE ( 'NONE', *, *, #1067, .T. ) ;
#2169 = CARTESIAN_POINT ( 'NONE',  ( 14.09138924491766609, 4.500000000000000000, -16.46490015433838394 ) ) ;
#2170 = CARTESIAN_POINT ( 'NONE',  ( 56.52850500284306179, -1.500000000000000222, 1.124464064852838563 ) ) ;
#2171 = CARTESIAN_POINT ( 'NONE',  ( -28.32526881982762035, 4.500000000000000000, -13.86260041717951097 ) ) ;
#2172 = EDGE_LOOP ( 'NONE', ( #2154, #2195, #1835, #2088 ) ) ;
#2173 = DIRECTION ( 'NONE',  ( -0.000000000000000000, -1.000000000000000000, -0.000000000000000000 ) ) ;
#2174 = AXIS2_PLACEMENT_3D ( 'NONE', #973, #1305, #2210 ) ;
#2175 = CARTESIAN_POINT ( 'NONE',  ( -8.355196537687660907, 4.500000000000000000, -28.69249982747330563 ) ) ;
#2176 = VERTEX_POINT ( 'NONE', #1097 ) ;
#2177 = EDGE_CURVE ( 'NONE', #2121, #1296, #1524, .T. ) ;
#2178 = CARTESIAN_POINT ( 'NONE',  ( -11.43179739512778603, 4.500000000000000000, -24.09125605920207036 ) ) ;
#2179 = AXIS2_PLACEMENT_3D ( 'NONE', #102, #287, #2092 ) ;
#2180 = FACE_OUTER_BOUND ( 'NONE', #1994, .T. ) ;
#2181 = ADVANCED_FACE ( 'NONE', ( #2180 ), #917, .F. ) ;
#2182 = CARTESIAN_POINT ( 'NONE',  ( -29.86172034430612499, -1.500000000000000444, -6.660607347731161809 ) ) ;
#2183 = CARTESIAN_POINT ( 'NONE',  ( 8.266844084386828939, -1.500000000000000222, -21.21458178454769694 ) ) ;
#2184 = ORIENTED_EDGE ( 'NONE', *, *, #913, .F. ) ;
#2185 = EDGE_CURVE ( 'NONE', #711, #2293, #406, .T. ) ;
#2186 = ORIENTED_EDGE ( 'NONE', *, *, #1702, .F. ) ;
#2187 = CARTESIAN_POINT ( 'NONE',  ( 4.587102045181992160, 4.500000000000000000, -26.10206576348552687 ) ) ;
#2188 = ORIENTED_EDGE ( 'NONE', *, *, #19, .T. ) ;
#2189 = CARTESIAN_POINT ( 'NONE',  ( -23.80570555224895202, 4.500000000000000000, -22.29268944807415664 ) ) ;
#2190 = B_SPLINE_SURFACE_WITH_KNOTS ( 'NONE', 2, 1, ( 
 ( #2039, #579 ),
 ( #1280, #24 ),
 ( #2214, #1849 ) ),
 .UNSPECIFIED., .F., .F., .F.,
 ( 3, 3 ),
 ( 2, 2 ),
 ( 0.000000000000000000, 1.000000000000000000 ),
 ( 0.000000000000000000, 1.000000000000000000 ),
 .UNSPECIFIED. ) ;
#2191 = B_SPLINE_CURVE_WITH_KNOTS ( 'NONE', 3,
 ( #999, #1580, #2318, #1401 ),
 .UNSPECIFIED., .F., .F.,
 ( 4, 4 ),
 ( 0.000000000000000000, 0.5855695330273008592 ),
 .UNSPECIFIED. ) ;
#2192 = EDGE_CURVE ( 'NONE', #1918, #1027, #1004, .T. ) ;
#2193 = CARTESIAN_POINT ( 'NONE',  ( -9.584522528185940971, 4.500000000000000000, -28.53065599047508982 ) ) ;
#2194 = B_SPLINE_CURVE_WITH_KNOTS ( 'NONE', 3,
 ( #485, #863, #1408, #1625 ),
 .UNSPECIFIED., .F., .F.,
 ( 4, 4 ),
 ( 0.000000000000000000, 0.5855695330273008592 ),
 .UNSPECIFIED. ) ;
#2195 = ORIENTED_EDGE ( 'NONE', *, *, #1134, .F. ) ;
#2196 = CARTESIAN_POINT ( 'NONE',  ( -23.32165300595688606, 4.500000000000000000, -22.68026688364220433 ) ) ;
#2197 = EDGE_CURVE ( 'NONE', #1165, #1741, #2229, .T. ) ;
#2198 = DIRECTION ( 'NONE',  ( -0.000000000000000000, -1.000000000000000000, -0.000000000000000000 ) ) ;
#2199 = CARTESIAN_POINT ( 'NONE',  ( 22.03727145182267932, 4.500000000000000000, 8.197452837077118915 ) ) ;
#2200 = CARTESIAN_POINT ( 'NONE',  ( 18.74928153747524107, 4.500000000000000000, -15.23504323044681819 ) ) ;
#2201 = VERTEX_POINT ( 'NONE', #384 ) ;
#2202 = ORIENTED_EDGE ( 'NONE', *, *, #1782, .F. ) ;
#2203 = CARTESIAN_POINT ( 'NONE',  ( -29.22783939724474678, -1.500000000000000444, -16.64167385380894615 ) ) ;
#2204 = EDGE_LOOP ( 'NONE', ( #437, #8, #361, #353 ) ) ;
#2205 = ADVANCED_FACE ( 'NONE', ( #1080 ), #1112, .F. ) ;
#2206 = DIRECTION ( 'NONE',  ( -0.000000000000000000, -1.000000000000000000, -0.000000000000000000 ) ) ;
#2207 = B_SPLINE_CURVE_WITH_KNOTS ( 'NONE', 3,
 ( #1817, #183, #359, #920 ),
 .UNSPECIFIED., .F., .F.,
 ( 4, 4 ),
 ( 0.000000000000000000, 0.5855695330273008592 ),
 .UNSPECIFIED. ) ;
#2208 = CARTESIAN_POINT ( 'NONE',  ( -23.65316645461132339, 4.500000000000000000, -19.37470818749513413 ) ) ;
#2209 = ORIENTED_EDGE ( 'NONE', *, *, #837, .F. ) ;
#2210 = DIRECTION ( 'NONE',  ( 0.000000000000000000, 0.000000000000000000, -1.000000000000000000 ) ) ;
#2211 = CARTESIAN_POINT ( 'NONE',  ( 13.69588554396887048, 4.500000000000000000, -22.29268944807431296 ) ) ;
#2212 = CARTESIAN_POINT ( 'NONE',  ( -5.054910004139945734, 4.500000000000000000, -1.874583924505105026 ) ) ;
#2213 = CARTESIAN_POINT ( 'NONE',  ( -27.76188494361622006, -1.500000000000000222, -11.56073892761503252 ) ) ;
#2214 = CARTESIAN_POINT ( 'NONE',  ( 18.36319551942917272, 4.500000000000000000, -17.62537947261402849 ) ) ;
#2215 = B_SPLINE_CURVE_WITH_KNOTS ( 'NONE', 3,
 ( #1260, #2001, #178, #352 ),
 .UNSPECIFIED., .F., .F.,
 ( 4, 4 ),
 ( 0.09090310649439187207, 0.1203211835519651524 ),
 .UNSPECIFIED. ) ;
#2216 = ORIENTED_EDGE ( 'NONE', *, *, #2111, .F. ) ;
#2217 = EDGE_LOOP ( 'NONE', ( #1405, #2137, #1378, #2258 ) ) ;
#2218 = CARTESIAN_POINT ( 'NONE',  ( -12.84093342736617238, 4.500000000000000000, -23.68139426467075737 ) ) ;
#2219 = EDGE_CURVE ( 'NONE', #2222, #1745, #317, .T. ) ;
#2220 = ORIENTED_EDGE ( 'NONE', *, *, #1120, .F. ) ;
#2221 = FACE_OUTER_BOUND ( 'NONE', #125, .T. ) ;
#2222 = VERTEX_POINT ( 'NONE', #2376 ) ;
#2223 = DIRECTION ( 'NONE',  ( -0.000000000000000000, -1.000000000000000000, -0.000000000000000000 ) ) ;
#2224 = CARTESIAN_POINT ( 'NONE',  ( 13.69588554396887048, 4.500000000000000000, -22.29268944807431296 ) ) ;
#2225 = DIRECTION ( 'NONE',  ( -0.000000000000000000, -1.000000000000000000, -0.000000000000000000 ) ) ;
#2226 = EDGE_CURVE ( 'NONE', #2349, #1729, #1460, .T. ) ;
#2227 = CARTESIAN_POINT ( 'NONE',  ( 8.886286068726958476, -1.500000000000000222, -20.82095155238102890 ) ) ;
#2228 = DIRECTION ( 'NONE',  ( 0.000000000000000000, 0.000000000000000000, -1.000000000000000000 ) ) ;
#2229 = B_SPLINE_CURVE_WITH_KNOTS ( 'NONE', 2,
 ( #715, #538, #1446 ),
 .UNSPECIFIED., .F., .F.,
 ( 3, 3 ),
 ( 0.000000000000000000, 1.000000000000000000 ),
 .UNSPECIFIED. ) ;
#2230 = ORIENTED_EDGE ( 'NONE', *, *, #118, .F. ) ;
#2231 = ORIENTED_EDGE ( 'NONE', *, *, #611, .T. ) ;
#2232 = CARTESIAN_POINT ( 'NONE',  ( -29.86186789394404428, -1.500000000000000222, 8.910969379754215325 ) ) ;
#2233 = AXIS2_PLACEMENT_3D ( 'NONE', #1828, #1042, #550 ) ;
#2234 = EDGE_CURVE ( 'NONE', #1972, #922, #490, .T. ) ;
#2235 = PRESENTATION_LAYER_ASSIGNMENT (  '', '', ( #1842 ) ) ;
#2236 = VERTEX_POINT ( 'NONE', #754 ) ;
#2237 = CARTESIAN_POINT ( 'NONE',  ( 13.70377492483545723, 4.500000000000000000, -20.83855222230388904 ) ) ;
#2238 = B_SPLINE_CURVE_WITH_KNOTS ( 'NONE', 3,
 ( #266, #2286, #1358, #1030 ),
 .UNSPECIFIED., .F., .F.,
 ( 4, 4 ),
 ( 0.000000000000000000, 0.5855695330273008592 ),
 .UNSPECIFIED. ) ;
#2239 = DIRECTION ( 'NONE',  ( 0.000000000000000000, 0.000000000000000000, -1.000000000000000000 ) ) ;
#2240 = DIRECTION ( 'NONE',  ( 0.000000000000000000, 0.000000000000000000, 1.000000000000000000 ) ) ;
#2241 = CARTESIAN_POINT ( 'NONE',  ( -8.355196537687660907, -1.500000000000000222, -28.69249982747330563 ) ) ;
#2242 = B_SPLINE_CURVE_WITH_KNOTS ( 'NONE', 2,
 ( #1555, #1608, #641 ),
 .UNSPECIFIED., .F., .F.,
 ( 3, 3 ),
 ( 0.000000000000000000, 1.000000000000000000 ),
 .UNSPECIFIED. ) ;
#2243 = ORIENTED_EDGE ( 'NONE', *, *, #2177, .T. ) ;
#2244 = CARTESIAN_POINT ( 'NONE',  ( -13.50941017139152578, -1.500000000000000444, -25.23120860820562683 ) ) ;
#2245 = ADVANCED_FACE ( 'NONE', ( #576 ), #371, .F. ) ;
#2246 = CARTESIAN_POINT ( 'NONE',  ( 13.69588554396887048, -1.500000000000000222, -22.29268944807431296 ) ) ;
#2247 = CARTESIAN_POINT ( 'NONE',  ( 0.2086035370416185475, 4.500000000000000000, -27.27528090280261353 ) ) ;
#2248 = EDGE_CURVE ( 'NONE', #465, #75, #149, .T. ) ;
#2249 = CARTESIAN_POINT ( 'NONE',  ( -8.355196537687660907, -1.500000000000000444, -28.69249982747330563 ) ) ;
#2250 = ORIENTED_EDGE ( 'NONE', *, *, #229, .F. ) ;
#2251 = CARTESIAN_POINT ( 'NONE',  ( -12.84093342736617238, 4.500000000000000000, -23.68139426467075737 ) ) ;
#2252 = CIRCLE ( 'NONE', #1138, 7.999999999999996447 ) ;
#2253 =( NAMED_UNIT ( * ) SI_UNIT ( $, .STERADIAN. ) SOLID_ANGLE_UNIT ( ) );
#2254 = CARTESIAN_POINT ( 'NONE',  ( -17.09042385423953192, 4.500000000000000000, -21.92119769668562768 ) ) ;
#2255 =( LENGTH_UNIT ( ) NAMED_UNIT ( * ) SI_UNIT ( .MILLI., .METRE. ) );
#2256 = FACE_OUTER_BOUND ( 'NONE', #453, .T. ) ;
#2257 = ADVANCED_FACE ( 'NONE', ( #1841 ), #1015, .F. ) ;
#2258 = ORIENTED_EDGE ( 'NONE', *, *, #415, .T. ) ;
#2259 = CARTESIAN_POINT ( 'NONE',  ( -28.10152377632023857, -1.500000000000000444, -10.91009777460420871 ) ) ;
#2260 = EDGE_CURVE ( 'NONE', #2053, #1102, #2149, .T. ) ;
#2261 = B_SPLINE_CURVE_WITH_KNOTS ( 'NONE', 3,
 ( #447, #1169, #1901, #1951 ),
 .UNSPECIFIED., .F., .F.,
 ( 4, 4 ),
 ( 0.000000000000000000, 0.5855695330273008592 ),
 .UNSPECIFIED. ) ;
#2262 = CYLINDRICAL_SURFACE ( 'NONE', #1601, 2.999999999999995559 ) ;
#2263 = EDGE_LOOP ( 'NONE', ( #1215, #923, #2209, #1133 ) ) ;
#2264 = EDGE_CURVE ( 'NONE', #2097, #2296, #682, .T. ) ;
#2265 = CIRCLE ( 'NONE', #781, 3.000000000000000888 ) ;
#2266 = LINE ( 'NONE', #615, #1792 ) ;
#2267 = AXIS2_PLACEMENT_3D ( 'NONE', #1887, #1533, #1523 ) ;
#2268 = CARTESIAN_POINT ( 'NONE',  ( -29.86186789394404428, 4.500000000000000000, 8.910969379754215325 ) ) ;
#2269 = CARTESIAN_POINT ( 'NONE',  ( -34.87282590710813679, -1.500000000000000222, 4.425702609042714286 ) ) ;
#2270 = CARTESIAN_POINT ( 'NONE',  ( -34.71098207010992098, 4.500000000000000000, 5.655028599540994350 ) ) ;
#2271 = B_SPLINE_SURFACE_WITH_KNOTS ( 'NONE', 3, 1, ( 
 ( #599, #567 ),
 ( #1688, #1862 ),
 ( #959, #1508 ),
 ( #198, #2249 ) ),
 .UNSPECIFIED., .F., .F., .F.,
 ( 4, 4 ),
 ( 2, 2 ),
 ( 0.000000000000000000, 0.5855695330273008592 ),
 ( 0.000000000000000000, 1.000000000000000000 ),
 .UNSPECIFIED. ) ;
#2272 = SHAPE_DEFINITION_REPRESENTATION ( #900, #1226 ) ;
#2273 = ORIENTED_EDGE ( 'NONE', *, *, #2325, .F. ) ;
#2274 = B_SPLINE_CURVE_WITH_KNOTS ( 'NONE', 2,
 ( #383, #1322, #1663 ),
 .UNSPECIFIED., .F., .F.,
 ( 3, 3 ),
 ( 0.000000000000000000, 1.000000000000000000 ),
 .UNSPECIFIED. ) ;
#2275 = CARTESIAN_POINT ( 'NONE',  ( -29.67009244697975134, 4.500000000000000000, -11.53329756773205617 ) ) ;
#2276 = FACE_OUTER_BOUND ( 'NONE', #738, .T. ) ;
#2277 = CARTESIAN_POINT ( 'NONE',  ( -29.86186789394404428, 4.500000000000000000, 8.910969379754215325 ) ) ;
#2278 = CYLINDRICAL_SURFACE ( 'NONE', #762, 3.000000000000000444 ) ;
#2279 = CARTESIAN_POINT ( 'NONE',  ( -17.09042385423953192, 4.500000000000000000, -21.92119769668562768 ) ) ;
#2280 = AXIS2_PLACEMENT_3D ( 'NONE', #2143, #677, #1225 ) ;
#2281 = ADVANCED_FACE ( 'NONE', ( #2221 ), #289, .F. ) ;
#2282 = CARTESIAN_POINT ( 'NONE',  ( -32.52812593079230652, -1.500000000000000444, -10.92540989816913921 ) ) ;
#2283 = ORIENTED_EDGE ( 'NONE', *, *, #469, .F. ) ;
#2284 = DIRECTION ( 'NONE',  ( -0.000000000000000000, -1.000000000000000000, -0.000000000000000000 ) ) ;
#2285 = CARTESIAN_POINT ( 'NONE',  ( 7.603803639087087340, 4.500000000000000000, -23.48976636734485268 ) ) ;
#2286 = CARTESIAN_POINT ( 'NONE',  ( -32.70164014004137698, -1.500000000000000222, 2.470239702647625268 ) ) ;
#2287 = DIRECTION ( 'NONE',  ( 0.000000000000000000, 0.000000000000000000, -1.000000000000000000 ) ) ;
#2288 = CARTESIAN_POINT ( 'NONE',  ( 56.40508999586005245, 4.500000000000000000, -6.874583924505103028 ) ) ;
#2289 = CIRCLE ( 'NONE', #1553, 1.999999999999999556 ) ;
#2290 = ADVANCED_FACE ( 'NONE', ( #367 ), #1967, .F. ) ;
#2291 = CARTESIAN_POINT ( 'NONE',  ( -18.99610607700680021, 4.500000000000000000, -20.82095155238054218 ) ) ;
#2292 = CARTESIAN_POINT ( 'NONE',  ( 56.54081381643275961, 4.500000000000000000, -12.87304864845981456 ) ) ;
#2293 = VERTEX_POINT ( 'NONE', #2343 ) ;
#2294 = CARTESIAN_POINT ( 'NONE',  ( -30.43124965719902164, -1.500000000000000222, -4.535095015613291203 ) ) ;
#2295 = VECTOR ( 'NONE', #645, 1000.000000000000000 ) ;
#2296 = VERTEX_POINT ( 'NONE', #1987 ) ;
#2297 = CARTESIAN_POINT ( 'NONE',  ( -33.00262805175505321, 4.500000000000000000, -9.779860442366052453 ) ) ;
#2298 = CARTESIAN_POINT ( 'NONE',  ( -25.55503426712988357, 4.500000000000000000, -17.47284037497593445 ) ) ;
#2299 = CARTESIAN_POINT ( 'NONE',  ( -3.954663859835348294, 4.500000000000000000, -24.85129384747154191 ) ) ;
#2300 = CARTESIAN_POINT ( 'NONE',  ( 12.53540622569293816, -1.500000000000000222, -18.02088317356248126 ) ) ;
#2301 = ORIENTED_EDGE ( 'NONE', *, *, #837, .T. ) ;
#2302 = CARTESIAN_POINT ( 'NONE',  ( -28.32526881982762035, 4.500000000000000000, -13.86260041717951097 ) ) ;
#2303 = EDGE_CURVE ( 'NONE', #2134, #569, #986, .T. ) ;
#2304 = DIRECTION ( 'NONE',  ( 0.000000000000000000, 0.000000000000000000, -1.000000000000000000 ) ) ;
#2305 = ORIENTED_EDGE ( 'NONE', *, *, #2011, .T. ) ;
#2306 = APPLICATION_CONTEXT ( 'automotive_design' ) ;
#2307 = ORIENTED_EDGE ( 'NONE', *, *, #2046, .F. ) ;
#2308 = DIRECTION ( 'NONE',  ( -0.000000000000000000, -1.000000000000000000, -0.000000000000000000 ) ) ;
#2309 = CARTESIAN_POINT ( 'NONE',  ( -29.22783939724474678, 4.500000000000000000, -16.64167385380894615 ) ) ;
#2310 = CARTESIAN_POINT ( 'NONE',  ( 9.945089995860051602, -1.500000000000000222, -1.874583924505100363 ) ) ;
#2311 = B_SPLINE_CURVE_WITH_KNOTS ( 'NONE', 3,
 ( #1848, #777, #2213, #768 ),
 .UNSPECIFIED., .F., .F.,
 ( 4, 4 ),
 ( 0.2727224849193458089, 0.3021405619770169415 ),
 .UNSPECIFIED. ) ;
#2312 = ORIENTED_EDGE ( 'NONE', *, *, #796, .F. ) ;
#2313 = FACE_BOUND ( 'NONE', #664, .T. ) ;
#2314 = CARTESIAN_POINT ( 'NONE',  ( -29.86172034430612499, 4.500000000000000000, -6.660607347731161809 ) ) ;
#2315 = VECTOR ( 'NONE', #430, 1000.000000000000000 ) ;
#2316 = ORIENTED_EDGE ( 'NONE', *, *, #52, .F. ) ;
#2317 = CARTESIAN_POINT ( 'NONE',  ( 18.36319551942917272, 4.500000000000000000, -17.62537947261402849 ) ) ;
#2318 = CARTESIAN_POINT ( 'NONE',  ( -31.41153468784100511, 4.500000000000000000, -7.329084091756497443 ) ) ;
#2319 = EDGE_LOOP ( 'NONE', ( #2312, #2139, #1947, #1208 ) ) ;
#2320 = ORIENTED_EDGE ( 'NONE', *, *, #115, .T. ) ;
#2321 = EDGE_LOOP ( 'NONE', ( #1968, #225 ) ) ;
#2322 = CARTESIAN_POINT ( 'NONE',  ( 14.09138924491766609, -1.500000000000000222, -16.46490015433838394 ) ) ;
#2323 = CARTESIAN_POINT ( 'NONE',  ( 56.40508999586005245, -1.500000000000000222, -6.874583924505103028 ) ) ;
#2324 = LINE ( 'NONE', #1613, #516 ) ;
#2325 = EDGE_CURVE ( 'NONE', #294, #1251, #800, .T. ) ;
#2326 = ORIENTED_EDGE ( 'NONE', *, *, #1391, .F. ) ;
#2327 = CARTESIAN_POINT ( 'NONE',  ( 13.21183299767679564, -1.500000000000000444, -22.68026688364234644 ) ) ;
#2328 = CARTESIAN_POINT ( 'NONE',  ( 19.91969940306157838, -1.500000000000000222, -11.53431871468521130 ) ) ;
#2329 = VERTEX_POINT ( 'NONE', #548 ) ;
#2330 = DIRECTION ( 'NONE',  ( 0.000000000000000000, 1.000000000000000000, -0.000000000000000000 ) ) ;
#2331 = AXIS2_PLACEMENT_3D ( 'NONE', #1858, #551, #588 ) ;
#2332 = ORIENTED_EDGE ( 'NONE', *, *, #1455, .F. ) ;
#2333 = DIRECTION ( 'NONE',  ( -0.000000000000000000, -1.000000000000000000, -0.000000000000000000 ) ) ;
#2334 = CARTESIAN_POINT ( 'NONE',  ( -17.71362364736739536, 4.500000000000000000, -23.48976636734513335 ) ) ;
#2335 = CARTESIAN_POINT ( 'NONE',  ( -15.96018652200122467, -1.500000000000000444, -26.82230197212007283 ) ) ;
#2336 = ORIENTED_EDGE ( 'NONE', *, *, #1971, .T. ) ;
#2337 = CARTESIAN_POINT ( 'NONE',  ( 18.13579873111858376, -1.500000000000000222, -10.63005194395804232 ) ) ;
#2338 = CARTESIAN_POINT ( 'NONE',  ( 2.731113419086195648, -1.500000000000000444, -23.68139426467124764 ) ) ;
#2339 = B_SPLINE_CURVE_WITH_KNOTS ( 'NONE', 3,
 ( #1548, #1731, #675, #456 ),
 .UNSPECIFIED., .F., .F.,
 ( 4, 4 ),
 ( 0.000000000000000000, 0.5855695330273008592 ),
 .UNSPECIFIED. ) ;
#2340 = ORIENTED_EDGE ( 'NONE', *, *, #224, .T. ) ;
#2341 = EDGE_CURVE ( 'NONE', #592, #382, #1693, .T. ) ;
#2342 = CARTESIAN_POINT ( 'NONE',  ( 13.69588554396887048, -1.500000000000000222, -22.29268944807431296 ) ) ;
#2343 = CARTESIAN_POINT ( 'NONE',  ( 56.26856999087381439, 4.500000000000000000, 1.145478505049902784 ) ) ;
#2344 = B_SPLINE_CURVE_WITH_KNOTS ( 'NONE', 3,
 ( #1642, #171, #553, #1099 ),
 .UNSPECIFIED., .F., .F.,
 ( 4, 4 ),
 ( 0.000000000000000000, 0.5855695330273008592 ),
 .UNSPECIFIED. ) ;
#2345 = ORIENTED_EDGE ( 'NONE', *, *, #1273, .T. ) ;
#2346 = CARTESIAN_POINT ( 'NONE',  ( -34.80460770209944599, -1.500000000000000444, 5.042038079901502101 ) ) ;
#2347 = CARTESIAN_POINT ( 'NONE',  ( -22.82199993344407574, 4.500000000000000000, -23.04751331760969535 ) ) ;
#2348 = DIRECTION ( 'NONE',  ( 0.000000000000000000, 0.000000000000000000, -1.000000000000000000 ) ) ;
#2349 = VERTEX_POINT ( 'NONE', #1077 ) ;
#2350 = FACE_BOUND ( 'NONE', #531, .T. ) ;
#2351 = VERTEX_POINT ( 'NONE', #1093 ) ;
#2352 = FACE_OUTER_BOUND ( 'NONE', #2263, .T. ) ;
#2353 = VERTEX_POINT ( 'NONE', #521 ) ;
#2354 = LINE ( 'NONE', #2369, #1016 ) ;
#2355 = AXIS2_PLACEMENT_3D ( 'NONE', #1011, #1385, #2122 ) ;
#2356 = CARTESIAN_POINT ( 'NONE',  ( -31.03161992710638373, -1.500000000000000222, 0.02516993119038501633 ) ) ;
#2357 = VERTEX_POINT ( 'NONE', #2356 ) ;
#2358 = CARTESIAN_POINT ( 'NONE',  ( -6.155156148444743458, 4.500000000000000000, -24.85129384747109427 ) ) ;
#2359 = CARTESIAN_POINT ( 'NONE',  ( -17.10573597780430077, -1.500000000000000444, -26.34779985115730838 ) ) ;
#2360 = VECTOR ( 'NONE', #924, 1000.000000000000000 ) ;
#2361 = EDGE_LOOP ( 'NONE', ( #487, #1577, #26, #1584 ) ) ;
#2362 = DIRECTION ( 'NONE',  ( -0.000000000000000000, -1.000000000000000000, -0.000000000000000000 ) ) ;
#2363 = CARTESIAN_POINT ( 'NONE',  ( -34.87282590710813679, 4.500000000000000000, 4.425702609042714286 ) ) ;
#2364 = ORIENTED_EDGE ( 'NONE', *, *, #594, .T. ) ;
#2365 = ORIENTED_EDGE ( 'NONE', *, *, #2325, .T. ) ;
#2366 = EDGE_CURVE ( 'NONE', #1410, #1435, #2215, .T. ) ;
#2367 = CARTESIAN_POINT ( 'NONE',  ( 16.89145762373553694, 4.500000000000000000, -12.81577999737188023 ) ) ;
#2368 = ORIENTED_EDGE ( 'NONE', *, *, #1285, .T. ) ;
#2369 = CARTESIAN_POINT ( 'NONE',  ( 2.731113419086195648, 4.500000000000000000, -23.68139426467124764 ) ) ;
#2370 = ADVANCED_FACE ( 'NONE', ( #1650 ), #1920, .F. ) ;
#2371 = VECTOR ( 'NONE', #2173, 1000.000000000000000 ) ;
#2372 = CARTESIAN_POINT ( 'NONE',  ( -21.41536931008173994, -1.500000000000000444, -22.67877546612023210 ) ) ;
#2373 = EDGE_LOOP ( 'NONE', ( #563, #853, #1433, #939 ) ) ;
#2374 = EDGE_CURVE ( 'NONE', #2329, #736, #77, .T. ) ;
#2375 = CARTESIAN_POINT ( 'NONE',  ( 18.13579873111858376, 4.500000000000000000, -10.63005194395804232 ) ) ;
#2376 = CARTESIAN_POINT ( 'NONE',  ( 12.53540622569293816, 4.500000000000000000, -18.02088317356248126 ) ) ;
#2377 = ADVANCED_FACE ( 'NONE', ( #1504 ), #2262, .F. ) ;
#2378 = CARTESIAN_POINT ( 'NONE',  ( 9.933106488534546585, 4.500000000000000000, -22.14494274019271813 ) ) ;
#2379 = DIRECTION ( 'NONE',  ( 0.000000000000000000, 1.000000000000000000, 0.000000000000000000 ) ) ;
#2380 = ORIENTED_EDGE ( 'NONE', *, *, #64, .T. ) ;
ENDSEC;
END-ISO-10303-21;
