ISO-10303-21;
HEADER;
FILE_DESCRIPTION (( 'STEP AP214' ),
    '1' );
FILE_NAME ('link.STEP',
    '2026-04-30T16:23:23',
    ( '' ),
    ( '' ),
    'SwSTEP 2.0',
    'SolidWorks 2022',
    '' );
FILE_SCHEMA (( 'AUTOMOTIVE_DESIGN' ));
ENDSEC;

DATA;
#1 = CARTESIAN_POINT ( 'NONE',  ( 46.50000000000000711, -1.500000000000000000, 1.280288983496551938E-16 ) ) ;
#2 = ORIENTED_EDGE ( 'NONE', *, *, #952, .F. ) ;
#3 = DIRECTION ( 'NONE',  ( 0.7216024245882217691, 0.000000000000000000, 0.6923076923076904032 ) ) ;
#4 = CARTESIAN_POINT ( 'NONE',  ( -15.49999999999999112, 4.500000000000000888, -2.799999999999999822 ) ) ;
#5 = ADVANCED_FACE ( 'NONE', ( #363 ), #258, .T. ) ;
#6 = ORIENTED_EDGE ( 'NONE', *, *, #433, .F. ) ;
#7 = DIRECTION ( 'NONE',  ( 0.000000000000000000, 0.000000000000000000, 1.000000000000000000 ) ) ;
#8 = DIRECTION ( 'NONE',  ( -0.000000000000000000, -1.000000000000000000, -0.000000000000000000 ) ) ;
#9 = TOROIDAL_SURFACE ( 'NONE', #303, 3.200000000000008171, 0.2000000000000000111 ) ;
#10 = AXIS2_PLACEMENT_3D ( 'NONE', #905, #1362, #27 ) ;
#11 = ORIENTED_EDGE ( 'NONE', *, *, #345, .T. ) ;
#12 = DIRECTION ( 'NONE',  ( 0.000000000000000000, 1.000000000000000000, -0.000000000000000000 ) ) ;
#13 = CIRCLE ( 'NONE', #242, 7.000000000000001776 ) ;
#14 = DIRECTION ( 'NONE',  ( -1.000000000000000000, -0.000000000000000000, -0.000000000000000000 ) ) ;
#15 = CARTESIAN_POINT ( 'NONE',  ( -10.59310351280009321, -1.500000000000000000, 4.707692307692307843 ) ) ;
#16 = DIRECTION ( 'NONE',  ( 0.000000000000000000, 0.000000000000000000, 1.000000000000000000 ) ) ;
#17 = CARTESIAN_POINT ( 'NONE',  ( 41.59310351280011275, -1.300000000000000266, 4.707692307692309619 ) ) ;
#18 = ORIENTED_EDGE ( 'NONE', *, *, #1152, .F. ) ;
#19 = CARTESIAN_POINT ( 'NONE',  ( -15.49999999999999112, -1.300000000000000266, 1.280288983496551938E-16 ) ) ;
#20 = CARTESIAN_POINT ( 'NONE',  ( -15.49999999999999112, -1.300000000000000266, 1.280288983496551938E-16 ) ) ;
#21 = ORIENTED_EDGE ( 'NONE', *, *, #159, .F. ) ;
#22 = DIRECTION ( 'NONE',  ( 0.000000000000000000, 1.000000000000000000, -0.000000000000000000 ) ) ;
#23 = AXIS2_PLACEMENT_3D ( 'NONE', #198, #657, #1098 ) ;
#24 = EDGE_LOOP ( 'NONE', ( #726, #1074, #199, #621 ) ) ;
#25 = DIRECTION ( 'NONE',  ( -0.000000000000000000, -1.000000000000000000, 0.000000000000000000 ) ) ;
#26 = ADVANCED_FACE ( 'NONE', ( #1396 ), #126, .T. ) ;
#27 = DIRECTION ( 'NONE',  ( 0.000000000000000000, 0.000000000000000000, 1.000000000000000000 ) ) ;
#28 = DIRECTION ( 'NONE',  ( 0.000000000000000000, 1.000000000000000000, -0.000000000000000000 ) ) ;
#29 = DIRECTION ( 'NONE',  ( 1.000000000000000000, 0.000000000000000000, 0.000000000000000000 ) ) ;
#30 = CIRCLE ( 'NONE', #716, 0.2000000000000000944 ) ;
#31 = ORIENTED_EDGE ( 'NONE', *, *, #1113, .F. ) ;
#32 = DIRECTION ( 'NONE',  ( -1.000000000000000000, 0.000000000000000000, 0.000000000000000000 ) ) ;
#33 =( GEOMETRIC_REPRESENTATION_CONTEXT ( 3 ) GLOBAL_UNCERTAINTY_ASSIGNED_CONTEXT ( ( #275 ) ) GLOBAL_UNIT_ASSIGNED_CONTEXT ( ( #1288, #1057, #943 ) ) REPRESENTATION_CONTEXT ( 'NONE', 'WORKASPACE' ) );
#34 = LINE ( 'NONE', #347, #646 ) ;
#35 = EDGE_LOOP ( 'NONE', ( #1309, #305 ) ) ;
#36 = APPLICATION_PROTOCOL_DEFINITION ( 'draft international standard', 'automotive_design', 1998, #1276 ) ;
#37 = EDGE_LOOP ( 'NONE', ( #121, #1341, #685, #182 ) ) ;
#38 = FACE_OUTER_BOUND ( 'NONE', #909, .T. ) ;
#39 = CARTESIAN_POINT ( 'NONE',  ( -15.49999999999999112, -1.300000000000000266, -7.000000000000001776 ) ) ;
#40 = ORIENTED_EDGE ( 'NONE', *, *, #1266, .F. ) ;
#41 = EDGE_CURVE ( 'NONE', #1024, #875, #48, .T. ) ;
#42 = VERTEX_POINT ( 'NONE', #576 ) ;
#43 = CARTESIAN_POINT ( 'NONE',  ( 41.44878302788247026, -1.300000000000000266, 4.846153846153848477 ) ) ;
#44 = CIRCLE ( 'NONE', #1099, 6.000000000000001776 ) ;
#45 = VERTEX_POINT ( 'NONE', #15 ) ;
#46 = DIRECTION ( 'NONE',  ( 0.000000000000000000, 0.000000000000000000, 1.000000000000000000 ) ) ;
#47 = TOROIDAL_SURFACE ( 'NONE', #867, 6.200000000000001066, 0.2000000000000000111 ) ;
#48 = CIRCLE ( 'NONE', #1080, 0.2000000000000000944 ) ;
#49 = ORIENTED_EDGE ( 'NONE', *, *, #67, .T. ) ;
#50 = CIRCLE ( 'NONE', #457, 7.000000000000001776 ) ;
#51 = EDGE_LOOP ( 'NONE', ( #1388, #823, #18, #291 ) ) ;
#52 = DIRECTION ( 'NONE',  ( -1.000000000000000000, 0.000000000000000000, 0.000000000000000000 ) ) ;
#53 = DIRECTION ( 'NONE',  ( 0.000000000000000000, 1.000000000000000000, -0.000000000000000000 ) ) ;
#54 = EDGE_CURVE ( 'NONE', #820, #42, #149, .T. ) ;
#55 = ORIENTED_EDGE ( 'NONE', *, *, #747, .F. ) ;
#56 = DIRECTION ( 'NONE',  ( -0.000000000000000000, -1.000000000000000000, -0.000000000000000000 ) ) ;
#57 = AXIS2_PLACEMENT_3D ( 'NONE', #429, #1031, #462 ) ;
#58 = VERTEX_POINT ( 'NONE', #181 ) ;
#59 = CARTESIAN_POINT ( 'NONE',  ( -15.49999999999999112, -1.500000000000000222, -3.200000000000000622 ) ) ;
#60 = LINE ( 'NONE', #507, #536 ) ;
#61 = DIRECTION ( 'NONE',  ( 0.000000000000000000, 1.000000000000000000, -0.000000000000000000 ) ) ;
#62 = CIRCLE ( 'NONE', #1459, 7.000000000000001776 ) ;
#63 = ADVANCED_FACE ( 'NONE', ( #1294 ), #872, .T. ) ;
#64 = AXIS2_PLACEMENT_3D ( 'NONE', #377, #367, #146 ) ;
#65 = ADVANCED_FACE ( 'NONE', ( #1065 ), #1427, .T. ) ;
#66 = SURFACE_STYLE_FILL_AREA ( #968 ) ;
#67 = EDGE_CURVE ( 'NONE', #809, #452, #500, .T. ) ;
#68 = ORIENTED_EDGE ( 'NONE', *, *, #1422, .T. ) ;
#69 = CARTESIAN_POINT ( 'NONE',  ( 46.50000000000000711, 4.299999999999999822, 1.280288983496551938E-16 ) ) ;
#70 = DIRECTION ( 'NONE',  ( 0.6923076923076927347, 1.270456495237146852E-16, 0.7216024245882196597 ) ) ;
#71 = CARTESIAN_POINT ( 'NONE',  ( 41.44878302788247026, 4.299999999999999822, -4.846153846153849365 ) ) ;
#72 = AXIS2_PLACEMENT_3D ( 'NONE', #971, #506, #299 ) ;
#73 = TOROIDAL_SURFACE ( 'NONE', #645, 6.200000000000001066, 0.2000000000000000111 ) ;
#74 = CARTESIAN_POINT ( 'NONE',  ( -6.119168480353129880, -1.300000000000000044, -2.799999999999999822 ) ) ;
#75 = ORIENTED_EDGE ( 'NONE', *, *, #1331, .F. ) ;
#76 = CARTESIAN_POINT ( 'NONE',  ( -15.49999999999999112, 4.500000000000000888, -7.000000000000001776 ) ) ;
#77 = CARTESIAN_POINT ( 'NONE',  ( -10.59310351280009321, 4.299999999999999822, -4.707692307692307843 ) ) ;
#78 = CARTESIAN_POINT ( 'NONE',  ( -6.119168480353129880, 4.500000000000000888, -9.000000000000001776 ) ) ;
#79 = DIRECTION ( 'NONE',  ( 0.000000000000000000, 0.000000000000000000, 1.000000000000000000 ) ) ;
#80 = ORIENTED_EDGE ( 'NONE', *, *, #916, .F. ) ;
#81 = CARTESIAN_POINT ( 'NONE',  ( -15.49999999999999112, 4.500000000000000888, 1.280288983496551938E-16 ) ) ;
#82 = ADVANCED_FACE ( 'NONE', ( #496 ), #9, .T. ) ;
#83 = CIRCLE ( 'NONE', #465, 3.200000000000000622 ) ;
#84 = CARTESIAN_POINT ( 'NONE',  ( 37.11916848035314587, 4.500000000000000888, -9.000000000000001776 ) ) ;
#85 = DIRECTION ( 'NONE',  ( 0.000000000000000000, 1.000000000000000000, -0.000000000000000000 ) ) ;
#86 = AXIS2_PLACEMENT_3D ( 'NONE', #690, #894, #118 ) ;
#87 = PLANE ( 'NONE',  #1109 ) ;
#88 = VECTOR ( 'NONE', #499, 1000.000000000000000 ) ;
#89 = ORIENTED_EDGE ( 'NONE', *, *, #789, .T. ) ;
#90 = DIRECTION ( 'NONE',  ( 0.000000000000000000, 0.000000000000000000, 1.000000000000000000 ) ) ;
#91 = CARTESIAN_POINT ( 'NONE',  ( 41.59310351280011275, 4.500000000000000888, -4.707692307692310507 ) ) ;
#92 = ORIENTED_EDGE ( 'NONE', *, *, #1371, .T. ) ;
#93 = CARTESIAN_POINT ( 'NONE',  ( 46.50000000000000711, -1.300000000000000266, 1.280288983496551938E-16 ) ) ;
#94 = PRODUCT_RELATED_PRODUCT_CATEGORY ( 'part', '', ( #889 ) ) ;
#95 = AXIS2_PLACEMENT_3D ( 'NONE', #568, #559, #994 ) ;
#96 = DIRECTION ( 'NONE',  ( 0.000000000000000000, 1.000000000000000000, -0.000000000000000000 ) ) ;
#97 = AXIS2_PLACEMENT_3D ( 'NONE', #434, #1233, #677 ) ;
#98 = ORIENTED_EDGE ( 'NONE', *, *, #313, .T. ) ;
#99 = DIRECTION ( 'NONE',  ( -0.000000000000000000, -1.000000000000000000, 0.000000000000000000 ) ) ;
#100 = DIRECTION ( 'NONE',  ( 0.000000000000000000, 0.000000000000000000, 1.000000000000000000 ) ) ;
#101 = ORIENTED_EDGE ( 'NONE', *, *, #721, .T. ) ;
#102 = DIRECTION ( 'NONE',  ( -0.000000000000000000, -1.000000000000000000, 0.000000000000000000 ) ) ;
#103 = AXIS2_PLACEMENT_3D ( 'NONE', #310, #61, #378 ) ;
#104 = EDGE_CURVE ( 'NONE', #1415, #878, #828, .T. ) ;
#105 = DIRECTION ( 'NONE',  ( 0.000000000000000000, 1.000000000000000000, -0.000000000000000000 ) ) ;
#106 = ORIENTED_EDGE ( 'NONE', *, *, #1170, .F. ) ;
#107 = LINE ( 'NONE', #552, #693 ) ;
#108 = FACE_OUTER_BOUND ( 'NONE', #1174, .T. ) ;
#109 = EDGE_LOOP ( 'NONE', ( #1204, #800 ) ) ;
#110 = CARTESIAN_POINT ( 'NONE',  ( 46.50000000000000711, -1.300000000000000266, 1.280288983496551938E-16 ) ) ;
#111 = CIRCLE ( 'NONE', #1191, 3.000000000000007994 ) ;
#112 = EDGE_CURVE ( 'NONE', #339, #323, #186, .T. ) ;
#113 = CARTESIAN_POINT ( 'NONE',  ( 46.50000000000000711, 4.500000000000000888, 1.280288983496551938E-16 ) ) ;
#114 = CIRCLE ( 'NONE', #247, 6.200000000000001066 ) ;
#115 = ORIENTED_EDGE ( 'NONE', *, *, #501, .T. ) ;
#116 = MANIFOLD_SOLID_BREP ( 'Ölçek1', #1203 ) ;
#117 = DIRECTION ( 'NONE',  ( 0.000000000000000000, 1.000000000000000000, -0.000000000000000000 ) ) ;
#118 = DIRECTION ( 'NONE',  ( 0.000000000000000000, 0.000000000000000000, -1.000000000000000000 ) ) ;
#119 = EDGE_LOOP ( 'NONE', ( #196, #1046, #505, #929 ) ) ;
#120 = DIRECTION ( 'NONE',  ( 0.000000000000000000, 0.000000000000000000, 1.000000000000000000 ) ) ;
#121 = ORIENTED_EDGE ( 'NONE', *, *, #112, .T. ) ;
#122 = DIRECTION ( 'NONE',  ( 0.000000000000000000, 0.000000000000000000, 1.000000000000000000 ) ) ;
#123 = VERTEX_POINT ( 'NONE', #403 ) ;
#124 = CARTESIAN_POINT ( 'NONE',  ( 37.11916848035314587, -1.300000000000000266, 9.000000000000001776 ) ) ;
#125 = CARTESIAN_POINT ( 'NONE',  ( -6.119168480353129880, 4.299999999999999822, 3.000000000000000000 ) ) ;
#126 = TOROIDAL_SURFACE ( 'NONE', #574, 6.200000000000001066, 0.2000000000000000111 ) ;
#127 = ORIENTED_EDGE ( 'NONE', *, *, #789, .F. ) ;
#128 = PLANE ( 'NONE',  #1462 ) ;
#129 = AXIS2_PLACEMENT_3D ( 'NONE', #694, #1379, #362 ) ;
#130 = DIRECTION ( 'NONE',  ( 0.000000000000000000, 1.000000000000000000, -0.000000000000000000 ) ) ;
#131 = ORIENTED_EDGE ( 'NONE', *, *, #474, .T. ) ;
#132 = DIRECTION ( 'NONE',  ( 0.000000000000000000, 0.000000000000000000, 1.000000000000000000 ) ) ;
#133 = EDGE_CURVE ( 'NONE', #932, #815, #390, .T. ) ;
#134 = ORIENTED_EDGE ( 'NONE', *, *, #476, .T. ) ;
#135 = ADVANCED_FACE ( 'NONE', ( #631 ), #510, .T. ) ;
#136 = DIRECTION ( 'NONE',  ( 0.000000000000000000, 0.000000000000000000, 1.000000000000000000 ) ) ;
#137 = EDGE_CURVE ( 'NONE', #263, #123, #163, .T. ) ;
#138 = CARTESIAN_POINT ( 'NONE',  ( -15.49999999999999112, 4.299999999999999822, 1.280288983496551938E-16 ) ) ;
#139 = ORIENTED_EDGE ( 'NONE', *, *, #760, .T. ) ;
#140 = ORIENTED_EDGE ( 'NONE', *, *, #1044, .T. ) ;
#141 = DIRECTION ( 'NONE',  ( 0.000000000000000000, 1.000000000000000000, -0.000000000000000000 ) ) ;
#142 = CARTESIAN_POINT ( 'NONE',  ( 46.50000000000000711, 4.299999999999999822, -6.799999999999999822 ) ) ;
#143 = ORIENTED_EDGE ( 'NONE', *, *, #1175, .F. ) ;
#144 = CIRCLE ( 'NONE', #962, 3.200000000000008171 ) ;
#145 = EDGE_LOOP ( 'NONE', ( #802, #68, #314, #115 ) ) ;
#146 = DIRECTION ( 'NONE',  ( 0.000000000000000000, 0.000000000000000000, 1.000000000000000000 ) ) ;
#147 = AXIS2_PLACEMENT_3D ( 'NONE', #113, #557, #1209 ) ;
#148 = DIRECTION ( 'NONE',  ( 0.000000000000000000, 0.000000000000000000, 1.000000000000000000 ) ) ;
#149 = LINE ( 'NONE', #606, #451 ) ;
#150 = ORIENTED_EDGE ( 'NONE', *, *, #1301, .F. ) ;
#151 = FACE_OUTER_BOUND ( 'NONE', #498, .T. ) ;
#152 = EDGE_CURVE ( 'NONE', #285, #985, #1159, .T. ) ;
#153 = CIRCLE ( 'NONE', #724, 0.2000000000000000944 ) ;
#154 = FILL_AREA_STYLE_COLOUR ( '', #885 ) ;
#155 = VERTEX_POINT ( 'NONE', #1188 ) ;
#156 = CARTESIAN_POINT ( 'NONE',  ( -15.49999999999999112, 4.299999999999999822, 6.800000000000002487 ) ) ;
#157 = ORIENTED_EDGE ( 'NONE', *, *, #1171, .T. ) ;
#158 = DIRECTION ( 'NONE',  ( 0.000000000000000000, 1.000000000000000000, -0.000000000000000000 ) ) ;
#159 = EDGE_CURVE ( 'NONE', #360, #555, #1280, .T. ) ;
#160 = ORIENTED_EDGE ( 'NONE', *, *, #1036, .T. ) ;
#161 = AXIS2_PLACEMENT_3D ( 'NONE', #461, #445, #577 ) ;
#162 = FACE_OUTER_BOUND ( 'NONE', #1367, .T. ) ;
#163 = CIRCLE ( 'NONE', #1445, 0.2000000000000000944 ) ;
#164 = CARTESIAN_POINT ( 'NONE',  ( 46.50000000000000711, 4.299999999999999822, 1.280288983496551938E-16 ) ) ;
#165 = TOROIDAL_SURFACE ( 'NONE', #739, 6.799999999999999822, 0.2000000000000000111 ) ;
#166 = VERTEX_POINT ( 'NONE', #853 ) ;
#167 = CARTESIAN_POINT ( 'NONE',  ( 46.50000000000000711, -1.300000000000000266, 1.280288983496551938E-16 ) ) ;
#168 = EDGE_CURVE ( 'NONE', #447, #166, #575, .T. ) ;
#169 = EDGE_CURVE ( 'NONE', #1364, #1455, #1420, .T. ) ;
#170 = DIRECTION ( 'NONE',  ( 0.7216024245882196597, 0.000000000000000000, -0.6923076923076926237 ) ) ;
#171 = CARTESIAN_POINT ( 'NONE',  ( 46.50000000000000711, 4.299999999999999822, 1.280288983496551938E-16 ) ) ;
#172 = ADVANCED_FACE ( 'NONE', ( #1008 ), #1332, .T. ) ;
#173 = DIRECTION ( 'NONE',  ( 0.000000000000000000, 1.000000000000000000, -0.000000000000000000 ) ) ;
#174 = CIRCLE ( 'NONE', #1093, 0.2000000000000000944 ) ;
#175 = VERTEX_POINT ( 'NONE', #218 ) ;
#176 = LINE ( 'NONE', #1326, #302 ) ;
#177 = DIRECTION ( 'NONE',  ( -1.000000000000000000, 0.000000000000000000, 0.000000000000000000 ) ) ;
#178 = AXIS2_PLACEMENT_3D ( 'NONE', #454, #554, #786 ) ;
#179 = CIRCLE ( 'NONE', #252, 3.200000000000000622 ) ;
#180 = ORIENTED_EDGE ( 'NONE', *, *, #997, .F. ) ;
#181 = CARTESIAN_POINT ( 'NONE',  ( 46.50000000000000711, 4.500000000000000888, 6.799999999999999822 ) ) ;
#182 = ORIENTED_EDGE ( 'NONE', *, *, #1422, .F. ) ;
#183 = DIRECTION ( 'NONE',  ( 0.7216024245882196597, 0.000000000000000000, -0.6923076923076926237 ) ) ;
#184 = DIRECTION ( 'NONE',  ( 0.000000000000000000, 0.000000000000000000, 1.000000000000000000 ) ) ;
#185 = DIRECTION ( 'NONE',  ( 0.000000000000000000, 0.000000000000000000, 1.000000000000000000 ) ) ;
#186 = CIRCLE ( 'NONE', #1140, 0.2000000000000000944 ) ;
#187 = CIRCLE ( 'NONE', #97, 6.200000000000001066 ) ;
#188 = EDGE_CURVE ( 'NONE', #985, #1249, #525, .T. ) ;
#189 = DIRECTION ( 'NONE',  ( 0.000000000000000000, 0.000000000000000000, -1.000000000000000000 ) ) ;
#190 = ORIENTED_EDGE ( 'NONE', *, *, #1112, .F. ) ;
#191 = DIRECTION ( 'NONE',  ( 0.000000000000000000, 1.000000000000000000, -0.000000000000000000 ) ) ;
#192 = AXIS2_PLACEMENT_3D ( 'NONE', #20, #1160, #1029 ) ;
#193 = DIRECTION ( 'NONE',  ( -0.000000000000000000, -1.000000000000000000, 0.000000000000000000 ) ) ;
#194 = DIRECTION ( 'NONE',  ( 0.000000000000000000, 1.000000000000000000, -0.000000000000000000 ) ) ;
#195 = CARTESIAN_POINT ( 'NONE',  ( 46.50000000000000711, 4.299999999999999822, 1.280288983496551938E-16 ) ) ;
#196 = ORIENTED_EDGE ( 'NONE', *, *, #1239, .T. ) ;
#197 = DIRECTION ( 'NONE',  ( -0.6923076923076927347, 0.000000000000000000, 0.7216024245882196597 ) ) ;
#198 = CARTESIAN_POINT ( 'NONE',  ( 41.59310351280011275, -1.300000000000000266, -4.707692307692309619 ) ) ;
#199 = ORIENTED_EDGE ( 'NONE', *, *, #104, .F. ) ;
#200 = LINE ( 'NONE', #973, #699 ) ;
#201 = CIRCLE ( 'NONE', #269, 3.000000000000007994 ) ;
#202 = DIRECTION ( 'NONE',  ( 0.000000000000000000, 0.000000000000000000, 1.000000000000000000 ) ) ;
#203 = ORIENTED_EDGE ( 'NONE', *, *, #1239, .F. ) ;
#204 = DIRECTION ( 'NONE',  ( 0.000000000000000000, 0.000000000000000000, 1.000000000000000000 ) ) ;
#205 = EDGE_CURVE ( 'NONE', #765, #508, #976, .T. ) ;
#206 = ORIENTED_EDGE ( 'NONE', *, *, #169, .F. ) ;
#207 = DIRECTION ( 'NONE',  ( 0.000000000000000000, 0.000000000000000000, 1.000000000000000000 ) ) ;
#208 = CIRCLE ( 'NONE', #399, 6.800000000000002487 ) ;
#209 = DIRECTION ( 'NONE',  ( -0.000000000000000000, -1.000000000000000000, -0.000000000000000000 ) ) ;
#210 = AXIS2_PLACEMENT_3D ( 'NONE', #289, #1347, #425 ) ;
#211 = ORIENTED_EDGE ( 'NONE', *, *, #953, .T. ) ;
#212 = DIRECTION ( 'NONE',  ( -0.000000000000000000, -1.000000000000000000, -0.000000000000000000 ) ) ;
#213 = DIRECTION ( 'NONE',  ( -0.000000000000000000, -1.000000000000000000, 0.000000000000000000 ) ) ;
#214 = ORIENTED_EDGE ( 'NONE', *, *, #990, .F. ) ;
#215 = FACE_OUTER_BOUND ( 'NONE', #1120, .T. ) ;
#216 = EDGE_CURVE ( 'NONE', #360, #765, #616, .T. ) ;
#217 = TOROIDAL_SURFACE ( 'NONE', #234, 6.800000000000002487, 0.2000000000000000111 ) ;
#218 = CARTESIAN_POINT ( 'NONE',  ( 37.11916848035314587, 4.500000000000000888, 2.799999999999999822 ) ) ;
#219 = ORIENTED_EDGE ( 'NONE', *, *, #940, .T. ) ;
#220 = LINE ( 'NONE', #655, #368 ) ;
#221 = CARTESIAN_POINT ( 'NONE',  ( -6.119168480353129880, -1.300000000000000044, -3.000000000000000000 ) ) ;
#222 = ORIENTED_EDGE ( 'NONE', *, *, #1101, .F. ) ;
#223 = DIRECTION ( 'NONE',  ( 0.000000000000000000, 0.000000000000000000, 1.000000000000000000 ) ) ;
#224 = TOROIDAL_SURFACE ( 'NONE', #609, 6.799999999999999822, 0.2000000000000000111 ) ;
#225 = ORIENTED_EDGE ( 'NONE', *, *, #1266, .T. ) ;
#226 = DIRECTION ( 'NONE',  ( 0.000000000000000000, 0.000000000000000000, 1.000000000000000000 ) ) ;
#227 = EDGE_LOOP ( 'NONE', ( #1265, #584 ) ) ;
#228 = FACE_OUTER_BOUND ( 'NONE', #774, .T. ) ;
#229 = CIRCLE ( 'NONE', #1050, 0.2000000000000000944 ) ;
#230 = FACE_OUTER_BOUND ( 'NONE', #333, .T. ) ;
#231 = ORIENTED_EDGE ( 'NONE', *, *, #930, .F. ) ;
#232 = CARTESIAN_POINT ( 'NONE',  ( 46.50000000000000711, 4.299999999999999822, 1.280288983496551938E-16 ) ) ;
#233 = CYLINDRICAL_SURFACE ( 'NONE', #947, 0.2000000000000000944 ) ;
#234 = AXIS2_PLACEMENT_3D ( 'NONE', #920, #595, #813 ) ;
#235 = EDGE_CURVE ( 'NONE', #237, #436, #1299, .T. ) ;
#236 = EDGE_CURVE ( 'NONE', #941, #579, #443, .T. ) ;
#237 = VERTEX_POINT ( 'NONE', #540 ) ;
#238 = CARTESIAN_POINT ( 'NONE',  ( -6.119168480353129880, -1.300000000000000044, 2.799999999999999822 ) ) ;
#239 = EDGE_CURVE ( 'NONE', #579, #878, #383, .T. ) ;
#240 = ORIENTED_EDGE ( 'NONE', *, *, #266, .F. ) ;
#241 = CARTESIAN_POINT ( 'NONE',  ( -15.49999999999999112, 4.500000000000000888, 1.280288983496551938E-16 ) ) ;
#242 = AXIS2_PLACEMENT_3D ( 'NONE', #746, #1207, #1085 ) ;
#243 = CARTESIAN_POINT ( 'NONE',  ( -6.119168480353129880, -1.300000000000000266, -3.000000000000000000 ) ) ;
#244 = ORIENTED_EDGE ( 'NONE', *, *, #808, .T. ) ;
#245 = EDGE_LOOP ( 'NONE', ( #98, #1030, #456, #225, #1162, #534, #1289, #520, #906, #1336, #157, #988 ) ) ;
#246 = CARTESIAN_POINT ( 'NONE',  ( -6.119168480353129880, -1.500000000000000000, 9.000000000000001776 ) ) ;
#247 = AXIS2_PLACEMENT_3D ( 'NONE', #737, #1185, #966 ) ;
#248 = CYLINDRICAL_SURFACE ( 'NONE', #733, 6.999999999999999112 ) ;
#249 = CARTESIAN_POINT ( 'NONE',  ( -6.119168480353129880, -1.300000000000000266, -9.000000000000001776 ) ) ;
#250 = SURFACE_STYLE_USAGE ( .BOTH. , #487 ) ;
#251 = EDGE_LOOP ( 'NONE', ( #611, #1252, #1372, #996 ) ) ;
#252 = AXIS2_PLACEMENT_3D ( 'NONE', #458, #448, #1013 ) ;
#253 = DIRECTION ( 'NONE',  ( 0.000000000000000000, 0.000000000000000000, 1.000000000000000000 ) ) ;
#254 = DIRECTION ( 'NONE',  ( -0.000000000000000000, -1.000000000000000000, 0.000000000000000000 ) ) ;
#255 = AXIS2_PLACEMENT_3D ( 'NONE', #406, #1429, #535 ) ;
#256 = ORIENTED_EDGE ( 'NONE', *, *, #356, .F. ) ;
#257 = DIRECTION ( 'NONE',  ( 0.000000000000000000, 1.000000000000000000, -0.000000000000000000 ) ) ;
#258 = TOROIDAL_SURFACE ( 'NONE', #1324, 6.799999999999999822, 0.2000000000000000111 ) ;
#259 = AXIS2_PLACEMENT_3D ( 'NONE', #519, #961, #1421 ) ;
#260 = EDGE_CURVE ( 'NONE', #945, #508, #1352, .T. ) ;
#261 = DIRECTION ( 'NONE',  ( 1.000000000000000000, 0.000000000000000000, 1.224646799147353207E-16 ) ) ;
#262 = ORIENTED_EDGE ( 'NONE', *, *, #41, .T. ) ;
#263 = VERTEX_POINT ( 'NONE', #668 ) ;
#264 = FACE_OUTER_BOUND ( 'NONE', #1039, .T. ) ;
#265 = CIRCLE ( 'NONE', #1241, 7.000000000000001776 ) ;
#266 = EDGE_CURVE ( 'NONE', #941, #903, #847, .T. ) ;
#267 = DIRECTION ( 'NONE',  ( -1.000000000000000000, -0.000000000000000000, -0.000000000000000000 ) ) ;
#268 = VERTEX_POINT ( 'NONE', #532 ) ;
#269 = AXIS2_PLACEMENT_3D ( 'NONE', #902, #578, #1019 ) ;
#270 = DIRECTION ( 'NONE',  ( 0.000000000000000000, 0.000000000000000000, 1.000000000000000000 ) ) ;
#271 = AXIS2_PLACEMENT_3D ( 'NONE', #19, #1368, #1253 ) ;
#272 = ORIENTED_EDGE ( 'NONE', *, *, #916, .T. ) ;
#273 = EDGE_LOOP ( 'NONE', ( #6, #385, #468, #206 ) ) ;
#274 = DIRECTION ( 'NONE',  ( 0.000000000000000000, 0.000000000000000000, 1.000000000000000000 ) ) ;
#275 = UNCERTAINTY_MEASURE_WITH_UNIT (LENGTH_MEASURE( 1.000000000000000082E-05 ), #1288, 'distance_accuracy_value', 'NONE');
#276 = ADVANCED_FACE ( 'NONE', ( #874 ), #402, .T. ) ;
#277 = EDGE_LOOP ( 'NONE', ( #1021, #779, #1272, #811 ) ) ;
#278 = EDGE_CURVE ( 'NONE', #1096, #511, #1230, .T. ) ;
#279 = CIRCLE ( 'NONE', #255, 6.800000000000002487 ) ;
#280 = CARTESIAN_POINT ( 'NONE',  ( -15.49999999999999112, -1.300000000000000266, 6.800000000000002487 ) ) ;
#281 = VECTOR ( 'NONE', #311, 1000.000000000000000 ) ;
#282 = VERTEX_POINT ( 'NONE', #783 ) ;
#283 = DIRECTION ( 'NONE',  ( 0.000000000000000000, 0.000000000000000000, 1.000000000000000000 ) ) ;
#284 = TOROIDAL_SURFACE ( 'NONE', #671, 6.799999999999999822, 0.2000000000000000111 ) ;
#285 = VERTEX_POINT ( 'NONE', #1215 ) ;
#286 = CARTESIAN_POINT ( 'NONE',  ( 37.11916848035314587, -1.500000000000000000, -2.799999999999999822 ) ) ;
#287 = DIRECTION ( 'NONE',  ( -0.000000000000000000, -1.000000000000000000, 0.000000000000000000 ) ) ;
#288 = DIRECTION ( 'NONE',  ( -0.000000000000000000, -1.000000000000000000, -0.000000000000000000 ) ) ;
#289 = CARTESIAN_POINT ( 'NONE',  ( -15.49999999999999112, -1.500000000000000000, 1.280288983496551938E-16 ) ) ;
#290 = CIRCLE ( 'NONE', #1389, 6.000000000000001776 ) ;
#291 = ORIENTED_EDGE ( 'NONE', *, *, #133, .F. ) ;
#292 = DIRECTION ( 'NONE',  ( 0.000000000000000000, 1.000000000000000000, -0.000000000000000000 ) ) ;
#293 = DIRECTION ( 'NONE',  ( 9.912705577010324563E-16, 0.000000000000000000, 1.000000000000000000 ) ) ;
#294 = CARTESIAN_POINT ( 'NONE',  ( 46.50000000000000711, 4.500000000000000888, 3.000000000000007994 ) ) ;
#295 = EDGE_CURVE ( 'NONE', #175, #586, #187, .T. ) ;
#296 = VECTOR ( 'NONE', #1290, 1000.000000000000000 ) ;
#297 = SURFACE_STYLE_USAGE ( .BOTH. , #1405 ) ;
#298 = ORIENTED_EDGE ( 'NONE', *, *, #1287, .F. ) ;
#299 = DIRECTION ( 'NONE',  ( 0.000000000000000000, 0.000000000000000000, -1.000000000000000000 ) ) ;
#300 = DIRECTION ( 'NONE',  ( 0.000000000000000000, 0.000000000000000000, 1.000000000000000000 ) ) ;
#301 = CARTESIAN_POINT ( 'NONE',  ( -15.49999999999999112, -1.300000000000000266, 1.280288983496551938E-16 ) ) ;
#302 = VECTOR ( 'NONE', #1197, 1000.000000000000000 ) ;
#303 = AXIS2_PLACEMENT_3D ( 'NONE', #1051, #614, #858 ) ;
#304 = ADVANCED_FACE ( 'NONE', ( #1094, #880, #661 ), #87, .T. ) ;
#305 = ORIENTED_EDGE ( 'NONE', *, *, #610, .T. ) ;
#306 = DIRECTION ( 'NONE',  ( -0.000000000000000000, -1.000000000000000000, -0.000000000000000000 ) ) ;
#307 = CIRCLE ( 'NONE', #192, 3.000000000000000444 ) ;
#308 = DIRECTION ( 'NONE',  ( 1.000000000000000000, 0.000000000000000000, 1.224646799147353207E-16 ) ) ;
#309 = CARTESIAN_POINT ( 'NONE',  ( 37.11916848035314587, 4.500000000000000888, 2.799999999999999822 ) ) ;
#310 = CARTESIAN_POINT ( 'NONE',  ( -15.49999999999999112, -1.500000000000000000, 1.280288983496551938E-16 ) ) ;
#311 = DIRECTION ( 'NONE',  ( -1.000000000000000000, -0.000000000000000000, -0.000000000000000000 ) ) ;
#312 = ADVANCED_FACE ( 'NONE', ( #992 ), #73, .T. ) ;
#313 = EDGE_CURVE ( 'NONE', #586, #58, #548, .T. ) ;
#314 = ORIENTED_EDGE ( 'NONE', *, *, #1044, .F. ) ;
#315 = FACE_OUTER_BOUND ( 'NONE', #975, .T. ) ;
#316 = CARTESIAN_POINT ( 'NONE',  ( 46.50000000000000711, 4.299999999999999822, -6.999999999999999112 ) ) ;
#317 = ORIENTED_EDGE ( 'NONE', *, *, #1440, .F. ) ;
#318 = FACE_OUTER_BOUND ( 'NONE', #119, .T. ) ;
#319 = AXIS2_PLACEMENT_3D ( 'NONE', #84, #1063, #1417 ) ;
#320 = CIRCLE ( 'NONE', #565, 6.999999999999999112 ) ;
#321 = DIRECTION ( 'NONE',  ( 1.000000000000000000, 0.000000000000000000, 1.224646799147353207E-16 ) ) ;
#322 = ADVANCED_FACE ( 'NONE', ( #1037 ), #248, .T. ) ;
#323 = VERTEX_POINT ( 'NONE', #354 ) ;
#324 = DIRECTION ( 'NONE',  ( 0.000000000000000000, 1.000000000000000000, -0.000000000000000000 ) ) ;
#325 = ADVANCED_FACE ( 'NONE', ( #790 ), #601, .T. ) ;
#326 = DIRECTION ( 'NONE',  ( -1.000000000000000000, -0.000000000000000000, -0.000000000000000000 ) ) ;
#327 = ORIENTED_EDGE ( 'NONE', *, *, #1217, .T. ) ;
#328 = DIRECTION ( 'NONE',  ( -0.000000000000000000, -1.000000000000000000, 0.000000000000000000 ) ) ;
#329 = EDGE_CURVE ( 'NONE', #352, #886, #922, .T. ) ;
#330 = VECTOR ( 'NONE', #742, 1000.000000000000000 ) ;
#331 = CARTESIAN_POINT ( 'NONE',  ( -15.49999999999999112, 4.500000000000000888, -3.000000000000000000 ) ) ;
#332 = AXIS2_PLACEMENT_3D ( 'NONE', #1308, #740, #1194 ) ;
#333 = EDGE_LOOP ( 'NONE', ( #1245, #776, #327, #379 ) ) ;
#334 = CARTESIAN_POINT ( 'NONE',  ( 41.44878302788247026, -1.300000000000000266, -4.846153846153849365 ) ) ;
#335 = DIRECTION ( 'NONE',  ( -0.000000000000000000, -1.000000000000000000, -0.000000000000000000 ) ) ;
#336 = ORIENTED_EDGE ( 'NONE', *, *, #168, .T. ) ;
#337 = CARTESIAN_POINT ( 'NONE',  ( 46.50000000000000711, 4.500000000000000888, 1.280288983496551938E-16 ) ) ;
#338 = DIRECTION ( 'NONE',  ( 0.000000000000000000, 0.000000000000000000, -1.000000000000000000 ) ) ;
#339 = VERTEX_POINT ( 'NONE', #243 ) ;
#340 = CARTESIAN_POINT ( 'NONE',  ( -15.49999999999999112, 4.299999999999999822, 1.280288983496551938E-16 ) ) ;
#341 = CYLINDRICAL_SURFACE ( 'NONE', #630, 6.000000000000000888 ) ;
#342 = ORIENTED_EDGE ( 'NONE', *, *, #610, .F. ) ;
#343 = FACE_OUTER_BOUND ( 'NONE', #24, .T. ) ;
#344 = CIRCLE ( 'NONE', #1167, 0.2000000000000002331 ) ;
#345 = EDGE_CURVE ( 'NONE', #1009, #263, #384, .T. ) ;
#346 = AXIS2_PLACEMENT_3D ( 'NONE', #602, #593, #29 ) ;
#347 = CARTESIAN_POINT ( 'NONE',  ( -6.119168480353129880, 4.299999999999999822, 3.000000000000000000 ) ) ;
#348 = DIRECTION ( 'NONE',  ( -0.000000000000000000, -1.000000000000000000, -0.000000000000000000 ) ) ;
#349 = DIRECTION ( 'NONE',  ( 0.000000000000000000, 1.000000000000000000, -0.000000000000000000 ) ) ;
#350 = AXIS2_PLACEMENT_3D ( 'NONE', #824, #1054, #714 ) ;
#351 = FILL_AREA_STYLE ('',( #154 ) ) ;
#352 = VERTEX_POINT ( 'NONE', #701 ) ;
#353 = DIRECTION ( 'NONE',  ( 0.000000000000000000, 1.000000000000000000, -0.000000000000000000 ) ) ;
#354 = CARTESIAN_POINT ( 'NONE',  ( -6.119168480353129880, -1.500000000000000000, -2.799999999999999822 ) ) ;
#355 = AXIS2_PLACEMENT_3D ( 'NONE', #625, #292, #521 ) ;
#356 = EDGE_CURVE ( 'NONE', #695, #579, #307, .T. ) ;
#357 = ORIENTED_EDGE ( 'NONE', *, *, #597, .F. ) ;
#358 = AXIS2_PLACEMENT_3D ( 'NONE', #652, #767, #338 ) ;
#359 = DIRECTION ( 'NONE',  ( 0.000000000000000000, 0.000000000000000000, 1.000000000000000000 ) ) ;
#360 = VERTEX_POINT ( 'NONE', #1387 ) ;
#361 = CIRCLE ( 'NONE', #1184, 6.200000000000001066 ) ;
#362 = DIRECTION ( 'NONE',  ( 0.000000000000000000, 0.000000000000000000, 1.000000000000000000 ) ) ;
#363 = FACE_OUTER_BOUND ( 'NONE', #273, .T. ) ;
#364 = EDGE_CURVE ( 'NONE', #791, #1349, #34, .T. ) ;
#365 = SHAPE_DEFINITION_REPRESENTATION ( #675, #1103 ) ;
#366 = VERTEX_POINT ( 'NONE', #573 ) ;
#367 = DIRECTION ( 'NONE',  ( -0.000000000000000000, -1.000000000000000000, 0.000000000000000000 ) ) ;
#368 = VECTOR ( 'NONE', #1097, 1000.000000000000000 ) ;
#369 = DIRECTION ( 'NONE',  ( -0.000000000000000000, -1.000000000000000000, 0.000000000000000000 ) ) ;
#370 = ORIENTED_EDGE ( 'NONE', *, *, #1382, .F. ) ;
#371 = VERTEX_POINT ( 'NONE', #483 ) ;
#372 = ORIENTED_EDGE ( 'NONE', *, *, #1382, .T. ) ;
#373 = AXIS2_PLACEMENT_3D ( 'NONE', #1003, #213, #100 ) ;
#374 = EDGE_CURVE ( 'NONE', #820, #493, #50, .T. ) ;
#375 = VERTEX_POINT ( 'NONE', #1261 ) ;
#376 = AXIS2_PLACEMENT_3D ( 'NONE', #608, #1166, #1163 ) ;
#377 = CARTESIAN_POINT ( 'NONE',  ( 46.50000000000000711, -1.500000000000000000, 1.280288983496551938E-16 ) ) ;
#378 = DIRECTION ( 'NONE',  ( 0.000000000000000000, 0.000000000000000000, 1.000000000000000000 ) ) ;
#379 = ORIENTED_EDGE ( 'NONE', *, *, #1150, .F. ) ;
#380 = PRODUCT_CONTEXT ( 'NONE', #1276, 'mechanical' ) ;
#381 = EDGE_LOOP ( 'NONE', ( #917, #150, #592, #607 ) ) ;
#382 = CARTESIAN_POINT ( 'NONE',  ( -6.119168480353129880, 4.299999999999999822, 9.000000000000001776 ) ) ;
#383 = CIRCLE ( 'NONE', #805, 0.2000000000000000944 ) ;
#384 = CIRCLE ( 'NONE', #428, 6.000000000000001776 ) ;
#385 = ORIENTED_EDGE ( 'NONE', *, *, #676, .F. ) ;
#386 = DIRECTION ( 'NONE',  ( 1.000000000000000000, 0.000000000000000000, 1.224646799147353207E-16 ) ) ;
#387 = ADVANCED_FACE ( 'NONE', ( #467 ), #1255, .F. ) ;
#388 = ADVANCED_FACE ( 'NONE', ( #923 ), #404, .T. ) ;
#389 = VERTEX_POINT ( 'NONE', #39 ) ;
#390 = LINE ( 'NONE', #838, #782 ) ;
#391 = ADVANCED_FACE ( 'NONE', ( #491 ), #233, .T. ) ;
#392 = ORIENTED_EDGE ( 'NONE', *, *, #846, .F. ) ;
#393 =( GEOMETRIC_REPRESENTATION_CONTEXT ( 3 ) GLOBAL_UNCERTAINTY_ASSIGNED_CONTEXT ( ( #1406 ) ) GLOBAL_UNIT_ASSIGNED_CONTEXT ( ( #1384, #1391, #816 ) ) REPRESENTATION_CONTEXT ( 'NONE', 'WORKASPACE' ) );
#394 = DIRECTION ( 'NONE',  ( 1.000000000000000000, 0.000000000000000000, 0.000000000000000000 ) ) ;
#395 = FACE_OUTER_BOUND ( 'NONE', #277, .T. ) ;
#396 = DIRECTION ( 'NONE',  ( 0.000000000000000000, 0.000000000000000000, -1.000000000000000000 ) ) ;
#397 = ORIENTED_EDGE ( 'NONE', *, *, #810, .F. ) ;
#398 = DIRECTION ( 'NONE',  ( 0.000000000000000000, 1.000000000000000000, -0.000000000000000000 ) ) ;
#399 = AXIS2_PLACEMENT_3D ( 'NONE', #1118, #99, #1010 ) ;
#400 = DIRECTION ( 'NONE',  ( 0.000000000000000000, 0.000000000000000000, 1.000000000000000000 ) ) ;
#401 = CARTESIAN_POINT ( 'NONE',  ( -6.119168480353129880, 4.299999999999999822, -9.000000000000001776 ) ) ;
#402 = TOROIDAL_SURFACE ( 'NONE', #829, 3.200000000000008171, 0.2000000000000000111 ) ;
#403 = CARTESIAN_POINT ( 'NONE',  ( 37.11916848035314587, -1.500000000000000000, -2.799999999999999822 ) ) ;
#404 = TOROIDAL_SURFACE ( 'NONE', #873, 3.200000000000000622, 0.2000000000000000111 ) ;
#405 = ORIENTED_EDGE ( 'NONE', *, *, #484, .T. ) ;
#406 = CARTESIAN_POINT ( 'NONE',  ( -15.49999999999999112, -1.500000000000000000, 1.280288983496551938E-16 ) ) ;
#407 = DIRECTION ( 'NONE',  ( -1.000000000000000000, 0.000000000000000000, 0.000000000000000000 ) ) ;
#408 = FACE_OUTER_BOUND ( 'NONE', #1172, .T. ) ;
#409 = PRESENTATION_STYLE_ASSIGNMENT (( #297 ) ) ;
#410 = AXIS2_PLACEMENT_3D ( 'NONE', #972, #177, #636 ) ;
#411 = ORIENTED_EDGE ( 'NONE', *, *, #891, .T. ) ;
#412 = ORIENTED_EDGE ( 'NONE', *, *, #159, .T. ) ;
#413 = DIRECTION ( 'NONE',  ( 0.7216024245882196597, 0.000000000000000000, 0.6923076923076926237 ) ) ;
#414 = ADVANCED_FACE ( 'NONE', ( #915 ), #503, .T. ) ;
#415 = DIRECTION ( 'NONE',  ( -0.000000000000000000, -1.000000000000000000, -0.000000000000000000 ) ) ;
#416 = CARTESIAN_POINT ( 'NONE',  ( 37.11916848035314587, -1.500000000000000000, -9.000000000000001776 ) ) ;
#417 = CIRCLE ( 'NONE', #979, 0.1999999999999996503 ) ;
#418 = DIRECTION ( 'NONE',  ( 0.000000000000000000, 0.000000000000000000, 1.000000000000000000 ) ) ;
#419 = VERTEX_POINT ( 'NONE', #1395 ) ;
#420 = CYLINDRICAL_SURFACE ( 'NONE', #844, 7.000000000000001776 ) ;
#421 = DIRECTION ( 'NONE',  ( 0.000000000000000000, 0.000000000000000000, 1.000000000000000000 ) ) ;
#422 = CARTESIAN_POINT ( 'NONE',  ( 41.44878302788247026, 4.299999999999999822, 4.846153846153848477 ) ) ;
#423 = AXIS2_PLACEMENT_3D ( 'NONE', #950, #855, #413 ) ;
#424 = AXIS2_PLACEMENT_3D ( 'NONE', #331, #189, #1323 ) ;
#425 = DIRECTION ( 'NONE',  ( 0.000000000000000000, 0.000000000000000000, 1.000000000000000000 ) ) ;
#426 = ORIENTED_EDGE ( 'NONE', *, *, #278, .T. ) ;
#427 = CARTESIAN_POINT ( 'NONE',  ( 46.50000000000000711, 4.299999999999999822, 1.280288983496551938E-16 ) ) ;
#428 = AXIS2_PLACEMENT_3D ( 'NONE', #475, #254, #1023 ) ;
#429 = CARTESIAN_POINT ( 'NONE',  ( 46.50000000000000711, 4.500000000000000888, 1.280288983496551938E-16 ) ) ;
#430 = ORIENTED_EDGE ( 'NONE', *, *, #628, .T. ) ;
#431 = DIRECTION ( 'NONE',  ( 0.000000000000000000, 0.000000000000000000, -1.000000000000000000 ) ) ;
#432 = ADVANCED_FACE ( 'NONE', ( #814 ), #1208, .T. ) ;
#433 = EDGE_CURVE ( 'NONE', #1428, #1364, #1283, .T. ) ;
#434 = CARTESIAN_POINT ( 'NONE',  ( 37.11916848035314587, 4.500000000000000888, 9.000000000000001776 ) ) ;
#435 = EDGE_CURVE ( 'NONE', #945, #339, #200, .T. ) ;
#436 = VERTEX_POINT ( 'NONE', #1432 ) ;
#437 = DIRECTION ( 'NONE',  ( -0.000000000000000000, -1.000000000000000000, -0.000000000000000000 ) ) ;
#438 = CIRCLE ( 'NONE', #935, 6.200000000000001066 ) ;
#439 = CARTESIAN_POINT ( 'NONE',  ( -6.119168480353129880, 4.500000000000000888, 9.000000000000001776 ) ) ;
#440 = ORIENTED_EDGE ( 'NONE', *, *, #235, .F. ) ;
#441 = CARTESIAN_POINT ( 'NONE',  ( 46.50000000000000711, -1.300000000000000266, 1.280288983496551938E-16 ) ) ;
#442 = CIRCLE ( 'NONE', #612, 3.000000000000007994 ) ;
#443 = LINE ( 'NONE', #761, #963 ) ;
#444 = ORIENTED_EDGE ( 'NONE', *, *, #345, .F. ) ;
#445 = DIRECTION ( 'NONE',  ( 1.000000000000000000, 0.000000000000000000, 1.224646799147353207E-16 ) ) ;
#446 = CYLINDRICAL_SURFACE ( 'NONE', #178, 0.2000000000000000944 ) ;
#447 = VERTEX_POINT ( 'NONE', #1439 ) ;
#448 = DIRECTION ( 'NONE',  ( -0.000000000000000000, -1.000000000000000000, 0.000000000000000000 ) ) ;
#449 = CIRCLE ( 'NONE', #497, 0.2000000000000002331 ) ;
#450 = CARTESIAN_POINT ( 'NONE',  ( -6.119168480353129880, -1.300000000000000266, 9.000000000000001776 ) ) ;
#451 = VECTOR ( 'NONE', #348, 1000.000000000000000 ) ;
#452 = VERTEX_POINT ( 'NONE', #422 ) ;
#453 = CARTESIAN_POINT ( 'NONE',  ( 37.11916848035314587, 4.299999999999999822, 9.000000000000001776 ) ) ;
#454 = CARTESIAN_POINT ( 'NONE',  ( -15.49999999999999112, 4.299999999999999822, 2.799999999999999822 ) ) ;
#455 = EDGE_CURVE ( 'NONE', #123, #1295, #580, .T. ) ;
#456 = ORIENTED_EDGE ( 'NONE', *, *, #169, .T. ) ;
#457 = AXIS2_PLACEMENT_3D ( 'NONE', #806, #369, #122 ) ;
#458 = CARTESIAN_POINT ( 'NONE',  ( -15.49999999999999112, 4.500000000000000888, 1.280288983496551938E-16 ) ) ;
#459 = DIRECTION ( 'NONE',  ( 0.000000000000000000, 0.000000000000000000, -1.000000000000000000 ) ) ;
#460 = ORIENTED_EDGE ( 'NONE', *, *, #596, .F. ) ;
#461 = CARTESIAN_POINT ( 'NONE',  ( 46.50000000000000711, -1.300000000000000266, -3.200000000000008171 ) ) ;
#462 = DIRECTION ( 'NONE',  ( 0.000000000000000000, 0.000000000000000000, -1.000000000000000000 ) ) ;
#463 = ORIENTED_EDGE ( 'NONE', *, *, #808, .F. ) ;
#464 = CARTESIAN_POINT ( 'NONE',  ( 37.11916848035314587, 4.299999999999999822, -9.000000000000001776 ) ) ;
#465 = AXIS2_PLACEMENT_3D ( 'NONE', #1431, #856, #756 ) ;
#466 = CIRCLE ( 'NONE', #1004, 6.799999999999999822 ) ;
#467 = FACE_OUTER_BOUND ( 'NONE', #964, .T. ) ;
#468 = ORIENTED_EDGE ( 'NONE', *, *, #684, .F. ) ;
#469 = CARTESIAN_POINT ( 'NONE',  ( 37.11916848035314587, 4.500000000000000888, 9.000000000000001776 ) ) ;
#470 = CIRCLE ( 'NONE', #798, 0.1999999999999996503 ) ;
#471 =( NAMED_UNIT ( * ) PLANE_ANGLE_UNIT ( ) SI_UNIT ( $, .RADIAN. ) );
#472 = EDGE_LOOP ( 'NONE', ( #342, #834, #31, #1082 ) ) ;
#473 = CARTESIAN_POINT ( 'NONE',  ( 37.11916848035314587, 4.299999999999999822, 2.799999999999999822 ) ) ;
#474 = EDGE_CURVE ( 'NONE', #836, #389, #13, .T. ) ;
#475 = CARTESIAN_POINT ( 'NONE',  ( 37.11916848035314587, -1.300000000000000266, -9.000000000000001776 ) ) ;
#476 = EDGE_CURVE ( 'NONE', #875, #1096, #864, .T. ) ;
#477 = VECTOR ( 'NONE', #394, 1000.000000000000000 ) ;
#478 = DIRECTION ( 'NONE',  ( 0.000000000000000000, 0.000000000000000000, 1.000000000000000000 ) ) ;
#479 = AXIS2_PLACEMENT_3D ( 'NONE', #1201, #647, #983 ) ;
#480 = ORIENTED_EDGE ( 'NONE', *, *, #638, .F. ) ;
#481 = CARTESIAN_POINT ( 'NONE',  ( -10.44878302788244895, -1.300000000000000266, -4.846153846153846700 ) ) ;
#482 = VECTOR ( 'NONE', #1102, 1000.000000000000000 ) ;
#483 = CARTESIAN_POINT ( 'NONE',  ( 46.50000000000000711, 4.500000000000000888, -3.200000000000008171 ) ) ;
#484 = EDGE_CURVE ( 'NONE', #1249, #882, #1402, .T. ) ;
#485 = ADVANCED_FACE ( 'NONE', ( #524 ), #1016, .T. ) ;
#486 = EDGE_LOOP ( 'NONE', ( #317, #55, #488, #460 ) ) ;
#487 = SURFACE_SIDE_STYLE ('',( #1052 ) ) ;
#488 = ORIENTED_EDGE ( 'NONE', *, *, #1442, .F. ) ;
#489 = FACE_OUTER_BOUND ( 'NONE', #1045, .T. ) ;
#490 = AXIS2_PLACEMENT_3D ( 'NONE', #469, #585, #696 ) ;
#491 = FACE_OUTER_BOUND ( 'NONE', #659, .T. ) ;
#492 = ORIENTED_EDGE ( 'NONE', *, *, #260, .T. ) ;
#493 = VERTEX_POINT ( 'NONE', #753 ) ;
#494 = TOROIDAL_SURFACE ( 'NONE', #914, 6.800000000000002487, 0.2000000000000000111 ) ;
#495 = CARTESIAN_POINT ( 'NONE',  ( -15.49999999999999112, 4.299999999999999822, -6.800000000000002487 ) ) ;
#496 = FACE_OUTER_BOUND ( 'NONE', #919, .T. ) ;
#497 = AXIS2_PLACEMENT_3D ( 'NONE', #901, #197, #876 ) ;
#498 = EDGE_LOOP ( 'NONE', ( #1257, #244, #1002, #1392 ) ) ;
#499 = DIRECTION ( 'NONE',  ( -0.000000000000000000, -1.000000000000000000, -0.000000000000000000 ) ) ;
#500 = CIRCLE ( 'NONE', #944, 6.999999999999999112 ) ;
#501 = EDGE_CURVE ( 'NONE', #1218, #945, #1256, .T. ) ;
#502 = ADVANCED_FACE ( 'NONE', ( #738 ), #1451, .T. ) ;
#503 = TOROIDAL_SURFACE ( 'NONE', #129, 6.799999999999999822, 0.2000000000000000111 ) ;
#504 = CARTESIAN_POINT ( 'NONE',  ( -15.49999999999999112, -1.300000000000000266, 1.280288983496551938E-16 ) ) ;
#505 = ORIENTED_EDGE ( 'NONE', *, *, #1287, .T. ) ;
#506 = DIRECTION ( 'NONE',  ( 1.000000000000000000, 0.000000000000000000, 1.224646799147353207E-16 ) ) ;
#507 = CARTESIAN_POINT ( 'NONE',  ( 46.50000000000000711, 4.500000000000000888, 6.999999999999999112 ) ) ;
#508 = VERTEX_POINT ( 'NONE', #766 ) ;
#509 = CIRCLE ( 'NONE', #1338, 6.000000000000000888 ) ;
#510 = CYLINDRICAL_SURFACE ( 'NONE', #1014, 0.2000000000000000944 ) ;
#511 = VERTEX_POINT ( 'NONE', #1186 ) ;
#512 = AXIS2_PLACEMENT_3D ( 'NONE', #1119, #664, #1136 ) ;
#513 = DIRECTION ( 'NONE',  ( -0.000000000000000000, -1.000000000000000000, 0.000000000000000000 ) ) ;
#514 = AXIS2_PLACEMENT_3D ( 'NONE', #495, #386, #1398 ) ;
#515 = DIRECTION ( 'NONE',  ( 0.000000000000000000, 0.000000000000000000, -1.000000000000000000 ) ) ;
#516 = DIRECTION ( 'NONE',  ( -0.000000000000000000, -1.000000000000000000, -0.000000000000000000 ) ) ;
#517 = ADVANCED_FACE ( 'NONE', ( #1214 ), #165, .T. ) ;
#518 = ADVANCED_FACE ( 'NONE', ( #651 ), #1092, .F. ) ;
#519 = CARTESIAN_POINT ( 'NONE',  ( 37.11916848035314587, 4.299999999999999822, -9.000000000000001776 ) ) ;
#520 = ORIENTED_EDGE ( 'NONE', *, *, #744, .T. ) ;
#521 = DIRECTION ( 'NONE',  ( 0.000000000000000000, 0.000000000000000000, 1.000000000000000000 ) ) ;
#522 = CIRCLE ( 'NONE', #423, 0.2000000000000002331 ) ;
#523 = LINE ( 'NONE', #309, #1430 ) ;
#524 = FACE_OUTER_BOUND ( 'NONE', #1110, .T. ) ;
#525 = CIRCLE ( 'NONE', #1254, 0.1999999999999996503 ) ;
#526 = DIRECTION ( 'NONE',  ( 1.000000000000000000, 0.000000000000000000, 0.000000000000000000 ) ) ;
#527 = EDGE_CURVE ( 'NONE', #452, #787, #967, .T. ) ;
#528 = ORIENTED_EDGE ( 'NONE', *, *, #1371, .F. ) ;
#529 = DIRECTION ( 'NONE',  ( 1.000000000000000000, 0.000000000000000000, 1.224646799147353207E-16 ) ) ;
#530 = CARTESIAN_POINT ( 'NONE',  ( -15.49999999999999112, 4.299999999999999822, 3.200000000000000622 ) ) ;
#531 = CARTESIAN_POINT ( 'NONE',  ( 41.44878302788247026, 4.500000000000000888, 4.846153846153848477 ) ) ;
#532 = CARTESIAN_POINT ( 'NONE',  ( -10.44878302788244895, 4.299999999999999822, 4.846153846153846700 ) ) ;
#533 = AXIS2_PLACEMENT_3D ( 'NONE', #280, #1084, #421 ) ;
#534 = ORIENTED_EDGE ( 'NONE', *, *, #1301, .T. ) ;
#535 = DIRECTION ( 'NONE',  ( 7.653191805780028515E-16, 0.000000000000000000, 1.000000000000000000 ) ) ;
#536 = VECTOR ( 'NONE', #951, 1000.000000000000000 ) ;
#537 = DIRECTION ( 'NONE',  ( 0.000000000000000000, 1.000000000000000000, -0.000000000000000000 ) ) ;
#538 = DIRECTION ( 'NONE',  ( 0.000000000000000000, 0.000000000000000000, -1.000000000000000000 ) ) ;
#539 = AXIS2_PLACEMENT_3D ( 'NONE', #232, #328, #120 ) ;
#540 = CARTESIAN_POINT ( 'NONE',  ( -10.44878302788244895, -1.300000000000000266, 4.846153846153846700 ) ) ;
#541 = EDGE_LOOP ( 'NONE', ( #1100, #11, #1155, #412 ) ) ;
#542 = DIRECTION ( 'NONE',  ( 0.000000000000000000, 1.000000000000000000, -0.000000000000000000 ) ) ;
#543 = FACE_OUTER_BOUND ( 'NONE', #662, .T. ) ;
#544 = ORIENTED_EDGE ( 'NONE', *, *, #1264, .T. ) ;
#545 = AXIS2_PLACEMENT_3D ( 'NONE', #473, #1149, #927 ) ;
#546 = ADVANCED_FACE ( 'NONE', ( #637, #1328, #981 ), #1070, .F. ) ;
#547 = EDGE_CURVE ( 'NONE', #166, #323, #361, .T. ) ;
#548 = CIRCLE ( 'NONE', #718, 6.799999999999999822 ) ;
#549 = EDGE_CURVE ( 'NONE', #366, #941, #1041, .T. ) ;
#550 = DIRECTION ( 'NONE',  ( 0.000000000000000000, 0.000000000000000000, 1.000000000000000000 ) ) ;
#551 = ORIENTED_EDGE ( 'NONE', *, *, #930, .T. ) ;
#552 = CARTESIAN_POINT ( 'NONE',  ( -10.44878302788244895, 4.500000000000000888, -4.846153846153846700 ) ) ;
#553 = AXIS2_PLACEMENT_3D ( 'NONE', #1281, #261, #1418 ) ;
#554 = DIRECTION ( 'NONE',  ( -1.000000000000000000, 0.000000000000000000, 0.000000000000000000 ) ) ;
#555 = VERTEX_POINT ( 'NONE', #71 ) ;
#556 = CARTESIAN_POINT ( 'NONE',  ( -15.49999999999999112, -1.300000000000000266, 3.200000000000000622 ) ) ;
#557 = DIRECTION ( 'NONE',  ( 0.000000000000000000, 1.000000000000000000, -0.000000000000000000 ) ) ;
#558 = ORIENTED_EDGE ( 'NONE', *, *, #54, .F. ) ;
#559 = DIRECTION ( 'NONE',  ( 1.000000000000000000, 0.000000000000000000, 0.000000000000000000 ) ) ;
#560 = TOROIDAL_SURFACE ( 'NONE', #934, 6.200000000000001066, 0.2000000000000000111 ) ;
#561 = CARTESIAN_POINT ( 'NONE',  ( 46.50000000000000711, -1.500000000000000000, 1.280288983496551938E-16 ) ) ;
#562 = EDGE_LOOP ( 'NONE', ( #211, #840, #336, #754, #219, #859, #956, #741, #92, #703, #1284, #89 ) ) ;
#563 = DIRECTION ( 'NONE',  ( 0.000000000000000000, 0.000000000000000000, 1.000000000000000000 ) ) ;
#564 = PRESENTATION_LAYER_ASSIGNMENT (  '', '', ( #797 ) ) ;
#565 = AXIS2_PLACEMENT_3D ( 'NONE', #441, #1145, #136 ) ;
#566 = DIRECTION ( 'NONE',  ( -1.000000000000000000, 0.000000000000000000, 0.000000000000000000 ) ) ;
#567 = EDGE_LOOP ( 'NONE', ( #180, #1302, #262, #1397 ) ) ;
#568 = CARTESIAN_POINT ( 'NONE',  ( -6.119168480353129880, 4.299999999999999822, 2.799999999999999822 ) ) ;
#569 = FACE_OUTER_BOUND ( 'NONE', #665, .T. ) ;
#570 = ORIENTED_EDGE ( 'NONE', *, *, #846, .T. ) ;
#571 = CARTESIAN_POINT ( 'NONE',  ( -15.49999999999999112, -1.300000000000000266, 3.000000000000000444 ) ) ;
#572 = ORIENTED_EDGE ( 'NONE', *, *, #364, .F. ) ;
#573 = CARTESIAN_POINT ( 'NONE',  ( -15.49999999999999112, 4.500000000000000888, -3.200000000000000622 ) ) ;
#574 = AXIS2_PLACEMENT_3D ( 'NONE', #249, #712, #1154 ) ;
#575 = CIRCLE ( 'NONE', #210, 6.800000000000002487 ) ;
#576 = CARTESIAN_POINT ( 'NONE',  ( -15.49999999999999112, -1.300000000000000266, 7.000000000000001776 ) ) ;
#577 = DIRECTION ( 'NONE',  ( 0.000000000000000000, 0.000000000000000000, -1.000000000000000000 ) ) ;
#578 = DIRECTION ( 'NONE',  ( 0.000000000000000000, 1.000000000000000000, -0.000000000000000000 ) ) ;
#579 = VERTEX_POINT ( 'NONE', #1426 ) ;
#580 = CIRCLE ( 'NONE', #899, 6.200000000000001954 ) ;
#581 = FACE_OUTER_BOUND ( 'NONE', #1117, .T. ) ;
#582 = ADVANCED_FACE ( 'NONE', ( #408 ), #1381, .T. ) ;
#583 = DIRECTION ( 'NONE',  ( 0.000000000000000000, 1.000000000000000000, -0.000000000000000000 ) ) ;
#584 = ORIENTED_EDGE ( 'NONE', *, *, #697, .T. ) ;
#585 = DIRECTION ( 'NONE',  ( -0.000000000000000000, -1.000000000000000000, -0.000000000000000000 ) ) ;
#586 = VERTEX_POINT ( 'NONE', #1232 ) ;
#587 = CARTESIAN_POINT ( 'NONE',  ( 41.59310351280011275, 4.299999999999999822, -4.707692307692310507 ) ) ;
#588 = ADVANCED_FACE ( 'NONE', ( #215 ), #284, .T. ) ;
#589 = ADVANCED_FACE ( 'NONE', ( #318 ), #700, .T. ) ;
#590 = AXIS2_PLACEMENT_3D ( 'NONE', #1, #1126, #1244 ) ;
#591 = DIRECTION ( 'NONE',  ( 0.000000000000000000, 1.000000000000000000, -0.000000000000000000 ) ) ;
#592 = ORIENTED_EDGE ( 'NONE', *, *, #260, .F. ) ;
#593 = DIRECTION ( 'NONE',  ( 0.000000000000000000, 0.000000000000000000, 1.000000000000000000 ) ) ;
#594 = ORIENTED_EDGE ( 'NONE', *, *, #1442, .T. ) ;
#595 = DIRECTION ( 'NONE',  ( 0.000000000000000000, 1.000000000000000000, -0.000000000000000000 ) ) ;
#596 = EDGE_CURVE ( 'NONE', #882, #1009, #320, .T. ) ;
#597 = EDGE_CURVE ( 'NONE', #903, #695, #796, .T. ) ;
#598 = DIRECTION ( 'NONE',  ( 0.000000000000000000, 0.000000000000000000, 1.000000000000000000 ) ) ;
#599 = ADVANCED_FACE ( 'NONE', ( #581 ), #1247, .T. ) ;
#600 = CIRCLE ( 'NONE', #1226, 6.999999999999999112 ) ;
#601 = TOROIDAL_SURFACE ( 'NONE', #10, 3.200000000000008171, 0.2000000000000000111 ) ;
#602 = CARTESIAN_POINT ( 'NONE',  ( 0.000000000000000000, 0.000000000000000000, 0.000000000000000000 ) ) ;
#603 = ORIENTED_EDGE ( 'NONE', *, *, #278, .F. ) ;
#604 = DIRECTION ( 'NONE',  ( 0.000000000000000000, 1.000000000000000000, -0.000000000000000000 ) ) ;
#605 = DIRECTION ( 'NONE',  ( 0.000000000000000000, 0.000000000000000000, 1.000000000000000000 ) ) ;
#606 = CARTESIAN_POINT ( 'NONE',  ( -15.49999999999999112, 4.500000000000000888, 7.000000000000001776 ) ) ;
#607 = ORIENTED_EDGE ( 'NONE', *, *, #501, .F. ) ;
#608 = CARTESIAN_POINT ( 'NONE',  ( 37.11916848035314587, -1.300000000000000266, -9.000000000000001776 ) ) ;
#609 = AXIS2_PLACEMENT_3D ( 'NONE', #769, #1219, #132 ) ;
#610 = EDGE_CURVE ( 'NONE', #371, #1024, #1129, .T. ) ;
#611 = ORIENTED_EDGE ( 'NONE', *, *, #168, .F. ) ;
#612 = AXIS2_PLACEMENT_3D ( 'NONE', #1128, #788, #780 ) ;
#613 = CARTESIAN_POINT ( 'NONE',  ( -15.49999999999999112, 4.299999999999999822, 7.000000000000001776 ) ) ;
#614 = DIRECTION ( 'NONE',  ( 0.000000000000000000, 1.000000000000000000, -0.000000000000000000 ) ) ;
#615 = CIRCLE ( 'NONE', #1157, 6.800000000000002487 ) ;
#616 = CIRCLE ( 'NONE', #479, 0.2000000000000000944 ) ;
#617 = ORIENTED_EDGE ( 'NONE', *, *, #216, .T. ) ;
#618 = DIRECTION ( 'NONE',  ( 0.000000000000000000, 0.000000000000000000, 1.000000000000000000 ) ) ;
#619 = CARTESIAN_POINT ( 'NONE',  ( -15.49999999999999112, 4.500000000000000888, -6.800000000000002487 ) ) ;
#620 = AXIS2_PLACEMENT_3D ( 'NONE', #401, #194, #960 ) ;
#621 = ORIENTED_EDGE ( 'NONE', *, *, #628, .F. ) ;
#622 = DIRECTION ( 'NONE',  ( 0.000000000000000000, 0.000000000000000000, 1.000000000000000000 ) ) ;
#623 = APPLICATION_CONTEXT ( 'automotive_design' ) ;
#624 = ORIENTED_EDGE ( 'NONE', *, *, #1175, .T. ) ;
#625 = CARTESIAN_POINT ( 'NONE',  ( 37.11916848035314587, -1.300000000000000266, 9.000000000000001776 ) ) ;
#626 = CARTESIAN_POINT ( 'NONE',  ( -15.49999999999999112, 4.299999999999999822, -3.000000000000000000 ) ) ;
#627 = DIRECTION ( 'NONE',  ( 0.000000000000000000, 0.000000000000000000, 1.000000000000000000 ) ) ;
#628 = EDGE_CURVE ( 'NONE', #695, #1415, #229, .T. ) ;
#629 = ORIENTED_EDGE ( 'NONE', *, *, #476, .F. ) ;
#630 = AXIS2_PLACEMENT_3D ( 'NONE', #439, #794, #1212 ) ;
#631 = FACE_OUTER_BOUND ( 'NONE', #51, .T. ) ;
#632 = ORIENTED_EDGE ( 'NONE', *, *, #760, .F. ) ;
#633 = PRODUCT_DEFINITION_FORMATION_WITH_SPECIFIED_SOURCE ( 'HERHANGÝ', '', #889, .NOT_KNOWN. ) ;
#634 = CARTESIAN_POINT ( 'NONE',  ( -15.49999999999999112, 4.299999999999999822, -3.000000000000000444 ) ) ;
#635 = AXIS2_PLACEMENT_3D ( 'NONE', #666, #1450, #1006 ) ;
#636 = DIRECTION ( 'NONE',  ( 0.000000000000000000, 0.000000000000000000, 1.000000000000000000 ) ) ;
#637 = FACE_OUTER_BOUND ( 'NONE', #562, .T. ) ;
#638 = EDGE_CURVE ( 'NONE', #730, #1096, #442, .T. ) ;
#639 = DIRECTION ( 'NONE',  ( 0.000000000000000000, 0.000000000000000000, -1.000000000000000000 ) ) ;
#640 = EDGE_LOOP ( 'NONE', ( #1032, #648, #1446, #240 ) ) ;
#641 = DIRECTION ( 'NONE',  ( 0.000000000000000000, 0.000000000000000000, 1.000000000000000000 ) ) ;
#642 = CYLINDRICAL_SURFACE ( 'NONE', #750, 6.999999999999999112 ) ;
#643 = DIRECTION ( 'NONE',  ( 0.000000000000000000, 1.000000000000000000, -0.000000000000000000 ) ) ;
#644 = AXIS2_PLACEMENT_3D ( 'NONE', #833, #56, #639 ) ;
#645 = AXIS2_PLACEMENT_3D ( 'NONE', #1122, #1000, #890 ) ;
#646 = VECTOR ( 'NONE', #14, 1000.000000000000000 ) ;
#647 = DIRECTION ( 'NONE',  ( 1.000000000000000000, -0.000000000000000000, 0.000000000000000000 ) ) ;
#648 = ORIENTED_EDGE ( 'NONE', *, *, #1220, .F. ) ;
#649 = LINE ( 'NONE', #869, #477 ) ;
#650 = CARTESIAN_POINT ( 'NONE',  ( 46.50000000000000711, -1.300000000000000266, 6.999999999999999112 ) ) ;
#651 = FACE_OUTER_BOUND ( 'NONE', #145, .T. ) ;
#652 = CARTESIAN_POINT ( 'NONE',  ( -6.119168480353129880, 4.299999999999999822, -2.799999999999999822 ) ) ;
#653 = EDGE_CURVE ( 'NONE', #787, #1249, #1435, .T. ) ;
#654 = ORIENTED_EDGE ( 'NONE', *, *, #1055, .T. ) ;
#655 = CARTESIAN_POINT ( 'NONE',  ( 37.11916848035314587, 4.500000000000000888, 3.000000000000000000 ) ) ;
#656 = ADVANCED_FACE ( 'NONE', ( #803 ), #1238, .F. ) ;
#657 = DIRECTION ( 'NONE',  ( -0.6923076923076927347, 0.000000000000000000, 0.7216024245882196597 ) ) ;
#658 = VECTOR ( 'NONE', #8, 1000.000000000000000 ) ;
#659 = EDGE_LOOP ( 'NONE', ( #1066, #1053, #1307, #924 ) ) ;
#660 = DIRECTION ( 'NONE',  ( 0.000000000000000000, 1.000000000000000000, -0.000000000000000000 ) ) ;
#661 = FACE_BOUND ( 'NONE', #227, .T. ) ;
#662 = EDGE_LOOP ( 'NONE', ( #1106, #134, #551, #1317 ) ) ;
#663 = DIRECTION ( 'NONE',  ( 0.000000000000000000, 1.000000000000000000, -0.000000000000000000 ) ) ;
#664 = DIRECTION ( 'NONE',  ( 0.000000000000000000, 1.000000000000000000, -0.000000000000000000 ) ) ;
#665 = EDGE_LOOP ( 'NONE', ( #411, #1058, #1049, #1237 ) ) ;
#666 = CARTESIAN_POINT ( 'NONE',  ( -15.49999999999999112, 4.500000000000000888, 1.280288983496551938E-16 ) ) ;
#667 = AXIS2_PLACEMENT_3D ( 'NONE', #450, #1225, #898 ) ;
#668 = CARTESIAN_POINT ( 'NONE',  ( 37.11916848035314587, -1.300000000000000266, -3.000000000000000000 ) ) ;
#669 = ORIENTED_EDGE ( 'NONE', *, *, #850, .F. ) ;
#670 = CARTESIAN_POINT ( 'NONE',  ( 37.11916848035314587, 4.299999999999999822, 9.000000000000001776 ) ) ;
#671 = AXIS2_PLACEMENT_3D ( 'NONE', #674, #1355, #683 ) ;
#672 = CARTESIAN_POINT ( 'NONE',  ( 37.11916848035314587, -1.300000000000000266, 3.000000000000000000 ) ) ;
#673 = ORIENTED_EDGE ( 'NONE', *, *, #1036, .F. ) ;
#674 = CARTESIAN_POINT ( 'NONE',  ( 46.50000000000000711, 4.299999999999999822, 1.280288983496551938E-16 ) ) ;
#675 = PRODUCT_DEFINITION_SHAPE ( 'NONE', 'NONE',  #1248 ) ;
#676 = EDGE_CURVE ( 'NONE', #555, #1428, #1369, .T. ) ;
#677 = DIRECTION ( 'NONE',  ( 0.000000000000000000, 0.000000000000000000, 1.000000000000000000 ) ) ;
#678 = ORIENTED_EDGE ( 'NONE', *, *, #1440, .T. ) ;
#679 = DIRECTION ( 'NONE',  ( 0.000000000000000000, 0.000000000000000000, -1.000000000000000000 ) ) ;
#680 = CIRCLE ( 'NONE', #857, 6.000000000000001776 ) ;
#681 = DIRECTION ( 'NONE',  ( 0.6923076923076927347, 3.129451665637426527E-15, 0.7216024245882196597 ) ) ;
#682 = ORIENTED_EDGE ( 'NONE', *, *, #1064, .T. ) ;
#683 = DIRECTION ( 'NONE',  ( 0.000000000000000000, 0.000000000000000000, 1.000000000000000000 ) ) ;
#684 = EDGE_CURVE ( 'NONE', #1455, #555, #417, .T. ) ;
#685 = ORIENTED_EDGE ( 'NONE', *, *, #982, .T. ) ;
#686 = AXIS2_PLACEMENT_3D ( 'NONE', #337, #1346, #1246 ) ;
#687 = CARTESIAN_POINT ( 'NONE',  ( -15.49999999999999112, 4.299999999999999822, 1.280288983496551938E-16 ) ) ;
#688 = ORIENTED_EDGE ( 'NONE', *, *, #1333, .F. ) ;
#689 = DIRECTION ( 'NONE',  ( 0.000000000000000000, 0.000000000000000000, 1.000000000000000000 ) ) ;
#690 = CARTESIAN_POINT ( 'NONE',  ( 37.11916848035314587, 4.500000000000000888, -9.000000000000001776 ) ) ;
#691 = EDGE_LOOP ( 'NONE', ( #1147, #772, #669, #143 ) ) ;
#692 = DIRECTION ( 'NONE',  ( -0.6923076923076904032, 0.000000000000000000, 0.7216024245882218802 ) ) ;
#693 = VECTOR ( 'NONE', #437, 1000.000000000000000 ) ;
#694 = CARTESIAN_POINT ( 'NONE',  ( 46.50000000000000711, -1.300000000000000266, 1.280288983496551938E-16 ) ) ;
#695 = VERTEX_POINT ( 'NONE', #571 ) ;
#696 = DIRECTION ( 'NONE',  ( 0.000000000000000000, 0.000000000000000000, -1.000000000000000000 ) ) ;
#697 = EDGE_CURVE ( 'NONE', #366, #155, #179, .T. ) ;
#698 = ORIENTED_EDGE ( 'NONE', *, *, #374, .F. ) ;
#699 = VECTOR ( 'NONE', #516, 1000.000000000000000 ) ;
#700 = CYLINDRICAL_SURFACE ( 'NONE', #1195, 7.000000000000001776 ) ;
#701 = CARTESIAN_POINT ( 'NONE',  ( -10.59310351280009321, 4.500000000000000888, 4.707692307692308731 ) ) ;
#702 = ORIENTED_EDGE ( 'NONE', *, *, #1331, .T. ) ;
#703 = ORIENTED_EDGE ( 'NONE', *, *, #1258, .T. ) ;
#704 = ADVANCED_FACE ( 'NONE', ( #1111 ), #128, .F. ) ;
#705 = ORIENTED_EDGE ( 'NONE', *, *, #1217, .F. ) ;
#706 = ADVANCED_FACE ( 'NONE', ( #343 ), #955, .T. ) ;
#707 = CARTESIAN_POINT ( 'NONE',  ( 37.11916848035314587, 4.299999999999999822, 3.000000000000000000 ) ) ;
#708 = EDGE_CURVE ( 'NONE', #579, #695, #821, .T. ) ;
#709 = CIRCLE ( 'NONE', #23, 0.2000000000000002331 ) ;
#710 = ORIENTED_EDGE ( 'NONE', *, *, #313, .F. ) ;
#711 = AXIS2_PLACEMENT_3D ( 'NONE', #1028, #25, #1285 ) ;
#712 = DIRECTION ( 'NONE',  ( 0.000000000000000000, 1.000000000000000000, -0.000000000000000000 ) ) ;
#713 = ORIENTED_EDGE ( 'NONE', *, *, #364, .T. ) ;
#714 = DIRECTION ( 'NONE',  ( 0.000000000000000000, 0.000000000000000000, -1.000000000000000000 ) ) ;
#715 = DIRECTION ( 'NONE',  ( -0.000000000000000000, -1.000000000000000000, -0.000000000000000000 ) ) ;
#716 = AXIS2_PLACEMENT_3D ( 'NONE', #1083, #529, #763 ) ;
#717 = VERTEX_POINT ( 'NONE', #1404 ) ;
#718 = AXIS2_PLACEMENT_3D ( 'NONE', #1339, #583, #605 ) ;
#719 = ORIENTED_EDGE ( 'NONE', *, *, #527, .T. ) ;
#720 = CARTESIAN_POINT ( 'NONE',  ( 41.44878302788247026, 4.500000000000000888, -4.846153846153849365 ) ) ;
#721 = EDGE_CURVE ( 'NONE', #360, #263, #1033, .T. ) ;
#722 = ORIENTED_EDGE ( 'NONE', *, *, #1022, .T. ) ;
#723 = ORIENTED_EDGE ( 'NONE', *, *, #152, .F. ) ;
#724 = AXIS2_PLACEMENT_3D ( 'NONE', #530, #407, #300 ) ;
#725 = CIRCLE ( 'NONE', #319, 6.200000000000001954 ) ;
#726 = ORIENTED_EDGE ( 'NONE', *, *, #708, .F. ) ;
#727 = CIRCLE ( 'NONE', #888, 6.200000000000001066 ) ;
#728 = CARTESIAN_POINT ( 'NONE',  ( 37.11916848035314587, 4.500000000000000888, -2.799999999999999822 ) ) ;
#729 = STYLED_ITEM ( 'NONE', ( #409 ), #116 ) ;
#730 = VERTEX_POINT ( 'NONE', #835 ) ;
#731 = DIRECTION ( 'NONE',  ( -0.000000000000000000, -1.000000000000000000, 0.000000000000000000 ) ) ;
#732 = CIRCLE ( 'NONE', #1298, 3.000000000000007994 ) ;
#733 = AXIS2_PLACEMENT_3D ( 'NONE', #819, #1370, #459 ) ;
#734 = ADVANCED_FACE ( 'NONE', ( #489 ), #1394, .T. ) ;
#735 = ORIENTED_EDGE ( 'NONE', *, *, #266, .T. ) ;
#736 = CARTESIAN_POINT ( 'NONE',  ( 46.50000000000000711, -1.300000000000000266, -6.999999999999999112 ) ) ;
#737 = CARTESIAN_POINT ( 'NONE',  ( 37.11916848035314587, -1.500000000000000000, 9.000000000000001776 ) ) ;
#738 = FACE_OUTER_BOUND ( 'NONE', #567, .T. ) ;
#739 = AXIS2_PLACEMENT_3D ( 'NONE', #171, #643, #185 ) ;
#740 = DIRECTION ( 'NONE',  ( -0.000000000000000000, -1.000000000000000000, 0.000000000000000000 ) ) ;
#741 = ORIENTED_EDGE ( 'NONE', *, *, #152, .T. ) ;
#742 = DIRECTION ( 'NONE',  ( 1.000000000000000000, -0.000000000000000000, 0.000000000000000000 ) ) ;
#743 = EDGE_CURVE ( 'NONE', #1349, #436, #1378, .T. ) ;
#744 = EDGE_CURVE ( 'NONE', #1227, #419, #752, .T. ) ;
#745 = DIRECTION ( 'NONE',  ( 0.000000000000000000, 0.000000000000000000, 1.000000000000000000 ) ) ;
#746 = CARTESIAN_POINT ( 'NONE',  ( -15.49999999999999112, -1.300000000000000266, 1.280288983496551938E-16 ) ) ;
#747 = EDGE_CURVE ( 'NONE', #1295, #285, #862, .T. ) ;
#748 = FILL_AREA_STYLE_COLOUR ( '', #958 ) ;
#749 = EDGE_LOOP ( 'NONE', ( #570, #222, #370, #762 ) ) ;
#750 = AXIS2_PLACEMENT_3D ( 'NONE', #1438, #415, #515 ) ;
#751 = CARTESIAN_POINT ( 'NONE',  ( -15.49999999999999112, 4.500000000000000888, 1.280288983496551938E-16 ) ) ;
#752 = CIRCLE ( 'NONE', #1153, 6.800000000000002487 ) ;
#753 = CARTESIAN_POINT ( 'NONE',  ( -15.49999999999999112, 4.299999999999999822, -7.000000000000001776 ) ) ;
#754 = ORIENTED_EDGE ( 'NONE', *, *, #547, .T. ) ;
#755 = DIRECTION ( 'NONE',  ( 0.000000000000000000, 0.000000000000000000, -1.000000000000000000 ) ) ;
#756 = DIRECTION ( 'NONE',  ( 0.000000000000000000, 0.000000000000000000, 1.000000000000000000 ) ) ;
#757 = DIRECTION ( 'NONE',  ( 0.000000000000000000, 1.000000000000000000, -0.000000000000000000 ) ) ;
#758 = EDGE_CURVE ( 'NONE', #555, #1009, #942, .T. ) ;
#759 = AXIS2_PLACEMENT_3D ( 'NONE', #1271, #715, #1015 ) ;
#760 = EDGE_CURVE ( 'NONE', #820, #419, #470, .T. ) ;
#761 = CARTESIAN_POINT ( 'NONE',  ( -15.49999999999999112, 4.500000000000000888, -3.000000000000000444 ) ) ;
#762 = ORIENTED_EDGE ( 'NONE', *, *, #295, .F. ) ;
#763 = DIRECTION ( 'NONE',  ( 0.000000000000000000, 0.000000000000000000, -1.000000000000000000 ) ) ;
#764 = DIRECTION ( 'NONE',  ( 0.000000000000000000, 0.000000000000000000, -1.000000000000000000 ) ) ;
#765 = VERTEX_POINT ( 'NONE', #728 ) ;
#766 = CARTESIAN_POINT ( 'NONE',  ( -6.119168480353129880, 4.500000000000000888, -2.799999999999999822 ) ) ;
#767 = DIRECTION ( 'NONE',  ( 1.000000000000000000, -0.000000000000000000, 0.000000000000000000 ) ) ;
#768 = ORIENTED_EDGE ( 'NONE', *, *, #236, .T. ) ;
#769 = CARTESIAN_POINT ( 'NONE',  ( 46.50000000000000711, -1.300000000000000266, 1.280288983496551938E-16 ) ) ;
#770 = LINE ( 'NONE', #1351, #658 ) ;
#771 = VECTOR ( 'NONE', #326, 1000.000000000000000 ) ;
#772 = ORIENTED_EDGE ( 'NONE', *, *, #433, .T. ) ;
#773 = DIRECTION ( 'NONE',  ( -0.000000000000000000, -1.000000000000000000, -0.000000000000000000 ) ) ;
#774 = EDGE_LOOP ( 'NONE', ( #723, #678, #1452, #993 ) ) ;
#775 = CARTESIAN_POINT ( 'NONE',  ( 46.50000000000000711, -1.300000000000000266, 3.200000000000008171 ) ) ;
#776 = ORIENTED_EDGE ( 'NONE', *, *, #1020, .F. ) ;
#777 = DIRECTION ( 'NONE',  ( -0.000000000000000000, -1.000000000000000000, 0.000000000000000000 ) ) ;
#778 = ADVANCED_FACE ( 'NONE', ( #38 ), #1260, .T. ) ;
#779 = ORIENTED_EDGE ( 'NONE', *, *, #549, .T. ) ;
#780 = DIRECTION ( 'NONE',  ( 0.000000000000000000, 0.000000000000000000, 1.000000000000000000 ) ) ;
#781 = VECTOR ( 'NONE', #306, 1000.000000000000000 ) ;
#782 = VECTOR ( 'NONE', #1401, 1000.000000000000000 ) ;
#783 = CARTESIAN_POINT ( 'NONE',  ( -10.59310351280009321, 4.500000000000000888, -4.707692307692307843 ) ) ;
#784 = EDGE_LOOP ( 'NONE', ( #827, #702, #925, #1196 ) ) ;
#785 = FACE_OUTER_BOUND ( 'NONE', #1322, .T. ) ;
#786 = DIRECTION ( 'NONE',  ( 0.000000000000000000, 0.000000000000000000, 1.000000000000000000 ) ) ;
#787 = VERTEX_POINT ( 'NONE', #43 ) ;
#788 = DIRECTION ( 'NONE',  ( -0.000000000000000000, -1.000000000000000000, 0.000000000000000000 ) ) ;
#789 = EDGE_CURVE ( 'NONE', #815, #45, #727, .T. ) ;
#790 = FACE_OUTER_BOUND ( 'NONE', #1325, .T. ) ;
#791 = VERTEX_POINT ( 'NONE', #707 ) ;
#792 = FACE_OUTER_BOUND ( 'NONE', #1164, .T. ) ;
#793 = CIRCLE ( 'NONE', #410, 0.1999999999999996503 ) ;
#794 = DIRECTION ( 'NONE',  ( -0.000000000000000000, -1.000000000000000000, -0.000000000000000000 ) ) ;
#795 = EDGE_LOOP ( 'NONE', ( #80, #1242, #140, #131 ) ) ;
#796 = LINE ( 'NONE', #887, #1270 ) ;
#797 = STYLED_ITEM ( 'NONE', ( #1026 ), #1103 ) ;
#798 = AXIS2_PLACEMENT_3D ( 'NONE', #156, #32, #46 ) ;
#799 = CARTESIAN_POINT ( 'NONE',  ( -15.49999999999999112, -1.300000000000000044, -2.799999999999999822 ) ) ;
#800 = ORIENTED_EDGE ( 'NONE', *, *, #1170, .T. ) ;
#801 = CARTESIAN_POINT ( 'NONE',  ( -15.49999999999999112, 4.500000000000000888, 1.280288983496551938E-16 ) ) ;
#802 = ORIENTED_EDGE ( 'NONE', *, *, #435, .T. ) ;
#803 = FACE_OUTER_BOUND ( 'NONE', #1403, .T. ) ;
#804 = CIRCLE ( 'NONE', #161, 0.2000000000000000944 ) ;
#805 = AXIS2_PLACEMENT_3D ( 'NONE', #1087, #321, #1444 ) ;
#806 = CARTESIAN_POINT ( 'NONE',  ( -15.49999999999999112, 4.299999999999999822, 1.280288983496551938E-16 ) ) ;
#807 = ADVANCED_FACE ( 'NONE', ( #151 ), #494, .T. ) ;
#808 = EDGE_CURVE ( 'NONE', #493, #1227, #1169, .T. ) ;
#809 = VERTEX_POINT ( 'NONE', #1173 ) ;
#810 = EDGE_CURVE ( 'NONE', #1349, #268, #44, .T. ) ;
#811 = ORIENTED_EDGE ( 'NONE', *, *, #1200, .F. ) ;
#812 = AXIS2_PLACEMENT_3D ( 'NONE', #1306, #1314, #627 ) ;
#813 = DIRECTION ( 'NONE',  ( 0.000000000000000000, 0.000000000000000000, 1.000000000000000000 ) ) ;
#814 = FACE_OUTER_BOUND ( 'NONE', #1144, .T. ) ;
#815 = VERTEX_POINT ( 'NONE', #831 ) ;
#816 =( NAMED_UNIT ( * ) SI_UNIT ( $, .STERADIAN. ) SOLID_ANGLE_UNIT ( ) );
#817 = ORIENTED_EDGE ( 'NONE', *, *, #931, .T. ) ;
#818 = CIRCLE ( 'NONE', #533, 0.1999999999999996503 ) ;
#819 = CARTESIAN_POINT ( 'NONE',  ( 46.50000000000000711, 4.500000000000000888, 1.280288983496551938E-16 ) ) ;
#820 = VERTEX_POINT ( 'NONE', #613 ) ;
#821 = CIRCLE ( 'NONE', #1007, 3.000000000000000444 ) ;
#822 = CARTESIAN_POINT ( 'NONE',  ( 46.50000000000000711, 4.299999999999999822, 1.280288983496551938E-16 ) ) ;
#823 = ORIENTED_EDGE ( 'NONE', *, *, #865, .F. ) ;
#824 = CARTESIAN_POINT ( 'NONE',  ( -15.49999999999999112, 4.299999999999999822, -2.799999999999999822 ) ) ;
#825 = EDGE_CURVE ( 'NONE', #493, #1218, #1342, .T. ) ;
#826 = CARTESIAN_POINT ( 'NONE',  ( -6.119168480353129880, -1.500000000000000000, -9.000000000000001776 ) ) ;
#827 = ORIENTED_EDGE ( 'NONE', *, *, #676, .T. ) ;
#828 = CIRCLE ( 'NONE', #1400, 3.200000000000000622 ) ;
#829 = AXIS2_PLACEMENT_3D ( 'NONE', #195, #96, #418 ) ;
#830 = ORIENTED_EDGE ( 'NONE', *, *, #1150, .T. ) ;
#831 = CARTESIAN_POINT ( 'NONE',  ( -6.119168480353129880, -1.500000000000000000, 2.799999999999999822 ) ) ;
#832 = AXIS2_PLACEMENT_3D ( 'NONE', #142, #928, #1141 ) ;
#833 = CARTESIAN_POINT ( 'NONE',  ( 46.50000000000000711, 4.500000000000000888, 1.280288983496551938E-16 ) ) ;
#834 = ORIENTED_EDGE ( 'NONE', *, *, #997, .T. ) ;
#835 = CARTESIAN_POINT ( 'NONE',  ( 46.50000000000000711, -1.300000000000000266, -3.000000000000007994 ) ) ;
#836 = VERTEX_POINT ( 'NONE', #481 ) ;
#837 = CIRCLE ( 'NONE', #590, 3.200000000000008171 ) ;
#838 = CARTESIAN_POINT ( 'NONE',  ( -15.49999999999999112, -1.500000000000000000, 2.799999999999999822 ) ) ;
#839 = UNCERTAINTY_MEASURE_WITH_UNIT (LENGTH_MEASURE( 1.000000000000000082E-05 ), #1274, 'distance_accuracy_value', 'NONE');
#840 = ORIENTED_EDGE ( 'NONE', *, *, #1020, .T. ) ;
#841 = FACE_OUTER_BOUND ( 'NONE', #795, .T. ) ;
#842 = DIRECTION ( 'NONE',  ( 0.000000000000000000, 0.000000000000000000, 1.000000000000000000 ) ) ;
#843 = CARTESIAN_POINT ( 'NONE',  ( 37.11916848035314587, -1.300000000000000266, -2.799999999999998934 ) ) ;
#844 = AXIS2_PLACEMENT_3D ( 'NONE', #81, #1067, #755 ) ;
#845 = ADVANCED_FACE ( 'NONE', ( #264 ), #217, .T. ) ;
#846 = EDGE_CURVE ( 'NONE', #175, #791, #1079, .T. ) ;
#847 = CIRCLE ( 'NONE', #1035, 3.000000000000000444 ) ;
#848 = ORIENTED_EDGE ( 'NONE', *, *, #1038, .T. ) ;
#849 = LINE ( 'NONE', #286, #330 ) ;
#850 = EDGE_CURVE ( 'NONE', #58, #1364, #921, .T. ) ;
#851 = CARTESIAN_POINT ( 'NONE',  ( 41.59310351280011275, -1.500000000000000000, -4.707692307692310507 ) ) ;
#852 = DIRECTION ( 'NONE',  ( -0.000000000000000000, -1.000000000000000000, -0.000000000000000000 ) ) ;
#853 = CARTESIAN_POINT ( 'NONE',  ( -10.59310351280009321, -1.500000000000000000, -4.707692307692308731 ) ) ;
#854 = EDGE_LOOP ( 'NONE', ( #528, #1088, #1385, #1138 ) ) ;
#855 = DIRECTION ( 'NONE',  ( -0.6923076923076927347, 0.000000000000000000, 0.7216024245882196597 ) ) ;
#856 = DIRECTION ( 'NONE',  ( -0.000000000000000000, -1.000000000000000000, 0.000000000000000000 ) ) ;
#857 = AXIS2_PLACEMENT_3D ( 'NONE', #124, #1243, #986 ) ;
#858 = DIRECTION ( 'NONE',  ( 0.000000000000000000, 0.000000000000000000, 1.000000000000000000 ) ) ;
#859 = ORIENTED_EDGE ( 'NONE', *, *, #455, .T. ) ;
#860 = ORIENTED_EDGE ( 'NONE', *, *, #931, .F. ) ;
#861 = CARTESIAN_POINT ( 'NONE',  ( -6.119168480353129880, 4.299999999999999822, -3.000000000000000000 ) ) ;
#862 = CIRCLE ( 'NONE', #64, 6.799999999999999822 ) ;
#863 = LINE ( 'NONE', #626, #1168 ) ;
#864 = LINE ( 'NONE', #294, #482 ) ;
#865 = EDGE_CURVE ( 'NONE', #436, #1411, #649, .T. ) ;
#866 = DIRECTION ( 'NONE',  ( 0.000000000000000000, 0.000000000000000000, 1.000000000000000000 ) ) ;
#867 = AXIS2_PLACEMENT_3D ( 'NONE', #1235, #324, #16 ) ;
#868 = ORIENTED_EDGE ( 'NONE', *, *, #374, .T. ) ;
#869 = CARTESIAN_POINT ( 'NONE',  ( -15.49999999999999112, -1.300000000000000266, 3.000000000000000000 ) ) ;
#870 = CARTESIAN_POINT ( 'NONE',  ( 46.50000000000000711, 4.500000000000000888, -6.999999999999999112 ) ) ;
#871 = DIRECTION ( 'NONE',  ( 0.000000000000000000, 0.000000000000000000, 1.000000000000000000 ) ) ;
#872 = TOROIDAL_SURFACE ( 'NONE', #1279, 6.800000000000002487, 0.2000000000000000111 ) ;
#873 = AXIS2_PLACEMENT_3D ( 'NONE', #138, #591, #148 ) ;
#874 = FACE_OUTER_BOUND ( 'NONE', #472, .T. ) ;
#875 = VERTEX_POINT ( 'NONE', #1089 ) ;
#876 = DIRECTION ( 'NONE',  ( 0.7216024245882196597, 0.000000000000000000, 0.6923076923076926237 ) ) ;
#877 = DIRECTION ( 'NONE',  ( 0.7216024245882217691, 0.000000000000000000, -0.6923076923076904032 ) ) ;
#878 = VERTEX_POINT ( 'NONE', #59 ) ;
#879 = DIRECTION ( 'NONE',  ( 0.000000000000000000, 0.000000000000000000, 1.000000000000000000 ) ) ;
#880 = FACE_BOUND ( 'NONE', #35, .T. ) ;
#881 = ADVANCED_FACE ( 'NONE', ( #841 ), #420, .T. ) ;
#882 = VERTEX_POINT ( 'NONE', #736 ) ;
#883 = DIRECTION ( 'NONE',  ( 0.000000000000000000, 0.000000000000000000, -1.000000000000000000 ) ) ;
#884 = DIRECTION ( 'NONE',  ( 0.7216024245882196597, 0.000000000000000000, -0.6923076923076926237 ) ) ;
#885 = COLOUR_RGB ( '',0.7803921568627451011, 0.7607843137254901578, 0.7411764705882353255 ) ;
#886 = VERTEX_POINT ( 'NONE', #1205 ) ;
#887 = CARTESIAN_POINT ( 'NONE',  ( -15.49999999999999112, 4.500000000000000888, 3.000000000000000444 ) ) ;
#888 = AXIS2_PLACEMENT_3D ( 'NONE', #246, #158, #1156 ) ;
#889 = PRODUCT ( 'link', 'link', '', ( #380 ) ) ;
#890 = DIRECTION ( 'NONE',  ( 0.000000000000000000, 0.000000000000000000, 1.000000000000000000 ) ) ;
#891 = EDGE_CURVE ( 'NONE', #268, #237, #176, .T. ) ;
#892 = ORIENTED_EDGE ( 'NONE', *, *, #1333, .T. ) ;
#893 = CARTESIAN_POINT ( 'NONE',  ( 46.50000000000000711, 4.299999999999999822, -3.000000000000007994 ) ) ;
#894 = DIRECTION ( 'NONE',  ( -0.000000000000000000, -1.000000000000000000, -0.000000000000000000 ) ) ;
#895 = EDGE_LOOP ( 'NONE', ( #1390, #440, #1377, #127 ) ) ;
#896 = DIRECTION ( 'NONE',  ( 0.000000000000000000, 1.000000000000000000, -0.000000000000000000 ) ) ;
#897 = TOROIDAL_SURFACE ( 'NONE', #1251, 6.200000000000001954, 0.2000000000000000111 ) ;
#898 = DIRECTION ( 'NONE',  ( 0.000000000000000000, 0.000000000000000000, 1.000000000000000000 ) ) ;
#899 = AXIS2_PLACEMENT_3D ( 'NONE', #416, #660, #989 ) ;
#900 = ORIENTED_EDGE ( 'NONE', *, *, #1330, .T. ) ;
#901 = CARTESIAN_POINT ( 'NONE',  ( -10.59310351280009321, 4.299999999999999822, 4.707692307692307843 ) ) ;
#902 = CARTESIAN_POINT ( 'NONE',  ( 46.50000000000000711, 4.299999999999999822, 1.280288983496551938E-16 ) ) ;
#903 = VERTEX_POINT ( 'NONE', #1303 ) ;
#904 = DIRECTION ( 'NONE',  ( -0.000000000000000000, -1.000000000000000000, -0.000000000000000000 ) ) ;
#905 = CARTESIAN_POINT ( 'NONE',  ( 46.50000000000000711, -1.300000000000000266, 1.280288983496551938E-16 ) ) ;
#906 = ORIENTED_EDGE ( 'NONE', *, *, #952, .T. ) ;
#907 = CYLINDRICAL_SURFACE ( 'NONE', #1177, 3.000000000000007994 ) ;
#908 = TOROIDAL_SURFACE ( 'NONE', #974, 3.200000000000000622, 0.2000000000000000111 ) ;
#909 = EDGE_LOOP ( 'NONE', ( #492, #1213, #1275, #1210 ) ) ;
#910 = DIRECTION ( 'NONE',  ( 0.000000000000000000, 0.000000000000000000, -1.000000000000000000 ) ) ;
#911 = MECHANICAL_DESIGN_GEOMETRIC_PRESENTATION_REPRESENTATION (  '', ( #797 ), #1071 ) ;
#912 = ADVANCED_FACE ( 'NONE', ( #1296 ), #1419, .T. ) ;
#913 = EDGE_CURVE ( 'NONE', #1428, #809, #600, .T. ) ;
#914 = AXIS2_PLACEMENT_3D ( 'NONE', #1047, #604, #270 ) ;
#915 = FACE_OUTER_BOUND ( 'NONE', #486, .T. ) ;
#916 = EDGE_CURVE ( 'NONE', #493, #389, #1183, .T. ) ;
#917 = ORIENTED_EDGE ( 'NONE', *, *, #1202, .T. ) ;
#918 = CARTESIAN_POINT ( 'NONE',  ( -15.49999999999999112, -1.300000000000000266, 1.280288983496551938E-16 ) ) ;
#919 = EDGE_LOOP ( 'NONE', ( #480, #160, #860, #603 ) ) ;
#920 = CARTESIAN_POINT ( 'NONE',  ( -15.49999999999999112, 4.299999999999999822, 1.280288983496551938E-16 ) ) ;
#921 = CIRCLE ( 'NONE', #1321, 6.799999999999999822 ) ;
#922 = CIRCLE ( 'NONE', #1329, 6.200000000000001066 ) ;
#923 = FACE_OUTER_BOUND ( 'NONE', #640, .T. ) ;
#924 = ORIENTED_EDGE ( 'NONE', *, *, #1330, .F. ) ;
#925 = ORIENTED_EDGE ( 'NONE', *, *, #596, .T. ) ;
#926 = AXIS2_PLACEMENT_3D ( 'NONE', #464, #896, #223 ) ;
#927 = DIRECTION ( 'NONE',  ( 0.000000000000000000, 0.000000000000000000, -1.000000000000000000 ) ) ;
#928 = DIRECTION ( 'NONE',  ( 1.000000000000000000, 0.000000000000000000, 1.224646799147353207E-16 ) ) ;
#929 = ORIENTED_EDGE ( 'NONE', *, *, #891, .F. ) ;
#930 = EDGE_CURVE ( 'NONE', #1096, #730, #732, .T. ) ;
#931 = EDGE_CURVE ( 'NONE', #511, #717, #144, .T. ) ;
#932 = VERTEX_POINT ( 'NONE', #1190 ) ;
#933 = CARTESIAN_POINT ( 'NONE',  ( -15.49999999999999112, 4.500000000000000888, 1.280288983496551938E-16 ) ) ;
#934 = AXIS2_PLACEMENT_3D ( 'NONE', #1461, #349, #7 ) ;
#935 = AXIS2_PLACEMENT_3D ( 'NONE', #1305, #287, #745 ) ;
#936 = DIRECTION ( 'NONE',  ( 0.000000000000000000, 0.000000000000000000, 1.000000000000000000 ) ) ;
#937 = VECTOR ( 'NONE', #946, 1000.000000000000000 ) ;
#938 = ORIENTED_EDGE ( 'NONE', *, *, #137, .F. ) ;
#939 =( NAMED_UNIT ( * ) SI_UNIT ( $, .STERADIAN. ) SOLID_ANGLE_UNIT ( ) );
#940 = EDGE_CURVE ( 'NONE', #323, #123, #849, .T. ) ;
#941 = VERTEX_POINT ( 'NONE', #634 ) ;
#942 = LINE ( 'NONE', #720, #296 ) ;
#943 =( NAMED_UNIT ( * ) SI_UNIT ( $, .STERADIAN. ) SOLID_ANGLE_UNIT ( ) );
#944 = AXIS2_PLACEMENT_3D ( 'NONE', #164, #731, #1180 ) ;
#945 = VERTEX_POINT ( 'NONE', #861 ) ;
#946 = DIRECTION ( 'NONE',  ( -0.000000000000000000, -1.000000000000000000, -0.000000000000000000 ) ) ;
#947 = AXIS2_PLACEMENT_3D ( 'NONE', #799, #1131, #936 ) ;
#948 = CARTESIAN_POINT ( 'NONE',  ( -15.49999999999999112, -1.500000000000000000, 1.280288983496551938E-16 ) ) ;
#949 = ORIENTED_EDGE ( 'NONE', *, *, #1112, .T. ) ;
#950 = CARTESIAN_POINT ( 'NONE',  ( -10.59310351280009321, -1.300000000000000044, 4.707692307692307843 ) ) ;
#951 = DIRECTION ( 'NONE',  ( -0.000000000000000000, -1.000000000000000000, -0.000000000000000000 ) ) ;
#952 = EDGE_CURVE ( 'NONE', #419, #352, #615, .T. ) ;
#953 = EDGE_CURVE ( 'NONE', #45, #998, #279, .T. ) ;
#954 = TOROIDAL_SURFACE ( 'NONE', #512, 6.800000000000002487, 0.2000000000000000111 ) ;
#955 = TOROIDAL_SURFACE ( 'NONE', #271, 3.200000000000000622, 0.2000000000000000111 ) ;
#956 = ORIENTED_EDGE ( 'NONE', *, *, #747, .T. ) ;
#957 = DIRECTION ( 'NONE',  ( -0.000000000000000000, -1.000000000000000000, 0.000000000000000000 ) ) ;
#958 = COLOUR_RGB ( '',0.7803921568627451011, 0.7607843137254901578, 0.7411764705882353255 ) ;
#959 = CARTESIAN_POINT ( 'NONE',  ( -15.49999999999999112, -1.500000000000000000, 1.280288983496551938E-16 ) ) ;
#960 = DIRECTION ( 'NONE',  ( 0.000000000000000000, 0.000000000000000000, 1.000000000000000000 ) ) ;
#961 = DIRECTION ( 'NONE',  ( 0.000000000000000000, 1.000000000000000000, -0.000000000000000000 ) ) ;
#962 = AXIS2_PLACEMENT_3D ( 'NONE', #965, #398, #1059 ) ;
#963 = VECTOR ( 'NONE', #209, 1000.000000000000000 ) ;
#964 = EDGE_LOOP ( 'NONE', ( #735, #977, #1165, #1360 ) ) ;
#965 = CARTESIAN_POINT ( 'NONE',  ( 46.50000000000000711, -1.500000000000000000, 1.280288983496551938E-16 ) ) ;
#966 = DIRECTION ( 'NONE',  ( 0.000000000000000000, 0.000000000000000000, 1.000000000000000000 ) ) ;
#967 = LINE ( 'NONE', #531, #991 ) ;
#968 = FILL_AREA_STYLE ('',( #748 ) ) ;
#969 = EDGE_CURVE ( 'NONE', #45, #237, #522, .T. ) ;
#970 = ORIENTED_EDGE ( 'NONE', *, *, #638, .T. ) ;
#971 = CARTESIAN_POINT ( 'NONE',  ( -15.49999999999999112, -1.300000000000000266, -6.800000000000002487 ) ) ;
#972 = CARTESIAN_POINT ( 'NONE',  ( 46.50000000000000711, 4.299999999999999822, 6.799999999999999822 ) ) ;
#973 = CARTESIAN_POINT ( 'NONE',  ( -6.119168480353129880, 4.500000000000000888, -3.000000000000000000 ) ) ;
#974 = AXIS2_PLACEMENT_3D ( 'NONE', #1313, #1425, #842 ) ;
#975 = EDGE_LOOP ( 'NONE', ( #682, #949, #1187, #1040 ) ) ;
#976 = LINE ( 'NONE', #4, #281 ) ;
#977 = ORIENTED_EDGE ( 'NONE', *, *, #597, .T. ) ;
#978 = CARTESIAN_POINT ( 'NONE',  ( -10.59310351280009321, -1.300000000000000044, -4.707692307692308731 ) ) ;
#979 = AXIS2_PLACEMENT_3D ( 'NONE', #587, #692, #3 ) ;
#980 = CARTESIAN_POINT ( 'NONE',  ( -15.49999999999999112, -1.300000000000000266, 1.280288983496551938E-16 ) ) ;
#981 = FACE_BOUND ( 'NONE', #109, .T. ) ;
#982 = EDGE_CURVE ( 'NONE', #166, #836, #1105, .T. ) ;
#983 = DIRECTION ( 'NONE',  ( 0.000000000000000000, 0.000000000000000000, -1.000000000000000000 ) ) ;
#984 = CIRCLE ( 'NONE', #1278, 3.000000000000000444 ) ;
#985 = VERTEX_POINT ( 'NONE', #1437 ) ;
#986 = DIRECTION ( 'NONE',  ( 0.000000000000000000, 0.000000000000000000, 1.000000000000000000 ) ) ;
#987 = LINE ( 'NONE', #870, #1366 ) ;
#988 = ORIENTED_EDGE ( 'NONE', *, *, #295, .T. ) ;
#989 = DIRECTION ( 'NONE',  ( 0.000000000000000000, 0.000000000000000000, 1.000000000000000000 ) ) ;
#990 = EDGE_CURVE ( 'NONE', #932, #1411, #1034, .T. ) ;
#991 = VECTOR ( 'NONE', #288, 1000.000000000000000 ) ;
#992 = FACE_OUTER_BOUND ( 'NONE', #381, .T. ) ;
#993 = ORIENTED_EDGE ( 'NONE', *, *, #188, .F. ) ;
#994 = DIRECTION ( 'NONE',  ( 0.000000000000000000, 0.000000000000000000, -1.000000000000000000 ) ) ;
#995 = LINE ( 'NONE', #221, #771 ) ;
#996 = ORIENTED_EDGE ( 'NONE', *, *, #982, .F. ) ;
#997 = EDGE_CURVE ( 'NONE', #371, #1005, #30, .T. ) ;
#998 = VERTEX_POINT ( 'NONE', #1211 ) ;
#999 = EDGE_CURVE ( 'NONE', #447, #389, #1348, .T. ) ;
#1000 = DIRECTION ( 'NONE',  ( 0.000000000000000000, 1.000000000000000000, -0.000000000000000000 ) ) ;
#1001 = ADVANCED_FACE ( 'NONE', ( #1350 ), #897, .T. ) ;
#1002 = ORIENTED_EDGE ( 'NONE', *, *, #1133, .F. ) ;
#1003 = CARTESIAN_POINT ( 'NONE',  ( 46.50000000000000711, 4.500000000000000888, 1.280288983496551938E-16 ) ) ;
#1004 = AXIS2_PLACEMENT_3D ( 'NONE', #561, #777, #1108 ) ;
#1005 = VERTEX_POINT ( 'NONE', #893 ) ;
#1006 = DIRECTION ( 'NONE',  ( 0.000000000000000000, 0.000000000000000000, -1.000000000000000000 ) ) ;
#1007 = AXIS2_PLACEMENT_3D ( 'NONE', #1337, #102, #1267 ) ;
#1008 = FACE_OUTER_BOUND ( 'NONE', #1334, .T. ) ;
#1009 = VERTEX_POINT ( 'NONE', #334 ) ;
#1010 = DIRECTION ( 'NONE',  ( 0.000000000000000000, 0.000000000000000000, 1.000000000000000000 ) ) ;
#1011 = DIRECTION ( 'NONE',  ( 0.6923076923076904032, -0.000000000000000000, 0.7216024245882218802 ) ) ;
#1012 = ORIENTED_EDGE ( 'NONE', *, *, #1412, .T. ) ;
#1013 = DIRECTION ( 'NONE',  ( 0.000000000000000000, 0.000000000000000000, 1.000000000000000000 ) ) ;
#1014 = AXIS2_PLACEMENT_3D ( 'NONE', #1414, #526, #396 ) ;
#1015 = DIRECTION ( 'NONE',  ( 0.000000000000000000, 0.000000000000000000, -1.000000000000000000 ) ) ;
#1016 = TOROIDAL_SURFACE ( 'NONE', #1061, 3.200000000000000622, 0.2000000000000000111 ) ;
#1017 = CARTESIAN_POINT ( 'NONE',  ( 46.50000000000000711, 4.299999999999999822, 3.200000000000008171 ) ) ;
#1018 = FACE_OUTER_BOUND ( 'NONE', #1423, .T. ) ;
#1019 = DIRECTION ( 'NONE',  ( 0.000000000000000000, 0.000000000000000000, 1.000000000000000000 ) ) ;
#1020 = EDGE_CURVE ( 'NONE', #998, #447, #208, .T. ) ;
#1021 = ORIENTED_EDGE ( 'NONE', *, *, #697, .F. ) ;
#1022 = EDGE_CURVE ( 'NONE', #268, #352, #449, .T. ) ;
#1023 = DIRECTION ( 'NONE',  ( -2.312964634635742267E-15, 0.000000000000000000, 1.000000000000000000 ) ) ;
#1024 = VERTEX_POINT ( 'NONE', #1447 ) ;
#1025 = CARTESIAN_POINT ( 'NONE',  ( -15.49999999999999112, 4.500000000000000888, 1.280288983496551938E-16 ) ) ;
#1026 = PRESENTATION_STYLE_ASSIGNMENT (( #250 ) ) ;
#1027 = ORIENTED_EDGE ( 'NONE', *, *, #743, .T. ) ;
#1028 = CARTESIAN_POINT ( 'NONE',  ( -15.49999999999999112, 4.299999999999999822, 1.280288983496551938E-16 ) ) ;
#1029 = DIRECTION ( 'NONE',  ( 0.000000000000000000, 0.000000000000000000, 1.000000000000000000 ) ) ;
#1030 = ORIENTED_EDGE ( 'NONE', *, *, #850, .T. ) ;
#1031 = DIRECTION ( 'NONE',  ( -0.000000000000000000, -1.000000000000000000, -0.000000000000000000 ) ) ;
#1032 = ORIENTED_EDGE ( 'NONE', *, *, #549, .F. ) ;
#1033 = LINE ( 'NONE', #1277, #88 ) ;
#1034 = CIRCLE ( 'NONE', #1137, 0.2000000000000000944 ) ;
#1035 = AXIS2_PLACEMENT_3D ( 'NONE', #1356, #1116, #79 ) ;
#1036 = EDGE_CURVE ( 'NONE', #730, #717, #804, .T. ) ;
#1037 = FACE_OUTER_BOUND ( 'NONE', #784, .T. ) ;
#1038 = EDGE_CURVE ( 'NONE', #903, #941, #984, .T. ) ;
#1039 = EDGE_LOOP ( 'NONE', ( #463, #698, #139, #1148 ) ) ;
#1040 = ORIENTED_EDGE ( 'NONE', *, *, #1101, .T. ) ;
#1041 = CIRCLE ( 'NONE', #553, 0.2000000000000000944 ) ;
#1042 = CARTESIAN_POINT ( 'NONE',  ( -6.119168480353129880, 4.500000000000000888, 3.000000000000000000 ) ) ;
#1043 = CARTESIAN_POINT ( 'NONE',  ( -6.119168480353129880, 4.500000000000000888, 9.000000000000001776 ) ) ;
#1044 = EDGE_CURVE ( 'NONE', #1218, #836, #107, .T. ) ;
#1045 = EDGE_LOOP ( 'NONE', ( #594, #1124, #938, #444 ) ) ;
#1046 = ORIENTED_EDGE ( 'NONE', *, *, #54, .T. ) ;
#1047 = CARTESIAN_POINT ( 'NONE',  ( -15.49999999999999112, 4.299999999999999822, 1.280288983496551938E-16 ) ) ;
#1048 = CIRCLE ( 'NONE', #1456, 3.200000000000000622 ) ;
#1049 = ORIENTED_EDGE ( 'NONE', *, *, #743, .F. ) ;
#1050 = AXIS2_PLACEMENT_3D ( 'NONE', #556, #1121, #207 ) ;
#1051 = CARTESIAN_POINT ( 'NONE',  ( 46.50000000000000711, -1.300000000000000266, 1.280288983496551938E-16 ) ) ;
#1052 = SURFACE_STYLE_FILL_AREA ( #351 ) ;
#1053 = ORIENTED_EDGE ( 'NONE', *, *, #940, .F. ) ;
#1054 = DIRECTION ( 'NONE',  ( 1.000000000000000000, 0.000000000000000000, 0.000000000000000000 ) ) ;
#1055 = EDGE_CURVE ( 'NONE', #886, #1349, #1375, .T. ) ;
#1056 = PRESENTATION_LAYER_ASSIGNMENT (  '', '', ( #729 ) ) ;
#1057 =( NAMED_UNIT ( * ) PLANE_ANGLE_UNIT ( ) SI_UNIT ( $, .RADIAN. ) );
#1058 = ORIENTED_EDGE ( 'NONE', *, *, #235, .T. ) ;
#1059 = DIRECTION ( 'NONE',  ( 0.000000000000000000, 0.000000000000000000, 1.000000000000000000 ) ) ;
#1060 = ADVANCED_FACE ( 'NONE', ( #1018 ), #907, .F. ) ;
#1061 = AXIS2_PLACEMENT_3D ( 'NONE', #301, #757, #1199 ) ;
#1062 = ADVANCED_FACE ( 'NONE', ( #785 ), #47, .T. ) ;
#1063 = DIRECTION ( 'NONE',  ( -0.000000000000000000, -1.000000000000000000, 0.000000000000000000 ) ) ;
#1064 = EDGE_CURVE ( 'NONE', #791, #1411, #220, .T. ) ;
#1065 = FACE_OUTER_BOUND ( 'NONE', #1127, .T. ) ;
#1066 = ORIENTED_EDGE ( 'NONE', *, *, #137, .T. ) ;
#1067 = DIRECTION ( 'NONE',  ( -0.000000000000000000, -1.000000000000000000, -0.000000000000000000 ) ) ;
#1068 = AXIS2_PLACEMENT_3D ( 'NONE', #1198, #53, #184 ) ;
#1069 = DIRECTION ( 'NONE',  ( 1.000000000000000000, 0.000000000000000000, 0.000000000000000000 ) ) ;
#1070 = PLANE ( 'NONE',  #103 ) ;
#1071 =( GEOMETRIC_REPRESENTATION_CONTEXT ( 3 ) GLOBAL_UNCERTAINTY_ASSIGNED_CONTEXT ( ( #839 ) ) GLOBAL_UNIT_ASSIGNED_CONTEXT ( ( #1274, #471, #939 ) ) REPRESENTATION_CONTEXT ( 'NONE', 'WORKASPACE' ) );
#1072 = DIRECTION ( 'NONE',  ( 0.000000000000000000, 0.000000000000000000, 1.000000000000000000 ) ) ;
#1073 = AXIS2_PLACEMENT_3D ( 'NONE', #110, #12, #563 ) ;
#1074 = ORIENTED_EDGE ( 'NONE', *, *, #239, .T. ) ;
#1075 = DIRECTION ( 'NONE',  ( 0.000000000000000000, 0.000000000000000000, 1.000000000000000000 ) ) ;
#1076 = DIRECTION ( 'NONE',  ( -1.000000000000000000, 0.000000000000000000, 0.000000000000000000 ) ) ;
#1077 = DIRECTION ( 'NONE',  ( 0.000000000000000000, 0.000000000000000000, 1.000000000000000000 ) ) ;
#1078 = ADVANCED_FACE ( 'NONE', ( #1135 ), #560, .T. ) ;
#1079 = CIRCLE ( 'NONE', #545, 0.2000000000000000944 ) ;
#1080 = AXIS2_PLACEMENT_3D ( 'NONE', #1017, #1161, #1263 ) ;
#1081 = MECHANICAL_DESIGN_GEOMETRIC_PRESENTATION_REPRESENTATION (  '', ( #729 ), #33 ) ;
#1082 = ORIENTED_EDGE ( 'NONE', *, *, #41, .F. ) ;
#1083 = CARTESIAN_POINT ( 'NONE',  ( 46.50000000000000711, 4.299999999999999822, -3.200000000000008171 ) ) ;
#1084 = DIRECTION ( 'NONE',  ( -1.000000000000000000, 0.000000000000000000, 0.000000000000000000 ) ) ;
#1085 = DIRECTION ( 'NONE',  ( 0.000000000000000000, 0.000000000000000000, 1.000000000000000000 ) ) ;
#1086 = AXIS2_PLACEMENT_3D ( 'NONE', #78, #852, #538 ) ;
#1087 = CARTESIAN_POINT ( 'NONE',  ( -15.49999999999999112, -1.300000000000000266, -3.200000000000000622 ) ) ;
#1088 = ORIENTED_EDGE ( 'NONE', *, *, #188, .T. ) ;
#1089 = CARTESIAN_POINT ( 'NONE',  ( 46.50000000000000711, 4.299999999999999822, 3.000000000000007994 ) ) ;
#1090 = ADVANCED_FACE ( 'NONE', ( #792 ), #1228, .T. ) ;
#1091 = FACE_OUTER_BOUND ( 'NONE', #854, .T. ) ;
#1092 = CYLINDRICAL_SURFACE ( 'NONE', #1086, 6.000000000000001776 ) ;
#1093 = AXIS2_PLACEMENT_3D ( 'NONE', #238, #1076, #871 ) ;
#1094 = FACE_OUTER_BOUND ( 'NONE', #245, .T. ) ;
#1095 = AXIS2_PLACEMENT_3D ( 'NONE', #980, #1409, #400 ) ;
#1096 = VERTEX_POINT ( 'NONE', #1125 ) ;
#1097 = DIRECTION ( 'NONE',  ( -0.000000000000000000, -1.000000000000000000, -0.000000000000000000 ) ) ;
#1098 = DIRECTION ( 'NONE',  ( 0.7216024245882196597, 0.000000000000000000, 0.6923076923076926237 ) ) ;
#1099 = AXIS2_PLACEMENT_3D ( 'NONE', #382, #141, #253 ) ;
#1100 = ORIENTED_EDGE ( 'NONE', *, *, #758, .T. ) ;
#1101 = EDGE_CURVE ( 'NONE', #452, #791, #290, .T. ) ;
#1102 = DIRECTION ( 'NONE',  ( -0.000000000000000000, -1.000000000000000000, -0.000000000000000000 ) ) ;
#1103 = ADVANCED_BREP_SHAPE_REPRESENTATION ( 'link', ( #116, #346 ), #393 ) ;
#1104 = CARTESIAN_POINT ( 'NONE',  ( -15.49999999999999112, 4.500000000000000888, 1.280288983496551938E-16 ) ) ;
#1105 = CIRCLE ( 'NONE', #1443, 0.2000000000000002331 ) ;
#1106 = ORIENTED_EDGE ( 'NONE', *, *, #1353, .T. ) ;
#1107 = DIRECTION ( 'NONE',  ( 0.000000000000000000, 1.000000000000000000, -0.000000000000000000 ) ) ;
#1108 = DIRECTION ( 'NONE',  ( 0.000000000000000000, 0.000000000000000000, 1.000000000000000000 ) ) ;
#1109 = AXIS2_PLACEMENT_3D ( 'NONE', #1104, #105, #550 ) ;
#1110 = EDGE_LOOP ( 'NONE', ( #1182, #256, #430, #106 ) ) ;
#1111 = FACE_OUTER_BOUND ( 'NONE', #1383, .T. ) ;
#1112 = EDGE_CURVE ( 'NONE', #1411, #787, #680, .T. ) ;
#1113 = EDGE_CURVE ( 'NONE', #875, #1005, #111, .T. ) ;
#1114 = ADVANCED_FACE ( 'NONE', ( #228 ), #224, .T. ) ;
#1115 = AXIS2_PLACEMENT_3D ( 'NONE', #687, #130, #598 ) ;
#1116 = DIRECTION ( 'NONE',  ( 0.000000000000000000, 1.000000000000000000, -0.000000000000000000 ) ) ;
#1117 = EDGE_LOOP ( 'NONE', ( #705, #1130, #1273, #298 ) ) ;
#1118 = CARTESIAN_POINT ( 'NONE',  ( -15.49999999999999112, -1.500000000000000000, 1.280288983496551938E-16 ) ) ;
#1119 = CARTESIAN_POINT ( 'NONE',  ( -15.49999999999999112, -1.300000000000000266, 1.280288983496551938E-16 ) ) ;
#1120 = EDGE_LOOP ( 'NONE', ( #1354, #624, #710, #372 ) ) ;
#1121 = DIRECTION ( 'NONE',  ( -1.000000000000000000, 0.000000000000000000, 0.000000000000000000 ) ) ;
#1122 = CARTESIAN_POINT ( 'NONE',  ( -6.119168480353129880, 4.299999999999999822, -9.000000000000001776 ) ) ;
#1123 = AXIS2_PLACEMENT_3D ( 'NONE', #801, #212, #679 ) ;
#1124 = ORIENTED_EDGE ( 'NONE', *, *, #455, .F. ) ;
#1125 = CARTESIAN_POINT ( 'NONE',  ( 46.50000000000000711, -1.300000000000000266, 3.000000000000007994 ) ) ;
#1126 = DIRECTION ( 'NONE',  ( 0.000000000000000000, 1.000000000000000000, -0.000000000000000000 ) ) ;
#1127 = EDGE_LOOP ( 'NONE', ( #1460, #49, #719, #1357 ) ) ;
#1128 = CARTESIAN_POINT ( 'NONE',  ( 46.50000000000000711, -1.300000000000000266, 1.280288983496551938E-16 ) ) ;
#1129 = CIRCLE ( 'NONE', #686, 3.200000000000008171 ) ;
#1130 = ORIENTED_EDGE ( 'NONE', *, *, #953, .F. ) ;
#1131 = DIRECTION ( 'NONE',  ( -1.000000000000000000, 0.000000000000000000, 0.000000000000000000 ) ) ;
#1132 = ADVANCED_FACE ( 'NONE', ( #315 ), #1143, .F. ) ;
#1133 = EDGE_CURVE ( 'NONE', #282, #1227, #1363, .T. ) ;
#1134 = EDGE_LOOP ( 'NONE', ( #214, #1142, #1345, #190 ) ) ;
#1135 = FACE_OUTER_BOUND ( 'NONE', #895, .T. ) ;
#1136 = DIRECTION ( 'NONE',  ( 0.000000000000000000, 0.000000000000000000, 1.000000000000000000 ) ) ;
#1137 = AXIS2_PLACEMENT_3D ( 'NONE', #1318, #52, #641 ) ;
#1138 = ORIENTED_EDGE ( 'NONE', *, *, #1380, .T. ) ;
#1139 = DIRECTION ( 'NONE',  ( -1.000000000000000000, 0.000000000000000000, -0.000000000000000000 ) ) ;
#1140 = AXIS2_PLACEMENT_3D ( 'NONE', #74, #267, #1072 ) ;
#1141 = DIRECTION ( 'NONE',  ( 0.000000000000000000, 0.000000000000000000, -1.000000000000000000 ) ) ;
#1142 = ORIENTED_EDGE ( 'NONE', *, *, #1258, .F. ) ;
#1143 = CYLINDRICAL_SURFACE ( 'NONE', #490, 6.000000000000001776 ) ;
#1144 = EDGE_LOOP ( 'NONE', ( #632, #203, #722, #2 ) ) ;
#1145 = DIRECTION ( 'NONE',  ( 0.000000000000000000, 1.000000000000000000, -0.000000000000000000 ) ) ;
#1146 = CIRCLE ( 'NONE', #1095, 7.000000000000001776 ) ;
#1147 = ORIENTED_EDGE ( 'NONE', *, *, #913, .F. ) ;
#1148 = ORIENTED_EDGE ( 'NONE', *, *, #744, .F. ) ;
#1149 = DIRECTION ( 'NONE',  ( 1.000000000000000000, 0.000000000000000000, 0.000000000000000000 ) ) ;
#1150 = EDGE_CURVE ( 'NONE', #389, #42, #265, .T. ) ;
#1151 = CIRCLE ( 'NONE', #1268, 0.2000000000000002331 ) ;
#1152 = EDGE_CURVE ( 'NONE', #815, #436, #174, .T. ) ;
#1153 = AXIS2_PLACEMENT_3D ( 'NONE', #933, #257, #1393 ) ;
#1154 = DIRECTION ( 'NONE',  ( 0.000000000000000000, 0.000000000000000000, 1.000000000000000000 ) ) ;
#1155 = ORIENTED_EDGE ( 'NONE', *, *, #721, .F. ) ;
#1156 = DIRECTION ( 'NONE',  ( 0.000000000000000000, 0.000000000000000000, 1.000000000000000000 ) ) ;
#1157 = AXIS2_PLACEMENT_3D ( 'NONE', #751, #1424, #1075 ) ;
#1158 = ADVANCED_FACE ( 'NONE', ( #395 ), #908, .T. ) ;
#1159 = CIRCLE ( 'NONE', #332, 6.799999999999999822 ) ;
#1160 = DIRECTION ( 'NONE',  ( -0.000000000000000000, -1.000000000000000000, 0.000000000000000000 ) ) ;
#1161 = DIRECTION ( 'NONE',  ( -1.000000000000000000, 0.000000000000000000, 0.000000000000000000 ) ) ;
#1162 = ORIENTED_EDGE ( 'NONE', *, *, #205, .T. ) ;
#1163 = DIRECTION ( 'NONE',  ( 0.000000000000000000, 0.000000000000000000, 1.000000000000000000 ) ) ;
#1164 = EDGE_LOOP ( 'NONE', ( #558, #868, #272, #830 ) ) ;
#1165 = ORIENTED_EDGE ( 'NONE', *, *, #356, .T. ) ;
#1166 = DIRECTION ( 'NONE',  ( 0.000000000000000000, 1.000000000000000000, -0.000000000000000000 ) ) ;
#1167 = AXIS2_PLACEMENT_3D ( 'NONE', #77, #70, #170 ) ;
#1168 = VECTOR ( 'NONE', #1069, 1000.000000000000000 ) ;
#1169 = CIRCLE ( 'NONE', #514, 0.1999999999999996503 ) ;
#1170 = EDGE_CURVE ( 'NONE', #878, #1415, #1048, .T. ) ;
#1171 = EDGE_CURVE ( 'NONE', #886, #175, #523, .T. ) ;
#1172 = EDGE_LOOP ( 'NONE', ( #617, #40, #1189, #21 ) ) ;
#1173 = CARTESIAN_POINT ( 'NONE',  ( 46.50000000000000711, 4.299999999999999822, 6.999999999999999112 ) ) ;
#1174 = EDGE_LOOP ( 'NONE', ( #654, #572, #392, #1292 ) ) ;
#1175 = EDGE_CURVE ( 'NONE', #809, #58, #793, .T. ) ;
#1176 = CARTESIAN_POINT ( 'NONE',  ( -10.44878302788244895, 4.299999999999999822, -4.846153846153846700 ) ) ;
#1177 = AXIS2_PLACEMENT_3D ( 'NONE', #1365, #1453, #883 ) ;
#1178 = ORIENTED_EDGE ( 'NONE', *, *, #1064, .F. ) ;
#1179 = AXIS2_PLACEMENT_3D ( 'NONE', #775, #1434, #866 ) ;
#1180 = DIRECTION ( 'NONE',  ( 0.000000000000000000, 0.000000000000000000, 1.000000000000000000 ) ) ;
#1181 = PRODUCT_DEFINITION_CONTEXT ( 'detailed design', #623, 'design' ) ;
#1182 = ORIENTED_EDGE ( 'NONE', *, *, #239, .F. ) ;
#1183 = LINE ( 'NONE', #76, #781 ) ;
#1184 = AXIS2_PLACEMENT_3D ( 'NONE', #826, #85, #1077 ) ;
#1185 = DIRECTION ( 'NONE',  ( 0.000000000000000000, 1.000000000000000000, -0.000000000000000000 ) ) ;
#1186 = CARTESIAN_POINT ( 'NONE',  ( 46.50000000000000711, -1.500000000000000222, 3.200000000000008171 ) ) ;
#1187 = ORIENTED_EDGE ( 'NONE', *, *, #527, .F. ) ;
#1188 = CARTESIAN_POINT ( 'NONE',  ( -15.49999999999999112, 4.500000000000000888, 3.200000000000000622 ) ) ;
#1189 = ORIENTED_EDGE ( 'NONE', *, *, #684, .T. ) ;
#1190 = CARTESIAN_POINT ( 'NONE',  ( 37.11916848035314587, -1.500000000000000000, 2.799999999999999822 ) ) ;
#1191 = AXIS2_PLACEMENT_3D ( 'NONE', #427, #117, #1358 ) ;
#1192 = FACE_OUTER_BOUND ( 'NONE', #541, .T. ) ;
#1193 = DIRECTION ( 'NONE',  ( 0.000000000000000000, 1.000000000000000000, -0.000000000000000000 ) ) ;
#1194 = DIRECTION ( 'NONE',  ( 0.000000000000000000, 0.000000000000000000, 1.000000000000000000 ) ) ;
#1195 = AXIS2_PLACEMENT_3D ( 'NONE', #241, #773, #910 ) ;
#1196 = ORIENTED_EDGE ( 'NONE', *, *, #758, .F. ) ;
#1197 = DIRECTION ( 'NONE',  ( -0.000000000000000000, -1.000000000000000000, -0.000000000000000000 ) ) ;
#1198 = CARTESIAN_POINT ( 'NONE',  ( 46.50000000000000711, -1.300000000000000266, 1.280288983496551938E-16 ) ) ;
#1199 = DIRECTION ( 'NONE',  ( 0.000000000000000000, 0.000000000000000000, 1.000000000000000000 ) ) ;
#1200 = EDGE_CURVE ( 'NONE', #155, #903, #153, .T. ) ;
#1201 = CARTESIAN_POINT ( 'NONE',  ( 37.11916848035314587, 4.299999999999999822, -2.799999999999999822 ) ) ;
#1202 = EDGE_CURVE ( 'NONE', #1218, #282, #344, .T. ) ;
#1203 = CLOSED_SHELL ( 'NONE', ( #1158, #276, #517, #588, #807, #845, #706, #82, #63, #1343, #1114, #1269, #387, #1458, #1224, #322, #589, #1090, #172, #518, #881, #1441, #704, #1132, #65, #1060, #656, #1311, #304, #546, #912, #414, #135, #734, #1078, #391, #599, #26, #325, #485, #1062, #432, #1413, #312, #1001, #778, #5, #582, #502, #388 ) ) ;
#1204 = ORIENTED_EDGE ( 'NONE', *, *, #104, .T. ) ;
#1205 = CARTESIAN_POINT ( 'NONE',  ( -6.119168480353129880, 4.500000000000000888, 2.799999999999999822 ) ) ;
#1206 = CARTESIAN_POINT ( 'NONE',  ( -15.49999999999999112, 4.299999999999999822, 1.280288983496551938E-16 ) ) ;
#1207 = DIRECTION ( 'NONE',  ( 0.000000000000000000, 1.000000000000000000, -0.000000000000000000 ) ) ;
#1208 = TOROIDAL_SURFACE ( 'NONE', #1115, 6.800000000000002487, 0.2000000000000000111 ) ;
#1209 = DIRECTION ( 'NONE',  ( 0.000000000000000000, 0.000000000000000000, 1.000000000000000000 ) ) ;
#1210 = ORIENTED_EDGE ( 'NONE', *, *, #1264, .F. ) ;
#1211 = CARTESIAN_POINT ( 'NONE',  ( -15.49999999999999112, -1.500000000000000000, 6.800000000000002487 ) ) ;
#1212 = DIRECTION ( 'NONE',  ( 0.000000000000000000, 0.000000000000000000, -1.000000000000000000 ) ) ;
#1213 = ORIENTED_EDGE ( 'NONE', *, *, #205, .F. ) ;
#1214 = FACE_OUTER_BOUND ( 'NONE', #691, .T. ) ;
#1215 = CARTESIAN_POINT ( 'NONE',  ( 46.50000000000000711, -1.500000000000000000, -6.800000000000000711 ) ) ;
#1216 = TOROIDAL_SURFACE ( 'NONE', #1068, 6.799999999999999822, 0.2000000000000000111 ) ;
#1217 = EDGE_CURVE ( 'NONE', #998, #42, #818, .T. ) ;
#1218 = VERTEX_POINT ( 'NONE', #1176 ) ;
#1219 = DIRECTION ( 'NONE',  ( 0.000000000000000000, 1.000000000000000000, -0.000000000000000000 ) ) ;
#1220 = EDGE_CURVE ( 'NONE', #155, #366, #83, .T. ) ;
#1221 = CARTESIAN_POINT ( 'NONE',  ( 46.50000000000000711, -1.300000000000000266, -6.799999999999999822 ) ) ;
#1222 = EDGE_LOOP ( 'NONE', ( #817, #892 ) ) ;
#1223 = CARTESIAN_POINT ( 'NONE',  ( -15.49999999999999112, -1.300000000000000266, 1.280288983496551938E-16 ) ) ;
#1224 = ADVANCED_FACE ( 'NONE', ( #162 ), #642, .T. ) ;
#1225 = DIRECTION ( 'NONE',  ( -0.000000000000000000, -1.000000000000000000, 0.000000000000000000 ) ) ;
#1226 = AXIS2_PLACEMENT_3D ( 'NONE', #69, #513, #618 ) ;
#1227 = VERTEX_POINT ( 'NONE', #619 ) ;
#1228 = CYLINDRICAL_SURFACE ( 'NONE', #1123, 7.000000000000001776 ) ;
#1229 = CYLINDRICAL_SURFACE ( 'NONE', #86, 6.000000000000001776 ) ;
#1230 = CIRCLE ( 'NONE', #1179, 0.2000000000000000944 ) ;
#1231 = ORIENTED_EDGE ( 'NONE', *, *, #329, .F. ) ;
#1232 = CARTESIAN_POINT ( 'NONE',  ( 41.59310351280011275, 4.500000000000000888, 4.707692307692310507 ) ) ;
#1233 = DIRECTION ( 'NONE',  ( -0.000000000000000000, -1.000000000000000000, 0.000000000000000000 ) ) ;
#1234 = ORIENTED_EDGE ( 'NONE', *, *, #913, .T. ) ;
#1235 = CARTESIAN_POINT ( 'NONE',  ( -6.119168480353129880, 4.299999999999999822, 9.000000000000001776 ) ) ;
#1236 = CARTESIAN_POINT ( 'NONE',  ( -15.49999999999999112, -1.500000000000000222, 3.200000000000000622 ) ) ;
#1237 = ORIENTED_EDGE ( 'NONE', *, *, #810, .T. ) ;
#1238 = CYLINDRICAL_SURFACE ( 'NONE', #635, 3.000000000000000444 ) ;
#1239 = EDGE_CURVE ( 'NONE', #268, #820, #62, .T. ) ;
#1240 = DIRECTION ( 'NONE',  ( -0.000000000000000000, -1.000000000000000000, 0.000000000000000000 ) ) ;
#1241 = AXIS2_PLACEMENT_3D ( 'NONE', #918, #1373, #1250 ) ;
#1242 = ORIENTED_EDGE ( 'NONE', *, *, #825, .T. ) ;
#1243 = DIRECTION ( 'NONE',  ( -0.000000000000000000, -1.000000000000000000, 0.000000000000000000 ) ) ;
#1244 = DIRECTION ( 'NONE',  ( 0.000000000000000000, 0.000000000000000000, 1.000000000000000000 ) ) ;
#1245 = ORIENTED_EDGE ( 'NONE', *, *, #999, .F. ) ;
#1246 = DIRECTION ( 'NONE',  ( 0.000000000000000000, 0.000000000000000000, 1.000000000000000000 ) ) ;
#1247 = TOROIDAL_SURFACE ( 'NONE', #1316, 6.800000000000002487, 0.2000000000000000111 ) ;
#1248 = PRODUCT_DEFINITION ( 'BÝLÝNMEYEN', '', #633, #1181 ) ;
#1249 = VERTEX_POINT ( 'NONE', #650 ) ;
#1250 = DIRECTION ( 'NONE',  ( 0.000000000000000000, 0.000000000000000000, 1.000000000000000000 ) ) ;
#1251 = AXIS2_PLACEMENT_3D ( 'NONE', #670, #1107, #204 ) ;
#1252 = ORIENTED_EDGE ( 'NONE', *, *, #999, .T. ) ;
#1253 = DIRECTION ( 'NONE',  ( 0.000000000000000000, 0.000000000000000000, 1.000000000000000000 ) ) ;
#1254 = AXIS2_PLACEMENT_3D ( 'NONE', #1457, #566, #202 ) ;
#1255 = CYLINDRICAL_SURFACE ( 'NONE', #759, 3.000000000000000444 ) ;
#1256 = CIRCLE ( 'NONE', #620, 6.000000000000000888 ) ;
#1257 = ORIENTED_EDGE ( 'NONE', *, *, #825, .F. ) ;
#1258 = EDGE_CURVE ( 'NONE', #375, #932, #114, .T. ) ;
#1259 = ORIENTED_EDGE ( 'NONE', *, *, #1022, .F. ) ;
#1260 = CYLINDRICAL_SURFACE ( 'NONE', #350, 0.2000000000000000944 ) ;
#1261 = CARTESIAN_POINT ( 'NONE',  ( 41.59310351280011275, -1.500000000000000000, 4.707692307692310507 ) ) ;
#1262 = AXIS2_PLACEMENT_3D ( 'NONE', #1335, #1011, #877 ) ;
#1263 = DIRECTION ( 'NONE',  ( 0.000000000000000000, 0.000000000000000000, 1.000000000000000000 ) ) ;
#1264 = EDGE_CURVE ( 'NONE', #945, #360, #863, .T. ) ;
#1265 = ORIENTED_EDGE ( 'NONE', *, *, #1220, .T. ) ;
#1266 = EDGE_CURVE ( 'NONE', #1455, #765, #725, .T. ) ;
#1267 = DIRECTION ( 'NONE',  ( 0.000000000000000000, 0.000000000000000000, 1.000000000000000000 ) ) ;
#1268 = AXIS2_PLACEMENT_3D ( 'NONE', #17, #681, #884 ) ;
#1269 = ADVANCED_FACE ( 'NONE', ( #1091 ), #1216, .T. ) ;
#1270 = VECTOR ( 'NONE', #904, 1000.000000000000000 ) ;
#1271 = CARTESIAN_POINT ( 'NONE',  ( -15.49999999999999112, 4.500000000000000888, 1.280288983496551938E-16 ) ) ;
#1272 = ORIENTED_EDGE ( 'NONE', *, *, #1038, .F. ) ;
#1273 = ORIENTED_EDGE ( 'NONE', *, *, #969, .T. ) ;
#1274 =( LENGTH_UNIT ( ) NAMED_UNIT ( * ) SI_UNIT ( .MILLI., .METRE. ) );
#1275 = ORIENTED_EDGE ( 'NONE', *, *, #216, .F. ) ;
#1276 = APPLICATION_CONTEXT ( 'automotive_design' ) ;
#1277 = CARTESIAN_POINT ( 'NONE',  ( 37.11916848035314587, 4.500000000000000888, -3.000000000000000000 ) ) ;
#1278 = AXIS2_PLACEMENT_3D ( 'NONE', #340, #663, #689 ) ;
#1279 = AXIS2_PLACEMENT_3D ( 'NONE', #504, #1315, #274 ) ;
#1280 = CIRCLE ( 'NONE', #259, 6.000000000000001776 ) ;
#1281 = CARTESIAN_POINT ( 'NONE',  ( -15.49999999999999112, 4.299999999999999822, -3.200000000000000622 ) ) ;
#1282 = ORIENTED_EDGE ( 'NONE', *, *, #1113, .T. ) ;
#1283 = CIRCLE ( 'NONE', #832, 0.1999999999999996503 ) ;
#1284 = ORIENTED_EDGE ( 'NONE', *, *, #133, .T. ) ;
#1285 = DIRECTION ( 'NONE',  ( 0.000000000000000000, 0.000000000000000000, 1.000000000000000000 ) ) ;
#1286 = EDGE_CURVE ( 'NONE', #809, #1249, #60, .T. ) ;
#1287 = EDGE_CURVE ( 'NONE', #42, #237, #1146, .T. ) ;
#1288 =( LENGTH_UNIT ( ) NAMED_UNIT ( * ) SI_UNIT ( .MILLI., .METRE. ) );
#1289 = ORIENTED_EDGE ( 'NONE', *, *, #1133, .T. ) ;
#1290 = DIRECTION ( 'NONE',  ( -0.000000000000000000, -1.000000000000000000, -0.000000000000000000 ) ) ;
#1291 = CIRCLE ( 'NONE', #373, 3.200000000000008171 ) ;
#1292 = ORIENTED_EDGE ( 'NONE', *, *, #1171, .F. ) ;
#1293 = ORIENTED_EDGE ( 'NONE', *, *, #435, .F. ) ;
#1294 = FACE_OUTER_BOUND ( 'NONE', #251, .T. ) ;
#1295 = VERTEX_POINT ( 'NONE', #851 ) ;
#1296 = FACE_OUTER_BOUND ( 'NONE', #1134, .T. ) ;
#1297 = DIRECTION ( 'NONE',  ( 0.000000000000000000, 0.000000000000000000, 1.000000000000000000 ) ) ;
#1298 = AXIS2_PLACEMENT_3D ( 'NONE', #167, #957, #1416 ) ;
#1299 = CIRCLE ( 'NONE', #667, 6.000000000000001776 ) ;
#1300 = DIRECTION ( 'NONE',  ( -1.000000000000000000, 0.000000000000000000, -0.000000000000000000 ) ) ;
#1301 = EDGE_CURVE ( 'NONE', #508, #282, #438, .T. ) ;
#1302 = ORIENTED_EDGE ( 'NONE', *, *, #1399, .F. ) ;
#1303 = CARTESIAN_POINT ( 'NONE',  ( -15.49999999999999112, 4.299999999999999822, 3.000000000000000444 ) ) ;
#1304 = AXIS2_PLACEMENT_3D ( 'NONE', #93, #1193, #1320 ) ;
#1305 = CARTESIAN_POINT ( 'NONE',  ( -6.119168480353129880, 4.500000000000000888, -9.000000000000001776 ) ) ;
#1306 = CARTESIAN_POINT ( 'NONE',  ( 46.50000000000000711, 4.299999999999999822, 1.280288983496551938E-16 ) ) ;
#1307 = ORIENTED_EDGE ( 'NONE', *, *, #112, .F. ) ;
#1308 = CARTESIAN_POINT ( 'NONE',  ( 46.50000000000000711, -1.500000000000000000, 1.280288983496551938E-16 ) ) ;
#1309 = ORIENTED_EDGE ( 'NONE', *, *, #1399, .T. ) ;
#1310 = DIRECTION ( 'NONE',  ( 0.6923076923076925127, 0.000000000000000000, 0.7216024245882197707 ) ) ;
#1311 = ADVANCED_FACE ( 'NONE', ( #1192 ), #1229, .F. ) ;
#1312 = AXIS2_PLACEMENT_3D ( 'NONE', #1025, #22, #359 ) ;
#1313 = CARTESIAN_POINT ( 'NONE',  ( -15.49999999999999112, 4.299999999999999822, 1.280288983496551938E-16 ) ) ;
#1314 = DIRECTION ( 'NONE',  ( 0.000000000000000000, 1.000000000000000000, -0.000000000000000000 ) ) ;
#1315 = DIRECTION ( 'NONE',  ( 0.000000000000000000, 1.000000000000000000, -0.000000000000000000 ) ) ;
#1316 = AXIS2_PLACEMENT_3D ( 'NONE', #1223, #353, #879 ) ;
#1317 = ORIENTED_EDGE ( 'NONE', *, *, #1412, .F. ) ;
#1318 = CARTESIAN_POINT ( 'NONE',  ( 37.11916848035314587, -1.300000000000000044, 2.799999999999999822 ) ) ;
#1319 = DIRECTION ( 'NONE',  ( 1.000000000000000000, -0.000000000000000000, 0.000000000000000000 ) ) ;
#1320 = DIRECTION ( 'NONE',  ( 0.000000000000000000, 0.000000000000000000, 1.000000000000000000 ) ) ;
#1321 = AXIS2_PLACEMENT_3D ( 'NONE', #1386, #191, #1408 ) ;
#1322 = EDGE_LOOP ( 'NONE', ( #1449, #1231, #1259, #397 ) ) ;
#1323 = DIRECTION ( 'NONE',  ( -1.000000000000000000, 0.000000000000000000, -0.000000000000000000 ) ) ;
#1324 = AXIS2_PLACEMENT_3D ( 'NONE', #822, #28, #478 ) ;
#1325 = EDGE_LOOP ( 'NONE', ( #673, #231, #426, #688 ) ) ;
#1326 = CARTESIAN_POINT ( 'NONE',  ( -10.44878302788244895, 4.500000000000000888, 4.846153846153846700 ) ) ;
#1327 = CARTESIAN_POINT ( 'NONE',  ( -6.119168480353129880, -1.300000000000000266, -9.000000000000001776 ) ) ;
#1328 = FACE_BOUND ( 'NONE', #1222, .T. ) ;
#1329 = AXIS2_PLACEMENT_3D ( 'NONE', #1043, #1240, #226 ) ;
#1330 = EDGE_CURVE ( 'NONE', #263, #339, #995, .T. ) ;
#1331 = EDGE_CURVE ( 'NONE', #1428, #882, #987, .T. ) ;
#1332 = PLANE ( 'NONE',  #424 ) ;
#1333 = EDGE_CURVE ( 'NONE', #717, #511, #837, .T. ) ;
#1334 = EDGE_LOOP ( 'NONE', ( #101, #900, #1293, #544 ) ) ;
#1335 = CARTESIAN_POINT ( 'NONE',  ( 41.59310351280011275, 4.299999999999999822, 4.707692307692310507 ) ) ;
#1336 = ORIENTED_EDGE ( 'NONE', *, *, #329, .T. ) ;
#1337 = CARTESIAN_POINT ( 'NONE',  ( -15.49999999999999112, -1.300000000000000266, 1.280288983496551938E-16 ) ) ;
#1338 = AXIS2_PLACEMENT_3D ( 'NONE', #1327, #1359, #1454 ) ;
#1339 = CARTESIAN_POINT ( 'NONE',  ( 46.50000000000000711, 4.500000000000000888, 1.280288983496551938E-16 ) ) ;
#1340 = CIRCLE ( 'NONE', #1262, 0.1999999999999996503 ) ;
#1341 = ORIENTED_EDGE ( 'NONE', *, *, #547, .F. ) ;
#1342 = CIRCLE ( 'NONE', #711, 7.000000000000001776 ) ;
#1343 = ADVANCED_FACE ( 'NONE', ( #230 ), #954, .T. ) ;
#1344 = CARTESIAN_POINT ( 'NONE',  ( 46.50000000000000711, 4.500000000000000888, -6.800000000000000711 ) ) ;
#1345 = ORIENTED_EDGE ( 'NONE', *, *, #1380, .F. ) ;
#1346 = DIRECTION ( 'NONE',  ( -0.000000000000000000, -1.000000000000000000, 0.000000000000000000 ) ) ;
#1347 = DIRECTION ( 'NONE',  ( -0.000000000000000000, -1.000000000000000000, 0.000000000000000000 ) ) ;
#1348 = CIRCLE ( 'NONE', #72, 0.1999999999999996503 ) ;
#1349 = VERTEX_POINT ( 'NONE', #125 ) ;
#1350 = FACE_OUTER_BOUND ( 'NONE', #749, .T. ) ;
#1351 = CARTESIAN_POINT ( 'NONE',  ( 46.50000000000000711, 4.500000000000000888, -3.000000000000007994 ) ) ;
#1352 = CIRCLE ( 'NONE', #358, 0.2000000000000000944 ) ;
#1353 = EDGE_CURVE ( 'NONE', #1005, #875, #201, .T. ) ;
#1354 = ORIENTED_EDGE ( 'NONE', *, *, #67, .F. ) ;
#1355 = DIRECTION ( 'NONE',  ( 0.000000000000000000, 1.000000000000000000, -0.000000000000000000 ) ) ;
#1356 = CARTESIAN_POINT ( 'NONE',  ( -15.49999999999999112, 4.299999999999999822, 1.280288983496551938E-16 ) ) ;
#1357 = ORIENTED_EDGE ( 'NONE', *, *, #653, .T. ) ;
#1358 = DIRECTION ( 'NONE',  ( 0.000000000000000000, 0.000000000000000000, 1.000000000000000000 ) ) ;
#1359 = DIRECTION ( 'NONE',  ( -0.000000000000000000, -1.000000000000000000, 0.000000000000000000 ) ) ;
#1360 = ORIENTED_EDGE ( 'NONE', *, *, #236, .F. ) ;
#1361 = CARTESIAN_POINT ( 'NONE',  ( -15.49999999999999112, 4.500000000000000888, 3.000000000000000000 ) ) ;
#1362 = DIRECTION ( 'NONE',  ( 0.000000000000000000, 1.000000000000000000, -0.000000000000000000 ) ) ;
#1363 = CIRCLE ( 'NONE', #1312, 6.800000000000002487 ) ;
#1364 = VERTEX_POINT ( 'NONE', #1344 ) ;
#1365 = CARTESIAN_POINT ( 'NONE',  ( 46.50000000000000711, 4.500000000000000888, 1.280288983496551938E-16 ) ) ;
#1366 = VECTOR ( 'NONE', #335, 1000.000000000000000 ) ;
#1367 = EDGE_LOOP ( 'NONE', ( #1234, #1436, #405, #75 ) ) ;
#1368 = DIRECTION ( 'NONE',  ( 0.000000000000000000, 1.000000000000000000, -0.000000000000000000 ) ) ;
#1369 = CIRCLE ( 'NONE', #539, 6.999999999999999112 ) ;
#1370 = DIRECTION ( 'NONE',  ( -0.000000000000000000, -1.000000000000000000, -0.000000000000000000 ) ) ;
#1371 = EDGE_CURVE ( 'NONE', #985, #375, #466, .T. ) ;
#1372 = ORIENTED_EDGE ( 'NONE', *, *, #474, .F. ) ;
#1373 = DIRECTION ( 'NONE',  ( 0.000000000000000000, 1.000000000000000000, -0.000000000000000000 ) ) ;
#1374 = APPLICATION_PROTOCOL_DEFINITION ( 'draft international standard', 'automotive_design', 1998, #623 ) ;
#1375 = CIRCLE ( 'NONE', #95, 0.2000000000000000944 ) ;
#1376 = ORIENTED_EDGE ( 'NONE', *, *, #708, .T. ) ;
#1377 = ORIENTED_EDGE ( 'NONE', *, *, #969, .F. ) ;
#1378 = LINE ( 'NONE', #1042, #937 ) ;
#1379 = DIRECTION ( 'NONE',  ( 0.000000000000000000, 1.000000000000000000, -0.000000000000000000 ) ) ;
#1380 = EDGE_CURVE ( 'NONE', #787, #375, #1151, .T. ) ;
#1381 = TOROIDAL_SURFACE ( 'NONE', #926, 6.200000000000001954, 0.2000000000000000111 ) ;
#1382 = EDGE_CURVE ( 'NONE', #586, #452, #1340, .T. ) ;
#1383 = EDGE_LOOP ( 'NONE', ( #1027, #1407, #1178, #713 ) ) ;
#1384 =( LENGTH_UNIT ( ) NAMED_UNIT ( * ) SI_UNIT ( .MILLI., .METRE. ) );
#1385 = ORIENTED_EDGE ( 'NONE', *, *, #653, .F. ) ;
#1386 = CARTESIAN_POINT ( 'NONE',  ( 46.50000000000000711, 4.500000000000000888, 1.280288983496551938E-16 ) ) ;
#1387 = CARTESIAN_POINT ( 'NONE',  ( 37.11916848035314587, 4.299999999999999822, -3.000000000000000000 ) ) ;
#1388 = ORIENTED_EDGE ( 'NONE', *, *, #990, .T. ) ;
#1389 = AXIS2_PLACEMENT_3D ( 'NONE', #453, #542, #90 ) ;
#1390 = ORIENTED_EDGE ( 'NONE', *, *, #1152, .T. ) ;
#1391 =( NAMED_UNIT ( * ) PLANE_ANGLE_UNIT ( ) SI_UNIT ( $, .RADIAN. ) );
#1392 = ORIENTED_EDGE ( 'NONE', *, *, #1202, .F. ) ;
#1393 = DIRECTION ( 'NONE',  ( 0.000000000000000000, 0.000000000000000000, 1.000000000000000000 ) ) ;
#1394 = TOROIDAL_SURFACE ( 'NONE', #376, 6.200000000000001954, 0.2000000000000000111 ) ;
#1395 = CARTESIAN_POINT ( 'NONE',  ( -15.49999999999999112, 4.500000000000000888, 6.800000000000002487 ) ) ;
#1396 = FACE_OUTER_BOUND ( 'NONE', #37, .T. ) ;
#1397 = ORIENTED_EDGE ( 'NONE', *, *, #1353, .F. ) ;
#1398 = DIRECTION ( 'NONE',  ( 0.000000000000000000, 0.000000000000000000, -1.000000000000000000 ) ) ;
#1399 = EDGE_CURVE ( 'NONE', #1024, #371, #1291, .T. ) ;
#1400 = AXIS2_PLACEMENT_3D ( 'NONE', #948, #173, #622 ) ;
#1401 = DIRECTION ( 'NONE',  ( -1.000000000000000000, -0.000000000000000000, -0.000000000000000000 ) ) ;
#1402 = CIRCLE ( 'NONE', #1304, 6.999999999999999112 ) ;
#1403 = EDGE_LOOP ( 'NONE', ( #357, #848, #768, #1376 ) ) ;
#1404 = CARTESIAN_POINT ( 'NONE',  ( 46.50000000000000711, -1.500000000000000222, -3.200000000000008171 ) ) ;
#1405 = SURFACE_SIDE_STYLE ('',( #66 ) ) ;
#1406 = UNCERTAINTY_MEASURE_WITH_UNIT (LENGTH_MEASURE( 1.000000000000000082E-05 ), #1384, 'distance_accuracy_value', 'NONE');
#1407 = ORIENTED_EDGE ( 'NONE', *, *, #865, .T. ) ;
#1408 = DIRECTION ( 'NONE',  ( 0.000000000000000000, 0.000000000000000000, 1.000000000000000000 ) ) ;
#1409 = DIRECTION ( 'NONE',  ( 0.000000000000000000, 1.000000000000000000, -0.000000000000000000 ) ) ;
#1410 = AXIS2_PLACEMENT_3D ( 'NONE', #1221, #308, #764 ) ;
#1411 = VERTEX_POINT ( 'NONE', #672 ) ;
#1412 = EDGE_CURVE ( 'NONE', #1005, #730, #770, .T. ) ;
#1413 = ADVANCED_FACE ( 'NONE', ( #108 ), #446, .T. ) ;
#1414 = CARTESIAN_POINT ( 'NONE',  ( -15.49999999999999112, -1.300000000000000266, 2.799999999999999822 ) ) ;
#1415 = VERTEX_POINT ( 'NONE', #1236 ) ;
#1416 = DIRECTION ( 'NONE',  ( 0.000000000000000000, 0.000000000000000000, 1.000000000000000000 ) ) ;
#1417 = DIRECTION ( 'NONE',  ( -3.357529308342206122E-15, 0.000000000000000000, 1.000000000000000000 ) ) ;
#1418 = DIRECTION ( 'NONE',  ( 0.000000000000000000, 0.000000000000000000, -1.000000000000000000 ) ) ;
#1419 = TOROIDAL_SURFACE ( 'NONE', #355, 6.200000000000001954, 0.2000000000000000111 ) ;
#1420 = CIRCLE ( 'NONE', #147, 6.799999999999999822 ) ;
#1421 = DIRECTION ( 'NONE',  ( 0.000000000000000000, 0.000000000000000000, 1.000000000000000000 ) ) ;
#1422 = EDGE_CURVE ( 'NONE', #339, #836, #509, .T. ) ;
#1423 = EDGE_LOOP ( 'NONE', ( #629, #1282, #1012, #970 ) ) ;
#1424 = DIRECTION ( 'NONE',  ( 0.000000000000000000, 1.000000000000000000, -0.000000000000000000 ) ) ;
#1425 = DIRECTION ( 'NONE',  ( 0.000000000000000000, 1.000000000000000000, -0.000000000000000000 ) ) ;
#1426 = CARTESIAN_POINT ( 'NONE',  ( -15.49999999999999112, -1.300000000000000266, -3.000000000000000444 ) ) ;
#1427 = CYLINDRICAL_SURFACE ( 'NONE', #644, 6.999999999999999112 ) ;
#1428 = VERTEX_POINT ( 'NONE', #316 ) ;
#1429 = DIRECTION ( 'NONE',  ( -0.000000000000000000, -1.000000000000000000, 0.000000000000000000 ) ) ;
#1430 = VECTOR ( 'NONE', #1319, 1000.000000000000000 ) ;
#1431 = CARTESIAN_POINT ( 'NONE',  ( -15.49999999999999112, 4.500000000000000888, 1.280288983496551938E-16 ) ) ;
#1432 = CARTESIAN_POINT ( 'NONE',  ( -6.119168480353129880, -1.300000000000000266, 3.000000000000000000 ) ) ;
#1433 = CIRCLE ( 'NONE', #1410, 0.1999999999999996503 ) ;
#1434 = DIRECTION ( 'NONE',  ( -1.000000000000000000, 0.000000000000000000, 0.000000000000000000 ) ) ;
#1435 = CIRCLE ( 'NONE', #1073, 6.999999999999999112 ) ;
#1436 = ORIENTED_EDGE ( 'NONE', *, *, #1286, .T. ) ;
#1437 = CARTESIAN_POINT ( 'NONE',  ( 46.50000000000000711, -1.500000000000000000, 6.799999999999999822 ) ) ;
#1438 = CARTESIAN_POINT ( 'NONE',  ( 46.50000000000000711, 4.500000000000000888, 1.280288983496551938E-16 ) ) ;
#1439 = CARTESIAN_POINT ( 'NONE',  ( -15.49999999999999112, -1.500000000000000000, -6.800000000000002487 ) ) ;
#1440 = EDGE_CURVE ( 'NONE', #285, #882, #1433, .T. ) ;
#1441 = ADVANCED_FACE ( 'NONE', ( #569 ), #341, .F. ) ;
#1442 = EDGE_CURVE ( 'NONE', #1009, #1295, #709, .T. ) ;
#1443 = AXIS2_PLACEMENT_3D ( 'NONE', #978, #1310, #183 ) ;
#1444 = DIRECTION ( 'NONE',  ( 0.000000000000000000, 0.000000000000000000, -1.000000000000000000 ) ) ;
#1445 = AXIS2_PLACEMENT_3D ( 'NONE', #843, #1300, #283 ) ;
#1446 = ORIENTED_EDGE ( 'NONE', *, *, #1200, .T. ) ;
#1447 = CARTESIAN_POINT ( 'NONE',  ( 46.50000000000000711, 4.500000000000000888, 3.200000000000008171 ) ) ;
#1448 = CYLINDRICAL_SURFACE ( 'NONE', #57, 3.000000000000007994 ) ;
#1449 = ORIENTED_EDGE ( 'NONE', *, *, #1055, .F. ) ;
#1450 = DIRECTION ( 'NONE',  ( -0.000000000000000000, -1.000000000000000000, -0.000000000000000000 ) ) ;
#1451 = TOROIDAL_SURFACE ( 'NONE', #812, 3.200000000000008171, 0.2000000000000000111 ) ;
#1452 = ORIENTED_EDGE ( 'NONE', *, *, #484, .F. ) ;
#1453 = DIRECTION ( 'NONE',  ( -0.000000000000000000, -1.000000000000000000, -0.000000000000000000 ) ) ;
#1454 = DIRECTION ( 'NONE',  ( 0.000000000000000000, 0.000000000000000000, 1.000000000000000000 ) ) ;
#1455 = VERTEX_POINT ( 'NONE', #91 ) ;
#1456 = AXIS2_PLACEMENT_3D ( 'NONE', #959, #537, #1297 ) ;
#1457 = CARTESIAN_POINT ( 'NONE',  ( 46.50000000000000711, -1.300000000000000266, 6.799999999999999822 ) ) ;
#1458 = ADVANCED_FACE ( 'NONE', ( #543 ), #1448, .F. ) ;
#1459 = AXIS2_PLACEMENT_3D ( 'NONE', #1206, #193, #293 ) ;
#1460 = ORIENTED_EDGE ( 'NONE', *, *, #1286, .F. ) ;
#1461 = CARTESIAN_POINT ( 'NONE',  ( -6.119168480353129880, -1.300000000000000266, 9.000000000000001776 ) ) ;
#1462 = AXIS2_PLACEMENT_3D ( 'NONE', #1361, #431, #1139 ) ;
ENDSEC;
END-ISO-10303-21;
