ISO-10303-21;
HEADER;
FILE_DESCRIPTION(('CATIA V5 STEP Exchange'),'2;1');

FILE_NAME('C:\\Users\\Whoktean\\Desktop\\assembly2x_deneme.stp','2026-05-10T10:59:20+00:00',('none'),('none'),'CATIA Version 5 Release 21 GA (IN-10)','CATIA V5 STEP AP203','none');

FILE_SCHEMA(('CONFIG_CONTROL_DESIGN'));

ENDSEC;
/* file written by CATIA V5R21 */
DATA;
#5=PRODUCT('Product1','','',(#2)) ;
#56=PRODUCT('link','link','',(#2)) ;
#1589=PRODUCT('Base Mounting Bracket','Base Mounting Bracket','',(#2)) ;
#2322=PRODUCT('Base Plate','Base Plate','',(#2)) ;
#4615=PRODUCT('Gear Link 1','Gear Link 1','',(#2)) ;
#8231=PRODUCT('Gear Link 2','Gear Link 2','',(#2)) ;
#11251=PRODUCT('Gripper','Gripper','',(#2)) ;
#12628=PRODUCT('farkli','','',(#2)) ;
#1=APPLICATION_CONTEXT('configuration controlled 3D design of mechanical parts and assemblies') ;
#17=PRODUCT_DEFINITION('',' ',#6,#3) ;
#19=SECURITY_CLASSIFICATION(' ',' ',#18) ;
#18=SECURITY_CLASSIFICATION_LEVEL('unclassified') ;
#63=CARTESIAN_POINT('Axis2P3D Location',(-15.5,4.3,1.2802889835E-016)) ;
#68=CARTESIAN_POINT('Axis2P3D Location',(-15.5,4.5,1.2802889835E-016)) ;
#72=CARTESIAN_POINT('Vertex',(-15.5,4.5,-3.2)) ;
#74=CARTESIAN_POINT('Vertex',(-15.5,4.5,3.2)) ;
#77=CARTESIAN_POINT('Axis2P3D Location',(-15.5,4.3,-3.2)) ;
#81=CARTESIAN_POINT('Vertex',(-15.5,4.3,-3.)) ;
#84=CARTESIAN_POINT('Axis2P3D Location',(-15.5,4.3,1.2802889835E-016)) ;
#88=CARTESIAN_POINT('Vertex',(-15.5,4.3,3.)) ;
#91=CARTESIAN_POINT('Axis2P3D Location',(-15.5,4.3,3.2)) ;
#103=CARTESIAN_POINT('Axis2P3D Location',(-15.5,4.5,1.2802889835E-016)) ;
#108=CARTESIAN_POINT('Axis2P3D Location',(46.5000000042,4.5,-8.21519994774E-009)) ;
#112=CARTESIAN_POINT('Vertex',(41.5931035128,4.5,4.70769230769)) ;
#114=CARTESIAN_POINT('Vertex',(46.5,4.5,6.8)) ;
#117=CARTESIAN_POINT('Axis2P3D Location',(46.5,4.5,1.4602965279E-015)) ;
#121=CARTESIAN_POINT('Vertex',(46.5,4.5,-6.8)) ;
#124=CARTESIAN_POINT('Axis2P3D Location',(46.5000000042,4.5,8.2152002038E-009)) ;
#128=CARTESIAN_POINT('Vertex',(41.5931035131,4.5,-4.70769230835)) ;
#132=CARTESIAN_POINT('Control Point',(41.5931035131,4.5,-4.70769230835)) ;
#133=CARTESIAN_POINT('Control Point',(41.1708571114,4.5,-4.26757871346)) ;
#134=CARTESIAN_POINT('Control Point',(40.6944919878,4.5,-3.8793873875)) ;
#135=CARTESIAN_POINT('Control Point',(40.172484883,4.5,-3.55198451348)) ;
#136=CARTESIAN_POINT('Control Point',(39.2598514277,4.5,-3.12612297881)) ;
#137=CARTESIAN_POINT('Control Point',(38.2849539077,4.5,-2.89183850826)) ;
#138=CARTESIAN_POINT('Control Point',(37.898494235,4.5,-2.83061231722)) ;
#139=CARTESIAN_POINT('Control Point',(37.5088312706,4.5,-2.80000000075)) ;
#140=CARTESIAN_POINT('Control Point',(37.1191684809,4.5,-2.80000000075)) ;
#141=CARTESIAN_POINT('Vertex',(37.1191684804,4.5,-2.8)) ;
#144=CARTESIAN_POINT('Line Origine',(15.5,4.5,-2.80000000075)) ;
#148=CARTESIAN_POINT('Vertex',(-6.11916848086,4.5,-2.80000000075)) ;
#152=CARTESIAN_POINT('Control Point',(-6.11916848086,4.5,-2.80000000075)) ;
#153=CARTESIAN_POINT('Control Point',(-6.72907995141,4.5,-2.80000000075)) ;
#154=CARTESIAN_POINT('Control Point',(-7.33899099429,4.5,-2.87499838823)) ;
#155=CARTESIAN_POINT('Control Point',(-7.93663522869,4.5,-3.02501645094)) ;
#156=CARTESIAN_POINT('Control Point',(-8.87576110846,4.5,-3.3887477494)) ;
#157=CARTESIAN_POINT('Control Point',(-9.71975040472,4.5,-3.9300392239)) ;
#158=CARTESIAN_POINT('Control Point',(-10.0314803755,4.5,-4.16652209554)) ;
#159=CARTESIAN_POINT('Control Point',(-10.3233369657,4.5,-4.42651069379)) ;
#160=CARTESIAN_POINT('Control Point',(-10.5931035131,4.5,-4.70769230835)) ;
#161=CARTESIAN_POINT('Vertex',(-10.5931035128,4.5,-4.70769230769)) ;
#164=CARTESIAN_POINT('Axis2P3D Location',(-15.5000000042,4.5,8.2152002038E-009)) ;
#168=CARTESIAN_POINT('Vertex',(-15.5,4.5,-6.8)) ;
#171=CARTESIAN_POINT('Axis2P3D Location',(-15.5,4.5,-1.2042387312E-015)) ;
#175=CARTESIAN_POINT('Vertex',(-15.5,4.5,6.8)) ;
#178=CARTESIAN_POINT('Axis2P3D Location',(-15.5000000042,4.5,-8.21519994774E-009)) ;
#182=CARTESIAN_POINT('Vertex',(-10.5931035131,4.5,4.70769230835)) ;
#186=CARTESIAN_POINT('Control Point',(-10.5931035131,4.5,4.70769230835)) ;
#187=CARTESIAN_POINT('Control Point',(-10.1708571114,4.5,4.26757871346)) ;
#188=CARTESIAN_POINT('Control Point',(-9.69449198783,4.5,3.87938738749)) ;
#189=CARTESIAN_POINT('Control Point',(-9.17248488305,4.5,3.55198451349)) ;
#190=CARTESIAN_POINT('Control Point',(-8.25985142768,4.5,3.12612297881)) ;
#191=CARTESIAN_POINT('Control Point',(-7.28495390765,4.5,2.89183850826)) ;
#192=CARTESIAN_POINT('Control Point',(-6.89849423496,4.5,2.83061231722)) ;
#193=CARTESIAN_POINT('Control Point',(-6.50883127063,4.5,2.80000000075)) ;
#194=CARTESIAN_POINT('Control Point',(-6.11916848086,4.5,2.80000000075)) ;
#195=CARTESIAN_POINT('Vertex',(-6.11916848035,4.5,2.8)) ;
#198=CARTESIAN_POINT('Line Origine',(15.5,4.5,2.80000000075)) ;
#202=CARTESIAN_POINT('Vertex',(37.1191684809,4.5,2.80000000075)) ;
#206=CARTESIAN_POINT('Control Point',(37.1191684809,4.5,2.80000000075)) ;
#207=CARTESIAN_POINT('Control Point',(37.7290799514,4.5,2.80000000075)) ;
#208=CARTESIAN_POINT('Control Point',(38.3389909943,4.5,2.87499838823)) ;
#209=CARTESIAN_POINT('Control Point',(38.9366352287,4.5,3.02501645093)) ;
#210=CARTESIAN_POINT('Control Point',(39.8757611085,4.5,3.3887477494)) ;
#211=CARTESIAN_POINT('Control Point',(40.7197504047,4.5,3.9300392239)) ;
#212=CARTESIAN_POINT('Control Point',(41.0314803755,4.5,4.16652209554)) ;
#213=CARTESIAN_POINT('Control Point',(41.3233369657,4.5,4.42651069379)) ;
#214=CARTESIAN_POINT('Control Point',(41.5931035131,4.5,4.70769230835)) ;
#231=CARTESIAN_POINT('Control Point',(46.5,4.5,3.19999999925)) ;
#232=CARTESIAN_POINT('Control Point',(46.1494632245,4.5,3.19999999925)) ;
#233=CARTESIAN_POINT('Control Point',(45.7989269794,4.5,3.15200154967)) ;
#234=CARTESIAN_POINT('Control Point',(45.4571290082,4.5,3.05598408595)) ;
#235=CARTESIAN_POINT('Control Point',(44.8086228722,4.5,2.77285725119)) ;
#236=CARTESIAN_POINT('Control Point',(44.2600982227,4.5,2.32582397789)) ;
#237=CARTESIAN_POINT('Control Point',(44.0183014939,4.5,2.06586329837)) ;
#238=CARTESIAN_POINT('Control Point',(43.6121002579,4.5,1.48644845409)) ;
#239=CARTESIAN_POINT('Control Point',(43.3766078278,4.5,0.81916939194)) ;
#240=CARTESIAN_POINT('Control Point',(43.3055559305,4.5,0.471323378717)) ;
#241=CARTESIAN_POINT('Control Point',(43.2605037546,4.5,-0.234857410174)) ;
#242=CARTESIAN_POINT('Control Point',(43.4069426447,4.5,-0.927153360219)) ;
#243=CARTESIAN_POINT('Control Point',(43.5274235636,4.5,-1.26111377948)) ;
#244=CARTESIAN_POINT('Control Point',(43.8567015714,4.5,-1.88744995715)) ;
#245=CARTESIAN_POINT('Control Point',(44.3422274861,4.5,-2.40221458863)) ;
#246=CARTESIAN_POINT('Control Point',(44.6189915504,4.5,-2.62458108051)) ;
#247=CARTESIAN_POINT('Control Point',(45.1460244544,4.5,-2.93982847419)) ;
#248=CARTESIAN_POINT('Control Point',(45.7297664507,4.5,-3.12204871859)) ;
#249=CARTESIAN_POINT('Control Point',(45.9841880455,4.5,-3.17401741368)) ;
#250=CARTESIAN_POINT('Control Point',(46.2420941663,4.5,-3.19999999925)) ;
#251=CARTESIAN_POINT('Control Point',(46.5,4.5,-3.19999999925)) ;
#252=CARTESIAN_POINT('Vertex',(46.5,4.5,3.2)) ;
#254=CARTESIAN_POINT('Vertex',(46.5,4.5,-3.2)) ;
#258=CARTESIAN_POINT('Control Point',(46.5,4.5,-3.19999999925)) ;
#259=CARTESIAN_POINT('Control Point',(46.8505367755,4.5,-3.19999999925)) ;
#260=CARTESIAN_POINT('Control Point',(47.2010730206,4.5,-3.15200154967)) ;
#261=CARTESIAN_POINT('Control Point',(47.5428709918,4.5,-3.05598408595)) ;
#262=CARTESIAN_POINT('Control Point',(48.1913771277,4.5,-2.7728572512)) ;
#263=CARTESIAN_POINT('Control Point',(48.7399017773,4.5,-2.32582397793)) ;
#264=CARTESIAN_POINT('Control Point',(48.9816985062,4.5,-2.06586329832)) ;
#265=CARTESIAN_POINT('Control Point',(49.3878997421,4.5,-1.48644845407)) ;
#266=CARTESIAN_POINT('Control Point',(49.6233921722,4.5,-0.819169391965)) ;
#267=CARTESIAN_POINT('Control Point',(49.6944440695,4.5,-0.47132337869)) ;
#268=CARTESIAN_POINT('Control Point',(49.7394962454,4.5,0.234857410187)) ;
#269=CARTESIAN_POINT('Control Point',(49.5930573553,4.5,0.927153360221)) ;
#270=CARTESIAN_POINT('Control Point',(49.4725764364,4.5,1.26111377948)) ;
#271=CARTESIAN_POINT('Control Point',(49.1432984286,4.5,1.88744995716)) ;
#272=CARTESIAN_POINT('Control Point',(48.6577725139,4.5,2.40221458865)) ;
#273=CARTESIAN_POINT('Control Point',(48.3810084496,4.5,2.6245810805)) ;
#274=CARTESIAN_POINT('Control Point',(47.8539755456,4.5,2.93982847419)) ;
#275=CARTESIAN_POINT('Control Point',(47.2702335493,4.5,3.12204871859)) ;
#276=CARTESIAN_POINT('Control Point',(47.0158119545,4.5,3.17401741368)) ;
#277=CARTESIAN_POINT('Control Point',(46.7579058337,4.5,3.19999999925)) ;
#278=CARTESIAN_POINT('Control Point',(46.5,4.5,3.19999999925)) ;
#285=CARTESIAN_POINT('Control Point',(-15.5,4.5,3.19999999925)) ;
#286=CARTESIAN_POINT('Control Point',(-15.8505367755,4.5,3.19999999925)) ;
#287=CARTESIAN_POINT('Control Point',(-16.2010730206,4.5,3.15200154967)) ;
#288=CARTESIAN_POINT('Control Point',(-16.5428709918,4.5,3.05598408595)) ;
#289=CARTESIAN_POINT('Control Point',(-17.1913771278,4.5,2.77285725119)) ;
#290=CARTESIAN_POINT('Control Point',(-17.7399017773,4.5,2.32582397791)) ;
#291=CARTESIAN_POINT('Control Point',(-17.9816985062,4.5,2.06586329836)) ;
#292=CARTESIAN_POINT('Control Point',(-18.3878997421,4.5,1.48644845408)) ;
#293=CARTESIAN_POINT('Control Point',(-18.6233921722,4.5,0.819169391955)) ;
#294=CARTESIAN_POINT('Control Point',(-18.6944440695,4.5,0.471323378701)) ;
#295=CARTESIAN_POINT('Control Point',(-18.7394962454,4.5,-0.234857410187)) ;
#296=CARTESIAN_POINT('Control Point',(-18.5930573553,4.5,-0.927153360231)) ;
#297=CARTESIAN_POINT('Control Point',(-18.4725764364,4.5,-1.26111377947)) ;
#298=CARTESIAN_POINT('Control Point',(-18.1432984286,4.5,-1.88744995715)) ;
#299=CARTESIAN_POINT('Control Point',(-17.6577725139,4.5,-2.40221458863)) ;
#300=CARTESIAN_POINT('Control Point',(-17.3810084496,4.5,-2.62458108051)) ;
#301=CARTESIAN_POINT('Control Point',(-16.8539755456,4.5,-2.93982847419)) ;
#302=CARTESIAN_POINT('Control Point',(-16.2702335493,4.5,-3.12204871859)) ;
#303=CARTESIAN_POINT('Control Point',(-16.0158119545,4.5,-3.17401741368)) ;
#304=CARTESIAN_POINT('Control Point',(-15.7579058337,4.5,-3.19999999925)) ;
#305=CARTESIAN_POINT('Control Point',(-15.5,4.5,-3.19999999925)) ;
#312=CARTESIAN_POINT('Axis2P3D Location',(-15.5,4.3,1.2802889835E-016)) ;
#317=CARTESIAN_POINT('Axis2P3D Location',(-15.5,4.3,1.2802889835E-016)) ;
#329=CARTESIAN_POINT('Axis2P3D Location',(-15.5,4.5,1.2802889835E-016)) ;
#334=CARTESIAN_POINT('Line Origine',(-15.5,4.5,3.)) ;
#338=CARTESIAN_POINT('Vertex',(-15.5,-1.3,3.)) ;
#341=CARTESIAN_POINT('Line Origine',(-15.5,4.5,-3.)) ;
#345=CARTESIAN_POINT('Vertex',(-15.5,-1.3,-3.)) ;
#349=CARTESIAN_POINT('Control Point',(-15.5,-1.30000000075,-3.)) ;
#350=CARTESIAN_POINT('Control Point',(-14.5575222039,-1.30000000067,-3.)) ;
#351=CARTESIAN_POINT('Control Point',(-13.6150444078,-1.3000000006,-2.62988983496)) ;
#352=CARTESIAN_POINT('Control Point',(-12.870110165,-1.30000000052,-1.88495559215)) ;
#353=CARTESIAN_POINT('Control Point',(-12.129889835,-1.30000000037,-2.91885034661E-016)) ;
#354=CARTESIAN_POINT('Control Point',(-12.870110165,-1.30000000022,1.88495559215)) ;
#355=CARTESIAN_POINT('Control Point',(-13.6150444078,-1.30000000015,2.62988983496)) ;
#356=CARTESIAN_POINT('Control Point',(-14.5575222039,-1.30000000007,3.)) ;
#357=CARTESIAN_POINT('Control Point',(-15.5,-1.3,3.)) ;
#366=CARTESIAN_POINT('Axis2P3D Location',(46.5,4.3,1.2802889835E-016)) ;
#371=CARTESIAN_POINT('Axis2P3D Location',(46.5,4.3,1.2802889835E-016)) ;
#375=CARTESIAN_POINT('Vertex',(46.5,4.3,7.)) ;
#377=CARTESIAN_POINT('Vertex',(41.4487830279,4.3,4.84615384615)) ;
#380=CARTESIAN_POINT('Axis2P3D Location',(46.5,4.3,6.8)) ;
#385=CARTESIAN_POINT('Axis2P3D Location',(41.5931035128,4.3,4.70769230769)) ;
#397=CARTESIAN_POINT('Axis2P3D Location',(46.5,4.3,1.2802889835E-016)) ;
#402=CARTESIAN_POINT('Axis2P3D Location',(46.5,4.3,1.2802889835E-016)) ;
#406=CARTESIAN_POINT('Vertex',(46.5,4.3,-7.)) ;
#409=CARTESIAN_POINT('Axis2P3D Location',(46.5,4.3,-6.8)) ;
#421=CARTESIAN_POINT('Axis2P3D Location',(46.5,4.3,1.2802889835E-016)) ;
#426=CARTESIAN_POINT('Axis2P3D Location',(46.5,4.3,1.2802889835E-016)) ;
#430=CARTESIAN_POINT('Vertex',(41.4487830279,4.30000000075,-4.84615384615)) ;
#433=CARTESIAN_POINT('Axis2P3D Location',(41.5931035128,4.3,-4.70769230769)) ;
#445=CARTESIAN_POINT('Axis2P3D Location',(37.1191684804,4.3,-9.)) ;
#450=CARTESIAN_POINT('Axis2P3D Location',(37.1191684804,4.3,-2.8)) ;
#454=CARTESIAN_POINT('Vertex',(37.1191684809,4.30000000075,-3.)) ;
#457=CARTESIAN_POINT('Axis2P3D Location',(37.1191684804,4.3,-9.)) ;
#469=CARTESIAN_POINT('Axis2P3D Location',(-15.5,4.3,-2.8)) ;
#474=CARTESIAN_POINT('Axis2P3D Location',(-6.11916848086,4.3,-2.8)) ;
#478=CARTESIAN_POINT('Vertex',(-6.11916848086,4.30000000075,-3.)) ;
#481=CARTESIAN_POINT('Line Origine',(-15.5,4.3,-3.)) ;
#493=CARTESIAN_POINT('Axis2P3D Location',(-6.11916848035,4.3,-9.)) ;
#498=CARTESIAN_POINT('Axis2P3D Location',(-10.5931035128,4.3,-4.70769230769)) ;
#502=CARTESIAN_POINT('Vertex',(-10.4487830279,4.3,-4.84615384615)) ;
#505=CARTESIAN_POINT('Axis2P3D Location',(-6.11916848035,4.3,-9.)) ;
#517=CARTESIAN_POINT('Axis2P3D Location',(-15.5,4.3,1.2802889835E-016)) ;
#522=CARTESIAN_POINT('Axis2P3D Location',(-15.5,4.3,1.2802889835E-016)) ;
#526=CARTESIAN_POINT('Vertex',(-15.5,4.3,-7.)) ;
#529=CARTESIAN_POINT('Axis2P3D Location',(-15.5,4.3,-6.8)) ;
#541=CARTESIAN_POINT('Axis2P3D Location',(-15.5,4.3,1.2802889835E-016)) ;
#546=CARTESIAN_POINT('Axis2P3D Location',(-15.5,4.3,1.2802889835E-016)) ;
#550=CARTESIAN_POINT('Vertex',(-15.5,4.3,7.)) ;
#553=CARTESIAN_POINT('Axis2P3D Location',(-15.5,4.3,6.8)) ;
#565=CARTESIAN_POINT('Axis2P3D Location',(-15.5,4.3,1.2802889835E-016)) ;
#570=CARTESIAN_POINT('Axis2P3D Location',(-15.5,4.3,1.2802889835E-016)) ;
#574=CARTESIAN_POINT('Vertex',(-10.4487830279,4.30000000075,4.84615384615)) ;
#577=CARTESIAN_POINT('Axis2P3D Location',(-10.5931035128,4.3,4.70769230769)) ;
#589=CARTESIAN_POINT('Axis2P3D Location',(-6.11916848035,4.3,9.)) ;
#594=CARTESIAN_POINT('Axis2P3D Location',(-6.11916848035,4.3,2.8)) ;
#598=CARTESIAN_POINT('Vertex',(-6.11916848035,4.30000000075,3.)) ;
#601=CARTESIAN_POINT('Axis2P3D Location',(-6.11916848035,4.3,9.)) ;
#613=CARTESIAN_POINT('Axis2P3D Location',(-15.5,4.3,2.8)) ;
#618=CARTESIAN_POINT('Line Origine',(-15.5,4.3,3.)) ;
#622=CARTESIAN_POINT('Vertex',(37.1191684809,4.30000000075,3.)) ;
#625=CARTESIAN_POINT('Axis2P3D Location',(37.1191684809,4.3,2.8)) ;
#637=CARTESIAN_POINT('Axis2P3D Location',(37.1191684804,4.3,9.)) ;
#642=CARTESIAN_POINT('Axis2P3D Location',(37.1191684804,4.3,9.)) ;
#654=CARTESIAN_POINT('Axis2P3D Location',(46.5,4.3,1.2802889835E-016)) ;
#659=CARTESIAN_POINT('Axis2P3D Location',(46.5,4.3,-3.2)) ;
#663=CARTESIAN_POINT('Vertex',(46.5,4.3,-3.)) ;
#666=CARTESIAN_POINT('Axis2P3D Location',(46.5,4.3,3.2)) ;
#670=CARTESIAN_POINT('Vertex',(46.5,4.3,3.)) ;
#673=CARTESIAN_POINT('Axis2P3D Location',(46.5,4.3,1.2802889835E-016)) ;
#685=CARTESIAN_POINT('Axis2P3D Location',(46.5,4.3,1.2802889835E-016)) ;
#690=CARTESIAN_POINT('Axis2P3D Location',(46.5,4.3,1.2802889835E-016)) ;
#702=CARTESIAN_POINT('Axis2P3D Location',(-15.5,4.5,1.2802889835E-016)) ;
#708=CARTESIAN_POINT('Control Point',(-15.5,-1.3,3.)) ;
#709=CARTESIAN_POINT('Control Point',(-16.4424777961,-1.30000000007,3.)) ;
#710=CARTESIAN_POINT('Control Point',(-17.3849555922,-1.30000000015,2.62988983496)) ;
#711=CARTESIAN_POINT('Control Point',(-18.129889835,-1.30000000022,1.88495559215)) ;
#712=CARTESIAN_POINT('Control Point',(-18.870110165,-1.30000000037,7.29712586652E-015)) ;
#713=CARTESIAN_POINT('Control Point',(-18.129889835,-1.30000000052,-1.88495559215)) ;
#714=CARTESIAN_POINT('Control Point',(-17.3849555922,-1.3000000006,-2.62988983496)) ;
#715=CARTESIAN_POINT('Control Point',(-16.4424777961,-1.30000000067,-3.)) ;
#716=CARTESIAN_POINT('Control Point',(-15.5,-1.30000000075,-3.)) ;
#725=CARTESIAN_POINT('Axis2P3D Location',(-15.5,-1.3,1.2802889835E-016)) ;
#730=CARTESIAN_POINT('Axis2P3D Location',(-15.5,-1.3,-3.2)) ;
#734=CARTESIAN_POINT('Vertex',(-15.5,-1.5,-3.2)) ;
#737=CARTESIAN_POINT('Axis2P3D Location',(-15.5,-1.5,1.2802889835E-016)) ;
#741=CARTESIAN_POINT('Vertex',(-15.5,-1.5,3.2)) ;
#744=CARTESIAN_POINT('Axis2P3D Location',(-15.5,-1.3,3.2)) ;
#756=CARTESIAN_POINT('Axis2P3D Location',(46.5,4.5,1.2802889835E-016)) ;
#761=CARTESIAN_POINT('Line Origine',(46.5,4.5,7.)) ;
#765=CARTESIAN_POINT('Vertex',(46.5,-1.3,7.)) ;
#768=CARTESIAN_POINT('Line Origine',(41.4487830279,4.5,4.84615384615)) ;
#772=CARTESIAN_POINT('Vertex',(41.4487830279,-1.3,4.84615384615)) ;
#776=CARTESIAN_POINT('Control Point',(41.4487830279,-1.30000000075,4.84615384615)) ;
#777=CARTESIAN_POINT('Control Point',(42.4254213237,-1.30000000056,5.86411821379)) ;
#778=CARTESIAN_POINT('Control Point',(43.6770566795,-1.30000000037,6.6203889199)) ;
#779=CARTESIAN_POINT('Control Point',(45.0893002394,-1.30000000019,7.)) ;
#780=CARTESIAN_POINT('Control Point',(46.5,-1.3,7.)) ;
#789=CARTESIAN_POINT('Axis2P3D Location',(46.5,4.5,1.2802889835E-016)) ;
#794=CARTESIAN_POINT('Axis2P3D Location',(46.5,-1.30000000075,1.2802889835E-016)) ;
#798=CARTESIAN_POINT('Vertex',(46.5,-1.3,-7.)) ;
#801=CARTESIAN_POINT('Line Origine',(46.5,4.5,-7.)) ;
#813=CARTESIAN_POINT('Axis2P3D Location',(46.5,4.5,1.2802889835E-016)) ;
#818=CARTESIAN_POINT('Axis2P3D Location',(46.5,-1.30000000075,1.2802889835E-016)) ;
#822=CARTESIAN_POINT('Vertex',(41.4487830279,-1.30000000075,-4.84615384615)) ;
#825=CARTESIAN_POINT('Line Origine',(41.4487830279,4.5,-4.84615384615)) ;
#837=CARTESIAN_POINT('Axis2P3D Location',(37.1191684804,4.5,-9.)) ;
#842=CARTESIAN_POINT('Axis2P3D Location',(37.1191684804,-1.30000000075,-9.)) ;
#846=CARTESIAN_POINT('Vertex',(37.1191684809,-1.30000000075,-3.)) ;
#849=CARTESIAN_POINT('Line Origine',(37.1191684804,4.5,-3.)) ;
#861=CARTESIAN_POINT('Axis2P3D Location',(-15.5,4.5,-3.)) ;
#866=CARTESIAN_POINT('Line Origine',(15.5,-1.30000000075,-3.)) ;
#870=CARTESIAN_POINT('Vertex',(-6.11916848086,-1.30000000075,-3.)) ;
#873=CARTESIAN_POINT('Line Origine',(-6.11916848086,1.5,-3.)) ;
#885=CARTESIAN_POINT('Axis2P3D Location',(-6.11916848035,4.5,-9.)) ;
#891=CARTESIAN_POINT('Control Point',(-6.11916848035,-1.3,-3.)) ;
#892=CARTESIAN_POINT('Control Point',(-7.32833970375,-1.30000000019,-3.)) ;
#893=CARTESIAN_POINT('Control Point',(-8.53883418368,-1.30000000037,-3.3253809258)) ;
#894=CARTESIAN_POINT('Control Point',(-9.61166448861,-1.30000000056,-3.97361295961)) ;
#895=CARTESIAN_POINT('Control Point',(-10.4487830279,-1.30000000075,-4.84615384615)) ;
#896=CARTESIAN_POINT('Vertex',(-10.4487830279,-1.3,-4.84615384615)) ;
#899=CARTESIAN_POINT('Line Origine',(-10.4487830279,4.5,-4.84615384615)) ;
#911=CARTESIAN_POINT('Axis2P3D Location',(-15.5,4.5,1.2802889835E-016)) ;
#916=CARTESIAN_POINT('Line Origine',(-15.5,4.5,-7.)) ;
#920=CARTESIAN_POINT('Vertex',(-15.5,-1.3,-7.)) ;
#923=CARTESIAN_POINT('Axis2P3D Location',(-15.5,-1.30000000075,1.2802889835E-016)) ;
#935=CARTESIAN_POINT('Axis2P3D Location',(-15.5,4.5,1.2802889835E-016)) ;
#940=CARTESIAN_POINT('Line Origine',(-15.5,4.5,7.)) ;
#944=CARTESIAN_POINT('Vertex',(-15.5,-1.3,7.)) ;
#948=CARTESIAN_POINT('Control Point',(-15.5,-1.30000000075,-7.)) ;
#949=CARTESIAN_POINT('Control Point',(-16.5995574288,-1.30000000071,-7.)) ;
#950=CARTESIAN_POINT('Control Point',(-17.6991148575,-1.30000000067,-6.78410240373)) ;
#951=CARTESIAN_POINT('Control Point',(-18.7420757856,-1.30000000063,-6.35209384229)) ;
#952=CARTESIAN_POINT('Control Point',(-20.6024101227,-1.30000000056,-5.10241012267)) ;
#953=CARTESIAN_POINT('Control Point',(-21.8520938423,-1.30000000048,-3.24207578558)) ;
#954=CARTESIAN_POINT('Control Point',(-22.2841024037,-1.30000000045,-2.19911485751)) ;
#955=CARTESIAN_POINT('Control Point',(-22.7158975963,-1.30000000037,2.55146234228E-015)) ;
#956=CARTESIAN_POINT('Control Point',(-22.2841024037,-1.3000000003,2.19911485751)) ;
#957=CARTESIAN_POINT('Control Point',(-21.8520938423,-1.30000000026,3.24207578558)) ;
#958=CARTESIAN_POINT('Control Point',(-20.6024101227,-1.30000000019,5.10241012267)) ;
#959=CARTESIAN_POINT('Control Point',(-18.7420757856,-1.30000000011,6.35209384229)) ;
#960=CARTESIAN_POINT('Control Point',(-17.6991148575,-1.30000000007,6.78410240373)) ;
#961=CARTESIAN_POINT('Control Point',(-16.5995574288,-1.30000000004,7.)) ;
#962=CARTESIAN_POINT('Control Point',(-15.5,-1.3,7.)) ;
#971=CARTESIAN_POINT('Axis2P3D Location',(-15.5,4.5,1.2802889835E-016)) ;
#976=CARTESIAN_POINT('Axis2P3D Location',(-15.5,-1.30000000075,1.2802889835E-016)) ;
#980=CARTESIAN_POINT('Vertex',(-10.4487830279,-1.30000000075,4.84615384615)) ;
#983=CARTESIAN_POINT('Line Origine',(-10.4487830279,4.5,4.84615384615)) ;
#995=CARTESIAN_POINT('Axis2P3D Location',(-6.11916848035,4.5,9.)) ;
#1000=CARTESIAN_POINT('Axis2P3D Location',(-6.11916848035,-1.30000000075,9.)) ;
#1004=CARTESIAN_POINT('Vertex',(-6.11916848035,-1.30000000075,3.)) ;
#1007=CARTESIAN_POINT('Line Origine',(-6.11916848035,4.5,3.)) ;
#1019=CARTESIAN_POINT('Axis2P3D Location',(-15.5,4.5,3.)) ;
#1024=CARTESIAN_POINT('Line Origine',(15.5,-1.30000000075,3.)) ;
#1028=CARTESIAN_POINT('Vertex',(37.1191684809,-1.30000000075,3.)) ;
#1031=CARTESIAN_POINT('Line Origine',(37.1191684809,1.5,3.)) ;
#1043=CARTESIAN_POINT('Axis2P3D Location',(37.1191684804,4.5,9.)) ;
#1048=CARTESIAN_POINT('Axis2P3D Location',(37.1191684804,-1.30000000075,9.)) ;
#1060=CARTESIAN_POINT('Axis2P3D Location',(46.5,4.5,1.2802889835E-016)) ;
#1065=CARTESIAN_POINT('Line Origine',(46.5,4.5,3.)) ;
#1069=CARTESIAN_POINT('Vertex',(46.5,-1.3,3.)) ;
#1073=CARTESIAN_POINT('Control Point',(46.5,-1.3,3.)) ;
#1074=CARTESIAN_POINT('Control Point',(45.5575222039,-1.30000000007,3.)) ;
#1075=CARTESIAN_POINT('Control Point',(44.6150444078,-1.30000000015,2.62988983496)) ;
#1076=CARTESIAN_POINT('Control Point',(43.870110165,-1.30000000022,1.88495559215)) ;
#1077=CARTESIAN_POINT('Control Point',(43.129889835,-1.30000000037,-3.64856293326E-015)) ;
#1078=CARTESIAN_POINT('Control Point',(43.870110165,-1.30000000052,-1.88495559215)) ;
#1079=CARTESIAN_POINT('Control Point',(44.6150444078,-1.3000000006,-2.62988983496)) ;
#1080=CARTESIAN_POINT('Control Point',(45.5575222039,-1.30000000067,-3.)) ;
#1081=CARTESIAN_POINT('Control Point',(46.5,-1.30000000075,-3.)) ;
#1082=CARTESIAN_POINT('Vertex',(46.5,-1.3,-3.)) ;
#1085=CARTESIAN_POINT('Line Origine',(46.5,4.5,-3.)) ;
#1097=CARTESIAN_POINT('Axis2P3D Location',(46.5,4.5,1.2802889835E-016)) ;
#1103=CARTESIAN_POINT('Control Point',(46.5,-1.30000000075,-3.)) ;
#1104=CARTESIAN_POINT('Control Point',(47.4424777961,-1.30000000067,-3.)) ;
#1105=CARTESIAN_POINT('Control Point',(48.3849555922,-1.3000000006,-2.62988983496)) ;
#1106=CARTESIAN_POINT('Control Point',(49.129889835,-1.30000000052,-1.88495559215)) ;
#1107=CARTESIAN_POINT('Control Point',(49.870110165,-1.30000000037,4.08639048525E-015)) ;
#1108=CARTESIAN_POINT('Control Point',(49.129889835,-1.30000000022,1.88495559215)) ;
#1109=CARTESIAN_POINT('Control Point',(48.3849555922,-1.30000000015,2.62988983496)) ;
#1110=CARTESIAN_POINT('Control Point',(47.4424777961,-1.30000000007,3.)) ;
#1111=CARTESIAN_POINT('Control Point',(46.5,-1.3,3.)) ;
#1120=CARTESIAN_POINT('Axis2P3D Location',(-15.5,-1.3,1.2802889835E-016)) ;
#1125=CARTESIAN_POINT('Axis2P3D Location',(-15.5,-1.5,1.2802889835E-016)) ;
#1137=CARTESIAN_POINT('Axis2P3D Location',(-15.5,-1.5,1.2802889835E-016)) ;
#1143=CARTESIAN_POINT('Control Point',(-10.5931035131,-1.5,4.70769230835)) ;
#1144=CARTESIAN_POINT('Control Point',(-11.035310219,-1.5,5.16861082003)) ;
#1145=CARTESIAN_POINT('Control Point',(-11.5316358613,-1.5,5.5776069094)) ;
#1146=CARTESIAN_POINT('Control Point',(-12.0739830608,-1.5,5.92621486948)) ;
#1147=CARTESIAN_POINT('Control Point',(-13.0663301043,-1.5,6.40965125195)) ;
#1148=CARTESIAN_POINT('Control Point',(-14.1316146432,-1.5,6.68453823396)) ;
#1149=CARTESIAN_POINT('Control Point',(-14.5848691199,-1.5,6.76151359627)) ;
#1150=CARTESIAN_POINT('Control Point',(-15.04243466,-1.5,6.80000000075)) ;
#1151=CARTESIAN_POINT('Control Point',(-15.5,-1.5,6.80000000075)) ;
#1152=CARTESIAN_POINT('Vertex',(-10.5931035128,-1.5,4.70769230769)) ;
#1154=CARTESIAN_POINT('Vertex',(-15.5,-1.5,6.8)) ;
#1158=CARTESIAN_POINT('Control Point',(-15.5,-1.5,6.80000000075)) ;
#1159=CARTESIAN_POINT('Control Point',(-16.1387430169,-1.5,6.80000000075)) ;
#1160=CARTESIAN_POINT('Control Point',(-16.7774856439,-1.5,6.72500135338)) ;
#1161=CARTESIAN_POINT('Control Point',(-17.4045131422,-1.5,6.57498626955)) ;
#1162=CARTESIAN_POINT('Control Point',(-18.6115591115,-1.5,6.13056329362)) ;
#1163=CARTESIAN_POINT('Control Point',(-19.682829002,-1.5,5.41863029778)) ;
#1164=CARTESIAN_POINT('Control Point',(-20.1740656197,-1.5,5.00107241905)) ;
#1165=CARTESIAN_POINT('Control Point',(-21.0492692458,-1.5,4.05847474368)) ;
#1166=CARTESIAN_POINT('Control Point',(-21.6823263476,-1.5,2.93878439112)) ;
#1167=CARTESIAN_POINT('Control Point',(-21.9313884136,-1.5,2.34411130827)) ;
#1168=CARTESIAN_POINT('Control Point',(-22.2852129671,-1.5,1.10747071798)) ;
#1169=CARTESIAN_POINT('Control Point',(-22.3429605304,-1.5,-0.177493483015)) ;
#1170=CARTESIAN_POINT('Control Point',(-22.2959104222,-1.5,-0.820497592125)) ;
#1171=CARTESIAN_POINT('Control Point',(-22.0517305954,-1.5,-2.08337049336)) ;
#1172=CARTESIAN_POINT('Control Point',(-21.5216626365,-1.5,-3.25533283327)) ;
#1173=CARTESIAN_POINT('Control Point',(-21.1886896566,-1.5,-3.80741707127)) ;
#1174=CARTESIAN_POINT('Control Point',(-20.399385768,-1.5,-4.82303073869)) ;
#1175=CARTESIAN_POINT('Control Point',(-19.3962953961,-1.5,-5.62818753756)) ;
#1176=CARTESIAN_POINT('Control Point',(-18.8495091786,-1.5,-5.96979086862)) ;
#1177=CARTESIAN_POINT('Control Point',(-17.8669581546,-1.5,-6.43291395084)) ;
#1178=CARTESIAN_POINT('Control Point',(-16.8163820108,-1.5,-6.69319811645)) ;
#1179=CARTESIAN_POINT('Control Point',(-16.3801450222,-1.5,-6.76440004972)) ;
#1180=CARTESIAN_POINT('Control Point',(-15.9400724186,-1.5,-6.80000000075)) ;
#1181=CARTESIAN_POINT('Control Point',(-15.5,-1.5,-6.80000000075)) ;
#1182=CARTESIAN_POINT('Vertex',(-15.5,-1.5,-6.8)) ;
#1186=CARTESIAN_POINT('Control Point',(-15.5,-1.5,-6.80000000075)) ;
#1187=CARTESIAN_POINT('Control Point',(-14.8612569831,-1.5,-6.80000000075)) ;
#1188=CARTESIAN_POINT('Control Point',(-14.2225143561,-1.5,-6.72500135338)) ;
#1189=CARTESIAN_POINT('Control Point',(-13.5954868578,-1.5,-6.57498626955)) ;
#1190=CARTESIAN_POINT('Control Point',(-12.5596285037,-1.5,-6.19359296386)) ;
#1191=CARTESIAN_POINT('Control Point',(-11.6237647129,-1.5,-5.61518743163)) ;
#1192=CARTESIAN_POINT('Control Point',(-11.254427543,-1.5,-5.34140853575)) ;
#1193=CARTESIAN_POINT('Control Point',(-10.9098795174,-1.5,-5.03787256676)) ;
#1194=CARTESIAN_POINT('Control Point',(-10.5931035131,-1.5,-4.70769230835)) ;
#1195=CARTESIAN_POINT('Vertex',(-10.5931035128,-1.5,-4.70769230769)) ;
#1198=CARTESIAN_POINT('Axis2P3D Location',(-6.11916848282,-1.5,-8.9999999959)) ;
#1202=CARTESIAN_POINT('Vertex',(-6.11916848086,-1.5,-2.80000000075)) ;
#1205=CARTESIAN_POINT('Line Origine',(15.5,-1.5,-2.80000000075)) ;
#1209=CARTESIAN_POINT('Vertex',(37.1191684809,-1.5,-2.80000000075)) ;
#1212=CARTESIAN_POINT('Axis2P3D Location',(37.1191684828,-1.5,-8.9999999959)) ;
#1216=CARTESIAN_POINT('Vertex',(41.5931035128,-1.5,-4.70769230769)) ;
#1220=CARTESIAN_POINT('Control Point',(41.5931035131,-1.5,-4.70769230835)) ;
#1221=CARTESIAN_POINT('Control Point',(42.035310219,-1.5,-5.16861082002)) ;
#1222=CARTESIAN_POINT('Control Point',(42.5316358612,-1.5,-5.57760690939)) ;
#1223=CARTESIAN_POINT('Control Point',(43.0739830608,-1.5,-5.92621486949)) ;
#1224=CARTESIAN_POINT('Control Point',(44.0663301043,-1.5,-6.40965125195)) ;
#1225=CARTESIAN_POINT('Control Point',(45.1316146432,-1.5,-6.68453823396)) ;
#1226=CARTESIAN_POINT('Control Point',(45.5848691199,-1.5,-6.76151359627)) ;
#1227=CARTESIAN_POINT('Control Point',(46.04243466,-1.5,-6.80000000075)) ;
#1228=CARTESIAN_POINT('Control Point',(46.5,-1.5,-6.80000000075)) ;
#1229=CARTESIAN_POINT('Vertex',(46.5,-1.5,-6.8)) ;
#1233=CARTESIAN_POINT('Control Point',(46.5,-1.5,-6.80000000075)) ;
#1234=CARTESIAN_POINT('Control Point',(47.1387430169,-1.5,-6.80000000075)) ;
#1235=CARTESIAN_POINT('Control Point',(47.7774856439,-1.5,-6.72500135338)) ;
#1236=CARTESIAN_POINT('Control Point',(48.4045131422,-1.5,-6.57498626955)) ;
#1237=CARTESIAN_POINT('Control Point',(49.6115591116,-1.5,-6.13056329361)) ;
#1238=CARTESIAN_POINT('Control Point',(50.682829002,-1.5,-5.41863029777)) ;
#1239=CARTESIAN_POINT('Control Point',(51.1740656197,-1.5,-5.00107241907)) ;
#1240=CARTESIAN_POINT('Control Point',(52.0492692458,-1.5,-4.05847474368)) ;
#1241=CARTESIAN_POINT('Control Point',(52.6823263476,-1.5,-2.93878439111)) ;
#1242=CARTESIAN_POINT('Control Point',(52.9313884136,-1.5,-2.34411130828)) ;
#1243=CARTESIAN_POINT('Control Point',(53.2852129671,-1.5,-1.10747071802)) ;
#1244=CARTESIAN_POINT('Control Point',(53.3429605304,-1.5,0.177493482935)) ;
#1245=CARTESIAN_POINT('Control Point',(53.2959104222,-1.5,0.820497592204)) ;
#1246=CARTESIAN_POINT('Control Point',(53.0517305954,-1.5,2.0833704934)) ;
#1247=CARTESIAN_POINT('Control Point',(52.5216626365,-1.5,3.25533283328)) ;
#1248=CARTESIAN_POINT('Control Point',(52.1886896566,-1.5,3.80741707126)) ;
#1249=CARTESIAN_POINT('Control Point',(51.3993857681,-1.5,4.82303073868)) ;
#1250=CARTESIAN_POINT('Control Point',(50.3962953962,-1.5,5.62818753755)) ;
#1251=CARTESIAN_POINT('Control Point',(49.8495091786,-1.5,5.96979086863)) ;
#1252=CARTESIAN_POINT('Control Point',(48.8669581545,-1.5,6.43291395084)) ;
#1253=CARTESIAN_POINT('Control Point',(47.8163820108,-1.5,6.69319811645)) ;
#1254=CARTESIAN_POINT('Control Point',(47.3801450222,-1.5,6.76440004972)) ;
#1255=CARTESIAN_POINT('Control Point',(46.9400724186,-1.5,6.80000000075)) ;
#1256=CARTESIAN_POINT('Control Point',(46.5,-1.5,6.80000000075)) ;
#1257=CARTESIAN_POINT('Vertex',(46.5,-1.5,6.8)) ;
#1261=CARTESIAN_POINT('Control Point',(46.5,-1.5,6.80000000075)) ;
#1262=CARTESIAN_POINT('Control Point',(45.8612569831,-1.5,6.80000000075)) ;
#1263=CARTESIAN_POINT('Control Point',(45.2225143561,-1.5,6.72500135338)) ;
#1264=CARTESIAN_POINT('Control Point',(44.5954868578,-1.5,6.57498626955)) ;
#1265=CARTESIAN_POINT('Control Point',(43.5596285037,-1.5,6.19359296386)) ;
#1266=CARTESIAN_POINT('Control Point',(42.6237647129,-1.5,5.61518743163)) ;
#1267=CARTESIAN_POINT('Control Point',(42.254427543,-1.5,5.34140853576)) ;
#1268=CARTESIAN_POINT('Control Point',(41.9098795174,-1.5,5.03787256676)) ;
#1269=CARTESIAN_POINT('Control Point',(41.5931035131,-1.5,4.70769230835)) ;
#1270=CARTESIAN_POINT('Vertex',(41.5931035128,-1.5,4.70769230769)) ;
#1273=CARTESIAN_POINT('Axis2P3D Location',(37.1191684828,-1.5,8.9999999959)) ;
#1277=CARTESIAN_POINT('Vertex',(37.1191684809,-1.5,2.80000000075)) ;
#1280=CARTESIAN_POINT('Line Origine',(15.5,-1.5,2.80000000075)) ;
#1284=CARTESIAN_POINT('Vertex',(-6.11916848086,-1.5,2.80000000075)) ;
#1287=CARTESIAN_POINT('Axis2P3D Location',(-6.11916848282,-1.5,8.9999999959)) ;
#1306=CARTESIAN_POINT('Axis2P3D Location',(46.5,-1.5,7.94162713125E-016)) ;
#1310=CARTESIAN_POINT('Vertex',(46.5,-1.5,3.2)) ;
#1312=CARTESIAN_POINT('Vertex',(46.5,-1.5,-3.2)) ;
#1315=CARTESIAN_POINT('Axis2P3D Location',(46.5,-1.5,-5.38104916425E-016)) ;
#1329=CARTESIAN_POINT('Axis2P3D Location',(46.5,-1.3,1.2802889835E-016)) ;
#1334=CARTESIAN_POINT('Axis2P3D Location',(46.5,-1.3,6.8)) ;
#1339=CARTESIAN_POINT('Axis2P3D Location',(41.5931035128,-1.3,4.70769230769)) ;
#1351=CARTESIAN_POINT('Axis2P3D Location',(46.5,-1.3,1.2802889835E-016)) ;
#1356=CARTESIAN_POINT('Axis2P3D Location',(46.5,-1.3,-6.8)) ;
#1368=CARTESIAN_POINT('Axis2P3D Location',(46.5,-1.3,1.2802889835E-016)) ;
#1373=CARTESIAN_POINT('Axis2P3D Location',(41.5931035128,-1.3,-4.70769230769)) ;
#1385=CARTESIAN_POINT('Axis2P3D Location',(37.1191684804,-1.3,-9.)) ;
#1390=CARTESIAN_POINT('Axis2P3D Location',(37.1191684804,-1.3,-2.8)) ;
#1402=CARTESIAN_POINT('Axis2P3D Location',(-15.5,-1.3,-2.8)) ;
#1407=CARTESIAN_POINT('Axis2P3D Location',(-6.11916848086,-1.3,-2.8)) ;
#1419=CARTESIAN_POINT('Axis2P3D Location',(-6.11916848035,-1.3,-9.)) ;
#1424=CARTESIAN_POINT('Axis2P3D Location',(-10.5931035128,-1.3,-4.70769230769)) ;
#1436=CARTESIAN_POINT('Axis2P3D Location',(-15.5,-1.3,1.2802889835E-016)) ;
#1441=CARTESIAN_POINT('Axis2P3D Location',(-15.5,-1.3,-6.8)) ;
#1453=CARTESIAN_POINT('Axis2P3D Location',(-15.5,-1.3,1.2802889835E-016)) ;
#1458=CARTESIAN_POINT('Axis2P3D Location',(-15.5,-1.3,6.8)) ;
#1470=CARTESIAN_POINT('Axis2P3D Location',(-15.5,-1.3,1.2802889835E-016)) ;
#1475=CARTESIAN_POINT('Axis2P3D Location',(-10.5931035128,-1.3,4.70769230769)) ;
#1487=CARTESIAN_POINT('Axis2P3D Location',(-6.11916848035,-1.3,9.)) ;
#1492=CARTESIAN_POINT('Axis2P3D Location',(-6.11916848035,-1.3,2.8)) ;
#1504=CARTESIAN_POINT('Axis2P3D Location',(-15.5,-1.3,2.8)) ;
#1510=CARTESIAN_POINT('Control Point',(37.1191684809,-1.5,2.8)) ;
#1511=CARTESIAN_POINT('Control Point',(37.1191684807,-1.5,2.87853981634)) ;
#1512=CARTESIAN_POINT('Control Point',(37.1191684806,-1.45808616777,2.95808616777)) ;
#1513=CARTESIAN_POINT('Control Point',(37.1191684805,-1.37853981634,3.)) ;
#1514=CARTESIAN_POINT('Control Point',(37.1191684804,-1.3,3.)) ;
#1523=CARTESIAN_POINT('Axis2P3D Location',(37.1191684804,-1.3,9.)) ;
#1535=CARTESIAN_POINT('Axis2P3D Location',(46.5,-1.3,1.2802889835E-016)) ;
#1540=CARTESIAN_POINT('Axis2P3D Location',(46.5,-1.3,-3.2)) ;
#1545=CARTESIAN_POINT('Axis2P3D Location',(46.5,-1.3,3.2)) ;
#1557=CARTESIAN_POINT('Axis2P3D Location',(46.5,-1.3,1.2802889835E-016)) ;
#1579=CARTESIAN_POINT('NONE',(0.,0.,0.)) ;
#1580=CARTESIAN_POINT('NONE',(-13.6637489958,-13.7595088976,-72.0660602845)) ;
#1596=CARTESIAN_POINT('Axis2P3D Location',(32.2696999921,9.58601049714,-1.03051641338E-014)) ;
#1601=CARTESIAN_POINT('Axis2P3D Location',(16.2696999921,9.58601049714,-6.14182779144E-015)) ;
#1605=CARTESIAN_POINT('Vertex',(16.2696999921,11.0860104971,-5.29200302359E-015)) ;
#1607=CARTESIAN_POINT('Vertex',(16.2696999921,8.08601049714,-7.84147732714E-015)) ;
#1610=CARTESIAN_POINT('Line Origine',(32.2696999926,11.0860104971,-9.45533936577E-015)) ;
#1614=CARTESIAN_POINT('Vertex',(12.2696999921,11.0860104971,-4.251168938E-015)) ;
#1617=CARTESIAN_POINT('Axis2P3D Location',(12.2696999921,9.58601049714,-5.10099370585E-015)) ;
#1621=CARTESIAN_POINT('Vertex',(12.2696999921,8.08601049714,-5.10099370585E-015)) ;
#1624=CARTESIAN_POINT('Line Origine',(32.2696999926,8.08601049714,-1.20048136693E-014)) ;
#1636=CARTESIAN_POINT('Axis2P3D Location',(16.2696999921,-2.41398950286,-6.14182779144E-015)) ;
#1641=CARTESIAN_POINT('Line Origine',(16.2696999921,13.5860104971,-5.3290705182E-015)) ;
#1645=CARTESIAN_POINT('Vertex',(16.2696999921,13.5860104971,-14.)) ;
#1647=CARTESIAN_POINT('Vertex',(16.2696999921,13.5860104971,14.)) ;
#1651=CARTESIAN_POINT('Control Point',(16.2696999921,13.5860104971,14.)) ;
#1652=CARTESIAN_POINT('Control Point',(16.2696999921,13.5860104971,14.5999931315)) ;
#1653=CARTESIAN_POINT('Control Point',(16.2696999921,13.5110122143,15.1999858211)) ;
#1654=CARTESIAN_POINT('Control Point',(16.2696999921,13.3609929553,15.7875097329)) ;
#1655=CARTESIAN_POINT('Control Point',(16.2696999921,12.9173228412,16.9125097127)) ;
#1656=CARTESIAN_POINT('Control Point',(16.2696999921,12.2103848333,17.8936837723)) ;
#1657=CARTESIAN_POINT('Control Point',(16.2696999921,11.7970565826,18.3373614446)) ;
#1658=CARTESIAN_POINT('Control Point',(16.2696999921,10.8683457056,19.1119350262)) ;
#1659=CARTESIAN_POINT('Control Point',(16.2696999921,9.77754933495,19.6340721362)) ;
#1660=CARTESIAN_POINT('Control Point',(16.2696999921,9.20210926223,19.8252758066)) ;
#1661=CARTESIAN_POINT('Control Point',(16.2696999921,8.52494095991,19.9591286022)) ;
#1662=CARTESIAN_POINT('Control Point',(16.2696999921,7.84085951644,19.9954881496)) ;
#1663=CARTESIAN_POINT('Control Point',(16.2696999921,7.75590395043,19.998496678)) ;
#1664=CARTESIAN_POINT('Control Point',(16.2696999921,7.67095721936,20.)) ;
#1665=CARTESIAN_POINT('Control Point',(16.2696999921,7.58601049714,20.)) ;
#1666=CARTESIAN_POINT('Vertex',(16.2696999921,7.58601049714,20.)) ;
#1669=CARTESIAN_POINT('Line Origine',(16.2696999921,5.33601049714,20.)) ;
#1673=CARTESIAN_POINT('Vertex',(16.2696999921,3.08601049714,20.)) ;
#1676=CARTESIAN_POINT('Line Origine',(16.2696999921,3.08601049714,-7.1054273576E-015)) ;
#1680=CARTESIAN_POINT('Vertex',(16.2696999921,3.08601049714,-20.)) ;
#1683=CARTESIAN_POINT('Line Origine',(16.2696999921,5.33601049714,-20.)) ;
#1687=CARTESIAN_POINT('Vertex',(16.2696999921,7.58601049714,-20.)) ;
#1691=CARTESIAN_POINT('Control Point',(16.2696999921,7.58601049714,-20.)) ;
#1692=CARTESIAN_POINT('Control Point',(16.2696999921,8.18600362869,-20.)) ;
#1693=CARTESIAN_POINT('Control Point',(16.2696999921,8.7859963183,-19.9250017171)) ;
#1694=CARTESIAN_POINT('Control Point',(16.2696999921,9.37352023,-19.7749824582)) ;
#1695=CARTESIAN_POINT('Control Point',(16.2696999921,10.4985202099,-19.3313123441)) ;
#1696=CARTESIAN_POINT('Control Point',(16.2696999921,11.4796942695,-18.6243743361)) ;
#1697=CARTESIAN_POINT('Control Point',(16.2696999921,11.9233719417,-18.2110460854)) ;
#1698=CARTESIAN_POINT('Control Point',(16.2696999921,12.6979455233,-17.2823352084)) ;
#1699=CARTESIAN_POINT('Control Point',(16.2696999921,13.2200826333,-16.1915388378)) ;
#1700=CARTESIAN_POINT('Control Point',(16.2696999921,13.4112863037,-15.6160987651)) ;
#1701=CARTESIAN_POINT('Control Point',(16.2696999921,13.5451390993,-14.9389304628)) ;
#1702=CARTESIAN_POINT('Control Point',(16.2696999921,13.5814986467,-14.2548490193)) ;
#1703=CARTESIAN_POINT('Control Point',(16.2696999921,13.5845071751,-14.1698934533)) ;
#1704=CARTESIAN_POINT('Control Point',(16.2696999921,13.5860104971,-14.0849467222)) ;
#1705=CARTESIAN_POINT('Control Point',(16.2696999921,13.5860104971,-14.)) ;
#1715=CARTESIAN_POINT('Axis2P3D Location',(16.2696999921,9.58601049714,-6.47489469883E-015)) ;
#1725=CARTESIAN_POINT('Axis2P3D Location',(32.2696999921,9.58601049714,-1.03051641338E-014)) ;
#1730=CARTESIAN_POINT('Axis2P3D Location',(12.2696999921,9.58601049714,-5.10099370585E-015)) ;
#1742=CARTESIAN_POINT('Axis2P3D Location',(12.2696999921,-2.41398950286,-5.10099370585E-015)) ;
#1747=CARTESIAN_POINT('Line Origine',(12.2696999921,5.33601049714,20.)) ;
#1751=CARTESIAN_POINT('Vertex',(12.2696999921,7.58601049714,20.)) ;
#1753=CARTESIAN_POINT('Vertex',(12.2696999921,3.08601049714,20.)) ;
#1756=CARTESIAN_POINT('Axis2P3D Location',(12.2696999921,7.58601049726,14.0000000001)) ;
#1760=CARTESIAN_POINT('Vertex',(12.2696999921,13.5860104971,14.)) ;
#1763=CARTESIAN_POINT('Line Origine',(12.2696999921,13.5860104971,-5.3290705182E-015)) ;
#1767=CARTESIAN_POINT('Vertex',(12.2696999921,13.5860104971,-14.)) ;
#1770=CARTESIAN_POINT('Axis2P3D Location',(12.2696999921,7.58601049726,-14.0000000001)) ;
#1774=CARTESIAN_POINT('Vertex',(12.2696999921,7.58601049714,-20.)) ;
#1777=CARTESIAN_POINT('Line Origine',(12.2696999921,5.33601049714,-20.)) ;
#1781=CARTESIAN_POINT('Vertex',(12.2696999921,3.08601049714,-20.)) ;
#1784=CARTESIAN_POINT('Line Origine',(12.2696999921,3.08601049714,-3.5527136788E-015)) ;
#1802=CARTESIAN_POINT('Axis2P3D Location',(16.2696999921,13.5860104971,20.)) ;
#1807=CARTESIAN_POINT('Line Origine',(14.2696999921,13.5860104971,14.)) ;
#1812=CARTESIAN_POINT('Line Origine',(14.2696999921,13.5860104971,-14.)) ;
#1824=CARTESIAN_POINT('Axis2P3D Location',(16.2696999921,7.58601049714,14.)) ;
#1829=CARTESIAN_POINT('Line Origine',(16.2696999926,7.58601049714,20.)) ;
#1841=CARTESIAN_POINT('Axis2P3D Location',(16.2696999921,1.58601049714,20.)) ;
#1846=CARTESIAN_POINT('Line Origine',(14.2696999921,3.08601049714,20.)) ;
#1858=CARTESIAN_POINT('Axis2P3D Location',(10.7696999921,3.08601049714,-20.)) ;
#1863=CARTESIAN_POINT('Line Origine',(10.7696999921,-2.41398950286,-20.)) ;
#1867=CARTESIAN_POINT('Vertex',(10.7696999921,-2.41398950286,-20.)) ;
#1869=CARTESIAN_POINT('Vertex',(10.7696999921,-2.41398950286,20.)) ;
#1872=CARTESIAN_POINT('Axis2P3D Location',(10.7696999921,3.08601049714,-20.)) ;
#1877=CARTESIAN_POINT('Axis2P3D Location',(10.7696999921,3.08601049714,20.)) ;
#1889=CARTESIAN_POINT('Axis2P3D Location',(16.2696999921,13.5860104971,-20.)) ;
#1894=CARTESIAN_POINT('Line Origine',(14.2696999921,7.58601049714,-20.)) ;
#1899=CARTESIAN_POINT('Line Origine',(14.2696999921,3.08601049714,-20.)) ;
#1911=CARTESIAN_POINT('Axis2P3D Location',(16.2696999921,7.58601049714,-14.)) ;
#1923=CARTESIAN_POINT('Axis2P3D Location',(10.7696999921,3.08601049714,-20.)) ;
#1928=CARTESIAN_POINT('Line Origine',(10.7696999921,1.58601049714,-20.)) ;
#1932=CARTESIAN_POINT('Vertex',(10.7696999921,1.58601049714,-20.)) ;
#1934=CARTESIAN_POINT('Vertex',(10.7696999921,1.58601049714,20.)) ;
#1937=CARTESIAN_POINT('Axis2P3D Location',(10.7696999921,3.08601049714,20.)) ;
#1942=CARTESIAN_POINT('Axis2P3D Location',(10.7696999921,3.08601049714,-20.)) ;
#1954=CARTESIAN_POINT('Axis2P3D Location',(10.7696999921,3.08601049714,20.)) ;
#1959=CARTESIAN_POINT('Line Origine',(10.7696999921,-0.413989502856,20.)) ;
#1971=CARTESIAN_POINT('Axis2P3D Location',(-1.7303000079,-2.41398950286,14.)) ;
#1976=CARTESIAN_POINT('Line Origine',(4.5196999921,-2.41398950286,20.)) ;
#1980=CARTESIAN_POINT('Vertex',(-1.7303000079,-2.41398950286,20.)) ;
#1983=CARTESIAN_POINT('Axis2P3D Location',(-1.73030000801,-2.41398950286,14.0000000001)) ;
#1987=CARTESIAN_POINT('Vertex',(-7.7303000079,-2.41398950286,14.)) ;
#1990=CARTESIAN_POINT('Line Origine',(-7.7303000079,-2.41398950286,0.)) ;
#1994=CARTESIAN_POINT('Vertex',(-7.7303000079,-2.41398950286,-14.)) ;
#1997=CARTESIAN_POINT('Axis2P3D Location',(-1.73030000801,-2.41398950286,-14.0000000001)) ;
#2001=CARTESIAN_POINT('Vertex',(-1.7303000079,-2.41398950286,-20.)) ;
#2004=CARTESIAN_POINT('Line Origine',(4.5196999921,-2.41398950286,-20.)) ;
#2017=CARTESIAN_POINT('Axis2P3D Location',(-2.29030000842,-2.41398950286,12.)) ;
#2021=CARTESIAN_POINT('Vertex',(-2.2903000079,-2.41398950286,9.)) ;
#2023=CARTESIAN_POINT('Vertex',(-2.2903000079,-2.41398950286,15.)) ;
#2026=CARTESIAN_POINT('Axis2P3D Location',(-2.29030000842,-2.41398950286,12.)) ;
#2035=CARTESIAN_POINT('Axis2P3D Location',(-2.29030000842,-2.41398950286,-12.)) ;
#2039=CARTESIAN_POINT('Vertex',(-2.2903000079,-2.41398950286,-15.)) ;
#2041=CARTESIAN_POINT('Vertex',(-2.2903000079,-2.41398950286,-9.)) ;
#2044=CARTESIAN_POINT('Axis2P3D Location',(-2.29030000842,-2.41398950286,-12.)) ;
#2054=CARTESIAN_POINT('Axis2P3D Location',(10.7696999921,3.08601049714,-20.)) ;
#2059=CARTESIAN_POINT('Line Origine',(10.7696999921,-0.413989502856,-20.)) ;
#2071=CARTESIAN_POINT('Axis2P3D Location',(-1.7303000079,1.58601049714,14.)) ;
#2076=CARTESIAN_POINT('Line Origine',(4.5196999921,1.58601049714,20.)) ;
#2080=CARTESIAN_POINT('Vertex',(-1.7303000079,1.58601049714,20.)) ;
#2083=CARTESIAN_POINT('Line Origine',(4.5196999921,1.58601049714,-20.)) ;
#2087=CARTESIAN_POINT('Vertex',(-1.7303000079,1.58601049714,-20.)) ;
#2090=CARTESIAN_POINT('Axis2P3D Location',(-1.73030000801,1.58601049714,-14.0000000001)) ;
#2094=CARTESIAN_POINT('Vertex',(-7.7303000079,1.58601049714,-14.)) ;
#2097=CARTESIAN_POINT('Line Origine',(-7.7303000079,1.58601049714,0.)) ;
#2101=CARTESIAN_POINT('Vertex',(-7.7303000079,1.58601049714,14.)) ;
#2104=CARTESIAN_POINT('Axis2P3D Location',(-1.73030000801,1.58601049714,14.0000000001)) ;
#2117=CARTESIAN_POINT('Axis2P3D Location',(-2.29030000842,1.58601049714,-12.)) ;
#2121=CARTESIAN_POINT('Vertex',(-2.2903000079,1.58601049714,-15.)) ;
#2123=CARTESIAN_POINT('Vertex',(-2.2903000079,1.58601049714,-9.)) ;
#2126=CARTESIAN_POINT('Axis2P3D Location',(-2.29030000842,1.58601049714,-12.)) ;
#2135=CARTESIAN_POINT('Axis2P3D Location',(-2.29030000842,1.58601049714,12.)) ;
#2139=CARTESIAN_POINT('Vertex',(-2.2903000079,1.58601049714,9.)) ;
#2141=CARTESIAN_POINT('Vertex',(-2.2903000079,1.58601049714,15.)) ;
#2144=CARTESIAN_POINT('Axis2P3D Location',(-2.29030000842,1.58601049714,12.)) ;
#2154=CARTESIAN_POINT('Axis2P3D Location',(-1.7303000079,1.58601049714,20.)) ;
#2159=CARTESIAN_POINT('Line Origine',(-1.7303000079,-0.413989502856,20.)) ;
#2171=CARTESIAN_POINT('Axis2P3D Location',(-1.7303000079,1.58601049714,14.)) ;
#2176=CARTESIAN_POINT('Line Origine',(-7.7303000079,1.58601049706,14.)) ;
#2188=CARTESIAN_POINT('Axis2P3D Location',(-7.7303000079,1.58601049714,-14.)) ;
#2193=CARTESIAN_POINT('Line Origine',(-7.7303000079,-0.413989502856,-14.)) ;
#2205=CARTESIAN_POINT('Axis2P3D Location',(-1.7303000079,1.58601049714,-14.)) ;
#2210=CARTESIAN_POINT('Line Origine',(-1.7303000079,1.58601049706,-20.)) ;
#2222=CARTESIAN_POINT('Axis2P3D Location',(-1.7303000079,1.58601049714,-20.)) ;
#2234=CARTESIAN_POINT('Axis2P3D Location',(-2.2903000079,1.58601049714,12.)) ;
#2239=CARTESIAN_POINT('Line Origine',(-2.2903000079,1.58601049706,15.)) ;
#2244=CARTESIAN_POINT('Line Origine',(-2.2903000079,1.58601049706,9.)) ;
#2256=CARTESIAN_POINT('Axis2P3D Location',(-2.2903000079,1.58601049714,12.)) ;
#2268=CARTESIAN_POINT('Axis2P3D Location',(-2.2903000079,1.58601049714,-12.)) ;
#2273=CARTESIAN_POINT('Line Origine',(-2.2903000079,1.58601049706,-9.)) ;
#2278=CARTESIAN_POINT('Line Origine',(-2.2903000079,1.58601049706,-15.)) ;
#2290=CARTESIAN_POINT('Axis2P3D Location',(-2.2903000079,1.58601049714,-12.)) ;
#2312=CARTESIAN_POINT('NONE',(0.,0.,0.)) ;
#2313=CARTESIAN_POINT('NONE',(7.04224733644,-11.6734984005,53.4831842618)) ;
#2329=CARTESIAN_POINT('Axis2P3D Location',(1.13092529228,4.5,-13.223919583)) ;
#2334=CARTESIAN_POINT('Axis2P3D Location',(1.13092529228,4.5,-13.223919583)) ;
#2338=CARTESIAN_POINT('Vertex',(25.8901845515,4.5,-23.9932780102)) ;
#2340=CARTESIAN_POINT('Vertex',(1.13092529228,4.5,-40.223919583)) ;
#2343=CARTESIAN_POINT('Line Origine',(1.13092529228,4.5,-40.223919583)) ;
#2347=CARTESIAN_POINT('Vertex',(1.13092529228,-1.5,-40.223919583)) ;
#2350=CARTESIAN_POINT('Axis2P3D Location',(1.13092529228,-1.5,-13.223919583)) ;
#2354=CARTESIAN_POINT('Vertex',(25.8901845515,-1.5,-23.9932780102)) ;
#2357=CARTESIAN_POINT('Line Origine',(25.8901845515,4.5,-23.9932780102)) ;
#2369=CARTESIAN_POINT('Axis2P3D Location',(-14.4654781146,4.5,-55.123919583)) ;
#2375=CARTESIAN_POINT('Control Point',(-14.4654781146,4.5,-61.123919583)) ;
#2376=CARTESIAN_POINT('Control Point',(-15.0654712461,4.5,-61.123919583)) ;
#2377=CARTESIAN_POINT('Control Point',(-15.6654639357,4.5,-61.0489213002)) ;
#2378=CARTESIAN_POINT('Control Point',(-16.2529878474,4.5,-60.8989020413)) ;
#2379=CARTESIAN_POINT('Control Point',(-17.2670914252,4.5,-60.4989665229)) ;
#2380=CARTESIAN_POINT('Control Point',(-18.1643266935,4.5,-59.8851079952)) ;
#2381=CARTESIAN_POINT('Control Point',(-18.5350402881,4.5,-59.5724092955)) ;
#2382=CARTESIAN_POINT('Control Point',(-18.871845912,4.5,-59.2246466566)) ;
#2383=CARTESIAN_POINT('Control Point',(-19.1707413641,4.5,-58.8468885265)) ;
#2384=CARTESIAN_POINT('Vertex',(-14.4654781146,4.5,-61.123919583)) ;
#2386=CARTESIAN_POINT('Vertex',(-19.1707413641,4.5,-58.8468885265)) ;
#2389=CARTESIAN_POINT('Line Origine',(-29.5839435568,4.5,-45.6861938388)) ;
#2393=CARTESIAN_POINT('Vertex',(-39.99714575,4.5,-32.5254991512)) ;
#2397=CARTESIAN_POINT('Control Point',(-39.9971457494,4.5,-32.5254991512)) ;
#2398=CARTESIAN_POINT('Control Point',(-40.3694383818,4.5,-32.0549782127)) ;
#2399=CARTESIAN_POINT('Control Point',(-40.6829162959,4.5,-31.5379215745)) ;
#2400=CARTESIAN_POINT('Control Point',(-40.929825159,4.5,-30.9840929555)) ;
#2401=CARTESIAN_POINT('Control Point',(-41.164155417,4.5,-30.2093866279)) ;
#2402=CARTESIAN_POINT('Control Point',(-41.2660330246,4.5,-29.4120301162)) ;
#2403=CARTESIAN_POINT('Control Point',(-41.2832865594,4.5,-29.2087839441)) ;
#2404=CARTESIAN_POINT('Control Point',(-41.2918824998,4.5,-29.0056570506)) ;
#2405=CARTESIAN_POINT('Control Point',(-41.2918824998,4.5,-28.8025302078)) ;
#2406=CARTESIAN_POINT('Vertex',(-41.2918824998,4.5,-28.8025302078)) ;
#2409=CARTESIAN_POINT('Line Origine',(-41.2918824998,4.5,-1.46549610713)) ;
#2413=CARTESIAN_POINT('Vertex',(-41.2918825002,4.5,25.8715379936)) ;
#2417=CARTESIAN_POINT('Control Point',(-41.2918824998,4.5,25.8715379935)) ;
#2418=CARTESIAN_POINT('Control Point',(-41.2918824998,4.5,26.4715311268)) ;
#2419=CARTESIAN_POINT('Control Point',(-41.2168842165,4.5,27.0715238182)) ;
#2420=CARTESIAN_POINT('Control Point',(-41.0668649593,4.5,27.6590477231)) ;
#2421=CARTESIAN_POINT('Control Point',(-40.8155544121,4.5,28.2962877623)) ;
#2422=CARTESIAN_POINT('Control Point',(-40.4797745481,4.5,28.8873813572)) ;
#2423=CARTESIAN_POINT('Control Point',(-40.4392251189,4.5,28.9560799503)) ;
#2424=CARTESIAN_POINT('Control Point',(-40.3975610979,4.5,29.0240610523)) ;
#2425=CARTESIAN_POINT('Control Point',(-40.3547798039,4.5,29.0913316057)) ;
#2426=CARTESIAN_POINT('Vertex',(-40.3547798039,4.5,29.0913316057)) ;
#2429=CARTESIAN_POINT('Line Origine',(-30.495975483,4.5,44.5936028174)) ;
#2433=CARTESIAN_POINT('Vertex',(-20.6371711617,4.5,60.0958740282)) ;
#2437=CARTESIAN_POINT('Control Point',(-20.6371711621,4.5,60.0958740291)) ;
#2438=CARTESIAN_POINT('Control Point',(-20.3151954867,4.5,60.6021579637)) ;
#2439=CARTESIAN_POINT('Control Point',(-19.9299352812,4.5,61.0681950268)) ;
#2440=CARTESIAN_POINT('Control Point',(-19.4880623075,4.5,61.4834520543)) ;
#2441=CARTESIAN_POINT('Control Point',(-18.5099749787,4.5,62.1946575819)) ;
#2442=CARTESIAN_POINT('Control Point',(-17.3869195615,4.5,62.6432224184)) ;
#2443=CARTESIAN_POINT('Control Point',(-16.8000547255,4.5,62.7957995583)) ;
#2444=CARTESIAN_POINT('Control Point',(-16.195169926,4.5,62.8740863766)) ;
#2445=CARTESIAN_POINT('Control Point',(-15.5899532157,4.5,62.8760633449)) ;
#2446=CARTESIAN_POINT('Control Point',(-15.5847267616,4.5,62.8760747262)) ;
#2447=CARTESIAN_POINT('Control Point',(-15.5795003098,4.5,62.876080417)) ;
#2448=CARTESIAN_POINT('Control Point',(-15.574273858,4.5,62.876080417)) ;
#2449=CARTESIAN_POINT('Vertex',(-15.574273858,4.5,62.876080417)) ;
#2452=CARTESIAN_POINT('Line Origine',(1.03101358864,4.5,62.876080417)) ;
#2456=CARTESIAN_POINT('Vertex',(17.6363010354,4.5,62.876080417)) ;
#2460=CARTESIAN_POINT('Control Point',(17.6363010353,4.5,62.876080417)) ;
#2461=CARTESIAN_POINT('Control Point',(18.2362941669,4.5,62.876080417)) ;
#2462=CARTESIAN_POINT('Control Point',(18.8362868566,4.5,62.801082134)) ;
#2463=CARTESIAN_POINT('Control Point',(19.423810768,4.5,62.6510628752)) ;
#2464=CARTESIAN_POINT('Control Point',(20.5488107481,4.5,62.207392761)) ;
#2465=CARTESIAN_POINT('Control Point',(21.529984808,4.5,61.5004547528)) ;
#2466=CARTESIAN_POINT('Control Point',(21.9736624796,4.5,61.0871265027)) ;
#2467=CARTESIAN_POINT('Control Point',(22.4034025642,4.5,60.571869721)) ;
#2468=CARTESIAN_POINT('Control Point',(22.7554395265,4.5,60.0067209848)) ;
#2469=CARTESIAN_POINT('Control Point',(22.7894600023,4.5,59.9504001669)) ;
#2470=CARTESIAN_POINT('Control Point',(22.8226940166,4.5,59.8936379517)) ;
#2471=CARTESIAN_POINT('Control Point',(22.8551441806,4.5,59.8364311092)) ;
#2472=CARTESIAN_POINT('Vertex',(22.8551441806,4.5,59.8364311092)) ;
#2475=CARTESIAN_POINT('Line Origine',(31.6024563091,4.5,44.4156736693)) ;
#2479=CARTESIAN_POINT('Vertex',(40.3497684384,4.5,28.9949162292)) ;
#2483=CARTESIAN_POINT('Control Point',(40.3497684377,4.5,28.9949162294)) ;
#2484=CARTESIAN_POINT('Control Point',(40.6458001175,4.5,28.4730378899)) ;
#2485=CARTESIAN_POINT('Control Point',(40.8765975336,4.5,27.9141563986)) ;
#2486=CARTESIAN_POINT('Control Point',(41.035989176,4.5,27.3291056021)) ;
#2487=CARTESIAN_POINT('Control Point',(41.1232723191,4.5,26.7112464288)) ;
#2488=CARTESIAN_POINT('Control Point',(41.1306953247,4.5,26.0921110593)) ;
#2489=CARTESIAN_POINT('Control Point',(41.1308486379,4.5,26.0729291503)) ;
#2490=CARTESIAN_POINT('Control Point',(41.1309252924,4.5,26.0537473435)) ;
#2491=CARTESIAN_POINT('Control Point',(41.1309252924,4.5,26.0345655371)) ;
#2492=CARTESIAN_POINT('Vertex',(41.1309252924,4.5,26.0345655371)) ;
#2495=CARTESIAN_POINT('Line Origine',(41.1309252924,4.5,-1.46938826249)) ;
#2499=CARTESIAN_POINT('Vertex',(41.1309252923,4.5,-28.9733420613)) ;
#2503=CARTESIAN_POINT('Control Point',(41.1309252924,4.5,-28.9733420621)) ;
#2504=CARTESIAN_POINT('Control Point',(41.1309252924,4.5,-29.5733351934)) ;
#2505=CARTESIAN_POINT('Control Point',(41.0559270095,4.5,-30.1733278828)) ;
#2506=CARTESIAN_POINT('Control Point',(40.9059077504,4.5,-30.7608517935)) ;
#2507=CARTESIAN_POINT('Control Point',(40.6316730018,4.5,-31.456219989)) ;
#2508=CARTESIAN_POINT('Control Point',(40.2568557323,4.5,-32.0966389332)) ;
#2509=CARTESIAN_POINT('Control Point',(40.181532431,4.5,-32.2170303628)) ;
#2510=CARTESIAN_POINT('Control Point',(40.1028106627,4.5,-32.3349550214)) ;
#2511=CARTESIAN_POINT('Control Point',(40.020678675,4.5,-32.4504546366)) ;
#2512=CARTESIAN_POINT('Vertex',(40.020678675,4.5,-32.4504546366)) ;
#2515=CARTESIAN_POINT('Line Origine',(30.7228169155,4.5,-45.525743398)) ;
#2519=CARTESIAN_POINT('Vertex',(21.4249551553,4.5,-58.6010321588)) ;
#2523=CARTESIAN_POINT('Control Point',(21.4249551559,4.5,-58.6010321594)) ;
#2524=CARTESIAN_POINT('Control Point',(21.0772478799,4.5,-59.0900018985)) ;
#2525=CARTESIAN_POINT('Control Point',(20.6684203424,4.5,-59.5355083657)) ;
#2526=CARTESIAN_POINT('Control Point',(20.2056796769,4.5,-59.927377233)) ;
#2527=CARTESIAN_POINT('Control Point',(19.240128852,4.5,-60.5558599153)) ;
#2528=CARTESIAN_POINT('Control Point',(18.1555035938,4.5,-60.9395000055)) ;
#2529=CARTESIAN_POINT('Control Point',(17.621573475,4.5,-61.0624506931)) ;
#2530=CARTESIAN_POINT('Control Point',(17.078387443,4.5,-61.123919583)) ;
#2531=CARTESIAN_POINT('Control Point',(16.5352017733,4.5,-61.123919583)) ;
#2532=CARTESIAN_POINT('Vertex',(16.5352017733,4.5,-61.123919583)) ;
#2535=CARTESIAN_POINT('Line Origine',(1.03486182936,4.5,-61.123919583)) ;
#2559=CARTESIAN_POINT('Control Point',(28.1309252924,4.5,-16.2239195827)) ;
#2560=CARTESIAN_POINT('Control Point',(27.7915202268,4.5,-16.2239195827)) ;
#2561=CARTESIAN_POINT('Control Point',(27.4521157268,4.5,-16.1759213333)) ;
#2562=CARTESIAN_POINT('Control Point',(27.121734844,4.5,-16.0799015404)) ;
#2563=CARTESIAN_POINT('Control Point',(26.497214238,4.5,-15.7971046757)) ;
#2564=CARTESIAN_POINT('Control Point',(25.9756027497,4.5,-15.352224425)) ;
#2565=CARTESIAN_POINT('Control Point',(25.7481542163,4.5,-15.0940800844)) ;
#2566=CARTESIAN_POINT('Control Point',(25.3724981379,4.5,-14.5205972476)) ;
#2567=CARTESIAN_POINT('Control Point',(25.1705959586,4.5,-13.8654388761)) ;
#2568=CARTESIAN_POINT('Control Point',(25.1169430096,4.5,-13.5255967195)) ;
#2569=CARTESIAN_POINT('Control Point',(25.1071898023,4.5,-12.8401005989)) ;
#2570=CARTESIAN_POINT('Control Point',(25.2879010036,4.5,-12.1787833934)) ;
#2571=CARTESIAN_POINT('Control Point',(25.4247595912,4.5,-11.8631236767)) ;
#2572=CARTESIAN_POINT('Control Point',(25.7839479375,4.5,-11.2791855073)) ;
#2573=CARTESIAN_POINT('Control Point',(26.2909706477,4.5,-10.8177475882)) ;
#2574=CARTESIAN_POINT('Control Point',(26.5757015054,4.5,-10.6246163546)) ;
#2575=CARTESIAN_POINT('Control Point',(27.0543868318,4.5,-10.3912248063)) ;
#2576=CARTESIAN_POINT('Control Point',(27.5687621954,4.5,-10.2680528794)) ;
#2577=CARTESIAN_POINT('Control Point',(27.7551271825,4.5,-10.2386304253)) ;
#2578=CARTESIAN_POINT('Control Point',(27.9430263241,4.5,-10.2239195827)) ;
#2579=CARTESIAN_POINT('Control Point',(28.1309252924,4.5,-10.2239195827)) ;
#2580=CARTESIAN_POINT('Vertex',(28.1309252923,4.5,-16.223919583)) ;
#2582=CARTESIAN_POINT('Vertex',(28.1309252923,4.5,-10.223919583)) ;
#2586=CARTESIAN_POINT('Control Point',(28.1309252924,4.5,-10.2239195827)) ;
#2587=CARTESIAN_POINT('Control Point',(28.4703303584,4.5,-10.2239195827)) ;
#2588=CARTESIAN_POINT('Control Point',(28.8097348589,4.5,-10.2719178322)) ;
#2589=CARTESIAN_POINT('Control Point',(29.1401157399,4.5,-10.3679376264)) ;
#2590=CARTESIAN_POINT('Control Point',(29.7646363508,4.5,-10.6507344933)) ;
#2591=CARTESIAN_POINT('Control Point',(30.2862478424,4.5,-11.0956147485)) ;
#2592=CARTESIAN_POINT('Control Point',(30.5136963613,4.5,-11.3537590747)) ;
#2593=CARTESIAN_POINT('Control Point',(30.8893524452,4.5,-11.9272419174)) ;
#2594=CARTESIAN_POINT('Control Point',(31.0912546259,4.5,-12.5824002966)) ;
#2595=CARTESIAN_POINT('Control Point',(31.1449075751,4.5,-12.9222424401)) ;
#2596=CARTESIAN_POINT('Control Point',(31.1546607832,4.5,-13.6077385642)) ;
#2597=CARTESIAN_POINT('Control Point',(30.9739495809,4.5,-14.2690557729)) ;
#2598=CARTESIAN_POINT('Control Point',(30.837090994,4.5,-14.5847154878)) ;
#2599=CARTESIAN_POINT('Control Point',(30.4779026466,4.5,-15.1686536594)) ;
#2600=CARTESIAN_POINT('Control Point',(29.9708799342,4.5,-15.6300915797)) ;
#2601=CARTESIAN_POINT('Control Point',(29.6861490828,4.5,-15.8232228091)) ;
#2602=CARTESIAN_POINT('Control Point',(29.2074637505,4.5,-16.0566143607)) ;
#2603=CARTESIAN_POINT('Control Point',(28.69308838,4.5,-16.1797862882)) ;
#2604=CARTESIAN_POINT('Control Point',(28.5067234118,4.5,-16.2092087393)) ;
#2605=CARTESIAN_POINT('Control Point',(28.3188242654,4.5,-16.2239195827)) ;
#2606=CARTESIAN_POINT('Control Point',(28.1309252924,4.5,-16.2239195827)) ;
#2613=CARTESIAN_POINT('Control Point',(-9.36907470763,4.5,-58.0054854612)) ;
#2614=CARTESIAN_POINT('Control Point',(-9.7084797742,4.5,-58.0054854612)) ;
#2615=CARTESIAN_POINT('Control Point',(-10.0478842751,4.5,-57.9574872115)) ;
#2616=CARTESIAN_POINT('Control Point',(-10.3782651542,4.5,-57.8614674179)) ;
#2617=CARTESIAN_POINT('Control Point',(-11.002785764,4.5,-57.5786705517)) ;
#2618=CARTESIAN_POINT('Control Point',(-11.5243972548,4.5,-57.1337902978)) ;
#2619=CARTESIAN_POINT('Control Point',(-11.7518457805,4.5,-56.8756459661)) ;
#2620=CARTESIAN_POINT('Control Point',(-12.1275018614,4.5,-56.3021631269)) ;
#2621=CARTESIAN_POINT('Control Point',(-12.3294040415,4.5,-55.6470047524)) ;
#2622=CARTESIAN_POINT('Control Point',(-12.3830569904,4.5,-55.3071625984)) ;
#2623=CARTESIAN_POINT('Control Point',(-12.3928101978,4.5,-54.6216664766)) ;
#2624=CARTESIAN_POINT('Control Point',(-12.2120989959,4.5,-53.96034927)) ;
#2625=CARTESIAN_POINT('Control Point',(-12.0752404098,4.5,-53.6446895569)) ;
#2626=CARTESIAN_POINT('Control Point',(-11.7160520622,4.5,-53.0607513848)) ;
#2627=CARTESIAN_POINT('Control Point',(-11.2090293493,4.5,-52.599313464)) ;
#2628=CARTESIAN_POINT('Control Point',(-10.9242984982,4.5,-52.4061822349)) ;
#2629=CARTESIAN_POINT('Control Point',(-10.4456131662,4.5,-52.1727906834)) ;
#2630=CARTESIAN_POINT('Control Point',(-9.93123779602,4.5,-52.0496187558)) ;
#2631=CARTESIAN_POINT('Control Point',(-9.7448728263,4.5,-52.0201963045)) ;
#2632=CARTESIAN_POINT('Control Point',(-9.55697368028,4.5,-52.0054854612)) ;
#2633=CARTESIAN_POINT('Control Point',(-9.36907470763,4.5,-52.0054854612)) ;
#2634=CARTESIAN_POINT('Vertex',(-9.36907470772,4.5,-58.0054854609)) ;
#2636=CARTESIAN_POINT('Vertex',(-9.36907470772,4.5,-52.0054854609)) ;
#2640=CARTESIAN_POINT('Control Point',(-9.36907470763,4.5,-52.0054854612)) ;
#2641=CARTESIAN_POINT('Control Point',(-9.02966964252,4.5,-52.0054854612)) ;
#2642=CARTESIAN_POINT('Control Point',(-8.69026514307,4.5,-52.0534837105)) ;
#2643=CARTESIAN_POINT('Control Point',(-8.35988425836,4.5,-52.1495035039)) ;
#2644=CARTESIAN_POINT('Control Point',(-7.73536364904,4.5,-52.4323003703)) ;
#2645=CARTESIAN_POINT('Control Point',(-7.21375215863,4.5,-52.8771806243)) ;
#2646=CARTESIAN_POINT('Control Point',(-6.98630363796,4.5,-53.1353249543)) ;
#2647=CARTESIAN_POINT('Control Point',(-6.61064755443,4.5,-53.7088077969)) ;
#2648=CARTESIAN_POINT('Control Point',(-6.40874537384,4.5,-54.3639661759)) ;
#2649=CARTESIAN_POINT('Control Point',(-6.35509242496,4.5,-54.7038083179)) ;
#2650=CARTESIAN_POINT('Control Point',(-6.34533921669,4.5,-55.3893044414)) ;
#2651=CARTESIAN_POINT('Control Point',(-6.52605041855,4.5,-56.0506216495)) ;
#2652=CARTESIAN_POINT('Control Point',(-6.66290900699,4.5,-56.3662813681)) ;
#2653=CARTESIAN_POINT('Control Point',(-7.02209735303,4.5,-56.9502195368)) ;
#2654=CARTESIAN_POINT('Control Point',(-7.52912006271,4.5,-57.4116574555)) ;
#2655=CARTESIAN_POINT('Control Point',(-7.81385092094,4.5,-57.6047886894)) ;
#2656=CARTESIAN_POINT('Control Point',(-8.29253624753,4.5,-57.8381802378)) ;
#2657=CARTESIAN_POINT('Control Point',(-8.80691161136,4.5,-57.9613521647)) ;
#2658=CARTESIAN_POINT('Control Point',(-8.99327659703,4.5,-57.9907746185)) ;
#2659=CARTESIAN_POINT('Control Point',(-9.18117573901,4.5,-58.0054854612)) ;
#2660=CARTESIAN_POINT('Control Point',(-9.36907470763,4.5,-58.0054854612)) ;
#2667=CARTESIAN_POINT('Control Point',(11.6309252924,4.5,-58.0054854612)) ;
#2668=CARTESIAN_POINT('Control Point',(11.2915202258,4.5,-58.0054854612)) ;
#2669=CARTESIAN_POINT('Control Point',(10.9521157249,4.5,-57.9574872115)) ;
#2670=CARTESIAN_POINT('Control Point',(10.6217348458,4.5,-57.8614674179)) ;
#2671=CARTESIAN_POINT('Control Point',(9.99721423601,4.5,-57.5786705517)) ;
#2672=CARTESIAN_POINT('Control Point',(9.4756027452,4.5,-57.1337902978)) ;
#2673=CARTESIAN_POINT('Control Point',(9.24815421952,4.5,-56.8756459661)) ;
#2674=CARTESIAN_POINT('Control Point',(8.87249813864,4.5,-56.302163127)) ;
#2675=CARTESIAN_POINT('Control Point',(8.67059595854,4.5,-55.6470047524)) ;
#2676=CARTESIAN_POINT('Control Point',(8.61694300961,4.5,-55.3071625984)) ;
#2677=CARTESIAN_POINT('Control Point',(8.60718980222,4.5,-54.6216664766)) ;
#2678=CARTESIAN_POINT('Control Point',(8.78790100409,4.5,-53.96034927)) ;
#2679=CARTESIAN_POINT('Control Point',(8.92475959016,4.5,-53.6446895569)) ;
#2680=CARTESIAN_POINT('Control Point',(9.2839479378,4.5,-53.0607513848)) ;
#2681=CARTESIAN_POINT('Control Point',(9.79097065067,4.5,-52.599313464)) ;
#2682=CARTESIAN_POINT('Control Point',(10.0757015018,4.5,-52.4061822349)) ;
#2683=CARTESIAN_POINT('Control Point',(10.5543868338,4.5,-52.1727906834)) ;
#2684=CARTESIAN_POINT('Control Point',(11.068762204,4.5,-52.0496187558)) ;
#2685=CARTESIAN_POINT('Control Point',(11.2551271737,4.5,-52.0201963045)) ;
#2686=CARTESIAN_POINT('Control Point',(11.4430263197,4.5,-52.0054854612)) ;
#2687=CARTESIAN_POINT('Control Point',(11.6309252924,4.5,-52.0054854612)) ;
#2688=CARTESIAN_POINT('Vertex',(11.6309252923,4.5,-58.0054854609)) ;
#2690=CARTESIAN_POINT('Vertex',(11.6309252923,4.5,-52.0054854609)) ;
#2694=CARTESIAN_POINT('Control Point',(11.6309252924,4.5,-52.0054854612)) ;
#2695=CARTESIAN_POINT('Control Point',(11.9703303575,4.5,-52.0054854612)) ;
#2696=CARTESIAN_POINT('Control Point',(12.3097348569,4.5,-52.0534837105)) ;
#2697=CARTESIAN_POINT('Control Point',(12.6401157416,4.5,-52.1495035039)) ;
#2698=CARTESIAN_POINT('Control Point',(13.264636351,4.5,-52.4323003703)) ;
#2699=CARTESIAN_POINT('Control Point',(13.7862478414,4.5,-52.8771806243)) ;
#2700=CARTESIAN_POINT('Control Point',(14.013696362,4.5,-53.1353249544)) ;
#2701=CARTESIAN_POINT('Control Point',(14.3893524456,4.5,-53.7088077969)) ;
#2702=CARTESIAN_POINT('Control Point',(14.5912546262,4.5,-54.3639661759)) ;
#2703=CARTESIAN_POINT('Control Point',(14.644907575,4.5,-54.7038083179)) ;
#2704=CARTESIAN_POINT('Control Point',(14.6546607833,4.5,-55.3893044413)) ;
#2705=CARTESIAN_POINT('Control Point',(14.4739495815,4.5,-56.0506216495)) ;
#2706=CARTESIAN_POINT('Control Point',(14.337090993,4.5,-56.3662813681)) ;
#2707=CARTESIAN_POINT('Control Point',(13.977902647,4.5,-56.9502195368)) ;
#2708=CARTESIAN_POINT('Control Point',(13.4708799373,4.5,-57.4116574555)) ;
#2709=CARTESIAN_POINT('Control Point',(13.1861490791,4.5,-57.6047886894)) ;
#2710=CARTESIAN_POINT('Control Point',(12.7074637525,4.5,-57.8381802378)) ;
#2711=CARTESIAN_POINT('Control Point',(12.1930883886,4.5,-57.9613521647)) ;
#2712=CARTESIAN_POINT('Control Point',(12.006723403,4.5,-57.9907746185)) ;
#2713=CARTESIAN_POINT('Control Point',(11.818824261,4.5,-58.0054854612)) ;
#2714=CARTESIAN_POINT('Control Point',(11.6309252924,4.5,-58.0054854612)) ;
#2720=CARTESIAN_POINT('Axis2P3D Location',(16.1309252919,4.5,27.6760804172)) ;
#2724=CARTESIAN_POINT('Vertex',(-7.86907470772,4.5,27.676080417)) ;
#2726=CARTESIAN_POINT('Vertex',(16.1309252923,4.5,3.67608041695)) ;
#2730=CARTESIAN_POINT('Control Point',(-16.650478604,4.5,36.4574834424)) ;
#2731=CARTESIAN_POINT('Control Point',(-15.925077068,4.5,36.4574813537)) ;
#2732=CARTESIAN_POINT('Control Point',(-15.1996667108,4.5,36.3825727265)) ;
#2733=CARTESIAN_POINT('Control Point',(-14.4845549653,4.5,36.2327586406)) ;
#2734=CARTESIAN_POINT('Control Point',(-12.9562077505,4.5,35.7429463719)) ;
#2735=CARTESIAN_POINT('Control Point',(-11.5734793693,4.5,34.9208605934)) ;
#2736=CARTESIAN_POINT('Control Point',(-10.8787203056,4.5,34.3805244803)) ;
#2737=CARTESIAN_POINT('Control Point',(-9.63775654024,4.5,33.1389723474)) ;
#2738=CARTESIAN_POINT('Control Point',(-8.73758490343,4.5,31.6319462263)) ;
#2739=CARTESIAN_POINT('Control Point',(-8.38366725946,4.5,30.8260953802)) ;
#2740=CARTESIAN_POINT('Control Point',(-8.04970171997,4.5,29.7036926429)) ;
#2741=CARTESIAN_POINT('Control Point',(-7.90534532804,4.5,28.5495535199)) ;
#2742=CARTESIAN_POINT('Control Point',(-7.88113726519,4.5,28.2582864503)) ;
#2743=CARTESIAN_POINT('Control Point',(-7.86907470763,4.5,27.9671834097)) ;
#2744=CARTESIAN_POINT('Control Point',(-7.86907470763,4.5,27.6760804177)) ;
#2745=CARTESIAN_POINT('Vertex',(-16.650478604,4.5,36.4574843132)) ;
#2749=CARTESIAN_POINT('Control Point',(-25.4318825004,4.5,27.6760804177)) ;
#2750=CARTESIAN_POINT('Control Point',(-25.4318825004,4.5,28.5471122489)) ;
#2751=CARTESIAN_POINT('Control Point',(-25.3238848983,4.5,29.4181436454)) ;
#2752=CARTESIAN_POINT('Control Point',(-25.1078579364,4.5,30.2713643858)) ;
#2753=CARTESIAN_POINT('Control Point',(-24.4688245875,4.5,31.9063197802)) ;
#2754=CARTESIAN_POINT('Control Point',(-23.4498507884,4.5,33.3357004501)) ;
#2755=CARTESIAN_POINT('Control Point',(-22.8538262754,4.5,33.9833176676)) ;
#2756=CARTESIAN_POINT('Control Point',(-21.5137545081,4.5,35.1171829213)) ;
#2757=CARTESIAN_POINT('Control Point',(-19.9373478476,4.5,35.8894385369)) ;
#2758=CARTESIAN_POINT('Control Point',(-19.1049519126,4.5,36.1753936154)) ;
#2759=CARTESIAN_POINT('Control Point',(-18.1022191108,4.5,36.3852228495)) ;
#2760=CARTESIAN_POINT('Control Point',(-17.0873004641,4.5,36.4484269857)) ;
#2761=CARTESIAN_POINT('Control Point',(-16.9417491394,4.5,36.4544650458)) ;
#2762=CARTESIAN_POINT('Control Point',(-16.7961140494,4.5,36.4574838618)) ;
#2763=CARTESIAN_POINT('Control Point',(-16.650478604,4.5,36.4574834424)) ;
#2764=CARTESIAN_POINT('Vertex',(-25.4318825004,4.5,27.6760804177)) ;
#2767=CARTESIAN_POINT('Line Origine',(-25.4318825004,4.5,12.708099421)) ;
#2771=CARTESIAN_POINT('Vertex',(-25.4318825004,4.5,-2.25988157571)) ;
#2774=CARTESIAN_POINT('Axis2P3D Location',(-25.8690747118,4.5,-13.2239195892)) ;
#2778=CARTESIAN_POINT('Vertex',(-15.3143948705,4.5,-10.2239195827)) ;
#2781=CARTESIAN_POINT('Line Origine',(1.11676258896,4.5,-10.2239195827)) ;
#2785=CARTESIAN_POINT('Vertex',(17.5479200485,4.5,-10.2239195827)) ;
#2788=CARTESIAN_POINT('Axis2P3D Location',(28.1309252923,4.5,-13.2239195824)) ;
#2792=CARTESIAN_POINT('Vertex',(27.3571465471,4.5,-2.2511684944)) ;
#2796=CARTESIAN_POINT('Control Point',(25.5509252923,4.5,5.31780200179)) ;
#2797=CARTESIAN_POINT('Control Point',(25.7179984444,4.5,5.31780231416)) ;
#2798=CARTESIAN_POINT('Control Point',(25.8850712228,4.5,5.3090800835)) ;
#2799=CARTESIAN_POINT('Control Point',(26.0515356608,4.5,5.29163516011)) ;
#2800=CARTESIAN_POINT('Control Point',(26.6044252134,4.5,5.20429399401)) ;
#2801=CARTESIAN_POINT('Control Point',(27.1370697472,4.5,5.02142982362)) ;
#2802=CARTESIAN_POINT('Control Point',(27.4929132509,4.5,4.84787235235)) ;
#2803=CARTESIAN_POINT('Control Point',(28.1548068705,4.5,4.41717435517)) ;
#2804=CARTESIAN_POINT('Control Point',(28.6931975262,4.5,3.83947480513)) ;
#2805=CARTESIAN_POINT('Control Point',(28.9255220171,4.5,3.51889388923)) ;
#2806=CARTESIAN_POINT('Control Point',(29.3069054496,4.5,2.8274095365)) ;
#2807=CARTESIAN_POINT('Control Point',(29.5101427271,4.5,2.06432639462)) ;
#2808=CARTESIAN_POINT('Control Point',(29.5642966045,4.5,1.67213493062)) ;
#2809=CARTESIAN_POINT('Control Point',(29.575453882,4.5,0.882527781719)) ;
#2810=CARTESIAN_POINT('Control Point',(29.3957286011,4.5,0.113567381256)) ;
#2811=CARTESIAN_POINT('Control Point',(29.2589728063,4.5,-0.257976210928)) ;
#2812=CARTESIAN_POINT('Control Point',(28.8972793103,4.5,-0.959960361249)) ;
#2813=CARTESIAN_POINT('Control Point',(28.3768697296,4.5,-1.55390913038)) ;
#2814=CARTESIAN_POINT('Control Point',(28.0813744511,4.5,-1.81740359196)) ;
#2815=CARTESIAN_POINT('Control Point',(27.7468634285,4.5,-2.0487828411)) ;
#2816=CARTESIAN_POINT('Control Point',(27.388685224,4.5,-2.23506066719)) ;
#2817=CARTESIAN_POINT('Control Point',(27.3781919635,4.5,-2.24046881413)) ;
#2818=CARTESIAN_POINT('Control Point',(27.3676790866,4.5,-2.24583808115)) ;
#2819=CARTESIAN_POINT('Control Point',(27.3571465465,4.5,-2.25116849423)) ;
#2820=CARTESIAN_POINT('Vertex',(25.5509252923,4.5,5.31780401582)) ;
#2824=CARTESIAN_POINT('Control Point',(24.4414340949,4.5,5.16085349291)) ;
#2825=CARTESIAN_POINT('Control Point',(24.6574559633,4.5,5.2232191645)) ;
#2826=CARTESIAN_POINT('Control Point',(24.8778597479,4.5,5.27040627575)) ;
#2827=CARTESIAN_POINT('Control Point',(25.1012276483,4.5,5.30200288443)) ;
#2828=CARTESIAN_POINT('Control Point',(25.3260768087,4.5,5.31780158141)) ;
#2829=CARTESIAN_POINT('Control Point',(25.5509252923,4.5,5.31780200179)) ;
#2830=CARTESIAN_POINT('Vertex',(24.4414340949,4.5,5.16085349291)) ;
#2833=CARTESIAN_POINT('Axis2P3D Location',(16.1309253084,4.5,27.6760803387)) ;
#2851=CARTESIAN_POINT('Control Point',(-25.8690747076,4.5,-16.2239195827)) ;
#2852=CARTESIAN_POINT('Control Point',(-26.2084797732,4.5,-16.2239195827)) ;
#2853=CARTESIAN_POINT('Control Point',(-26.5478842732,4.5,-16.1759213333)) ;
#2854=CARTESIAN_POINT('Control Point',(-26.878265156,4.5,-16.0799015404)) ;
#2855=CARTESIAN_POINT('Control Point',(-27.502785762,4.5,-15.7971046756)) ;
#2856=CARTESIAN_POINT('Control Point',(-28.0243972503,4.5,-15.352224425)) ;
#2857=CARTESIAN_POINT('Control Point',(-28.2518457837,4.5,-15.0940800844)) ;
#2858=CARTESIAN_POINT('Control Point',(-28.6275018621,4.5,-14.5205972476)) ;
#2859=CARTESIAN_POINT('Control Point',(-28.8294040414,4.5,-13.8654388761)) ;
#2860=CARTESIAN_POINT('Control Point',(-28.8830569904,4.5,-13.5255967195)) ;
#2861=CARTESIAN_POINT('Control Point',(-28.8928101977,4.5,-12.8401005989)) ;
#2862=CARTESIAN_POINT('Control Point',(-28.7120989964,4.5,-12.1787833934)) ;
#2863=CARTESIAN_POINT('Control Point',(-28.5752404088,4.5,-11.8631236767)) ;
#2864=CARTESIAN_POINT('Control Point',(-28.2160520625,4.5,-11.2791855073)) ;
#2865=CARTESIAN_POINT('Control Point',(-27.7090293523,4.5,-10.8177475882)) ;
#2866=CARTESIAN_POINT('Control Point',(-27.4242984946,4.5,-10.6246163546)) ;
#2867=CARTESIAN_POINT('Control Point',(-26.9456131682,4.5,-10.3912248063)) ;
#2868=CARTESIAN_POINT('Control Point',(-26.4312378046,4.5,-10.2680528794)) ;
#2869=CARTESIAN_POINT('Control Point',(-26.2448728175,4.5,-10.2386304253)) ;
#2870=CARTESIAN_POINT('Control Point',(-26.0569736759,4.5,-10.2239195827)) ;
#2871=CARTESIAN_POINT('Control Point',(-25.8690747076,4.5,-10.2239195827)) ;
#2872=CARTESIAN_POINT('Vertex',(-25.8690747077,4.5,-16.223919583)) ;
#2874=CARTESIAN_POINT('Vertex',(-25.8690747077,4.5,-10.223919583)) ;
#2878=CARTESIAN_POINT('Control Point',(-25.8690747076,4.5,-10.2239195827)) ;
#2879=CARTESIAN_POINT('Control Point',(-25.5296696415,4.5,-10.2239195827)) ;
#2880=CARTESIAN_POINT('Control Point',(-25.1902651411,4.5,-10.2719178322)) ;
#2881=CARTESIAN_POINT('Control Point',(-24.8598842601,4.5,-10.3679376264)) ;
#2882=CARTESIAN_POINT('Control Point',(-24.2353636492,4.5,-10.6507344933)) ;
#2883=CARTESIAN_POINT('Control Point',(-23.7137521576,4.5,-11.0956147485)) ;
#2884=CARTESIAN_POINT('Control Point',(-23.4863036387,4.5,-11.3537590747)) ;
#2885=CARTESIAN_POINT('Control Point',(-23.1106475548,4.5,-11.9272419174)) ;
#2886=CARTESIAN_POINT('Control Point',(-22.9087453741,4.5,-12.5824002966)) ;
#2887=CARTESIAN_POINT('Control Point',(-22.8550924249,4.5,-12.9222424401)) ;
#2888=CARTESIAN_POINT('Control Point',(-22.8453392168,4.5,-13.6077385642)) ;
#2889=CARTESIAN_POINT('Control Point',(-23.0260504191,4.5,-14.2690557728)) ;
#2890=CARTESIAN_POINT('Control Point',(-23.162909006,4.5,-14.5847154879)) ;
#2891=CARTESIAN_POINT('Control Point',(-23.5220973534,4.5,-15.1686536594)) ;
#2892=CARTESIAN_POINT('Control Point',(-24.0291200657,4.5,-15.6300915797)) ;
#2893=CARTESIAN_POINT('Control Point',(-24.3138509172,4.5,-15.8232228091)) ;
#2894=CARTESIAN_POINT('Control Point',(-24.7925362495,4.5,-16.0566143607)) ;
#2895=CARTESIAN_POINT('Control Point',(-25.30691162,4.5,-16.1797862882)) ;
#2896=CARTESIAN_POINT('Control Point',(-25.4932765882,4.5,-16.2092087393)) ;
#2897=CARTESIAN_POINT('Control Point',(-25.6811757346,4.5,-16.2239195827)) ;
#2898=CARTESIAN_POINT('Control Point',(-25.8690747076,4.5,-16.2239195827)) ;
#2905=CARTESIAN_POINT('Control Point',(16.1309252924,4.5,10.6760804177)) ;
#2906=CARTESIAN_POINT('Control Point',(14.5150197511,4.5,10.6760804177)) ;
#2907=CARTESIAN_POINT('Control Point',(12.8991146092,4.5,10.868076794)) ;
#2908=CARTESIAN_POINT('Control Point',(11.3135573184,4.5,11.2521175256)) ;
#2909=CARTESIAN_POINT('Control Point',(8.26422380131,4.5,12.3894932559)) ;
#2910=CARTESIAN_POINT('Control Point',(5.56630595006,4.5,14.2097370292)) ;
#2911=CARTESIAN_POINT('Control Point',(4.33220689464,4.5,15.276732231)) ;
#2912=CARTESIAN_POINT('Control Point',(2.14127413037,4.5,17.6833630811)) ;
#2913=CARTESIAN_POINT('Control Point',(0.575275482075,4.5,20.5363783869)) ;
#2914=CARTESIAN_POINT('Control Point',(-0.0338120501467,4.5,22.049815412)) ;
#2915=CARTESIAN_POINT('Control Point',(-0.880696792554,4.5,25.1922419701)) ;
#2916=CARTESIAN_POINT('Control Point',(-0.967653322707,4.5,28.4456227776)) ;
#2917=CARTESIAN_POINT('Control Point',(-0.816717565071,4.5,30.0700296263)) ;
#2918=CARTESIAN_POINT('Control Point',(-0.13183183506,4.5,33.2516942825)) ;
#2919=CARTESIAN_POINT('Control Point',(1.27952874104,4.5,36.184288603)) ;
#2920=CARTESIAN_POINT('Control Point',(2.15703101345,4.5,37.5595954785)) ;
#2921=CARTESIAN_POINT('Control Point',(4.22187384435,4.5,40.0752430104)) ;
#2922=CARTESIAN_POINT('Control Point',(6.81870604219,4.5,42.0370051349)) ;
#2923=CARTESIAN_POINT('Control Point',(8.22826563694,4.5,42.8583582966)) ;
#2924=CARTESIAN_POINT('Control Point',(10.6330552106,4.5,43.8984977892)) ;
#2925=CARTESIAN_POINT('Control Point',(13.1801597422,4.5,44.4616711232)) ;
#2926=CARTESIAN_POINT('Control Point',(14.1591472854,4.5,44.6046115221)) ;
#2927=CARTESIAN_POINT('Control Point',(15.1450363632,4.5,44.6760804177)) ;
#2928=CARTESIAN_POINT('Control Point',(16.1309252924,4.5,44.6760804177)) ;
#2929=CARTESIAN_POINT('Vertex',(16.1309252923,4.5,10.676080417)) ;
#2931=CARTESIAN_POINT('Vertex',(16.1309252923,4.5,44.676080417)) ;
#2935=CARTESIAN_POINT('Control Point',(16.1309252924,4.5,44.6760804177)) ;
#2936=CARTESIAN_POINT('Control Point',(17.746830831,4.5,44.6760804177)) ;
#2937=CARTESIAN_POINT('Control Point',(19.3627359703,4.5,44.484084042)) ;
#2938=CARTESIAN_POINT('Control Point',(20.9482932712,4.5,44.1000433061)) ;
#2939=CARTESIAN_POINT('Control Point',(23.9976267863,4.5,42.9626675759)) ;
#2940=CARTESIAN_POINT('Control Point',(26.6955446359,4.5,41.1424238035)) ;
#2941=CARTESIAN_POINT('Control Point',(27.9296436891,4.5,40.0754286036)) ;
#2942=CARTESIAN_POINT('Control Point',(30.1205764539,4.5,37.6687977532)) ;
#2943=CARTESIAN_POINT('Control Point',(31.6865751025,4.5,34.8157824468)) ;
#2944=CARTESIAN_POINT('Control Point',(32.295662635,4.5,33.3023454213)) ;
#2945=CARTESIAN_POINT('Control Point',(33.1425473771,4.5,30.1599188642)) ;
#2946=CARTESIAN_POINT('Control Point',(33.2295039074,4.5,26.9065380579)) ;
#2947=CARTESIAN_POINT('Control Point',(33.0785681494,4.5,25.2821312053)) ;
#2948=CARTESIAN_POINT('Control Point',(32.3936824192,4.5,22.1004665495)) ;
#2949=CARTESIAN_POINT('Control Point',(30.9823218432,4.5,19.1678722295)) ;
#2950=CARTESIAN_POINT('Control Point',(30.1048195721,4.5,17.7925653578)) ;
#2951=CARTESIAN_POINT('Control Point',(28.0399767398,4.5,15.276917824)) ;
#2952=CARTESIAN_POINT('Control Point',(25.4431445397,4.5,13.3151556984)) ;
#2953=CARTESIAN_POINT('Control Point',(24.033584951,4.5,12.4938025383)) ;
#2954=CARTESIAN_POINT('Control Point',(21.6287953723,4.5,11.4536630432)) ;
#2955=CARTESIAN_POINT('Control Point',(19.081690835,4.5,10.8904897087)) ;
#2956=CARTESIAN_POINT('Control Point',(18.102703307,4.5,10.7475493139)) ;
#2957=CARTESIAN_POINT('Control Point',(17.1168142254,4.5,10.6760804177)) ;
#2958=CARTESIAN_POINT('Control Point',(16.1309252924,4.5,10.6760804177)) ;
#2965=CARTESIAN_POINT('Control Point',(13.1309252924,4.5,51.876080417)) ;
#2966=CARTESIAN_POINT('Control Point',(12.7915202281,4.5,51.876080417)) ;
#2967=CARTESIAN_POINT('Control Point',(12.4521157295,4.5,51.924078666)) ;
#2968=CARTESIAN_POINT('Control Point',(12.1217348416,4.5,52.0200984604)) ;
#2969=CARTESIAN_POINT('Control Point',(11.4972142357,4.5,52.3028953254)) ;
#2970=CARTESIAN_POINT('Control Point',(10.9756027476,4.5,52.7477755764)) ;
#2971=CARTESIAN_POINT('Control Point',(10.7481542178,4.5,53.0059199148)) ;
#2972=CARTESIAN_POINT('Control Point',(10.3724981381,4.5,53.5794027529)) ;
#2973=CARTESIAN_POINT('Control Point',(10.1705959584,4.5,54.234561126)) ;
#2974=CARTESIAN_POINT('Control Point',(10.1169430096,4.5,54.5744032795)) ;
#2975=CARTESIAN_POINT('Control Point',(10.1071898022,4.5,55.259899401)) ;
#2976=CARTESIAN_POINT('Control Point',(10.2879010039,4.5,55.9212166073)) ;
#2977=CARTESIAN_POINT('Control Point',(10.4247595906,4.5,56.2368763219)) ;
#2978=CARTESIAN_POINT('Control Point',(10.7839479376,4.5,56.8208144929)) ;
#2979=CARTESIAN_POINT('Control Point',(11.2909706493,4.5,57.282252413)) ;
#2980=CARTESIAN_POINT('Control Point',(11.5757015034,4.5,57.475383644)) ;
#2981=CARTESIAN_POINT('Control Point',(12.054386833,4.5,57.7087751942)) ;
#2982=CARTESIAN_POINT('Control Point',(12.5687622002,4.5,57.8319471214)) ;
#2983=CARTESIAN_POINT('Control Point',(12.7551271776,4.5,57.861369574)) ;
#2984=CARTESIAN_POINT('Control Point',(12.9430263216,4.5,57.876080417)) ;
#2985=CARTESIAN_POINT('Control Point',(13.1309252924,4.5,57.876080417)) ;
#2986=CARTESIAN_POINT('Vertex',(13.1309252923,4.5,51.876080417)) ;
#2988=CARTESIAN_POINT('Vertex',(13.1309252923,4.5,57.876080417)) ;
#2992=CARTESIAN_POINT('Control Point',(13.1309252924,4.5,57.876080417)) ;
#2993=CARTESIAN_POINT('Control Point',(13.4703303565,4.5,57.876080417)) ;
#2994=CARTESIAN_POINT('Control Point',(13.8097348549,4.5,57.828082168)) ;
#2995=CARTESIAN_POINT('Control Point',(14.1401157435,4.5,57.7320623734)) ;
#2996=CARTESIAN_POINT('Control Point',(14.7646363511,4.5,57.4492655075)) ;
#2997=CARTESIAN_POINT('Control Point',(15.2862478403,4.5,57.0043852547)) ;
#2998=CARTESIAN_POINT('Control Point',(15.5136963628,4.5,56.7462409227)) ;
#2999=CARTESIAN_POINT('Control Point',(15.8893524457,4.5,56.1727580807)) ;
#3000=CARTESIAN_POINT('Control Point',(16.0912546261,4.5,55.5175997026)) ;
#3001=CARTESIAN_POINT('Control Point',(16.144907575,4.5,55.1777575599)) ;
#3002=CARTESIAN_POINT('Control Point',(16.1546607833,4.5,54.4922614362)) ;
#3003=CARTESIAN_POINT('Control Point',(15.9739495812,4.5,53.8309442279)) ;
#3004=CARTESIAN_POINT('Control Point',(15.8370909935,4.5,53.5152845108)) ;
#3005=CARTESIAN_POINT('Control Point',(15.4779026468,4.5,52.9313463409)) ;
#3006=CARTESIAN_POINT('Control Point',(14.970879936,4.5,52.4699084214)) ;
#3007=CARTESIAN_POINT('Control Point',(14.6861490807,4.5,52.2767771895)) ;
#3008=CARTESIAN_POINT('Control Point',(14.2074637516,4.5,52.0433856397)) ;
#3009=CARTESIAN_POINT('Control Point',(13.6930883849,4.5,51.9202137126)) ;
#3010=CARTESIAN_POINT('Control Point',(13.5067234068,4.5,51.8907912599)) ;
#3011=CARTESIAN_POINT('Control Point',(13.3188242629,4.5,51.876080417)) ;
#3012=CARTESIAN_POINT('Control Point',(13.1309252924,4.5,51.876080417)) ;
#3019=CARTESIAN_POINT('Control Point',(-10.8690747076,4.5,51.876080417)) ;
#3020=CARTESIAN_POINT('Control Point',(-11.2084797719,4.5,51.876080417)) ;
#3021=CARTESIAN_POINT('Control Point',(-11.5478842705,4.5,51.924078666)) ;
#3022=CARTESIAN_POINT('Control Point',(-11.8782651584,4.5,52.0200984604)) ;
#3023=CARTESIAN_POINT('Control Point',(-12.5027857643,4.5,52.3028953254)) ;
#3024=CARTESIAN_POINT('Control Point',(-13.0243972524,4.5,52.7477755764)) ;
#3025=CARTESIAN_POINT('Control Point',(-13.2518457822,4.5,53.0059199148)) ;
#3026=CARTESIAN_POINT('Control Point',(-13.6275018619,4.5,53.5794027529)) ;
#3027=CARTESIAN_POINT('Control Point',(-13.8294040416,4.5,54.234561126)) ;
#3028=CARTESIAN_POINT('Control Point',(-13.8830569904,4.5,54.5744032795)) ;
#3029=CARTESIAN_POINT('Control Point',(-13.8928101978,4.5,55.259899401)) ;
#3030=CARTESIAN_POINT('Control Point',(-13.7120989961,4.5,55.9212166073)) ;
#3031=CARTESIAN_POINT('Control Point',(-13.5752404094,4.5,56.236876322)) ;
#3032=CARTESIAN_POINT('Control Point',(-13.2160520624,4.5,56.8208144929)) ;
#3033=CARTESIAN_POINT('Control Point',(-12.7090293507,4.5,57.282252413)) ;
#3034=CARTESIAN_POINT('Control Point',(-12.4242984966,4.5,57.475383644)) ;
#3035=CARTESIAN_POINT('Control Point',(-11.945613167,4.5,57.7087751942)) ;
#3036=CARTESIAN_POINT('Control Point',(-11.4312377998,4.5,57.8319471214)) ;
#3037=CARTESIAN_POINT('Control Point',(-11.2448728224,4.5,57.861369574)) ;
#3038=CARTESIAN_POINT('Control Point',(-11.0569736784,4.5,57.876080417)) ;
#3039=CARTESIAN_POINT('Control Point',(-10.8690747076,4.5,57.876080417)) ;
#3040=CARTESIAN_POINT('Vertex',(-10.8690747077,4.5,51.876080417)) ;
#3042=CARTESIAN_POINT('Vertex',(-10.8690747077,4.5,57.876080417)) ;
#3046=CARTESIAN_POINT('Control Point',(-10.8690747076,4.5,57.876080417)) ;
#3047=CARTESIAN_POINT('Control Point',(-10.5296696435,4.5,57.876080417)) ;
#3048=CARTESIAN_POINT('Control Point',(-10.1902651451,4.5,57.828082168)) ;
#3049=CARTESIAN_POINT('Control Point',(-9.85988425648,4.5,57.7320623734)) ;
#3050=CARTESIAN_POINT('Control Point',(-9.23536364888,4.5,57.4492655075)) ;
#3051=CARTESIAN_POINT('Control Point',(-8.71375215967,4.5,57.0043852547)) ;
#3052=CARTESIAN_POINT('Control Point',(-8.48630363721,4.5,56.7462409227)) ;
#3053=CARTESIAN_POINT('Control Point',(-8.11064755432,4.5,56.1727580807)) ;
#3054=CARTESIAN_POINT('Control Point',(-7.90874537394,4.5,55.5175997026)) ;
#3055=CARTESIAN_POINT('Control Point',(-7.85509242495,4.5,55.1777575599)) ;
#3056=CARTESIAN_POINT('Control Point',(-7.84533921672,4.5,54.4922614362)) ;
#3057=CARTESIAN_POINT('Control Point',(-8.02605041878,4.5,53.8309442278)) ;
#3058=CARTESIAN_POINT('Control Point',(-8.16290900653,4.5,53.5152845109)) ;
#3059=CARTESIAN_POINT('Control Point',(-8.52209735318,4.5,52.9313463409)) ;
#3060=CARTESIAN_POINT('Control Point',(-9.02912006405,4.5,52.4699084214)) ;
#3061=CARTESIAN_POINT('Control Point',(-9.31385091931,4.5,52.2767771895)) ;
#3062=CARTESIAN_POINT('Control Point',(-9.7925362484,4.5,52.0433856397)) ;
#3063=CARTESIAN_POINT('Control Point',(-10.3069116151,4.5,51.9202137126)) ;
#3064=CARTESIAN_POINT('Control Point',(-10.4932765932,4.5,51.8907912599)) ;
#3065=CARTESIAN_POINT('Control Point',(-10.6811757371,4.5,51.876080417)) ;
#3066=CARTESIAN_POINT('Control Point',(-10.8690747076,4.5,51.876080417)) ;
#3072=CARTESIAN_POINT('Axis2P3D Location',(28.1309252915,4.5,-13.2239195855)) ;
#3076=CARTESIAN_POINT('Vertex',(17.5479200485,4.5,-16.2239195827)) ;
#3079=CARTESIAN_POINT('Line Origine',(1.11676258896,4.5,-16.2239195827)) ;
#3083=CARTESIAN_POINT('Vertex',(-15.3143948705,4.5,-16.2239195827)) ;
#3086=CARTESIAN_POINT('Axis2P3D Location',(-25.8690747065,4.5,-13.2239195836)) ;
#3090=CARTESIAN_POINT('Vertex',(-23.6394216252,4.5,-23.9677510032)) ;
#3094=CARTESIAN_POINT('Control Point',(1.13092529237,4.5,-40.2239195827)) ;
#3095=CARTESIAN_POINT('Control Point',(-1.41463583171,4.5,-40.2239195827)) ;
#3096=CARTESIAN_POINT('Control Point',(-3.96019656295,4.5,-39.9239250717)) ;
#3097=CARTESIAN_POINT('Control Point',(-6.45872290309,4.5,-39.3238633212)) ;
#3098=CARTESIAN_POINT('Control Point',(-11.2670417249,4.5,-37.5463395726)) ;
#3099=CARTESIAN_POINT('Control Point',(-15.5304034405,4.5,-34.6997185141)) ;
#3100=CARTESIAN_POINT('Control Point',(-17.4839079309,4.5,-33.0304287887)) ;
#3101=CARTESIAN_POINT('Control Point',(-20.0288433199,4.5,-30.2727335931)) ;
#3102=CARTESIAN_POINT('Control Point',(-22.0534596242,4.5,-27.137268764)) ;
#3103=CARTESIAN_POINT('Control Point',(-22.6401244132,4.5,-26.1093449185)) ;
#3104=CARTESIAN_POINT('Control Point',(-23.1694025604,4.5,-25.0513993616)) ;
#3105=CARTESIAN_POINT('Control Point',(-23.6394216248,4.5,-23.967751003)) ;
#3115=CARTESIAN_POINT('Axis2P3D Location',(1.13092529228,4.5,-13.223919583)) ;
#3120=CARTESIAN_POINT('Line Origine',(-23.6394216252,4.5,-23.9677510032)) ;
#3124=CARTESIAN_POINT('Vertex',(-23.6394216252,-1.5,-23.9677510032)) ;
#3127=CARTESIAN_POINT('Axis2P3D Location',(1.13092529228,-1.5,-13.223919583)) ;
#3139=CARTESIAN_POINT('Axis2P3D Location',(-14.4654781146,-1.5,-55.123919583)) ;
#3145=CARTESIAN_POINT('Control Point',(-14.4654781146,-1.5,-61.123919583)) ;
#3146=CARTESIAN_POINT('Control Point',(-15.0654712461,-1.5,-61.123919583)) ;
#3147=CARTESIAN_POINT('Control Point',(-15.6654639357,-1.5,-61.0489213002)) ;
#3148=CARTESIAN_POINT('Control Point',(-16.2529878474,-1.5,-60.8989020413)) ;
#3149=CARTESIAN_POINT('Control Point',(-17.2670914252,-1.5,-60.4989665229)) ;
#3150=CARTESIAN_POINT('Control Point',(-18.1643266935,-1.5,-59.8851079952)) ;
#3151=CARTESIAN_POINT('Control Point',(-18.5350402881,-1.5,-59.5724092955)) ;
#3152=CARTESIAN_POINT('Control Point',(-18.871845912,-1.5,-59.2246466566)) ;
#3153=CARTESIAN_POINT('Control Point',(-19.1707413641,-1.5,-58.8468885265)) ;
#3154=CARTESIAN_POINT('Vertex',(-14.4654781146,-1.5,-61.123919583)) ;
#3156=CARTESIAN_POINT('Vertex',(-19.1707413641,-1.5,-58.8468885265)) ;
#3159=CARTESIAN_POINT('Line Origine',(1.03486182936,-1.5,-61.123919583)) ;
#3163=CARTESIAN_POINT('Vertex',(16.5352017733,-1.5,-61.123919583)) ;
#3167=CARTESIAN_POINT('Control Point',(21.4249551559,-1.5,-58.6010321594)) ;
#3168=CARTESIAN_POINT('Control Point',(21.0772478799,-1.5,-59.0900018985)) ;
#3169=CARTESIAN_POINT('Control Point',(20.6684203424,-1.5,-59.5355083657)) ;
#3170=CARTESIAN_POINT('Control Point',(20.2056796769,-1.5,-59.927377233)) ;
#3171=CARTESIAN_POINT('Control Point',(19.240128852,-1.5,-60.5558599153)) ;
#3172=CARTESIAN_POINT('Control Point',(18.1555035938,-1.5,-60.9395000055)) ;
#3173=CARTESIAN_POINT('Control Point',(17.621573475,-1.5,-61.0624506931)) ;
#3174=CARTESIAN_POINT('Control Point',(17.078387443,-1.5,-61.123919583)) ;
#3175=CARTESIAN_POINT('Control Point',(16.5352017733,-1.5,-61.123919583)) ;
#3176=CARTESIAN_POINT('Vertex',(21.4249551553,-1.5,-58.6010321588)) ;
#3179=CARTESIAN_POINT('Line Origine',(30.7228169155,-1.5,-45.525743398)) ;
#3183=CARTESIAN_POINT('Vertex',(40.020678675,-1.5,-32.4504546366)) ;
#3187=CARTESIAN_POINT('Control Point',(41.1309252924,-1.5,-28.9733420621)) ;
#3188=CARTESIAN_POINT('Control Point',(41.1309252924,-1.5,-29.5733351934)) ;
#3189=CARTESIAN_POINT('Control Point',(41.0559270095,-1.5,-30.1733278828)) ;
#3190=CARTESIAN_POINT('Control Point',(40.9059077504,-1.5,-30.7608517935)) ;
#3191=CARTESIAN_POINT('Control Point',(40.6316730018,-1.5,-31.456219989)) ;
#3192=CARTESIAN_POINT('Control Point',(40.2568557323,-1.5,-32.0966389332)) ;
#3193=CARTESIAN_POINT('Control Point',(40.181532431,-1.5,-32.2170303628)) ;
#3194=CARTESIAN_POINT('Control Point',(40.1028106627,-1.5,-32.3349550214)) ;
#3195=CARTESIAN_POINT('Control Point',(40.020678675,-1.5,-32.4504546366)) ;
#3196=CARTESIAN_POINT('Vertex',(41.1309252923,-1.5,-28.9733420613)) ;
#3199=CARTESIAN_POINT('Line Origine',(41.1309252924,-1.5,-1.46938826249)) ;
#3203=CARTESIAN_POINT('Vertex',(41.1309252924,-1.5,26.0345655371)) ;
#3207=CARTESIAN_POINT('Control Point',(40.3497684377,-1.5,28.9949162294)) ;
#3208=CARTESIAN_POINT('Control Point',(40.6458001175,-1.5,28.4730378899)) ;
#3209=CARTESIAN_POINT('Control Point',(40.8765975336,-1.5,27.9141563986)) ;
#3210=CARTESIAN_POINT('Control Point',(41.035989176,-1.5,27.3291056021)) ;
#3211=CARTESIAN_POINT('Control Point',(41.1232723191,-1.5,26.7112464288)) ;
#3212=CARTESIAN_POINT('Control Point',(41.1306953247,-1.5,26.0921110593)) ;
#3213=CARTESIAN_POINT('Control Point',(41.1308486379,-1.5,26.0729291503)) ;
#3214=CARTESIAN_POINT('Control Point',(41.1309252924,-1.5,26.0537473435)) ;
#3215=CARTESIAN_POINT('Control Point',(41.1309252924,-1.5,26.0345655371)) ;
#3216=CARTESIAN_POINT('Vertex',(40.3497684384,-1.5,28.9949162292)) ;
#3219=CARTESIAN_POINT('Line Origine',(31.6024563091,-1.5,44.4156736693)) ;
#3223=CARTESIAN_POINT('Vertex',(22.8551441806,-1.5,59.8364311092)) ;
#3227=CARTESIAN_POINT('Control Point',(17.6363010353,-1.5,62.876080417)) ;
#3228=CARTESIAN_POINT('Control Point',(18.2362941669,-1.5,62.876080417)) ;
#3229=CARTESIAN_POINT('Control Point',(18.8362868566,-1.5,62.801082134)) ;
#3230=CARTESIAN_POINT('Control Point',(19.423810768,-1.5,62.6510628752)) ;
#3231=CARTESIAN_POINT('Control Point',(20.5488107481,-1.5,62.207392761)) ;
#3232=CARTESIAN_POINT('Control Point',(21.529984808,-1.5,61.5004547528)) ;
#3233=CARTESIAN_POINT('Control Point',(21.9736624796,-1.5,61.0871265027)) ;
#3234=CARTESIAN_POINT('Control Point',(22.4034025642,-1.5,60.571869721)) ;
#3235=CARTESIAN_POINT('Control Point',(22.7554395265,-1.5,60.0067209848)) ;
#3236=CARTESIAN_POINT('Control Point',(22.7894600023,-1.5,59.9504001669)) ;
#3237=CARTESIAN_POINT('Control Point',(22.8226940166,-1.5,59.8936379517)) ;
#3238=CARTESIAN_POINT('Control Point',(22.8551441806,-1.5,59.8364311092)) ;
#3239=CARTESIAN_POINT('Vertex',(17.6363010354,-1.5,62.876080417)) ;
#3242=CARTESIAN_POINT('Line Origine',(1.03101358864,-1.5,62.876080417)) ;
#3246=CARTESIAN_POINT('Vertex',(-15.574273858,-1.5,62.876080417)) ;
#3250=CARTESIAN_POINT('Control Point',(-20.6371711621,-1.5,60.0958740291)) ;
#3251=CARTESIAN_POINT('Control Point',(-20.3151954867,-1.5,60.6021579637)) ;
#3252=CARTESIAN_POINT('Control Point',(-19.9299352812,-1.5,61.0681950268)) ;
#3253=CARTESIAN_POINT('Control Point',(-19.4880623075,-1.5,61.4834520543)) ;
#3254=CARTESIAN_POINT('Control Point',(-18.5099749787,-1.5,62.1946575819)) ;
#3255=CARTESIAN_POINT('Control Point',(-17.3869195615,-1.5,62.6432224184)) ;
#3256=CARTESIAN_POINT('Control Point',(-16.8000547255,-1.5,62.7957995583)) ;
#3257=CARTESIAN_POINT('Control Point',(-16.195169926,-1.5,62.8740863766)) ;
#3258=CARTESIAN_POINT('Control Point',(-15.5899532157,-1.5,62.8760633449)) ;
#3259=CARTESIAN_POINT('Control Point',(-15.5847267616,-1.5,62.8760747262)) ;
#3260=CARTESIAN_POINT('Control Point',(-15.5795003098,-1.5,62.876080417)) ;
#3261=CARTESIAN_POINT('Control Point',(-15.574273858,-1.5,62.876080417)) ;
#3262=CARTESIAN_POINT('Vertex',(-20.6371711617,-1.5,60.0958740282)) ;
#3265=CARTESIAN_POINT('Line Origine',(-30.495975483,-1.5,44.5936028174)) ;
#3269=CARTESIAN_POINT('Vertex',(-40.3547798039,-1.5,29.0913316057)) ;
#3273=CARTESIAN_POINT('Control Point',(-41.2918824998,-1.5,25.8715379935)) ;
#3274=CARTESIAN_POINT('Control Point',(-41.2918824998,-1.5,26.4715311268)) ;
#3275=CARTESIAN_POINT('Control Point',(-41.2168842165,-1.5,27.0715238182)) ;
#3276=CARTESIAN_POINT('Control Point',(-41.0668649593,-1.5,27.6590477231)) ;
#3277=CARTESIAN_POINT('Control Point',(-40.8155544121,-1.5,28.2962877623)) ;
#3278=CARTESIAN_POINT('Control Point',(-40.4797745481,-1.5,28.8873813572)) ;
#3279=CARTESIAN_POINT('Control Point',(-40.4392251189,-1.5,28.9560799503)) ;
#3280=CARTESIAN_POINT('Control Point',(-40.3975610979,-1.5,29.0240610523)) ;
#3281=CARTESIAN_POINT('Control Point',(-40.3547798039,-1.5,29.0913316057)) ;
#3282=CARTESIAN_POINT('Vertex',(-41.2918825002,-1.5,25.8715379936)) ;
#3285=CARTESIAN_POINT('Line Origine',(-41.2918824998,-1.5,-1.46549610713)) ;
#3289=CARTESIAN_POINT('Vertex',(-41.2918824998,-1.5,-28.8025302078)) ;
#3293=CARTESIAN_POINT('Control Point',(-39.9971457494,-1.5,-32.5254991512)) ;
#3294=CARTESIAN_POINT('Control Point',(-40.3694383818,-1.5,-32.0549782127)) ;
#3295=CARTESIAN_POINT('Control Point',(-40.6829162959,-1.5,-31.5379215745)) ;
#3296=CARTESIAN_POINT('Control Point',(-40.929825159,-1.5,-30.9840929555)) ;
#3297=CARTESIAN_POINT('Control Point',(-41.164155417,-1.5,-30.2093866279)) ;
#3298=CARTESIAN_POINT('Control Point',(-41.2660330246,-1.5,-29.4120301162)) ;
#3299=CARTESIAN_POINT('Control Point',(-41.2832865594,-1.5,-29.2087839441)) ;
#3300=CARTESIAN_POINT('Control Point',(-41.2918824998,-1.5,-29.0056570506)) ;
#3301=CARTESIAN_POINT('Control Point',(-41.2918824998,-1.5,-28.8025302078)) ;
#3302=CARTESIAN_POINT('Vertex',(-39.99714575,-1.5,-32.5254991512)) ;
#3305=CARTESIAN_POINT('Line Origine',(-29.5839435568,-1.5,-45.6861938388)) ;
#3329=CARTESIAN_POINT('Control Point',(-9.36907470763,-1.5,-58.0054854612)) ;
#3330=CARTESIAN_POINT('Control Point',(-9.7084797742,-1.5,-58.0054854612)) ;
#3331=CARTESIAN_POINT('Control Point',(-10.0478842751,-1.5,-57.9574872115)) ;
#3332=CARTESIAN_POINT('Control Point',(-10.3782651542,-1.5,-57.8614674179)) ;
#3333=CARTESIAN_POINT('Control Point',(-11.002785764,-1.5,-57.5786705517)) ;
#3334=CARTESIAN_POINT('Control Point',(-11.5243972548,-1.5,-57.1337902978)) ;
#3335=CARTESIAN_POINT('Control Point',(-11.7518457805,-1.5,-56.8756459661)) ;
#3336=CARTESIAN_POINT('Control Point',(-12.1275018614,-1.5,-56.3021631269)) ;
#3337=CARTESIAN_POINT('Control Point',(-12.3294040415,-1.5,-55.6470047524)) ;
#3338=CARTESIAN_POINT('Control Point',(-12.3830569904,-1.5,-55.3071625984)) ;
#3339=CARTESIAN_POINT('Control Point',(-12.3928101978,-1.5,-54.6216664766)) ;
#3340=CARTESIAN_POINT('Control Point',(-12.2120989959,-1.5,-53.96034927)) ;
#3341=CARTESIAN_POINT('Control Point',(-12.0752404098,-1.5,-53.6446895569)) ;
#3342=CARTESIAN_POINT('Control Point',(-11.7160520622,-1.5,-53.0607513848)) ;
#3343=CARTESIAN_POINT('Control Point',(-11.2090293493,-1.5,-52.599313464)) ;
#3344=CARTESIAN_POINT('Control Point',(-10.9242984982,-1.5,-52.4061822349)) ;
#3345=CARTESIAN_POINT('Control Point',(-10.4456131662,-1.5,-52.1727906834)) ;
#3346=CARTESIAN_POINT('Control Point',(-9.93123779602,-1.5,-52.0496187558)) ;
#3347=CARTESIAN_POINT('Control Point',(-9.7448728263,-1.5,-52.0201963045)) ;
#3348=CARTESIAN_POINT('Control Point',(-9.55697368028,-1.5,-52.0054854612)) ;
#3349=CARTESIAN_POINT('Control Point',(-9.36907470763,-1.5,-52.0054854612)) ;
#3350=CARTESIAN_POINT('Vertex',(-9.36907470772,-1.5,-58.0054854609)) ;
#3352=CARTESIAN_POINT('Vertex',(-9.36907470772,-1.5,-52.0054854609)) ;
#3356=CARTESIAN_POINT('Control Point',(-9.36907470763,-1.5,-52.0054854612)) ;
#3357=CARTESIAN_POINT('Control Point',(-9.02966964252,-1.5,-52.0054854612)) ;
#3358=CARTESIAN_POINT('Control Point',(-8.69026514307,-1.5,-52.0534837105)) ;
#3359=CARTESIAN_POINT('Control Point',(-8.35988425836,-1.5,-52.1495035039)) ;
#3360=CARTESIAN_POINT('Control Point',(-7.73536364904,-1.5,-52.4323003703)) ;
#3361=CARTESIAN_POINT('Control Point',(-7.21375215863,-1.5,-52.8771806243)) ;
#3362=CARTESIAN_POINT('Control Point',(-6.98630363796,-1.5,-53.1353249543)) ;
#3363=CARTESIAN_POINT('Control Point',(-6.61064755443,-1.5,-53.7088077969)) ;
#3364=CARTESIAN_POINT('Control Point',(-6.40874537384,-1.5,-54.3639661759)) ;
#3365=CARTESIAN_POINT('Control Point',(-6.35509242496,-1.5,-54.7038083179)) ;
#3366=CARTESIAN_POINT('Control Point',(-6.34533921669,-1.5,-55.3893044414)) ;
#3367=CARTESIAN_POINT('Control Point',(-6.52605041855,-1.5,-56.0506216495)) ;
#3368=CARTESIAN_POINT('Control Point',(-6.66290900699,-1.5,-56.3662813681)) ;
#3369=CARTESIAN_POINT('Control Point',(-7.02209735303,-1.5,-56.9502195368)) ;
#3370=CARTESIAN_POINT('Control Point',(-7.52912006271,-1.5,-57.4116574555)) ;
#3371=CARTESIAN_POINT('Control Point',(-7.81385092094,-1.5,-57.6047886894)) ;
#3372=CARTESIAN_POINT('Control Point',(-8.29253624753,-1.5,-57.8381802378)) ;
#3373=CARTESIAN_POINT('Control Point',(-8.80691161136,-1.5,-57.9613521647)) ;
#3374=CARTESIAN_POINT('Control Point',(-8.99327659703,-1.5,-57.9907746185)) ;
#3375=CARTESIAN_POINT('Control Point',(-9.18117573901,-1.5,-58.0054854612)) ;
#3376=CARTESIAN_POINT('Control Point',(-9.36907470763,-1.5,-58.0054854612)) ;
#3383=CARTESIAN_POINT('Control Point',(-25.4318825004,-1.5,27.6760804177)) ;
#3384=CARTESIAN_POINT('Control Point',(-25.4318825004,-1.5,28.5471122489)) ;
#3385=CARTESIAN_POINT('Control Point',(-25.3238848983,-1.5,29.4181436454)) ;
#3386=CARTESIAN_POINT('Control Point',(-25.1078579364,-1.5,30.2713643858)) ;
#3387=CARTESIAN_POINT('Control Point',(-24.4688245875,-1.5,31.9063197802)) ;
#3388=CARTESIAN_POINT('Control Point',(-23.4498507884,-1.5,33.3357004501)) ;
#3389=CARTESIAN_POINT('Control Point',(-22.8538262754,-1.5,33.9833176676)) ;
#3390=CARTESIAN_POINT('Control Point',(-21.5137545081,-1.5,35.1171829213)) ;
#3391=CARTESIAN_POINT('Control Point',(-19.9373478476,-1.5,35.8894385369)) ;
#3392=CARTESIAN_POINT('Control Point',(-19.1049519126,-1.5,36.1753936154)) ;
#3393=CARTESIAN_POINT('Control Point',(-18.1022191108,-1.5,36.3852228495)) ;
#3394=CARTESIAN_POINT('Control Point',(-17.0873004641,-1.5,36.4484269857)) ;
#3395=CARTESIAN_POINT('Control Point',(-16.9417491394,-1.5,36.4544650458)) ;
#3396=CARTESIAN_POINT('Control Point',(-16.7961140494,-1.5,36.4574838618)) ;
#3397=CARTESIAN_POINT('Control Point',(-16.650478604,-1.5,36.4574834424)) ;
#3398=CARTESIAN_POINT('Vertex',(-25.4318825004,-1.5,27.6760804177)) ;
#3400=CARTESIAN_POINT('Vertex',(-16.650478604,-1.5,36.4574843132)) ;
#3404=CARTESIAN_POINT('Control Point',(-16.650478604,-1.5,36.4574834424)) ;
#3405=CARTESIAN_POINT('Control Point',(-15.925077068,-1.5,36.4574813537)) ;
#3406=CARTESIAN_POINT('Control Point',(-15.1996667108,-1.5,36.3825727265)) ;
#3407=CARTESIAN_POINT('Control Point',(-14.4845549653,-1.5,36.2327586406)) ;
#3408=CARTESIAN_POINT('Control Point',(-12.9562077505,-1.5,35.7429463719)) ;
#3409=CARTESIAN_POINT('Control Point',(-11.5734793693,-1.5,34.9208605934)) ;
#3410=CARTESIAN_POINT('Control Point',(-10.8787203056,-1.5,34.3805244803)) ;
#3411=CARTESIAN_POINT('Control Point',(-9.63775654024,-1.5,33.1389723474)) ;
#3412=CARTESIAN_POINT('Control Point',(-8.73758490343,-1.5,31.6319462263)) ;
#3413=CARTESIAN_POINT('Control Point',(-8.38366725946,-1.5,30.8260953802)) ;
#3414=CARTESIAN_POINT('Control Point',(-8.04970171997,-1.5,29.7036926429)) ;
#3415=CARTESIAN_POINT('Control Point',(-7.90534532804,-1.5,28.5495535199)) ;
#3416=CARTESIAN_POINT('Control Point',(-7.88113726519,-1.5,28.2582864503)) ;
#3417=CARTESIAN_POINT('Control Point',(-7.86907470763,-1.5,27.9671834097)) ;
#3418=CARTESIAN_POINT('Control Point',(-7.86907470763,-1.5,27.6760804177)) ;
#3419=CARTESIAN_POINT('Vertex',(-7.86907470772,-1.5,27.676080417)) ;
#3422=CARTESIAN_POINT('Axis2P3D Location',(16.1309252919,-1.5,27.6760804172)) ;
#3426=CARTESIAN_POINT('Vertex',(16.1309252923,-1.5,3.67608041695)) ;
#3429=CARTESIAN_POINT('Axis2P3D Location',(16.1309253084,-1.5,27.6760803387)) ;
#3433=CARTESIAN_POINT('Vertex',(24.4414340949,-1.5,5.16085349291)) ;
#3437=CARTESIAN_POINT('Control Point',(24.4414340949,-1.5,5.16085349291)) ;
#3438=CARTESIAN_POINT('Control Point',(24.6574559633,-1.5,5.2232191645)) ;
#3439=CARTESIAN_POINT('Control Point',(24.8778597479,-1.5,5.27040627575)) ;
#3440=CARTESIAN_POINT('Control Point',(25.1012276483,-1.5,5.30200288443)) ;
#3441=CARTESIAN_POINT('Control Point',(25.3260768087,-1.5,5.31780158141)) ;
#3442=CARTESIAN_POINT('Control Point',(25.5509252923,-1.5,5.31780200179)) ;
#3443=CARTESIAN_POINT('Vertex',(25.5509252923,-1.5,5.31780401582)) ;
#3447=CARTESIAN_POINT('Control Point',(25.5509252923,-1.5,5.31780200179)) ;
#3448=CARTESIAN_POINT('Control Point',(25.7179984444,-1.5,5.31780231416)) ;
#3449=CARTESIAN_POINT('Control Point',(25.8850712228,-1.5,5.3090800835)) ;
#3450=CARTESIAN_POINT('Control Point',(26.0515356608,-1.5,5.29163516011)) ;
#3451=CARTESIAN_POINT('Control Point',(26.6044252134,-1.5,5.20429399401)) ;
#3452=CARTESIAN_POINT('Control Point',(27.1370697472,-1.5,5.02142982362)) ;
#3453=CARTESIAN_POINT('Control Point',(27.4929132509,-1.5,4.84787235235)) ;
#3454=CARTESIAN_POINT('Control Point',(28.1548068705,-1.5,4.41717435517)) ;
#3455=CARTESIAN_POINT('Control Point',(28.6931975262,-1.5,3.83947480513)) ;
#3456=CARTESIAN_POINT('Control Point',(28.9255220171,-1.5,3.51889388923)) ;
#3457=CARTESIAN_POINT('Control Point',(29.3069054496,-1.5,2.8274095365)) ;
#3458=CARTESIAN_POINT('Control Point',(29.5101427271,-1.5,2.06432639462)) ;
#3459=CARTESIAN_POINT('Control Point',(29.5642966045,-1.5,1.67213493062)) ;
#3460=CARTESIAN_POINT('Control Point',(29.575453882,-1.5,0.882527781719)) ;
#3461=CARTESIAN_POINT('Control Point',(29.3957286011,-1.5,0.113567381256)) ;
#3462=CARTESIAN_POINT('Control Point',(29.2589728063,-1.5,-0.257976210928)) ;
#3463=CARTESIAN_POINT('Control Point',(28.8972793103,-1.5,-0.959960361249)) ;
#3464=CARTESIAN_POINT('Control Point',(28.3768697296,-1.5,-1.55390913038)) ;
#3465=CARTESIAN_POINT('Control Point',(28.0813744511,-1.5,-1.81740359196)) ;
#3466=CARTESIAN_POINT('Control Point',(27.7468634285,-1.5,-2.0487828411)) ;
#3467=CARTESIAN_POINT('Control Point',(27.388685224,-1.5,-2.23506066719)) ;
#3468=CARTESIAN_POINT('Control Point',(27.3781919635,-1.5,-2.24046881413)) ;
#3469=CARTESIAN_POINT('Control Point',(27.3676790866,-1.5,-2.24583808115)) ;
#3470=CARTESIAN_POINT('Control Point',(27.3571465465,-1.5,-2.25116849423)) ;
#3471=CARTESIAN_POINT('Vertex',(27.3571465471,-1.5,-2.2511684944)) ;
#3474=CARTESIAN_POINT('Axis2P3D Location',(28.1309252923,-1.5,-13.2239195824)) ;
#3478=CARTESIAN_POINT('Vertex',(17.5479200485,-1.5,-10.2239195827)) ;
#3481=CARTESIAN_POINT('Line Origine',(1.11676258896,-1.5,-10.2239195827)) ;
#3485=CARTESIAN_POINT('Vertex',(-15.3143948705,-1.5,-10.2239195827)) ;
#3488=CARTESIAN_POINT('Axis2P3D Location',(-25.8690747118,-1.5,-13.2239195892)) ;
#3492=CARTESIAN_POINT('Vertex',(-25.4318825004,-1.5,-2.25988157571)) ;
#3495=CARTESIAN_POINT('Line Origine',(-25.4318825004,-1.5,12.708099421)) ;
#3513=CARTESIAN_POINT('Control Point',(-10.8690747076,-1.5,51.876080417)) ;
#3514=CARTESIAN_POINT('Control Point',(-11.2084797719,-1.5,51.876080417)) ;
#3515=CARTESIAN_POINT('Control Point',(-11.5478842705,-1.5,51.924078666)) ;
#3516=CARTESIAN_POINT('Control Point',(-11.8782651584,-1.5,52.0200984604)) ;
#3517=CARTESIAN_POINT('Control Point',(-12.5027857643,-1.5,52.3028953254)) ;
#3518=CARTESIAN_POINT('Control Point',(-13.0243972524,-1.5,52.7477755764)) ;
#3519=CARTESIAN_POINT('Control Point',(-13.2518457822,-1.5,53.0059199148)) ;
#3520=CARTESIAN_POINT('Control Point',(-13.6275018619,-1.5,53.5794027529)) ;
#3521=CARTESIAN_POINT('Control Point',(-13.8294040416,-1.5,54.234561126)) ;
#3522=CARTESIAN_POINT('Control Point',(-13.8830569904,-1.5,54.5744032795)) ;
#3523=CARTESIAN_POINT('Control Point',(-13.8928101978,-1.5,55.259899401)) ;
#3524=CARTESIAN_POINT('Control Point',(-13.7120989961,-1.5,55.9212166073)) ;
#3525=CARTESIAN_POINT('Control Point',(-13.5752404094,-1.5,56.236876322)) ;
#3526=CARTESIAN_POINT('Control Point',(-13.2160520624,-1.5,56.8208144929)) ;
#3527=CARTESIAN_POINT('Control Point',(-12.7090293507,-1.5,57.282252413)) ;
#3528=CARTESIAN_POINT('Control Point',(-12.4242984966,-1.5,57.475383644)) ;
#3529=CARTESIAN_POINT('Control Point',(-11.945613167,-1.5,57.7087751942)) ;
#3530=CARTESIAN_POINT('Control Point',(-11.4312377998,-1.5,57.8319471214)) ;
#3531=CARTESIAN_POINT('Control Point',(-11.2448728224,-1.5,57.861369574)) ;
#3532=CARTESIAN_POINT('Control Point',(-11.0569736784,-1.5,57.876080417)) ;
#3533=CARTESIAN_POINT('Control Point',(-10.8690747076,-1.5,57.876080417)) ;
#3534=CARTESIAN_POINT('Vertex',(-10.8690747077,-1.5,51.876080417)) ;
#3536=CARTESIAN_POINT('Vertex',(-10.8690747077,-1.5,57.876080417)) ;
#3540=CARTESIAN_POINT('Control Point',(-10.8690747076,-1.5,57.876080417)) ;
#3541=CARTESIAN_POINT('Control Point',(-10.5296696435,-1.5,57.876080417)) ;
#3542=CARTESIAN_POINT('Control Point',(-10.1902651451,-1.5,57.828082168)) ;
#3543=CARTESIAN_POINT('Control Point',(-9.85988425648,-1.5,57.7320623734)) ;
#3544=CARTESIAN_POINT('Control Point',(-9.23536364888,-1.5,57.4492655075)) ;
#3545=CARTESIAN_POINT('Control Point',(-8.71375215967,-1.5,57.0043852547)) ;
#3546=CARTESIAN_POINT('Control Point',(-8.48630363721,-1.5,56.7462409227)) ;
#3547=CARTESIAN_POINT('Control Point',(-8.11064755432,-1.5,56.1727580807)) ;
#3548=CARTESIAN_POINT('Control Point',(-7.90874537394,-1.5,55.5175997026)) ;
#3549=CARTESIAN_POINT('Control Point',(-7.85509242495,-1.5,55.1777575599)) ;
#3550=CARTESIAN_POINT('Control Point',(-7.84533921672,-1.5,54.4922614362)) ;
#3551=CARTESIAN_POINT('Control Point',(-8.02605041878,-1.5,53.8309442278)) ;
#3552=CARTESIAN_POINT('Control Point',(-8.16290900653,-1.5,53.5152845109)) ;
#3553=CARTESIAN_POINT('Control Point',(-8.52209735318,-1.5,52.9313463409)) ;
#3554=CARTESIAN_POINT('Control Point',(-9.02912006405,-1.5,52.4699084214)) ;
#3555=CARTESIAN_POINT('Control Point',(-9.31385091931,-1.5,52.2767771895)) ;
#3556=CARTESIAN_POINT('Control Point',(-9.7925362484,-1.5,52.0433856397)) ;
#3557=CARTESIAN_POINT('Control Point',(-10.3069116151,-1.5,51.9202137126)) ;
#3558=CARTESIAN_POINT('Control Point',(-10.4932765932,-1.5,51.8907912599)) ;
#3559=CARTESIAN_POINT('Control Point',(-10.6811757371,-1.5,51.876080417)) ;
#3560=CARTESIAN_POINT('Control Point',(-10.8690747076,-1.5,51.876080417)) ;
#3567=CARTESIAN_POINT('Control Point',(16.1309252924,-1.5,10.6760804177)) ;
#3568=CARTESIAN_POINT('Control Point',(14.5150197511,-1.5,10.6760804177)) ;
#3569=CARTESIAN_POINT('Control Point',(12.8991146092,-1.5,10.868076794)) ;
#3570=CARTESIAN_POINT('Control Point',(11.3135573184,-1.5,11.2521175256)) ;
#3571=CARTESIAN_POINT('Control Point',(8.26422380131,-1.5,12.3894932559)) ;
#3572=CARTESIAN_POINT('Control Point',(5.56630595006,-1.5,14.2097370292)) ;
#3573=CARTESIAN_POINT('Control Point',(4.33220689464,-1.5,15.276732231)) ;
#3574=CARTESIAN_POINT('Control Point',(2.14127413037,-1.5,17.6833630811)) ;
#3575=CARTESIAN_POINT('Control Point',(0.575275482075,-1.5,20.5363783869)) ;
#3576=CARTESIAN_POINT('Control Point',(-0.0338120501467,-1.5,22.049815412)) ;
#3577=CARTESIAN_POINT('Control Point',(-0.880696792554,-1.5,25.1922419701)) ;
#3578=CARTESIAN_POINT('Control Point',(-0.967653322707,-1.5,28.4456227776)) ;
#3579=CARTESIAN_POINT('Control Point',(-0.816717565071,-1.5,30.0700296263)) ;
#3580=CARTESIAN_POINT('Control Point',(-0.13183183506,-1.5,33.2516942825)) ;
#3581=CARTESIAN_POINT('Control Point',(1.27952874104,-1.5,36.184288603)) ;
#3582=CARTESIAN_POINT('Control Point',(2.15703101345,-1.5,37.5595954785)) ;
#3583=CARTESIAN_POINT('Control Point',(4.22187384435,-1.5,40.0752430104)) ;
#3584=CARTESIAN_POINT('Control Point',(6.81870604219,-1.5,42.0370051349)) ;
#3585=CARTESIAN_POINT('Control Point',(8.22826563694,-1.5,42.8583582966)) ;
#3586=CARTESIAN_POINT('Control Point',(10.6330552106,-1.5,43.8984977892)) ;
#3587=CARTESIAN_POINT('Control Point',(13.1801597422,-1.5,44.4616711232)) ;
#3588=CARTESIAN_POINT('Control Point',(14.1591472854,-1.5,44.6046115221)) ;
#3589=CARTESIAN_POINT('Control Point',(15.1450363632,-1.5,44.6760804177)) ;
#3590=CARTESIAN_POINT('Control Point',(16.1309252924,-1.5,44.6760804177)) ;
#3591=CARTESIAN_POINT('Vertex',(16.1309252923,-1.5,10.676080417)) ;
#3593=CARTESIAN_POINT('Vertex',(16.1309252923,-1.5,44.676080417)) ;
#3597=CARTESIAN_POINT('Control Point',(16.1309252924,-1.5,44.6760804177)) ;
#3598=CARTESIAN_POINT('Control Point',(17.746830831,-1.5,44.6760804177)) ;
#3599=CARTESIAN_POINT('Control Point',(19.3627359703,-1.5,44.484084042)) ;
#3600=CARTESIAN_POINT('Control Point',(20.9482932712,-1.5,44.1000433061)) ;
#3601=CARTESIAN_POINT('Control Point',(23.9976267863,-1.5,42.9626675759)) ;
#3602=CARTESIAN_POINT('Control Point',(26.6955446359,-1.5,41.1424238035)) ;
#3603=CARTESIAN_POINT('Control Point',(27.9296436891,-1.5,40.0754286036)) ;
#3604=CARTESIAN_POINT('Control Point',(30.1205764539,-1.5,37.6687977532)) ;
#3605=CARTESIAN_POINT('Control Point',(31.6865751025,-1.5,34.8157824468)) ;
#3606=CARTESIAN_POINT('Control Point',(32.295662635,-1.5,33.3023454213)) ;
#3607=CARTESIAN_POINT('Control Point',(33.1425473771,-1.5,30.1599188642)) ;
#3608=CARTESIAN_POINT('Control Point',(33.2295039074,-1.5,26.9065380579)) ;
#3609=CARTESIAN_POINT('Control Point',(33.0785681494,-1.5,25.2821312053)) ;
#3610=CARTESIAN_POINT('Control Point',(32.3936824192,-1.5,22.1004665495)) ;
#3611=CARTESIAN_POINT('Control Point',(30.9823218432,-1.5,19.1678722295)) ;
#3612=CARTESIAN_POINT('Control Point',(30.1048195721,-1.5,17.7925653578)) ;
#3613=CARTESIAN_POINT('Control Point',(28.0399767398,-1.5,15.276917824)) ;
#3614=CARTESIAN_POINT('Control Point',(25.4431445397,-1.5,13.3151556984)) ;
#3615=CARTESIAN_POINT('Control Point',(24.033584951,-1.5,12.4938025383)) ;
#3616=CARTESIAN_POINT('Control Point',(21.6287953723,-1.5,11.4536630432)) ;
#3617=CARTESIAN_POINT('Control Point',(19.081690835,-1.5,10.8904897087)) ;
#3618=CARTESIAN_POINT('Control Point',(18.102703307,-1.5,10.7475493139)) ;
#3619=CARTESIAN_POINT('Control Point',(17.1168142254,-1.5,10.6760804177)) ;
#3620=CARTESIAN_POINT('Control Point',(16.1309252924,-1.5,10.6760804177)) ;
#3627=CARTESIAN_POINT('Control Point',(-25.8690747076,-1.5,-16.2239195827)) ;
#3628=CARTESIAN_POINT('Control Point',(-26.2084797732,-1.5,-16.2239195827)) ;
#3629=CARTESIAN_POINT('Control Point',(-26.5478842732,-1.5,-16.1759213333)) ;
#3630=CARTESIAN_POINT('Control Point',(-26.878265156,-1.5,-16.0799015404)) ;
#3631=CARTESIAN_POINT('Control Point',(-27.502785762,-1.5,-15.7971046756)) ;
#3632=CARTESIAN_POINT('Control Point',(-28.0243972503,-1.5,-15.352224425)) ;
#3633=CARTESIAN_POINT('Control Point',(-28.2518457837,-1.5,-15.0940800844)) ;
#3634=CARTESIAN_POINT('Control Point',(-28.6275018621,-1.5,-14.5205972476)) ;
#3635=CARTESIAN_POINT('Control Point',(-28.8294040414,-1.5,-13.8654388761)) ;
#3636=CARTESIAN_POINT('Control Point',(-28.8830569904,-1.5,-13.5255967195)) ;
#3637=CARTESIAN_POINT('Control Point',(-28.8928101977,-1.5,-12.8401005989)) ;
#3638=CARTESIAN_POINT('Control Point',(-28.7120989964,-1.5,-12.1787833934)) ;
#3639=CARTESIAN_POINT('Control Point',(-28.5752404088,-1.5,-11.8631236767)) ;
#3640=CARTESIAN_POINT('Control Point',(-28.2160520625,-1.5,-11.2791855073)) ;
#3641=CARTESIAN_POINT('Control Point',(-27.7090293523,-1.5,-10.8177475882)) ;
#3642=CARTESIAN_POINT('Control Point',(-27.4242984946,-1.5,-10.6246163546)) ;
#3643=CARTESIAN_POINT('Control Point',(-26.9456131682,-1.5,-10.3912248063)) ;
#3644=CARTESIAN_POINT('Control Point',(-26.4312378046,-1.5,-10.2680528794)) ;
#3645=CARTESIAN_POINT('Control Point',(-26.2448728175,-1.5,-10.2386304253)) ;
#3646=CARTESIAN_POINT('Control Point',(-26.0569736759,-1.5,-10.2239195827)) ;
#3647=CARTESIAN_POINT('Control Point',(-25.8690747076,-1.5,-10.2239195827)) ;
#3648=CARTESIAN_POINT('Vertex',(-25.8690747077,-1.5,-16.223919583)) ;
#3650=CARTESIAN_POINT('Vertex',(-25.8690747077,-1.5,-10.223919583)) ;
#3654=CARTESIAN_POINT('Control Point',(-25.8690747076,-1.5,-10.2239195827)) ;
#3655=CARTESIAN_POINT('Control Point',(-25.5296696415,-1.5,-10.2239195827)) ;
#3656=CARTESIAN_POINT('Control Point',(-25.1902651411,-1.5,-10.2719178322)) ;
#3657=CARTESIAN_POINT('Control Point',(-24.8598842601,-1.5,-10.3679376264)) ;
#3658=CARTESIAN_POINT('Control Point',(-24.2353636492,-1.5,-10.6507344933)) ;
#3659=CARTESIAN_POINT('Control Point',(-23.7137521576,-1.5,-11.0956147485)) ;
#3660=CARTESIAN_POINT('Control Point',(-23.4863036387,-1.5,-11.3537590747)) ;
#3661=CARTESIAN_POINT('Control Point',(-23.1106475548,-1.5,-11.9272419174)) ;
#3662=CARTESIAN_POINT('Control Point',(-22.9087453741,-1.5,-12.5824002966)) ;
#3663=CARTESIAN_POINT('Control Point',(-22.8550924249,-1.5,-12.9222424401)) ;
#3664=CARTESIAN_POINT('Control Point',(-22.8453392168,-1.5,-13.6077385642)) ;
#3665=CARTESIAN_POINT('Control Point',(-23.0260504191,-1.5,-14.2690557728)) ;
#3666=CARTESIAN_POINT('Control Point',(-23.162909006,-1.5,-14.5847154879)) ;
#3667=CARTESIAN_POINT('Control Point',(-23.5220973534,-1.5,-15.1686536594)) ;
#3668=CARTESIAN_POINT('Control Point',(-24.0291200657,-1.5,-15.6300915797)) ;
#3669=CARTESIAN_POINT('Control Point',(-24.3138509172,-1.5,-15.8232228091)) ;
#3670=CARTESIAN_POINT('Control Point',(-24.7925362495,-1.5,-16.0566143607)) ;
#3671=CARTESIAN_POINT('Control Point',(-25.30691162,-1.5,-16.1797862882)) ;
#3672=CARTESIAN_POINT('Control Point',(-25.4932765882,-1.5,-16.2092087393)) ;
#3673=CARTESIAN_POINT('Control Point',(-25.6811757346,-1.5,-16.2239195827)) ;
#3674=CARTESIAN_POINT('Control Point',(-25.8690747076,-1.5,-16.2239195827)) ;
#3681=CARTESIAN_POINT('Control Point',(13.1309252924,-1.5,51.876080417)) ;
#3682=CARTESIAN_POINT('Control Point',(12.7915202281,-1.5,51.876080417)) ;
#3683=CARTESIAN_POINT('Control Point',(12.4521157295,-1.5,51.924078666)) ;
#3684=CARTESIAN_POINT('Control Point',(12.1217348416,-1.5,52.0200984604)) ;
#3685=CARTESIAN_POINT('Control Point',(11.4972142357,-1.5,52.3028953254)) ;
#3686=CARTESIAN_POINT('Control Point',(10.9756027476,-1.5,52.7477755764)) ;
#3687=CARTESIAN_POINT('Control Point',(10.7481542178,-1.5,53.0059199148)) ;
#3688=CARTESIAN_POINT('Control Point',(10.3724981381,-1.5,53.5794027529)) ;
#3689=CARTESIAN_POINT('Control Point',(10.1705959584,-1.5,54.234561126)) ;
#3690=CARTESIAN_POINT('Control Point',(10.1169430096,-1.5,54.5744032795)) ;
#3691=CARTESIAN_POINT('Control Point',(10.1071898022,-1.5,55.259899401)) ;
#3692=CARTESIAN_POINT('Control Point',(10.2879010039,-1.5,55.9212166073)) ;
#3693=CARTESIAN_POINT('Control Point',(10.4247595906,-1.5,56.2368763219)) ;
#3694=CARTESIAN_POINT('Control Point',(10.7839479376,-1.5,56.8208144929)) ;
#3695=CARTESIAN_POINT('Control Point',(11.2909706493,-1.5,57.282252413)) ;
#3696=CARTESIAN_POINT('Control Point',(11.5757015034,-1.5,57.475383644)) ;
#3697=CARTESIAN_POINT('Control Point',(12.054386833,-1.5,57.7087751942)) ;
#3698=CARTESIAN_POINT('Control Point',(12.5687622002,-1.5,57.8319471214)) ;
#3699=CARTESIAN_POINT('Control Point',(12.7551271776,-1.5,57.861369574)) ;
#3700=CARTESIAN_POINT('Control Point',(12.9430263216,-1.5,57.876080417)) ;
#3701=CARTESIAN_POINT('Control Point',(13.1309252924,-1.5,57.876080417)) ;
#3702=CARTESIAN_POINT('Vertex',(13.1309252923,-1.5,51.876080417)) ;
#3704=CARTESIAN_POINT('Vertex',(13.1309252923,-1.5,57.876080417)) ;
#3708=CARTESIAN_POINT('Control Point',(13.1309252924,-1.5,57.876080417)) ;
#3709=CARTESIAN_POINT('Control Point',(13.4703303565,-1.5,57.876080417)) ;
#3710=CARTESIAN_POINT('Control Point',(13.8097348549,-1.5,57.828082168)) ;
#3711=CARTESIAN_POINT('Control Point',(14.1401157435,-1.5,57.7320623734)) ;
#3712=CARTESIAN_POINT('Control Point',(14.7646363511,-1.5,57.4492655075)) ;
#3713=CARTESIAN_POINT('Control Point',(15.2862478403,-1.5,57.0043852547)) ;
#3714=CARTESIAN_POINT('Control Point',(15.5136963628,-1.5,56.7462409227)) ;
#3715=CARTESIAN_POINT('Control Point',(15.8893524457,-1.5,56.1727580807)) ;
#3716=CARTESIAN_POINT('Control Point',(16.0912546261,-1.5,55.5175997026)) ;
#3717=CARTESIAN_POINT('Control Point',(16.144907575,-1.5,55.1777575599)) ;
#3718=CARTESIAN_POINT('Control Point',(16.1546607833,-1.5,54.4922614362)) ;
#3719=CARTESIAN_POINT('Control Point',(15.9739495812,-1.5,53.8309442279)) ;
#3720=CARTESIAN_POINT('Control Point',(15.8370909935,-1.5,53.5152845108)) ;
#3721=CARTESIAN_POINT('Control Point',(15.4779026468,-1.5,52.9313463409)) ;
#3722=CARTESIAN_POINT('Control Point',(14.970879936,-1.5,52.4699084214)) ;
#3723=CARTESIAN_POINT('Control Point',(14.6861490807,-1.5,52.2767771895)) ;
#3724=CARTESIAN_POINT('Control Point',(14.2074637516,-1.5,52.0433856397)) ;
#3725=CARTESIAN_POINT('Control Point',(13.6930883849,-1.5,51.9202137126)) ;
#3726=CARTESIAN_POINT('Control Point',(13.5067234068,-1.5,51.8907912599)) ;
#3727=CARTESIAN_POINT('Control Point',(13.3188242629,-1.5,51.876080417)) ;
#3728=CARTESIAN_POINT('Control Point',(13.1309252924,-1.5,51.876080417)) ;
#3735=CARTESIAN_POINT('Control Point',(11.6309252924,-1.5,-58.0054854612)) ;
#3736=CARTESIAN_POINT('Control Point',(11.2915202258,-1.5,-58.0054854612)) ;
#3737=CARTESIAN_POINT('Control Point',(10.9521157249,-1.5,-57.9574872115)) ;
#3738=CARTESIAN_POINT('Control Point',(10.6217348458,-1.5,-57.8614674179)) ;
#3739=CARTESIAN_POINT('Control Point',(9.99721423601,-1.5,-57.5786705517)) ;
#3740=CARTESIAN_POINT('Control Point',(9.4756027452,-1.5,-57.1337902978)) ;
#3741=CARTESIAN_POINT('Control Point',(9.24815421952,-1.5,-56.8756459661)) ;
#3742=CARTESIAN_POINT('Control Point',(8.87249813864,-1.5,-56.302163127)) ;
#3743=CARTESIAN_POINT('Control Point',(8.67059595854,-1.5,-55.6470047524)) ;
#3744=CARTESIAN_POINT('Control Point',(8.61694300961,-1.5,-55.3071625984)) ;
#3745=CARTESIAN_POINT('Control Point',(8.60718980222,-1.5,-54.6216664766)) ;
#3746=CARTESIAN_POINT('Control Point',(8.78790100409,-1.5,-53.96034927)) ;
#3747=CARTESIAN_POINT('Control Point',(8.92475959016,-1.5,-53.6446895569)) ;
#3748=CARTESIAN_POINT('Control Point',(9.2839479378,-1.5,-53.0607513848)) ;
#3749=CARTESIAN_POINT('Control Point',(9.79097065067,-1.5,-52.599313464)) ;
#3750=CARTESIAN_POINT('Control Point',(10.0757015018,-1.5,-52.4061822349)) ;
#3751=CARTESIAN_POINT('Control Point',(10.5543868338,-1.5,-52.1727906834)) ;
#3752=CARTESIAN_POINT('Control Point',(11.068762204,-1.5,-52.0496187558)) ;
#3753=CARTESIAN_POINT('Control Point',(11.2551271737,-1.5,-52.0201963045)) ;
#3754=CARTESIAN_POINT('Control Point',(11.4430263197,-1.5,-52.0054854612)) ;
#3755=CARTESIAN_POINT('Control Point',(11.6309252924,-1.5,-52.0054854612)) ;
#3756=CARTESIAN_POINT('Vertex',(11.6309252923,-1.5,-58.0054854609)) ;
#3758=CARTESIAN_POINT('Vertex',(11.6309252923,-1.5,-52.0054854609)) ;
#3762=CARTESIAN_POINT('Control Point',(11.6309252924,-1.5,-52.0054854612)) ;
#3763=CARTESIAN_POINT('Control Point',(11.9703303575,-1.5,-52.0054854612)) ;
#3764=CARTESIAN_POINT('Control Point',(12.3097348569,-1.5,-52.0534837105)) ;
#3765=CARTESIAN_POINT('Control Point',(12.6401157416,-1.5,-52.1495035039)) ;
#3766=CARTESIAN_POINT('Control Point',(13.264636351,-1.5,-52.4323003703)) ;
#3767=CARTESIAN_POINT('Control Point',(13.7862478414,-1.5,-52.8771806243)) ;
#3768=CARTESIAN_POINT('Control Point',(14.013696362,-1.5,-53.1353249544)) ;
#3769=CARTESIAN_POINT('Control Point',(14.3893524456,-1.5,-53.7088077969)) ;
#3770=CARTESIAN_POINT('Control Point',(14.5912546262,-1.5,-54.3639661759)) ;
#3771=CARTESIAN_POINT('Control Point',(14.644907575,-1.5,-54.7038083179)) ;
#3772=CARTESIAN_POINT('Control Point',(14.6546607833,-1.5,-55.3893044413)) ;
#3773=CARTESIAN_POINT('Control Point',(14.4739495815,-1.5,-56.0506216495)) ;
#3774=CARTESIAN_POINT('Control Point',(14.337090993,-1.5,-56.3662813681)) ;
#3775=CARTESIAN_POINT('Control Point',(13.977902647,-1.5,-56.9502195368)) ;
#3776=CARTESIAN_POINT('Control Point',(13.4708799373,-1.5,-57.4116574555)) ;
#3777=CARTESIAN_POINT('Control Point',(13.1861490791,-1.5,-57.6047886894)) ;
#3778=CARTESIAN_POINT('Control Point',(12.7074637525,-1.5,-57.8381802378)) ;
#3779=CARTESIAN_POINT('Control Point',(12.1930883886,-1.5,-57.9613521647)) ;
#3780=CARTESIAN_POINT('Control Point',(12.006723403,-1.5,-57.9907746185)) ;
#3781=CARTESIAN_POINT('Control Point',(11.818824261,-1.5,-58.0054854612)) ;
#3782=CARTESIAN_POINT('Control Point',(11.6309252924,-1.5,-58.0054854612)) ;
#3789=CARTESIAN_POINT('Control Point',(28.1309252924,-1.5,-16.2239195827)) ;
#3790=CARTESIAN_POINT('Control Point',(27.7915202268,-1.5,-16.2239195827)) ;
#3791=CARTESIAN_POINT('Control Point',(27.4521157268,-1.5,-16.1759213333)) ;
#3792=CARTESIAN_POINT('Control Point',(27.121734844,-1.5,-16.0799015404)) ;
#3793=CARTESIAN_POINT('Control Point',(26.497214238,-1.5,-15.7971046757)) ;
#3794=CARTESIAN_POINT('Control Point',(25.9756027497,-1.5,-15.352224425)) ;
#3795=CARTESIAN_POINT('Control Point',(25.7481542163,-1.5,-15.0940800844)) ;
#3796=CARTESIAN_POINT('Control Point',(25.3724981379,-1.5,-14.5205972476)) ;
#3797=CARTESIAN_POINT('Control Point',(25.1705959586,-1.5,-13.8654388761)) ;
#3798=CARTESIAN_POINT('Control Point',(25.1169430096,-1.5,-13.5255967195)) ;
#3799=CARTESIAN_POINT('Control Point',(25.1071898023,-1.5,-12.8401005989)) ;
#3800=CARTESIAN_POINT('Control Point',(25.2879010036,-1.5,-12.1787833934)) ;
#3801=CARTESIAN_POINT('Control Point',(25.4247595912,-1.5,-11.8631236767)) ;
#3802=CARTESIAN_POINT('Control Point',(25.7839479375,-1.5,-11.2791855073)) ;
#3803=CARTESIAN_POINT('Control Point',(26.2909706477,-1.5,-10.8177475882)) ;
#3804=CARTESIAN_POINT('Control Point',(26.5757015054,-1.5,-10.6246163546)) ;
#3805=CARTESIAN_POINT('Control Point',(27.0543868318,-1.5,-10.3912248063)) ;
#3806=CARTESIAN_POINT('Control Point',(27.5687621954,-1.5,-10.2680528794)) ;
#3807=CARTESIAN_POINT('Control Point',(27.7551271825,-1.5,-10.2386304253)) ;
#3808=CARTESIAN_POINT('Control Point',(27.9430263241,-1.5,-10.2239195827)) ;
#3809=CARTESIAN_POINT('Control Point',(28.1309252924,-1.5,-10.2239195827)) ;
#3810=CARTESIAN_POINT('Vertex',(28.1309252923,-1.5,-16.223919583)) ;
#3812=CARTESIAN_POINT('Vertex',(28.1309252923,-1.5,-10.223919583)) ;
#3816=CARTESIAN_POINT('Control Point',(28.1309252924,-1.5,-10.2239195827)) ;
#3817=CARTESIAN_POINT('Control Point',(28.4703303584,-1.5,-10.2239195827)) ;
#3818=CARTESIAN_POINT('Control Point',(28.8097348589,-1.5,-10.2719178322)) ;
#3819=CARTESIAN_POINT('Control Point',(29.1401157399,-1.5,-10.3679376264)) ;
#3820=CARTESIAN_POINT('Control Point',(29.7646363508,-1.5,-10.6507344933)) ;
#3821=CARTESIAN_POINT('Control Point',(30.2862478424,-1.5,-11.0956147485)) ;
#3822=CARTESIAN_POINT('Control Point',(30.5136963613,-1.5,-11.3537590747)) ;
#3823=CARTESIAN_POINT('Control Point',(30.8893524452,-1.5,-11.9272419174)) ;
#3824=CARTESIAN_POINT('Control Point',(31.0912546259,-1.5,-12.5824002966)) ;
#3825=CARTESIAN_POINT('Control Point',(31.1449075751,-1.5,-12.9222424401)) ;
#3826=CARTESIAN_POINT('Control Point',(31.1546607832,-1.5,-13.6077385642)) ;
#3827=CARTESIAN_POINT('Control Point',(30.9739495809,-1.5,-14.2690557729)) ;
#3828=CARTESIAN_POINT('Control Point',(30.837090994,-1.5,-14.5847154878)) ;
#3829=CARTESIAN_POINT('Control Point',(30.4779026466,-1.5,-15.1686536594)) ;
#3830=CARTESIAN_POINT('Control Point',(29.9708799342,-1.5,-15.6300915797)) ;
#3831=CARTESIAN_POINT('Control Point',(29.6861490828,-1.5,-15.8232228091)) ;
#3832=CARTESIAN_POINT('Control Point',(29.2074637505,-1.5,-16.0566143607)) ;
#3833=CARTESIAN_POINT('Control Point',(28.69308838,-1.5,-16.1797862882)) ;
#3834=CARTESIAN_POINT('Control Point',(28.5067234118,-1.5,-16.2092087393)) ;
#3835=CARTESIAN_POINT('Control Point',(28.3188242654,-1.5,-16.2239195827)) ;
#3836=CARTESIAN_POINT('Control Point',(28.1309252924,-1.5,-16.2239195827)) ;
#3842=CARTESIAN_POINT('Axis2P3D Location',(28.1309252915,-1.5,-13.2239195855)) ;
#3846=CARTESIAN_POINT('Vertex',(17.5479200485,-1.5,-16.2239195827)) ;
#3849=CARTESIAN_POINT('Axis2P3D Location',(-25.8690747065,-1.5,-13.2239195836)) ;
#3853=CARTESIAN_POINT('Vertex',(-15.3143948705,-1.5,-16.2239195827)) ;
#3856=CARTESIAN_POINT('Line Origine',(1.11676258896,-1.5,-16.2239195827)) ;
#3869=CARTESIAN_POINT('Axis2P3D Location',(28.1309252923,4.5,-13.223919583)) ;
#3874=CARTESIAN_POINT('Line Origine',(17.547920048,4.5,-16.223919583)) ;
#3886=CARTESIAN_POINT('Axis2P3D Location',(-14.4654781146,4.5,-55.123919583)) ;
#3891=CARTESIAN_POINT('Line Origine',(-19.1707413643,4.5,-58.8468885261)) ;
#3896=CARTESIAN_POINT('Line Origine',(-14.4654781146,4.5,-61.123919583)) ;
#3908=CARTESIAN_POINT('Axis2P3D Location',(-39.99714575,4.5,-32.5254991512)) ;
#3913=CARTESIAN_POINT('Line Origine',(-39.99714575,1.5,-32.5254991512)) ;
#3925=CARTESIAN_POINT('Axis2P3D Location',(-35.2918825002,4.5,-28.8025302082)) ;
#3930=CARTESIAN_POINT('Line Origine',(-41.2918825002,4.5,-28.8025302082)) ;
#3942=CARTESIAN_POINT('Axis2P3D Location',(-41.2918825002,4.5,-28.8025302082)) ;
#3947=CARTESIAN_POINT('Line Origine',(-41.2918825002,1.5,25.8715379932)) ;
#3959=CARTESIAN_POINT('Axis2P3D Location',(-35.2918825002,4.5,25.8715379936)) ;
#3964=CARTESIAN_POINT('Line Origine',(-40.3547798033,4.5,29.0913316048)) ;
#3976=CARTESIAN_POINT('Axis2P3D Location',(-40.3547798033,4.5,29.0913316048)) ;
#3981=CARTESIAN_POINT('Line Origine',(-20.6371711615,1.5,60.0958740286)) ;
#3993=CARTESIAN_POINT('Axis2P3D Location',(-15.5742738587,4.5,56.876080417)) ;
#3998=CARTESIAN_POINT('Line Origine',(-15.5742738587,4.5,62.876080417)) ;
#4010=CARTESIAN_POINT('Axis2P3D Location',(-15.5742738587,4.5,62.876080417)) ;
#4015=CARTESIAN_POINT('Line Origine',(17.6363010346,1.5,62.876080417)) ;
#4027=CARTESIAN_POINT('Axis2P3D Location',(17.6363010354,4.5,56.876080417)) ;
#4032=CARTESIAN_POINT('Line Origine',(22.8551441815,4.5,59.8364311084)) ;
#4044=CARTESIAN_POINT('Axis2P3D Location',(40.3497684384,4.5,28.9949162292)) ;
#4049=CARTESIAN_POINT('Line Origine',(40.3497684384,1.5,28.9949162292)) ;
#4061=CARTESIAN_POINT('Axis2P3D Location',(35.1309252923,4.5,26.0345655377)) ;
#4066=CARTESIAN_POINT('Line Origine',(41.1309252923,4.5,26.0345655377)) ;
#4078=CARTESIAN_POINT('Axis2P3D Location',(41.1309252923,4.5,-28.9733420613)) ;
#4083=CARTESIAN_POINT('Line Origine',(41.1309252923,1.5,-28.9733420613)) ;
#4095=CARTESIAN_POINT('Axis2P3D Location',(35.1309252923,4.5,-28.9733420613)) ;
#4100=CARTESIAN_POINT('Line Origine',(40.0206786741,4.5,-32.4504546371)) ;
#4112=CARTESIAN_POINT('Axis2P3D Location',(21.4249551553,4.5,-58.6010321588)) ;
#4117=CARTESIAN_POINT('Line Origine',(21.4249551553,1.5,-58.6010321588)) ;
#4129=CARTESIAN_POINT('Axis2P3D Location',(16.5352017735,4.5,-55.123919583)) ;
#4134=CARTESIAN_POINT('Line Origine',(16.5352017735,4.5,-61.123919583)) ;
#4146=CARTESIAN_POINT('Axis2P3D Location',(-14.4654781146,4.5,-61.123919583)) ;
#4158=CARTESIAN_POINT('Axis2P3D Location',(28.1309252923,4.5,-13.223919583)) ;
#4163=CARTESIAN_POINT('Line Origine',(28.1309252923,4.5,-10.223919583)) ;
#4168=CARTESIAN_POINT('Line Origine',(28.1309252923,4.5,-16.223919583)) ;
#4180=CARTESIAN_POINT('Axis2P3D Location',(28.1309252923,4.5,-13.223919583)) ;
#4192=CARTESIAN_POINT('Axis2P3D Location',(-9.36907470772,4.5,-55.0054854609)) ;
#4197=CARTESIAN_POINT('Line Origine',(-9.36907470772,4.5,-52.0054854609)) ;
#4202=CARTESIAN_POINT('Line Origine',(-9.36907470772,4.5,-58.0054854609)) ;
#4214=CARTESIAN_POINT('Axis2P3D Location',(-9.36907470772,4.5,-55.0054854609)) ;
#4226=CARTESIAN_POINT('Axis2P3D Location',(11.6309252923,4.5,-55.0054854609)) ;
#4231=CARTESIAN_POINT('Line Origine',(11.6309252923,4.5,-52.0054854609)) ;
#4236=CARTESIAN_POINT('Line Origine',(11.6309252923,4.5,-58.0054854609)) ;
#4248=CARTESIAN_POINT('Axis2P3D Location',(11.6309252923,4.5,-55.0054854609)) ;
#4260=CARTESIAN_POINT('Axis2P3D Location',(16.1309252923,4.5,27.676080417)) ;
#4265=CARTESIAN_POINT('Line Origine',(16.1309252923,4.5,3.67608041695)) ;
#4270=CARTESIAN_POINT('Line Origine',(-7.86907470772,4.5,27.676080417)) ;
#4282=CARTESIAN_POINT('Axis2P3D Location',(-16.650478604,4.5,27.676080417)) ;
#4287=CARTESIAN_POINT('Line Origine',(-16.650478604,4.5,36.4574843132)) ;
#4299=CARTESIAN_POINT('Axis2P3D Location',(-16.650478604,4.5,27.676080417)) ;
#4304=CARTESIAN_POINT('Line Origine',(-25.4318825002,4.5,27.676080417)) ;
#4316=CARTESIAN_POINT('Axis2P3D Location',(-25.4318825002,4.5,27.676080417)) ;
#4321=CARTESIAN_POINT('Line Origine',(-25.4318825002,1.5,-2.25988157646)) ;
#4333=CARTESIAN_POINT('Axis2P3D Location',(-25.8690747077,4.5,-13.223919583)) ;
#4338=CARTESIAN_POINT('Line Origine',(-15.3143948711,4.5,-10.223919583)) ;
#4350=CARTESIAN_POINT('Axis2P3D Location',(-15.3143948711,4.5,-10.223919583)) ;
#4355=CARTESIAN_POINT('Line Origine',(17.5479200479,1.5,-10.223919583)) ;
#4367=CARTESIAN_POINT('Axis2P3D Location',(28.1309252923,4.5,-13.223919583)) ;
#4372=CARTESIAN_POINT('Line Origine',(27.3571465471,4.5,-2.2511684944)) ;
#4384=CARTESIAN_POINT('Axis2P3D Location',(25.5509252923,4.5,1.31780401582)) ;
#4389=CARTESIAN_POINT('Line Origine',(25.5509252923,4.5,5.31780401582)) ;
#4401=CARTESIAN_POINT('Axis2P3D Location',(25.5509252923,4.5,1.31780401582)) ;
#4406=CARTESIAN_POINT('Line Origine',(24.4414340943,4.5,5.16085349269)) ;
#4418=CARTESIAN_POINT('Axis2P3D Location',(16.1309252923,4.5,27.676080417)) ;
#4430=CARTESIAN_POINT('Axis2P3D Location',(-25.8690747077,4.5,-13.223919583)) ;
#4435=CARTESIAN_POINT('Line Origine',(-25.8690747077,4.5,-10.223919583)) ;
#4440=CARTESIAN_POINT('Line Origine',(-25.8690747077,4.5,-16.223919583)) ;
#4452=CARTESIAN_POINT('Axis2P3D Location',(-25.8690747077,4.5,-13.223919583)) ;
#4464=CARTESIAN_POINT('Axis2P3D Location',(16.1309252923,4.5,27.676080417)) ;
#4469=CARTESIAN_POINT('Line Origine',(16.1309252923,4.5,44.676080417)) ;
#4474=CARTESIAN_POINT('Line Origine',(16.1309252923,4.5,10.676080417)) ;
#4486=CARTESIAN_POINT('Axis2P3D Location',(16.1309252923,4.5,27.676080417)) ;
#4498=CARTESIAN_POINT('Axis2P3D Location',(13.1309252923,4.5,54.876080417)) ;
#4503=CARTESIAN_POINT('Line Origine',(13.1309252923,4.5,57.876080417)) ;
#4508=CARTESIAN_POINT('Line Origine',(13.1309252923,4.5,51.876080417)) ;
#4520=CARTESIAN_POINT('Axis2P3D Location',(13.1309252923,4.5,54.876080417)) ;
#4532=CARTESIAN_POINT('Axis2P3D Location',(-10.8690747077,4.5,54.876080417)) ;
#4537=CARTESIAN_POINT('Line Origine',(-10.8690747077,4.5,57.876080417)) ;
#4542=CARTESIAN_POINT('Line Origine',(-10.8690747077,4.5,51.876080417)) ;
#4554=CARTESIAN_POINT('Axis2P3D Location',(-10.8690747077,4.5,54.876080417)) ;
#4566=CARTESIAN_POINT('Axis2P3D Location',(-15.3143948711,4.5,-16.223919583)) ;
#4571=CARTESIAN_POINT('Line Origine',(-15.3143948711,1.5,-16.223919583)) ;
#4583=CARTESIAN_POINT('Axis2P3D Location',(-25.8690747077,4.5,-13.223919583)) ;
#4605=CARTESIAN_POINT('NONE',(0.,0.,0.)) ;
#4606=CARTESIAN_POINT('NONE',(4.41140340835,-1.75950889765,-3.6338246158)) ;
#4622=CARTESIAN_POINT('Axis2P3D Location',(-5.48884902635,4.5,-2.14928501215E-005)) ;
#4627=CARTESIAN_POINT('Axis2P3D Location',(-5.48884902635,4.5,-2.14928501215E-005)) ;
#4631=CARTESIAN_POINT('Vertex',(-5.48884902635,4.5,-3.00002149285)) ;
#4633=CARTESIAN_POINT('Vertex',(-5.48884902635,4.5,2.99997850715)) ;
#4636=CARTESIAN_POINT('Line Origine',(-5.48884902635,4.5,2.99997850715)) ;
#4640=CARTESIAN_POINT('Vertex',(-5.48884902635,-1.5,2.99997850715)) ;
#4643=CARTESIAN_POINT('Axis2P3D Location',(-5.48884902635,-1.5,-2.14928501215E-005)) ;
#4647=CARTESIAN_POINT('Vertex',(-5.48884902635,-1.5,-3.00002149285)) ;
#4650=CARTESIAN_POINT('Line Origine',(-5.48884902635,4.5,-3.00002149285)) ;
#4662=CARTESIAN_POINT('Axis2P3D Location',(-5.48884902635,4.5,-2.14928501215E-005)) ;
#4667=CARTESIAN_POINT('Axis2P3D Location',(-5.4888493589,4.5,-2.27247567409E-005)) ;
#4671=CARTESIAN_POINT('Vertex',(-10.6979113363,4.5,-23.6122655587)) ;
#4673=CARTESIAN_POINT('Vertex',(-12.7840478283,4.5,-23.0532745046)) ;
#4677=CARTESIAN_POINT('Control Point',(-12.7840478283,4.5,-23.0532745046)) ;
#4678=CARTESIAN_POINT('Control Point',(-13.3021077429,4.5,-23.8084734788)) ;
#4679=CARTESIAN_POINT('Control Point',(-13.8629785492,4.5,-24.5494722476)) ;
#4680=CARTESIAN_POINT('Control Point',(-14.469391628,4.5,-25.2640862394)) ;
#4681=CARTESIAN_POINT('Control Point',(-15.1240407534,4.5,-25.938618105)) ;
#4682=CARTESIAN_POINT('Control Point',(-15.8292618629,4.5,-26.5579932218)) ;
#4683=CARTESIAN_POINT('Vertex',(-15.8292618629,4.5,-26.5579932218)) ;
#4686=CARTESIAN_POINT('Axis2P3D Location',(-5.48884845388,4.5,-2.00850276478E-005)) ;
#4690=CARTESIAN_POINT('Vertex',(-16.9563948933,4.5,-26.0911194345)) ;
#4694=CARTESIAN_POINT('Control Point',(-16.9563948933,4.5,-26.0911194345)) ;
#4695=CARTESIAN_POINT('Control Point',(-17.0318123792,4.5,-25.1511804912)) ;
#4696=CARTESIAN_POINT('Control Point',(-17.0319834031,4.5,-24.2104881215)) ;
#4697=CARTESIAN_POINT('Control Point',(-16.961772378,4.5,-23.2768720047)) ;
#4698=CARTESIAN_POINT('Control Point',(-16.8267408065,4.5,-22.3575874347)) ;
#4699=CARTESIAN_POINT('Control Point',(-16.6317153044,4.5,-21.4594933202)) ;
#4700=CARTESIAN_POINT('Vertex',(-16.6317153044,4.5,-21.4594933202)) ;
#4703=CARTESIAN_POINT('Axis2P3D Location',(-5.48884924693,4.5,-2.1856893008E-005)) ;
#4707=CARTESIAN_POINT('Vertex',(-18.5020908892,4.5,-20.3796175698)) ;
#4711=CARTESIAN_POINT('Control Point',(-18.5020908892,4.5,-20.3796175698)) ;
#4712=CARTESIAN_POINT('Control Point',(-19.1979582217,4.5,-20.974999994)) ;
#4713=CARTESIAN_POINT('Control Point',(-19.931502417,4.5,-21.5455857986)) ;
#4714=CARTESIAN_POINT('Control Point',(-20.7022081646,4.5,-22.0788986426)) ;
#4715=CARTESIAN_POINT('Control Point',(-21.5091323597,4.5,-22.5610107338)) ;
#4716=CARTESIAN_POINT('Control Point',(-22.3506297238,4.5,-22.9767565036)) ;
#4717=CARTESIAN_POINT('Vertex',(-22.3506297238,4.5,-22.9767565036)) ;
#4720=CARTESIAN_POINT('Axis2P3D Location',(-5.48884743093,4.5,-1.94584476617E-005)) ;
#4724=CARTESIAN_POINT('Vertex',(-23.3185207985,4.5,-22.234067559)) ;
#4728=CARTESIAN_POINT('Control Point',(-23.3185207985,4.5,-22.234067559)) ;
#4729=CARTESIAN_POINT('Control Point',(-23.1480943966,4.5,-21.306636779)) ;
#4730=CARTESIAN_POINT('Control Point',(-22.9047904928,4.5,-20.3979534624)) ;
#4731=CARTESIAN_POINT('Control Point',(-22.5953342157,4.5,-19.5143214871)) ;
#4732=CARTESIAN_POINT('Control Point',(-22.2269753797,4.5,-18.6613095236)) ;
#4733=CARTESIAN_POINT('Control Point',(-21.8061513502,4.5,-17.8442935401)) ;
#4734=CARTESIAN_POINT('Vertex',(-21.8061513502,4.5,-17.8442935401)) ;
#4737=CARTESIAN_POINT('Axis2P3D Location',(-5.48884890055,4.5,-2.13818356243E-005)) ;
#4741=CARTESIAN_POINT('Vertex',(-23.3333030205,4.5,-16.3171248397)) ;
#4745=CARTESIAN_POINT('Control Point',(-23.3333030205,4.5,-16.3171248397)) ;
#4746=CARTESIAN_POINT('Control Point',(-24.1595555545,4.5,-16.712116379)) ;
#4747=CARTESIAN_POINT('Control Point',(-25.0157833055,4.5,-17.0734047338)) ;
#4748=CARTESIAN_POINT('Control Point',(-25.8982594318,4.5,-17.3890720655)) ;
#4749=CARTESIAN_POINT('Control Point',(-26.8024681379,4.5,-17.6459092341)) ;
#4750=CARTESIAN_POINT('Control Point',(-27.7228950925,4.5,-17.829693265)) ;
#4751=CARTESIAN_POINT('Vertex',(-27.7228950925,4.5,-17.829693265)) ;
#4754=CARTESIAN_POINT('Axis2P3D Location',(-5.48884699195,4.5,-1.98974295614E-005)) ;
#4758=CARTESIAN_POINT('Vertex',(-28.4655840371,4.5,-16.8618021903)) ;
#4762=CARTESIAN_POINT('Control Point',(-28.4655840371,4.5,-16.8618021903)) ;
#4763=CARTESIAN_POINT('Control Point',(-28.0609280211,4.5,-16.0100824381)) ;
#4764=CARTESIAN_POINT('Control Point',(-27.5907299433,4.5,-15.1953334311)) ;
#4765=CARTESIAN_POINT('Control Point',(-27.0631173682,4.5,-14.4219036924)) ;
#4766=CARTESIAN_POINT('Control Point',(-26.4865343081,4.5,-13.6932956814)) ;
#4767=CARTESIAN_POINT('Control Point',(-25.868590207,4.5,-13.0130361093)) ;
#4768=CARTESIAN_POINT('Vertex',(-25.868590207,4.5,-13.0130361093)) ;
#4771=CARTESIAN_POINT('Axis2P3D Location',(-5.48884872534,4.5,-2.13143598323E-005)) ;
#4775=CARTESIAN_POINT('Vertex',(-26.9484451033,4.5,-11.1426484825)) ;
#4779=CARTESIAN_POINT('Control Point',(-26.9484451033,4.5,-11.1426484825)) ;
#4780=CARTESIAN_POINT('Control Point',(-27.8487751019,4.5,-11.3103311204)) ;
#4781=CARTESIAN_POINT('Control Point',(-28.7693359111,4.5,-11.4377008245)) ;
#4782=CARTESIAN_POINT('Control Point',(-29.7034430932,4.5,-11.5142104228)) ;
#4783=CARTESIAN_POINT('Control Point',(-30.6433159897,4.5,-11.5282696436)) ;
#4784=CARTESIAN_POINT('Control Point',(-31.579946968,4.5,-11.4675673598)) ;
#4785=CARTESIAN_POINT('Vertex',(-31.579946968,4.5,-11.4675673598)) ;
#4788=CARTESIAN_POINT('Axis2P3D Location',(-5.48884761853,4.5,-2.09203792615E-005)) ;
#4792=CARTESIAN_POINT('Vertex',(-32.0468207553,4.5,-10.3404343294)) ;
#4796=CARTESIAN_POINT('Control Point',(-32.0468207553,4.5,-10.3404343294)) ;
#4797=CARTESIAN_POINT('Control Point',(-31.4355117692,4.5,-9.62246891164)) ;
#4798=CARTESIAN_POINT('Control Point',(-30.7704627464,4.5,-8.95717802479)) ;
#4799=CARTESIAN_POINT('Control Point',(-30.0606497729,4.5,-8.34665843557)) ;
#4800=CARTESIAN_POINT('Control Point',(-29.3151356785,4.5,-7.792107821)) ;
#4801=CARTESIAN_POINT('Control Point',(-28.5421833836,4.5,-7.29496323669)) ;
#4802=CARTESIAN_POINT('Vertex',(-28.5421833836,4.5,-7.29496323669)) ;
#4805=CARTESIAN_POINT('Axis2P3D Location',(-5.48884870187,4.5,-2.1421181582E-005)) ;
#4809=CARTESIAN_POINT('Vertex',(-29.1011511751,4.5,-5.20882051044)) ;
#4813=CARTESIAN_POINT('Control Point',(-29.1011511751,4.5,-5.20882051044)) ;
#4814=CARTESIAN_POINT('Control Point',(-30.0142026283,4.5,-5.13776695087)) ;
#4815=CARTESIAN_POINT('Control Point',(-30.9363617887,4.5,-5.0225379688)) ;
#4816=CARTESIAN_POINT('Control Point',(-31.8584422021,4.5,-4.85467583337)) ;
#4817=CARTESIAN_POINT('Control Point',(-32.7699284953,4.5,-4.6249989931)) ;
#4818=CARTESIAN_POINT('Control Point',(-33.6589336351,4.5,-4.32394715564)) ;
#4819=CARTESIAN_POINT('Vertex',(-33.6589336351,4.5,-4.32394715564)) ;
#4822=CARTESIAN_POINT('Axis2P3D Location',(-5.48884828357,4.5,-2.14136385118E-005)) ;
#4826=CARTESIAN_POINT('Vertex',(-33.8181755889,4.5,-3.11438442373)) ;
#4830=CARTESIAN_POINT('Control Point',(-33.8181755889,4.5,-3.11438442373)) ;
#4831=CARTESIAN_POINT('Control Point',(-33.0418733256,4.5,-2.57910149102)) ;
#4832=CARTESIAN_POINT('Control Point',(-32.2272953445,4.5,-2.1086071934)) ;
#4833=CARTESIAN_POINT('Control Point',(-31.3836545724,4.5,-1.70260367438)) ;
#4834=CARTESIAN_POINT('Control Point',(-30.520014992,4.5,-1.35990215876)) ;
#4835=CARTESIAN_POINT('Control Point',(-29.644729919,4.5,-1.07975213953)) ;
#4836=CARTESIAN_POINT('Vertex',(-29.644729919,4.5,-1.07975213953)) ;
#4839=CARTESIAN_POINT('Axis2P3D Location',(-5.48884921701,4.5,-2.148112888E-005)) ;
#4843=CARTESIAN_POINT('Vertex',(-29.6447178789,4.5,1.07997850722)) ;
#4847=CARTESIAN_POINT('Control Point',(-29.6447178789,4.5,1.07997850722)) ;
#4848=CARTESIAN_POINT('Control Point',(-30.5082678472,4.5,1.38492608191)) ;
#4849=CARTESIAN_POINT('Control Point',(-31.3691817444,4.5,1.73490108651)) ;
#4850=CARTESIAN_POINT('Control Point',(-32.2163970969,4.5,2.13569542446)) ;
#4851=CARTESIAN_POINT('Control Point',(-33.0373805108,4.5,2.59345622976)) ;
#4852=CARTESIAN_POINT('Control Point',(-33.8181755889,4.5,3.11434143803)) ;
#4853=CARTESIAN_POINT('Vertex',(-33.8181755889,4.5,3.11434143803)) ;
#4856=CARTESIAN_POINT('Axis2P3D Location',(-5.48884828357,4.5,-2.15720617357E-005)) ;
#4860=CARTESIAN_POINT('Vertex',(-33.6589336351,4.5,4.32390416994)) ;
#4864=CARTESIAN_POINT('Control Point',(-33.6589336351,4.5,4.32390416994)) ;
#4865=CARTESIAN_POINT('Control Point',(-32.7705418179,4.5,4.64002596655)) ;
#4866=CARTESIAN_POINT('Control Point',(-31.8619470293,4.5,4.88366026345)) ;
#4867=CARTESIAN_POINT('Control Point',(-30.941971153,4.5,5.05747925326)) ;
#4868=CARTESIAN_POINT('Control Point',(-30.0190617044,4.5,5.16497712534)) ;
#4869=CARTESIAN_POINT('Control Point',(-29.1010930922,4.5,5.20904081709)) ;
#4870=CARTESIAN_POINT('Vertex',(-29.1010930922,4.5,5.20904081709)) ;
#4873=CARTESIAN_POINT('Axis2P3D Location',(-5.48885025826,4.5,-2.11602954781E-005)) ;
#4877=CARTESIAN_POINT('Vertex',(-28.5421020381,4.5,7.29517730905)) ;
#4881=CARTESIAN_POINT('Control Point',(-28.5421020381,4.5,7.29517730905)) ;
#4882=CARTESIAN_POINT('Control Point',(-29.2973010123,4.5,7.81323722365)) ;
#4883=CARTESIAN_POINT('Control Point',(-30.0382997811,4.5,8.37410803004)) ;
#4884=CARTESIAN_POINT('Control Point',(-30.7529137729,4.5,8.98052110878)) ;
#4885=CARTESIAN_POINT('Control Point',(-31.4274456385,4.5,9.63517023417)) ;
#4886=CARTESIAN_POINT('Control Point',(-32.0468207553,4.5,10.3403913437)) ;
#4887=CARTESIAN_POINT('Vertex',(-32.0468207553,4.5,10.3403913437)) ;
#4890=CARTESIAN_POINT('Axis2P3D Location',(-5.48884761853,4.5,-2.206532093E-005)) ;
#4894=CARTESIAN_POINT('Vertex',(-31.579946968,4.5,11.4675243741)) ;
#4898=CARTESIAN_POINT('Control Point',(-31.579946968,4.5,11.4675243741)) ;
#4899=CARTESIAN_POINT('Control Point',(-30.6400080247,4.5,11.54294186)) ;
#4900=CARTESIAN_POINT('Control Point',(-29.699315655,4.5,11.5431128839)) ;
#4901=CARTESIAN_POINT('Control Point',(-28.7656995382,4.5,11.4729018588)) ;
#4902=CARTESIAN_POINT('Control Point',(-27.8464149682,4.5,11.3378702873)) ;
#4903=CARTESIAN_POINT('Control Point',(-26.9483208537,4.5,11.1428447852)) ;
#4904=CARTESIAN_POINT('Vertex',(-26.9483208537,4.5,11.1428447852)) ;
#4907=CARTESIAN_POINT('Axis2P3D Location',(-5.48884939039,4.5,-2.12722688012E-005)) ;
#4911=CARTESIAN_POINT('Vertex',(-25.8684451033,4.5,13.01322037)) ;
#4915=CARTESIAN_POINT('Control Point',(-25.8684451033,4.5,13.01322037)) ;
#4916=CARTESIAN_POINT('Control Point',(-26.4638275275,4.5,13.7090877025)) ;
#4917=CARTESIAN_POINT('Control Point',(-27.0344133321,4.5,14.4426318978)) ;
#4918=CARTESIAN_POINT('Control Point',(-27.5677261761,4.5,15.2133376454)) ;
#4919=CARTESIAN_POINT('Control Point',(-28.0498382673,4.5,16.0202618405)) ;
#4920=CARTESIAN_POINT('Control Point',(-28.4655840371,4.5,16.8617592046)) ;
#4921=CARTESIAN_POINT('Vertex',(-28.4655840371,4.5,16.8617592046)) ;
#4924=CARTESIAN_POINT('Axis2P3D Location',(-5.48884699195,4.5,-2.30882707278E-005)) ;
#4928=CARTESIAN_POINT('Vertex',(-27.7228950925,4.5,17.8296502793)) ;
#4932=CARTESIAN_POINT('Control Point',(-27.7228950925,4.5,17.8296502793)) ;
#4933=CARTESIAN_POINT('Control Point',(-26.7954643125,4.5,17.6592238774)) ;
#4934=CARTESIAN_POINT('Control Point',(-25.8867809959,4.5,17.4159199736)) ;
#4935=CARTESIAN_POINT('Control Point',(-25.0031490205,4.5,17.1064636965)) ;
#4936=CARTESIAN_POINT('Control Point',(-24.1501370571,4.5,16.7381048605)) ;
#4937=CARTESIAN_POINT('Control Point',(-23.3331210736,4.5,16.317280831)) ;
#4938=CARTESIAN_POINT('Vertex',(-23.3331210736,4.5,16.317280831)) ;
#4941=CARTESIAN_POINT('Axis2P3D Location',(-5.48884891534,4.5,-2.16186536846E-005)) ;
#4945=CARTESIAN_POINT('Vertex',(-21.8059523732,4.5,17.8444325013)) ;
#4949=CARTESIAN_POINT('Control Point',(-21.8059523732,4.5,17.8444325013)) ;
#4950=CARTESIAN_POINT('Control Point',(-22.2009439125,4.5,18.6706850353)) ;
#4951=CARTESIAN_POINT('Control Point',(-22.5622322673,4.5,19.5269127863)) ;
#4952=CARTESIAN_POINT('Control Point',(-22.877899599,4.5,20.4093889126)) ;
#4953=CARTESIAN_POINT('Control Point',(-23.1347367676,4.5,21.3135976187)) ;
#4954=CARTESIAN_POINT('Control Point',(-23.3185207985,4.5,22.2340245733)) ;
#4955=CARTESIAN_POINT('Vertex',(-23.3185207985,4.5,22.2340245733)) ;
#4958=CARTESIAN_POINT('Axis2P3D Location',(-5.48884743093,4.5,-2.35272525209E-005)) ;
#4962=CARTESIAN_POINT('Vertex',(-22.3506297238,4.5,22.9767135179)) ;
#4966=CARTESIAN_POINT('Control Point',(-22.3506297238,4.5,22.9767135179)) ;
#4967=CARTESIAN_POINT('Control Point',(-21.4989099716,4.5,22.5720575019)) ;
#4968=CARTESIAN_POINT('Control Point',(-20.6841609646,4.5,22.1018594241)) ;
#4969=CARTESIAN_POINT('Control Point',(-19.9107312259,4.5,21.574246849)) ;
#4970=CARTESIAN_POINT('Control Point',(-19.1821232149,4.5,20.9976637889)) ;
#4971=CARTESIAN_POINT('Control Point',(-18.5018636428,4.5,20.3797196878)) ;
#4972=CARTESIAN_POINT('Vertex',(-18.5018636428,4.5,20.3797196878)) ;
#4975=CARTESIAN_POINT('Axis2P3D Location',(-5.48884884786,4.5,-2.17938591028E-005)) ;
#4979=CARTESIAN_POINT('Vertex',(-16.631476016,4.5,21.4595745841)) ;
#4983=CARTESIAN_POINT('Control Point',(-16.631476016,4.5,21.4595745841)) ;
#4984=CARTESIAN_POINT('Control Point',(-16.7991586539,4.5,22.3599045827)) ;
#4985=CARTESIAN_POINT('Control Point',(-16.926528358,4.5,23.2804653919)) ;
#4986=CARTESIAN_POINT('Control Point',(-17.0030379563,4.5,24.214572574)) ;
#4987=CARTESIAN_POINT('Control Point',(-17.0170971771,4.5,25.1544454705)) ;
#4988=CARTESIAN_POINT('Control Point',(-16.9563948933,4.5,26.0910764488)) ;
#4989=CARTESIAN_POINT('Vertex',(-16.9563948933,4.5,26.0910764488)) ;
#4992=CARTESIAN_POINT('Axis2P3D Location',(-5.48884845388,4.5,-2.29006727196E-005)) ;
#4996=CARTESIAN_POINT('Vertex',(-15.8292618629,4.5,26.5579502361)) ;
#5000=CARTESIAN_POINT('Control Point',(-15.8292618629,4.5,26.5579502361)) ;
#5001=CARTESIAN_POINT('Control Point',(-15.1112964451,4.5,25.94664125)) ;
#5002=CARTESIAN_POINT('Control Point',(-14.4460055583,4.5,25.2815922272)) ;
#5003=CARTESIAN_POINT('Control Point',(-13.8354859691,4.5,24.5717792537)) ;
#5004=CARTESIAN_POINT('Control Point',(-13.2809353545,4.5,23.8262651593)) ;
#5005=CARTESIAN_POINT('Control Point',(-12.7837907702,4.5,23.0533128644)) ;
#5006=CARTESIAN_POINT('Vertex',(-12.7837907702,4.5,23.0533128644)) ;
#5009=CARTESIAN_POINT('Axis2P3D Location',(-5.48884895468,4.5,-2.1817326656E-005)) ;
#5013=CARTESIAN_POINT('Vertex',(-10.6976480439,4.5,23.6122806559)) ;
#5017=CARTESIAN_POINT('Control Point',(-10.6976480439,4.5,23.6122806559)) ;
#5018=CARTESIAN_POINT('Control Point',(-10.6265944844,4.5,24.5253321091)) ;
#5019=CARTESIAN_POINT('Control Point',(-10.5113655023,4.5,25.4474912695)) ;
#5020=CARTESIAN_POINT('Control Point',(-10.3435033669,4.5,26.3695716829)) ;
#5021=CARTESIAN_POINT('Control Point',(-10.1138265266,4.5,27.2810579761)) ;
#5022=CARTESIAN_POINT('Control Point',(-9.81277468914,4.5,28.1700631159)) ;
#5023=CARTESIAN_POINT('Vertex',(-9.81277468914,4.5,28.1700631159)) ;
#5026=CARTESIAN_POINT('Axis2P3D Location',(-5.48884894714,4.5,-2.2235632057E-005)) ;
#5030=CARTESIAN_POINT('Vertex',(-8.60321195723,4.5,28.3293050697)) ;
#5034=CARTESIAN_POINT('Control Point',(-8.60321195723,4.5,28.3293050697)) ;
#5035=CARTESIAN_POINT('Control Point',(-8.06792902452,4.5,27.5530028064)) ;
#5036=CARTESIAN_POINT('Control Point',(-7.5974347269,4.5,26.7384248253)) ;
#5037=CARTESIAN_POINT('Control Point',(-7.19143120788,4.5,25.8947840532)) ;
#5038=CARTESIAN_POINT('Control Point',(-6.84872969226,4.5,25.0311444728)) ;
#5039=CARTESIAN_POINT('Control Point',(-6.56857967304,4.5,24.1558593998)) ;
#5040=CARTESIAN_POINT('Vertex',(-6.56857967304,4.5,24.1558593998)) ;
#5043=CARTESIAN_POINT('Axis2P3D Location',(-5.48884901463,4.5,-2.13021855565E-005)) ;
#5047=CARTESIAN_POINT('Vertex',(-5.48884902635,4.5,24.1799785072)) ;
#5050=CARTESIAN_POINT('Axis2P3D Location',(-5.48884901463,4.5,-2.13021855565E-005)) ;
#5054=CARTESIAN_POINT('Vertex',(-4.40884902628,4.5,24.1558473597)) ;
#5058=CARTESIAN_POINT('Control Point',(-4.40884902628,4.5,24.1558473597)) ;
#5059=CARTESIAN_POINT('Control Point',(-4.10390145159,4.5,25.019397328)) ;
#5060=CARTESIAN_POINT('Control Point',(-3.753926447,4.5,25.8803112252)) ;
#5061=CARTESIAN_POINT('Control Point',(-3.35313210903,4.5,26.7275265777)) ;
#5062=CARTESIAN_POINT('Control Point',(-2.89537130374,4.5,27.5485099916)) ;
#5063=CARTESIAN_POINT('Control Point',(-2.37448609547,4.5,28.3293050697)) ;
#5064=CARTESIAN_POINT('Vertex',(-2.37448609547,4.5,28.3293050697)) ;
#5067=CARTESIAN_POINT('Axis2P3D Location',(-5.48884910556,4.5,-2.22356320925E-005)) ;
#5071=CARTESIAN_POINT('Vertex',(-1.16492336356,4.5,28.1700631159)) ;
#5075=CARTESIAN_POINT('Control Point',(-1.16492336356,4.5,28.1700631159)) ;
#5076=CARTESIAN_POINT('Control Point',(-0.848801566954,4.5,27.2816712987)) ;
#5077=CARTESIAN_POINT('Control Point',(-0.605167270054,4.5,26.3730765101)) ;
#5078=CARTESIAN_POINT('Control Point',(-0.431348280238,4.5,25.4531006338)) ;
#5079=CARTESIAN_POINT('Control Point',(-0.323850408158,4.5,24.5301911852)) ;
#5080=CARTESIAN_POINT('Control Point',(-0.279786716415,4.5,23.612222573)) ;
#5081=CARTESIAN_POINT('Vertex',(-0.279786716415,4.5,23.612222573)) ;
#5084=CARTESIAN_POINT('Axis2P3D Location',(-5.4888486938,4.5,-2.02609435021E-005)) ;
#5088=CARTESIAN_POINT('Vertex',(1.80634977555,4.5,23.0532315189)) ;
#5092=CARTESIAN_POINT('Control Point',(1.80634977555,4.5,23.0532315189)) ;
#5093=CARTESIAN_POINT('Control Point',(2.32440969015,4.5,23.8084304931)) ;
#5094=CARTESIAN_POINT('Control Point',(2.88528049653,4.5,24.5494292619)) ;
#5095=CARTESIAN_POINT('Control Point',(3.49169357528,4.5,25.2640432537)) ;
#5096=CARTESIAN_POINT('Control Point',(4.14634270067,4.5,25.9385751193)) ;
#5097=CARTESIAN_POINT('Control Point',(4.85156381017,4.5,26.5579502361)) ;
#5098=CARTESIAN_POINT('Vertex',(4.85156381017,4.5,26.5579502361)) ;
#5101=CARTESIAN_POINT('Axis2P3D Location',(-5.48884959882,4.5,-2.29006725952E-005)) ;
#5105=CARTESIAN_POINT('Vertex',(5.97869684062,4.5,26.0910764488)) ;
#5109=CARTESIAN_POINT('Control Point',(5.97869684062,4.5,26.0910764488)) ;
#5110=CARTESIAN_POINT('Control Point',(6.05411432655,4.5,25.1511375055)) ;
#5111=CARTESIAN_POINT('Control Point',(6.05428535039,4.5,24.2104451358)) ;
#5112=CARTESIAN_POINT('Control Point',(5.98407432527,4.5,23.276829019)) ;
#5113=CARTESIAN_POINT('Control Point',(5.84904275385,4.5,22.357544449)) ;
#5114=CARTESIAN_POINT('Control Point',(5.65401725172,4.5,21.4594503345)) ;
#5115=CARTESIAN_POINT('Vertex',(5.65401725172,4.5,21.4594503345)) ;
#5118=CARTESIAN_POINT('Axis2P3D Location',(-5.48884880577,4.5,-2.1128807235E-005)) ;
#5122=CARTESIAN_POINT('Vertex',(7.52439283653,4.5,20.3795745841)) ;
#5126=CARTESIAN_POINT('Control Point',(7.52439283653,4.5,20.3795745841)) ;
#5127=CARTESIAN_POINT('Control Point',(8.22026016899,4.5,20.9749570083)) ;
#5128=CARTESIAN_POINT('Control Point',(8.9538043643,4.5,21.5455428129)) ;
#5129=CARTESIAN_POINT('Control Point',(9.72451011187,4.5,22.0788556569)) ;
#5130=CARTESIAN_POINT('Control Point',(10.531434307,4.5,22.5609677481)) ;
#5131=CARTESIAN_POINT('Control Point',(11.3729316711,4.5,22.9767135179)) ;
#5132=CARTESIAN_POINT('Vertex',(11.3729316711,4.5,22.9767135179)) ;
#5135=CARTESIAN_POINT('Axis2P3D Location',(-5.48885062177,4.5,-2.35272525813E-005)) ;
#5139=CARTESIAN_POINT('Vertex',(12.3408227458,4.5,22.2340245733)) ;
#5143=CARTESIAN_POINT('Control Point',(12.3408227458,4.5,22.2340245733)) ;
#5144=CARTESIAN_POINT('Control Point',(12.1703963439,4.5,21.3065937933)) ;
#5145=CARTESIAN_POINT('Control Point',(11.9270924401,4.5,20.3979104767)) ;
#5146=CARTESIAN_POINT('Control Point',(11.617636163,4.5,19.5142785014)) ;
#5147=CARTESIAN_POINT('Control Point',(11.249277327,4.5,18.6612665379)) ;
#5148=CARTESIAN_POINT('Control Point',(10.8284532975,4.5,17.8442505544)) ;
#5149=CARTESIAN_POINT('Vertex',(10.8284532975,4.5,17.8442505544)) ;
#5152=CARTESIAN_POINT('Axis2P3D Location',(-5.48884915215,4.5,-2.16038646187E-005)) ;
#5156=CARTESIAN_POINT('Vertex',(12.3556049678,4.5,16.317081854)) ;
#5160=CARTESIAN_POINT('Control Point',(12.3556049678,4.5,16.317081854)) ;
#5161=CARTESIAN_POINT('Control Point',(13.1818575018,4.5,16.7120733933)) ;
#5162=CARTESIAN_POINT('Control Point',(14.0380852528,4.5,17.0733617481)) ;
#5163=CARTESIAN_POINT('Control Point',(14.9205613791,4.5,17.3890290798)) ;
#5164=CARTESIAN_POINT('Control Point',(15.8247700852,4.5,17.6458662484)) ;
#5165=CARTESIAN_POINT('Control Point',(16.7451970398,4.5,17.8296502793)) ;
#5166=CARTESIAN_POINT('Vertex',(16.7451970398,4.5,17.8296502793)) ;
#5169=CARTESIAN_POINT('Axis2P3D Location',(-5.48885106075,4.5,-2.30882706816E-005)) ;
#5173=CARTESIAN_POINT('Vertex',(17.4878859844,4.5,16.8617592046)) ;
#5177=CARTESIAN_POINT('Control Point',(17.4878859844,4.5,16.8617592046)) ;
#5178=CARTESIAN_POINT('Control Point',(17.0832299684,4.5,16.0100394524)) ;
#5179=CARTESIAN_POINT('Control Point',(16.6130318906,4.5,15.1952904454)) ;
#5180=CARTESIAN_POINT('Control Point',(16.0854193155,4.5,14.4218607067)) ;
#5181=CARTESIAN_POINT('Control Point',(15.5088362554,4.5,13.6932526957)) ;
#5182=CARTESIAN_POINT('Control Point',(14.8908921543,4.5,13.0129931236)) ;
#5183=CARTESIAN_POINT('Vertex',(14.8908921543,4.5,13.0129931236)) ;
#5186=CARTESIAN_POINT('Axis2P3D Location',(-5.48884932736,4.5,-2.16713404107E-005)) ;
#5190=CARTESIAN_POINT('Vertex',(15.9707470506,4.5,11.1426054968)) ;
#5194=CARTESIAN_POINT('Control Point',(15.9707470506,4.5,11.1426054968)) ;
#5195=CARTESIAN_POINT('Control Point',(16.8710770492,4.5,11.3102881347)) ;
#5196=CARTESIAN_POINT('Control Point',(17.7916378584,4.5,11.4376578388)) ;
#5197=CARTESIAN_POINT('Control Point',(18.7257450405,4.5,11.5141674371)) ;
#5198=CARTESIAN_POINT('Control Point',(19.665617937,4.5,11.5282266579)) ;
#5199=CARTESIAN_POINT('Control Point',(20.6022489153,4.5,11.4675243741)) ;
#5200=CARTESIAN_POINT('Vertex',(20.6022489153,4.5,11.4675243741)) ;
#5203=CARTESIAN_POINT('Axis2P3D Location',(-5.48885043417,4.5,-2.20653209815E-005)) ;
#5207=CARTESIAN_POINT('Vertex',(21.0691227026,4.5,10.3403913437)) ;
#5211=CARTESIAN_POINT('Control Point',(21.0691227026,4.5,10.3403913437)) ;
#5212=CARTESIAN_POINT('Control Point',(20.6211546335,4.5,9.81426529417)) ;
#5213=CARTESIAN_POINT('Control Point',(20.1443382166,4.5,9.31643702628)) ;
#5214=CARTESIAN_POINT('Control Point',(19.6422214239,4.5,8.84774778581)) ;
#5215=CARTESIAN_POINT('Control Point',(19.118385388,4.5,8.40875784822)) ;
#5216=CARTESIAN_POINT('Control Point',(18.5761726897,4.5,7.99997850529)) ;
#5217=CARTESIAN_POINT('Vertex',(18.5761726897,4.5,7.99997850529)) ;
#5220=CARTESIAN_POINT('Line Origine',(37.5436618317,4.5,7.99997850529)) ;
#5224=CARTESIAN_POINT('Vertex',(56.5111509736,4.5,7.99997850529)) ;
#5227=CARTESIAN_POINT('Axis2P3D Location',(56.5111509736,4.5,-2.14947127649E-005)) ;
#5231=CARTESIAN_POINT('Vertex',(56.5111509736,4.5,-8.00002149471)) ;
#5234=CARTESIAN_POINT('Line Origine',(37.5240101263,4.5,-8.00002149471)) ;
#5238=CARTESIAN_POINT('Vertex',(18.5368692789,4.5,-8.00002149471)) ;
#5242=CARTESIAN_POINT('Control Point',(18.5368692789,4.5,-8.00002149471)) ;
#5243=CARTESIAN_POINT('Control Point',(19.0804562925,4.5,-8.41682101671)) ;
#5244=CARTESIAN_POINT('Control Point',(19.6108502139,4.5,-8.85813270376)) ;
#5245=CARTESIAN_POINT('Control Point',(20.1229952265,4.5,-9.32516097488)) ;
#5246=CARTESIAN_POINT('Control Point',(20.6111360259,4.5,-9.8189702545)) ;
#5247=CARTESIAN_POINT('Control Point',(21.0691227026,4.5,-10.3404343294)) ;
#5248=CARTESIAN_POINT('Vertex',(21.0691227026,4.5,-10.3404343294)) ;
#5251=CARTESIAN_POINT('Axis2P3D Location',(-5.48885043417,4.5,-2.0920379313E-005)) ;
#5255=CARTESIAN_POINT('Vertex',(20.6022489153,4.5,-11.4675673598)) ;
#5259=CARTESIAN_POINT('Control Point',(20.6022489153,4.5,-11.4675673598)) ;
#5260=CARTESIAN_POINT('Control Point',(19.662309972,4.5,-11.5429848457)) ;
#5261=CARTESIAN_POINT('Control Point',(18.7216176023,4.5,-11.5431558696)) ;
#5262=CARTESIAN_POINT('Control Point',(17.7880014855,4.5,-11.4729448445)) ;
#5263=CARTESIAN_POINT('Control Point',(16.8687169155,4.5,-11.337913273)) ;
#5264=CARTESIAN_POINT('Control Point',(15.970622801,4.5,-11.1428877709)) ;
#5265=CARTESIAN_POINT('Vertex',(15.970622801,4.5,-11.1428877709)) ;
#5268=CARTESIAN_POINT('Axis2P3D Location',(-5.48884866231,4.5,-2.17134314418E-005)) ;
#5272=CARTESIAN_POINT('Vertex',(14.8907470506,4.5,-13.0132633557)) ;
#5276=CARTESIAN_POINT('Control Point',(14.8907470506,4.5,-13.0132633557)) ;
#5277=CARTESIAN_POINT('Control Point',(15.4861294748,4.5,-13.7091306882)) ;
#5278=CARTESIAN_POINT('Control Point',(16.0567152794,4.5,-14.4426748835)) ;
#5279=CARTESIAN_POINT('Control Point',(16.5900281234,4.5,-15.2133806311)) ;
#5280=CARTESIAN_POINT('Control Point',(17.0721402146,4.5,-16.0203048262)) ;
#5281=CARTESIAN_POINT('Control Point',(17.4878859844,4.5,-16.8618021903)) ;
#5282=CARTESIAN_POINT('Vertex',(17.4878859844,4.5,-16.8618021903)) ;
#5285=CARTESIAN_POINT('Axis2P3D Location',(-5.48885106075,4.5,-1.98974295152E-005)) ;
#5289=CARTESIAN_POINT('Vertex',(16.7451970398,4.5,-17.829693265)) ;
#5293=CARTESIAN_POINT('Control Point',(16.7451970398,4.5,-17.829693265)) ;
#5294=CARTESIAN_POINT('Control Point',(15.8177662598,4.5,-17.6592668631)) ;
#5295=CARTESIAN_POINT('Control Point',(14.9090829432,4.5,-17.4159629593)) ;
#5296=CARTESIAN_POINT('Control Point',(14.0254509678,4.5,-17.1065066822)) ;
#5297=CARTESIAN_POINT('Control Point',(13.1724390044,4.5,-16.7381478462)) ;
#5298=CARTESIAN_POINT('Control Point',(12.3554230209,4.5,-16.3173238167)) ;
#5299=CARTESIAN_POINT('Vertex',(12.3554230209,4.5,-16.3173238167)) ;
#5302=CARTESIAN_POINT('Axis2P3D Location',(-5.48884913736,4.5,-2.13670465584E-005)) ;
#5306=CARTESIAN_POINT('Vertex',(10.8282543205,4.5,-17.844475487)) ;
#5310=CARTESIAN_POINT('Control Point',(10.8282543205,4.5,-17.844475487)) ;
#5311=CARTESIAN_POINT('Control Point',(11.2232458598,4.5,-18.670728021)) ;
#5312=CARTESIAN_POINT('Control Point',(11.5845342146,4.5,-19.526955772)) ;
#5313=CARTESIAN_POINT('Control Point',(11.9002015463,4.5,-20.4094318983)) ;
#5314=CARTESIAN_POINT('Control Point',(12.1570387149,4.5,-21.3136406044)) ;
#5315=CARTESIAN_POINT('Control Point',(12.3408227458,4.5,-22.234067559)) ;
#5316=CARTESIAN_POINT('Vertex',(12.3408227458,4.5,-22.234067559)) ;
#5319=CARTESIAN_POINT('Axis2P3D Location',(-5.48885062177,4.5,-1.94584477221E-005)) ;
#5323=CARTESIAN_POINT('Vertex',(11.3729316711,4.5,-22.9767565036)) ;
#5327=CARTESIAN_POINT('Control Point',(11.3729316711,4.5,-22.9767565036)) ;
#5328=CARTESIAN_POINT('Control Point',(10.5212119189,4.5,-22.5721004876)) ;
#5329=CARTESIAN_POINT('Control Point',(9.70646291194,4.5,-22.1019024098)) ;
#5330=CARTESIAN_POINT('Control Point',(8.93303317318,4.5,-21.5742898347)) ;
#5331=CARTESIAN_POINT('Control Point',(8.20442516219,4.5,-20.9977067746)) ;
#5332=CARTESIAN_POINT('Control Point',(7.52416559009,4.5,-20.3797626735)) ;
#5333=CARTESIAN_POINT('Vertex',(7.52416559009,4.5,-20.3797626735)) ;
#5336=CARTESIAN_POINT('Axis2P3D Location',(-5.48884920484,4.5,-2.11918411402E-005)) ;
#5340=CARTESIAN_POINT('Vertex',(5.65377796328,4.5,-21.4596175698)) ;
#5344=CARTESIAN_POINT('Control Point',(5.65377796328,4.5,-21.4596175698)) ;
#5345=CARTESIAN_POINT('Control Point',(5.82146060118,4.5,-22.3599475684)) ;
#5346=CARTESIAN_POINT('Control Point',(5.94883030526,4.5,-23.2805083776)) ;
#5347=CARTESIAN_POINT('Control Point',(6.02533990364,4.5,-24.2146155597)) ;
#5348=CARTESIAN_POINT('Control Point',(6.03939912443,4.5,-25.1544884562)) ;
#5349=CARTESIAN_POINT('Control Point',(5.97869684062,4.5,-26.0911194345)) ;
#5350=CARTESIAN_POINT('Vertex',(5.97869684062,4.5,-26.0911194345)) ;
#5353=CARTESIAN_POINT('Axis2P3D Location',(-5.48884959882,4.5,-2.00850275234E-005)) ;
#5357=CARTESIAN_POINT('Vertex',(4.85156381017,4.5,-26.5579932218)) ;
#5361=CARTESIAN_POINT('Control Point',(4.85156381017,4.5,-26.5579932218)) ;
#5362=CARTESIAN_POINT('Control Point',(4.13359839244,4.5,-25.9466842357)) ;
#5363=CARTESIAN_POINT('Control Point',(3.46830750559,4.5,-25.2816352129)) ;
#5364=CARTESIAN_POINT('Control Point',(2.85778791637,4.5,-24.5718222394)) ;
#5365=CARTESIAN_POINT('Control Point',(2.3032373018,4.5,-23.826308145)) ;
#5366=CARTESIAN_POINT('Control Point',(1.80609271749,4.5,-23.0533558501)) ;
#5367=CARTESIAN_POINT('Vertex',(1.80609271749,4.5,-23.0533558501)) ;
#5370=CARTESIAN_POINT('Axis2P3D Location',(-5.48884909802,4.5,-2.1168373587E-005)) ;
#5374=CARTESIAN_POINT('Vertex',(-0.280050008757,4.5,-23.6123236416)) ;
#5378=CARTESIAN_POINT('Control Point',(-0.280050008757,4.5,-23.6123236416)) ;
#5379=CARTESIAN_POINT('Control Point',(-0.351103568333,4.5,-24.5253750947)) ;
#5380=CARTESIAN_POINT('Control Point',(-0.466332550399,4.5,-25.4475342552)) ;
#5381=CARTESIAN_POINT('Control Point',(-0.634194685831,4.5,-26.3696146686)) ;
#5382=CARTESIAN_POINT('Control Point',(-0.8638715261,4.5,-27.2811009618)) ;
#5383=CARTESIAN_POINT('Control Point',(-1.16492336356,4.5,-28.1701061016)) ;
#5384=CARTESIAN_POINT('Vertex',(-1.16492336356,4.5,-28.1701061016)) ;
#5387=CARTESIAN_POINT('Axis2P3D Location',(-5.48884910556,4.5,-2.0750068186E-005)) ;
#5391=CARTESIAN_POINT('Vertex',(-2.37448609547,4.5,-28.3293480554)) ;
#5395=CARTESIAN_POINT('Control Point',(-2.37448609547,4.5,-28.3293480554)) ;
#5396=CARTESIAN_POINT('Control Point',(-2.90976902818,4.5,-27.5530457921)) ;
#5397=CARTESIAN_POINT('Control Point',(-3.3802633258,4.5,-26.738467811)) ;
#5398=CARTESIAN_POINT('Control Point',(-3.78626684482,4.5,-25.8948270389)) ;
#5399=CARTESIAN_POINT('Control Point',(-4.12896836044,4.5,-25.0311874585)) ;
#5400=CARTESIAN_POINT('Control Point',(-4.40911837967,4.5,-24.1559023855)) ;
#5401=CARTESIAN_POINT('Vertex',(-4.40911837967,4.5,-24.1559023855)) ;
#5404=CARTESIAN_POINT('Axis2P3D Location',(-5.48884894791,4.5,-2.53430339626E-005)) ;
#5408=CARTESIAN_POINT('Vertex',(-5.48884902635,4.5,-24.1800214928)) ;
#5411=CARTESIAN_POINT('Axis2P3D Location',(-5.48884900845,4.5,-1.99811570539E-005)) ;
#5415=CARTESIAN_POINT('Vertex',(-6.56884902635,4.5,-24.1558903449)) ;
#5419=CARTESIAN_POINT('Control Point',(-6.56884902642,4.5,-24.1558903454)) ;
#5420=CARTESIAN_POINT('Control Point',(-6.87379660111,4.5,-25.0194403137)) ;
#5421=CARTESIAN_POINT('Control Point',(-7.2237716057,4.5,-25.8803542109)) ;
#5422=CARTESIAN_POINT('Control Point',(-7.62456594367,4.5,-26.7275695634)) ;
#5423=CARTESIAN_POINT('Control Point',(-8.08232674896,4.5,-27.5485529773)) ;
#5424=CARTESIAN_POINT('Control Point',(-8.60321195723,4.5,-28.3293480554)) ;
#5425=CARTESIAN_POINT('Vertex',(-8.60321195723,4.5,-28.3293480554)) ;
#5428=CARTESIAN_POINT('Axis2P3D Location',(-5.48884894714,4.5,-2.07500681505E-005)) ;
#5432=CARTESIAN_POINT('Vertex',(-9.81277468914,4.5,-28.1701061016)) ;
#5436=CARTESIAN_POINT('Control Point',(-9.81277468914,4.5,-28.1701061016)) ;
#5437=CARTESIAN_POINT('Control Point',(-10.1288964857,4.5,-27.2817142844)) ;
#5438=CARTESIAN_POINT('Control Point',(-10.3725307826,4.5,-26.3731194958)) ;
#5439=CARTESIAN_POINT('Control Point',(-10.5463497725,4.5,-25.4531436195)) ;
#5440=CARTESIAN_POINT('Control Point',(-10.6538476445,4.5,-24.5302341709)) ;
#5441=CARTESIAN_POINT('Control Point',(-10.6979113363,4.5,-23.6122655587)) ;
#5537=CARTESIAN_POINT('Axis2P3D Location',(56.5111509736,4.5,-2.1494712766E-005)) ;
#5541=CARTESIAN_POINT('Vertex',(56.5111509736,4.5,-3.00002149437)) ;
#5543=CARTESIAN_POINT('Vertex',(56.5111509736,4.5,2.99997850437)) ;
#5546=CARTESIAN_POINT('Axis2P3D Location',(56.5111509736,4.5,-2.14947127673E-005)) ;
#5555=CARTESIAN_POINT('Axis2P3D Location',(-5.48884902635,4.5,-2.14928501222E-005)) ;
#5565=CARTESIAN_POINT('Axis2P3D Location',(-5.48884902635,4.5,-2.14928501215E-005)) ;
#5570=CARTESIAN_POINT('Axis2P3D Location',(-5.48884902635,-1.5,-2.14928501215E-005)) ;
#5582=CARTESIAN_POINT('Axis2P3D Location',(-5.48884902635,-1.5,-2.14928501215E-005)) ;
#5587=CARTESIAN_POINT('Axis2P3D Location',(-5.4888493589,-1.5,-2.27247567409E-005)) ;
#5591=CARTESIAN_POINT('Vertex',(-10.6979113363,-1.5,-23.6122655587)) ;
#5593=CARTESIAN_POINT('Vertex',(-12.7840478283,-1.5,-23.0532745046)) ;
#5597=CARTESIAN_POINT('Control Point',(-9.81277468914,-1.5,-28.1701061016)) ;
#5598=CARTESIAN_POINT('Control Point',(-10.1288964857,-1.5,-27.2817142844)) ;
#5599=CARTESIAN_POINT('Control Point',(-10.3725307826,-1.5,-26.3731194958)) ;
#5600=CARTESIAN_POINT('Control Point',(-10.5463497725,-1.5,-25.4531436195)) ;
#5601=CARTESIAN_POINT('Control Point',(-10.6538476445,-1.5,-24.5302341709)) ;
#5602=CARTESIAN_POINT('Control Point',(-10.6979113363,-1.5,-23.6122655587)) ;
#5603=CARTESIAN_POINT('Vertex',(-9.81277468914,-1.5,-28.1701061016)) ;
#5606=CARTESIAN_POINT('Axis2P3D Location',(-5.48884894714,-1.5,-2.07500681505E-005)) ;
#5610=CARTESIAN_POINT('Vertex',(-8.60321195723,-1.5,-28.3293480554)) ;
#5614=CARTESIAN_POINT('Control Point',(-6.56884902642,-1.5,-24.1558903454)) ;
#5615=CARTESIAN_POINT('Control Point',(-6.87379660111,-1.5,-25.0194403137)) ;
#5616=CARTESIAN_POINT('Control Point',(-7.2237716057,-1.5,-25.8803542109)) ;
#5617=CARTESIAN_POINT('Control Point',(-7.62456594367,-1.5,-26.7275695634)) ;
#5618=CARTESIAN_POINT('Control Point',(-8.08232674896,-1.5,-27.5485529773)) ;
#5619=CARTESIAN_POINT('Control Point',(-8.60321195723,-1.5,-28.3293480554)) ;
#5620=CARTESIAN_POINT('Vertex',(-6.56884902635,-1.5,-24.1558903449)) ;
#5623=CARTESIAN_POINT('Axis2P3D Location',(-5.48884900845,-1.5,-1.99811570539E-005)) ;
#5627=CARTESIAN_POINT('Vertex',(-5.48884902635,-1.5,-24.1800214928)) ;
#5630=CARTESIAN_POINT('Axis2P3D Location',(-5.48884894791,-1.5,-2.53430339626E-005)) ;
#5634=CARTESIAN_POINT('Vertex',(-4.40911837967,-1.5,-24.1559023855)) ;
#5638=CARTESIAN_POINT('Control Point',(-2.37448609547,-1.5,-28.3293480554)) ;
#5639=CARTESIAN_POINT('Control Point',(-2.90976902818,-1.5,-27.5530457921)) ;
#5640=CARTESIAN_POINT('Control Point',(-3.3802633258,-1.5,-26.738467811)) ;
#5641=CARTESIAN_POINT('Control Point',(-3.78626684482,-1.5,-25.8948270389)) ;
#5642=CARTESIAN_POINT('Control Point',(-4.12896836044,-1.5,-25.0311874585)) ;
#5643=CARTESIAN_POINT('Control Point',(-4.40911837967,-1.5,-24.1559023855)) ;
#5644=CARTESIAN_POINT('Vertex',(-2.37448609547,-1.5,-28.3293480554)) ;
#5647=CARTESIAN_POINT('Axis2P3D Location',(-5.48884910556,-1.5,-2.0750068186E-005)) ;
#5651=CARTESIAN_POINT('Vertex',(-1.16492336356,-1.5,-28.1701061016)) ;
#5655=CARTESIAN_POINT('Control Point',(-0.280050008757,-1.5,-23.6123236416)) ;
#5656=CARTESIAN_POINT('Control Point',(-0.351103568333,-1.5,-24.5253750947)) ;
#5657=CARTESIAN_POINT('Control Point',(-0.466332550399,-1.5,-25.4475342552)) ;
#5658=CARTESIAN_POINT('Control Point',(-0.634194685831,-1.5,-26.3696146686)) ;
#5659=CARTESIAN_POINT('Control Point',(-0.8638715261,-1.5,-27.2811009618)) ;
#5660=CARTESIAN_POINT('Control Point',(-1.16492336356,-1.5,-28.1701061016)) ;
#5661=CARTESIAN_POINT('Vertex',(-0.280050008757,-1.5,-23.6123236416)) ;
#5664=CARTESIAN_POINT('Axis2P3D Location',(-5.48884909802,-1.5,-2.1168373587E-005)) ;
#5668=CARTESIAN_POINT('Vertex',(1.80609271749,-1.5,-23.0533558501)) ;
#5672=CARTESIAN_POINT('Control Point',(4.85156381017,-1.5,-26.5579932218)) ;
#5673=CARTESIAN_POINT('Control Point',(4.13359839244,-1.5,-25.9466842357)) ;
#5674=CARTESIAN_POINT('Control Point',(3.46830750559,-1.5,-25.2816352129)) ;
#5675=CARTESIAN_POINT('Control Point',(2.85778791637,-1.5,-24.5718222394)) ;
#5676=CARTESIAN_POINT('Control Point',(2.3032373018,-1.5,-23.826308145)) ;
#5677=CARTESIAN_POINT('Control Point',(1.80609271749,-1.5,-23.0533558501)) ;
#5678=CARTESIAN_POINT('Vertex',(4.85156381017,-1.5,-26.5579932218)) ;
#5681=CARTESIAN_POINT('Axis2P3D Location',(-5.48884959882,-1.5,-2.00850275234E-005)) ;
#5685=CARTESIAN_POINT('Vertex',(5.97869684062,-1.5,-26.0911194345)) ;
#5689=CARTESIAN_POINT('Control Point',(5.65377796328,-1.5,-21.4596175698)) ;
#5690=CARTESIAN_POINT('Control Point',(5.82146060118,-1.5,-22.3599475684)) ;
#5691=CARTESIAN_POINT('Control Point',(5.94883030526,-1.5,-23.2805083776)) ;
#5692=CARTESIAN_POINT('Control Point',(6.02533990364,-1.5,-24.2146155597)) ;
#5693=CARTESIAN_POINT('Control Point',(6.03939912443,-1.5,-25.1544884562)) ;
#5694=CARTESIAN_POINT('Control Point',(5.97869684062,-1.5,-26.0911194345)) ;
#5695=CARTESIAN_POINT('Vertex',(5.65377796328,-1.5,-21.4596175698)) ;
#5698=CARTESIAN_POINT('Axis2P3D Location',(-5.48884920484,-1.5,-2.11918411402E-005)) ;
#5702=CARTESIAN_POINT('Vertex',(7.52416559009,-1.5,-20.3797626735)) ;
#5706=CARTESIAN_POINT('Control Point',(11.3729316711,-1.5,-22.9767565036)) ;
#5707=CARTESIAN_POINT('Control Point',(10.5212119189,-1.5,-22.5721004876)) ;
#5708=CARTESIAN_POINT('Control Point',(9.70646291194,-1.5,-22.1019024098)) ;
#5709=CARTESIAN_POINT('Control Point',(8.93303317318,-1.5,-21.5742898347)) ;
#5710=CARTESIAN_POINT('Control Point',(8.20442516219,-1.5,-20.9977067746)) ;
#5711=CARTESIAN_POINT('Control Point',(7.52416559009,-1.5,-20.3797626735)) ;
#5712=CARTESIAN_POINT('Vertex',(11.3729316711,-1.5,-22.9767565036)) ;
#5715=CARTESIAN_POINT('Axis2P3D Location',(-5.48885062177,-1.5,-1.94584477221E-005)) ;
#5719=CARTESIAN_POINT('Vertex',(12.3408227458,-1.5,-22.234067559)) ;
#5723=CARTESIAN_POINT('Control Point',(10.8282543205,-1.5,-17.844475487)) ;
#5724=CARTESIAN_POINT('Control Point',(11.2232458598,-1.5,-18.670728021)) ;
#5725=CARTESIAN_POINT('Control Point',(11.5845342146,-1.5,-19.526955772)) ;
#5726=CARTESIAN_POINT('Control Point',(11.9002015463,-1.5,-20.4094318983)) ;
#5727=CARTESIAN_POINT('Control Point',(12.1570387149,-1.5,-21.3136406044)) ;
#5728=CARTESIAN_POINT('Control Point',(12.3408227458,-1.5,-22.234067559)) ;
#5729=CARTESIAN_POINT('Vertex',(10.8282543205,-1.5,-17.844475487)) ;
#5732=CARTESIAN_POINT('Axis2P3D Location',(-5.48884913736,-1.5,-2.13670465584E-005)) ;
#5736=CARTESIAN_POINT('Vertex',(12.3554230209,-1.5,-16.3173238167)) ;
#5740=CARTESIAN_POINT('Control Point',(16.7451970398,-1.5,-17.829693265)) ;
#5741=CARTESIAN_POINT('Control Point',(15.8177662598,-1.5,-17.6592668631)) ;
#5742=CARTESIAN_POINT('Control Point',(14.9090829432,-1.5,-17.4159629593)) ;
#5743=CARTESIAN_POINT('Control Point',(14.0254509678,-1.5,-17.1065066822)) ;
#5744=CARTESIAN_POINT('Control Point',(13.1724390044,-1.5,-16.7381478462)) ;
#5745=CARTESIAN_POINT('Control Point',(12.3554230209,-1.5,-16.3173238167)) ;
#5746=CARTESIAN_POINT('Vertex',(16.7451970398,-1.5,-17.829693265)) ;
#5749=CARTESIAN_POINT('Axis2P3D Location',(-5.48885106075,-1.5,-1.98974295152E-005)) ;
#5753=CARTESIAN_POINT('Vertex',(17.4878859844,-1.5,-16.8618021903)) ;
#5757=CARTESIAN_POINT('Control Point',(14.8907470506,-1.5,-13.0132633557)) ;
#5758=CARTESIAN_POINT('Control Point',(15.4861294748,-1.5,-13.7091306882)) ;
#5759=CARTESIAN_POINT('Control Point',(16.0567152794,-1.5,-14.4426748835)) ;
#5760=CARTESIAN_POINT('Control Point',(16.5900281234,-1.5,-15.2133806311)) ;
#5761=CARTESIAN_POINT('Control Point',(17.0721402146,-1.5,-16.0203048262)) ;
#5762=CARTESIAN_POINT('Control Point',(17.4878859844,-1.5,-16.8618021903)) ;
#5763=CARTESIAN_POINT('Vertex',(14.8907470506,-1.5,-13.0132633557)) ;
#5766=CARTESIAN_POINT('Axis2P3D Location',(-5.48884866231,-1.5,-2.17134314418E-005)) ;
#5770=CARTESIAN_POINT('Vertex',(15.970622801,-1.5,-11.1428877709)) ;
#5774=CARTESIAN_POINT('Control Point',(20.6022489153,-1.5,-11.4675673598)) ;
#5775=CARTESIAN_POINT('Control Point',(19.662309972,-1.5,-11.5429848457)) ;
#5776=CARTESIAN_POINT('Control Point',(18.7216176023,-1.5,-11.5431558696)) ;
#5777=CARTESIAN_POINT('Control Point',(17.7880014855,-1.5,-11.4729448445)) ;
#5778=CARTESIAN_POINT('Control Point',(16.8687169155,-1.5,-11.337913273)) ;
#5779=CARTESIAN_POINT('Control Point',(15.970622801,-1.5,-11.1428877709)) ;
#5780=CARTESIAN_POINT('Vertex',(20.6022489153,-1.5,-11.4675673598)) ;
#5783=CARTESIAN_POINT('Axis2P3D Location',(-5.48885043417,-1.5,-2.0920379313E-005)) ;
#5787=CARTESIAN_POINT('Vertex',(21.0691227026,-1.5,-10.3404343294)) ;
#5791=CARTESIAN_POINT('Control Point',(18.5368692789,-1.5,-8.00002149471)) ;
#5792=CARTESIAN_POINT('Control Point',(19.0804562925,-1.5,-8.41682101671)) ;
#5793=CARTESIAN_POINT('Control Point',(19.6108502139,-1.5,-8.85813270376)) ;
#5794=CARTESIAN_POINT('Control Point',(20.1229952265,-1.5,-9.32516097488)) ;
#5795=CARTESIAN_POINT('Control Point',(20.6111360259,-1.5,-9.8189702545)) ;
#5796=CARTESIAN_POINT('Control Point',(21.0691227026,-1.5,-10.3404343294)) ;
#5797=CARTESIAN_POINT('Vertex',(18.5368692789,-1.5,-8.00002149471)) ;
#5800=CARTESIAN_POINT('Line Origine',(37.5240101263,-1.5,-8.00002149471)) ;
#5804=CARTESIAN_POINT('Vertex',(56.5111509736,-1.5,-8.00002149471)) ;
#5807=CARTESIAN_POINT('Axis2P3D Location',(56.5111509736,-1.5,-2.14947127649E-005)) ;
#5811=CARTESIAN_POINT('Vertex',(56.5111509736,-1.5,7.99997850529)) ;
#5814=CARTESIAN_POINT('Line Origine',(37.5436618317,-1.5,7.99997850529)) ;
#5818=CARTESIAN_POINT('Vertex',(18.5761726897,-1.5,7.99997850529)) ;
#5822=CARTESIAN_POINT('Control Point',(21.0691227026,-1.5,10.3403913437)) ;
#5823=CARTESIAN_POINT('Control Point',(20.6211546335,-1.5,9.81426529417)) ;
#5824=CARTESIAN_POINT('Control Point',(20.1443382166,-1.5,9.31643702628)) ;
#5825=CARTESIAN_POINT('Control Point',(19.6422214239,-1.5,8.84774778581)) ;
#5826=CARTESIAN_POINT('Control Point',(19.118385388,-1.5,8.40875784822)) ;
#5827=CARTESIAN_POINT('Control Point',(18.5761726897,-1.5,7.99997850529)) ;
#5828=CARTESIAN_POINT('Vertex',(21.0691227026,-1.5,10.3403913437)) ;
#5831=CARTESIAN_POINT('Axis2P3D Location',(-5.48885043417,-1.5,-2.20653209815E-005)) ;
#5835=CARTESIAN_POINT('Vertex',(20.6022489153,-1.5,11.4675243741)) ;
#5839=CARTESIAN_POINT('Control Point',(15.9707470506,-1.5,11.1426054968)) ;
#5840=CARTESIAN_POINT('Control Point',(16.8710770492,-1.5,11.3102881347)) ;
#5841=CARTESIAN_POINT('Control Point',(17.7916378584,-1.5,11.4376578388)) ;
#5842=CARTESIAN_POINT('Control Point',(18.7257450405,-1.5,11.5141674371)) ;
#5843=CARTESIAN_POINT('Control Point',(19.665617937,-1.5,11.5282266579)) ;
#5844=CARTESIAN_POINT('Control Point',(20.6022489153,-1.5,11.4675243741)) ;
#5845=CARTESIAN_POINT('Vertex',(15.9707470506,-1.5,11.1426054968)) ;
#5848=CARTESIAN_POINT('Axis2P3D Location',(-5.48884932736,-1.5,-2.16713404107E-005)) ;
#5852=CARTESIAN_POINT('Vertex',(14.8908921543,-1.5,13.0129931236)) ;
#5856=CARTESIAN_POINT('Control Point',(17.4878859844,-1.5,16.8617592046)) ;
#5857=CARTESIAN_POINT('Control Point',(17.0832299684,-1.5,16.0100394524)) ;
#5858=CARTESIAN_POINT('Control Point',(16.6130318906,-1.5,15.1952904454)) ;
#5859=CARTESIAN_POINT('Control Point',(16.0854193155,-1.5,14.4218607067)) ;
#5860=CARTESIAN_POINT('Control Point',(15.5088362554,-1.5,13.6932526957)) ;
#5861=CARTESIAN_POINT('Control Point',(14.8908921543,-1.5,13.0129931236)) ;
#5862=CARTESIAN_POINT('Vertex',(17.4878859844,-1.5,16.8617592046)) ;
#5865=CARTESIAN_POINT('Axis2P3D Location',(-5.48885106075,-1.5,-2.30882706816E-005)) ;
#5869=CARTESIAN_POINT('Vertex',(16.7451970398,-1.5,17.8296502793)) ;
#5873=CARTESIAN_POINT('Control Point',(12.3556049678,-1.5,16.317081854)) ;
#5874=CARTESIAN_POINT('Control Point',(13.1818575018,-1.5,16.7120733933)) ;
#5875=CARTESIAN_POINT('Control Point',(14.0380852528,-1.5,17.0733617481)) ;
#5876=CARTESIAN_POINT('Control Point',(14.9205613791,-1.5,17.3890290798)) ;
#5877=CARTESIAN_POINT('Control Point',(15.8247700852,-1.5,17.6458662484)) ;
#5878=CARTESIAN_POINT('Control Point',(16.7451970398,-1.5,17.8296502793)) ;
#5879=CARTESIAN_POINT('Vertex',(12.3556049678,-1.5,16.317081854)) ;
#5882=CARTESIAN_POINT('Axis2P3D Location',(-5.48884915215,-1.5,-2.16038646187E-005)) ;
#5886=CARTESIAN_POINT('Vertex',(10.8284532975,-1.5,17.8442505544)) ;
#5890=CARTESIAN_POINT('Control Point',(12.3408227458,-1.5,22.2340245733)) ;
#5891=CARTESIAN_POINT('Control Point',(12.1703963439,-1.5,21.3065937933)) ;
#5892=CARTESIAN_POINT('Control Point',(11.9270924401,-1.5,20.3979104767)) ;
#5893=CARTESIAN_POINT('Control Point',(11.617636163,-1.5,19.5142785014)) ;
#5894=CARTESIAN_POINT('Control Point',(11.249277327,-1.5,18.6612665379)) ;
#5895=CARTESIAN_POINT('Control Point',(10.8284532975,-1.5,17.8442505544)) ;
#5896=CARTESIAN_POINT('Vertex',(12.3408227458,-1.5,22.2340245733)) ;
#5899=CARTESIAN_POINT('Axis2P3D Location',(-5.48885062177,-1.5,-2.35272525813E-005)) ;
#5903=CARTESIAN_POINT('Vertex',(11.3729316711,-1.5,22.9767135179)) ;
#5907=CARTESIAN_POINT('Control Point',(7.52439283653,-1.5,20.3795745841)) ;
#5908=CARTESIAN_POINT('Control Point',(8.22026016899,-1.5,20.9749570083)) ;
#5909=CARTESIAN_POINT('Control Point',(8.9538043643,-1.5,21.5455428129)) ;
#5910=CARTESIAN_POINT('Control Point',(9.72451011187,-1.5,22.0788556569)) ;
#5911=CARTESIAN_POINT('Control Point',(10.531434307,-1.5,22.5609677481)) ;
#5912=CARTESIAN_POINT('Control Point',(11.3729316711,-1.5,22.9767135179)) ;
#5913=CARTESIAN_POINT('Vertex',(7.52439283653,-1.5,20.3795745841)) ;
#5916=CARTESIAN_POINT('Axis2P3D Location',(-5.48884880577,-1.5,-2.1128807235E-005)) ;
#5920=CARTESIAN_POINT('Vertex',(5.65401725172,-1.5,21.4594503345)) ;
#5924=CARTESIAN_POINT('Control Point',(5.97869684062,-1.5,26.0910764488)) ;
#5925=CARTESIAN_POINT('Control Point',(6.05411432655,-1.5,25.1511375055)) ;
#5926=CARTESIAN_POINT('Control Point',(6.05428535039,-1.5,24.2104451358)) ;
#5927=CARTESIAN_POINT('Control Point',(5.98407432527,-1.5,23.276829019)) ;
#5928=CARTESIAN_POINT('Control Point',(5.84904275385,-1.5,22.357544449)) ;
#5929=CARTESIAN_POINT('Control Point',(5.65401725172,-1.5,21.4594503345)) ;
#5930=CARTESIAN_POINT('Vertex',(5.97869684062,-1.5,26.0910764488)) ;
#5933=CARTESIAN_POINT('Axis2P3D Location',(-5.48884959882,-1.5,-2.29006725952E-005)) ;
#5937=CARTESIAN_POINT('Vertex',(4.85156381017,-1.5,26.5579502361)) ;
#5941=CARTESIAN_POINT('Control Point',(1.80634977555,-1.5,23.0532315189)) ;
#5942=CARTESIAN_POINT('Control Point',(2.32440969015,-1.5,23.8084304931)) ;
#5943=CARTESIAN_POINT('Control Point',(2.88528049653,-1.5,24.5494292619)) ;
#5944=CARTESIAN_POINT('Control Point',(3.49169357528,-1.5,25.2640432537)) ;
#5945=CARTESIAN_POINT('Control Point',(4.14634270067,-1.5,25.9385751193)) ;
#5946=CARTESIAN_POINT('Control Point',(4.85156381017,-1.5,26.5579502361)) ;
#5947=CARTESIAN_POINT('Vertex',(1.80634977555,-1.5,23.0532315189)) ;
#5950=CARTESIAN_POINT('Axis2P3D Location',(-5.4888486938,-1.5,-2.02609435021E-005)) ;
#5954=CARTESIAN_POINT('Vertex',(-0.279786716415,-1.5,23.612222573)) ;
#5958=CARTESIAN_POINT('Control Point',(-1.16492336356,-1.5,28.1700631159)) ;
#5959=CARTESIAN_POINT('Control Point',(-0.848801566954,-1.5,27.2816712987)) ;
#5960=CARTESIAN_POINT('Control Point',(-0.605167270054,-1.5,26.3730765101)) ;
#5961=CARTESIAN_POINT('Control Point',(-0.431348280238,-1.5,25.4531006338)) ;
#5962=CARTESIAN_POINT('Control Point',(-0.323850408158,-1.5,24.5301911852)) ;
#5963=CARTESIAN_POINT('Control Point',(-0.279786716415,-1.5,23.612222573)) ;
#5964=CARTESIAN_POINT('Vertex',(-1.16492336356,-1.5,28.1700631159)) ;
#5967=CARTESIAN_POINT('Axis2P3D Location',(-5.48884910556,-1.5,-2.22356320925E-005)) ;
#5971=CARTESIAN_POINT('Vertex',(-2.37448609547,-1.5,28.3293050697)) ;
#5975=CARTESIAN_POINT('Control Point',(-4.40884902628,-1.5,24.1558473597)) ;
#5976=CARTESIAN_POINT('Control Point',(-4.10390145159,-1.5,25.019397328)) ;
#5977=CARTESIAN_POINT('Control Point',(-3.753926447,-1.5,25.8803112252)) ;
#5978=CARTESIAN_POINT('Control Point',(-3.35313210903,-1.5,26.7275265777)) ;
#5979=CARTESIAN_POINT('Control Point',(-2.89537130374,-1.5,27.5485099916)) ;
#5980=CARTESIAN_POINT('Control Point',(-2.37448609547,-1.5,28.3293050697)) ;
#5981=CARTESIAN_POINT('Vertex',(-4.40884902628,-1.5,24.1558473597)) ;
#5984=CARTESIAN_POINT('Axis2P3D Location',(-5.48884901463,-1.5,-2.13021855565E-005)) ;
#5988=CARTESIAN_POINT('Vertex',(-5.48884902635,-1.5,24.1799785072)) ;
#5991=CARTESIAN_POINT('Axis2P3D Location',(-5.48884901463,-1.5,-2.13021855565E-005)) ;
#5995=CARTESIAN_POINT('Vertex',(-6.56857967304,-1.5,24.1558593998)) ;
#5999=CARTESIAN_POINT('Control Point',(-8.60321195723,-1.5,28.3293050697)) ;
#6000=CARTESIAN_POINT('Control Point',(-8.06792902452,-1.5,27.5530028064)) ;
#6001=CARTESIAN_POINT('Control Point',(-7.5974347269,-1.5,26.7384248253)) ;
#6002=CARTESIAN_POINT('Control Point',(-7.19143120788,-1.5,25.8947840532)) ;
#6003=CARTESIAN_POINT('Control Point',(-6.84872969226,-1.5,25.0311444728)) ;
#6004=CARTESIAN_POINT('Control Point',(-6.56857967304,-1.5,24.1558593998)) ;
#6005=CARTESIAN_POINT('Vertex',(-8.60321195723,-1.5,28.3293050697)) ;
#6008=CARTESIAN_POINT('Axis2P3D Location',(-5.48884894714,-1.5,-2.2235632057E-005)) ;
#6012=CARTESIAN_POINT('Vertex',(-9.81277468914,-1.5,28.1700631159)) ;
#6016=CARTESIAN_POINT('Control Point',(-10.6976480439,-1.5,23.6122806559)) ;
#6017=CARTESIAN_POINT('Control Point',(-10.6265944844,-1.5,24.5253321091)) ;
#6018=CARTESIAN_POINT('Control Point',(-10.5113655023,-1.5,25.4474912695)) ;
#6019=CARTESIAN_POINT('Control Point',(-10.3435033669,-1.5,26.3695716829)) ;
#6020=CARTESIAN_POINT('Control Point',(-10.1138265266,-1.5,27.2810579761)) ;
#6021=CARTESIAN_POINT('Control Point',(-9.81277468914,-1.5,28.1700631159)) ;
#6022=CARTESIAN_POINT('Vertex',(-10.6976480439,-1.5,23.6122806559)) ;
#6025=CARTESIAN_POINT('Axis2P3D Location',(-5.48884895468,-1.5,-2.1817326656E-005)) ;
#6029=CARTESIAN_POINT('Vertex',(-12.7837907702,-1.5,23.0533128644)) ;
#6033=CARTESIAN_POINT('Control Point',(-15.8292618629,-1.5,26.5579502361)) ;
#6034=CARTESIAN_POINT('Control Point',(-15.1112964451,-1.5,25.94664125)) ;
#6035=CARTESIAN_POINT('Control Point',(-14.4460055583,-1.5,25.2815922272)) ;
#6036=CARTESIAN_POINT('Control Point',(-13.8354859691,-1.5,24.5717792537)) ;
#6037=CARTESIAN_POINT('Control Point',(-13.2809353545,-1.5,23.8262651593)) ;
#6038=CARTESIAN_POINT('Control Point',(-12.7837907702,-1.5,23.0533128644)) ;
#6039=CARTESIAN_POINT('Vertex',(-15.8292618629,-1.5,26.5579502361)) ;
#6042=CARTESIAN_POINT('Axis2P3D Location',(-5.48884845388,-1.5,-2.29006727196E-005)) ;
#6046=CARTESIAN_POINT('Vertex',(-16.9563948933,-1.5,26.0910764488)) ;
#6050=CARTESIAN_POINT('Control Point',(-16.631476016,-1.5,21.4595745841)) ;
#6051=CARTESIAN_POINT('Control Point',(-16.7991586539,-1.5,22.3599045827)) ;
#6052=CARTESIAN_POINT('Control Point',(-16.926528358,-1.5,23.2804653919)) ;
#6053=CARTESIAN_POINT('Control Point',(-17.0030379563,-1.5,24.214572574)) ;
#6054=CARTESIAN_POINT('Control Point',(-17.0170971771,-1.5,25.1544454705)) ;
#6055=CARTESIAN_POINT('Control Point',(-16.9563948933,-1.5,26.0910764488)) ;
#6056=CARTESIAN_POINT('Vertex',(-16.631476016,-1.5,21.4595745841)) ;
#6059=CARTESIAN_POINT('Axis2P3D Location',(-5.48884884786,-1.5,-2.17938591028E-005)) ;
#6063=CARTESIAN_POINT('Vertex',(-18.5018636428,-1.5,20.3797196878)) ;
#6067=CARTESIAN_POINT('Control Point',(-22.3506297238,-1.5,22.9767135179)) ;
#6068=CARTESIAN_POINT('Control Point',(-21.4989099716,-1.5,22.5720575019)) ;
#6069=CARTESIAN_POINT('Control Point',(-20.6841609646,-1.5,22.1018594241)) ;
#6070=CARTESIAN_POINT('Control Point',(-19.9107312259,-1.5,21.574246849)) ;
#6071=CARTESIAN_POINT('Control Point',(-19.1821232149,-1.5,20.9976637889)) ;
#6072=CARTESIAN_POINT('Control Point',(-18.5018636428,-1.5,20.3797196878)) ;
#6073=CARTESIAN_POINT('Vertex',(-22.3506297238,-1.5,22.9767135179)) ;
#6076=CARTESIAN_POINT('Axis2P3D Location',(-5.48884743093,-1.5,-2.35272525209E-005)) ;
#6080=CARTESIAN_POINT('Vertex',(-23.3185207985,-1.5,22.2340245733)) ;
#6084=CARTESIAN_POINT('Control Point',(-21.8059523732,-1.5,17.8444325013)) ;
#6085=CARTESIAN_POINT('Control Point',(-22.2009439125,-1.5,18.6706850353)) ;
#6086=CARTESIAN_POINT('Control Point',(-22.5622322673,-1.5,19.5269127863)) ;
#6087=CARTESIAN_POINT('Control Point',(-22.877899599,-1.5,20.4093889126)) ;
#6088=CARTESIAN_POINT('Control Point',(-23.1347367676,-1.5,21.3135976187)) ;
#6089=CARTESIAN_POINT('Control Point',(-23.3185207985,-1.5,22.2340245733)) ;
#6090=CARTESIAN_POINT('Vertex',(-21.8059523732,-1.5,17.8444325013)) ;
#6093=CARTESIAN_POINT('Axis2P3D Location',(-5.48884891534,-1.5,-2.16186536846E-005)) ;
#6097=CARTESIAN_POINT('Vertex',(-23.3331210736,-1.5,16.317280831)) ;
#6101=CARTESIAN_POINT('Control Point',(-27.7228950925,-1.5,17.8296502793)) ;
#6102=CARTESIAN_POINT('Control Point',(-26.7954643125,-1.5,17.6592238774)) ;
#6103=CARTESIAN_POINT('Control Point',(-25.8867809959,-1.5,17.4159199736)) ;
#6104=CARTESIAN_POINT('Control Point',(-25.0031490205,-1.5,17.1064636965)) ;
#6105=CARTESIAN_POINT('Control Point',(-24.1501370571,-1.5,16.7381048605)) ;
#6106=CARTESIAN_POINT('Control Point',(-23.3331210736,-1.5,16.317280831)) ;
#6107=CARTESIAN_POINT('Vertex',(-27.7228950925,-1.5,17.8296502793)) ;
#6110=CARTESIAN_POINT('Axis2P3D Location',(-5.48884699195,-1.5,-2.30882707278E-005)) ;
#6114=CARTESIAN_POINT('Vertex',(-28.4655840371,-1.5,16.8617592046)) ;
#6118=CARTESIAN_POINT('Control Point',(-25.8684451033,-1.5,13.01322037)) ;
#6119=CARTESIAN_POINT('Control Point',(-26.4638275275,-1.5,13.7090877025)) ;
#6120=CARTESIAN_POINT('Control Point',(-27.0344133321,-1.5,14.4426318978)) ;
#6121=CARTESIAN_POINT('Control Point',(-27.5677261761,-1.5,15.2133376454)) ;
#6122=CARTESIAN_POINT('Control Point',(-28.0498382673,-1.5,16.0202618405)) ;
#6123=CARTESIAN_POINT('Control Point',(-28.4655840371,-1.5,16.8617592046)) ;
#6124=CARTESIAN_POINT('Vertex',(-25.8684451033,-1.5,13.01322037)) ;
#6127=CARTESIAN_POINT('Axis2P3D Location',(-5.48884939039,-1.5,-2.12722688012E-005)) ;
#6131=CARTESIAN_POINT('Vertex',(-26.9483208537,-1.5,11.1428447852)) ;
#6135=CARTESIAN_POINT('Control Point',(-31.579946968,-1.5,11.4675243741)) ;
#6136=CARTESIAN_POINT('Control Point',(-30.6400080247,-1.5,11.54294186)) ;
#6137=CARTESIAN_POINT('Control Point',(-29.699315655,-1.5,11.5431128839)) ;
#6138=CARTESIAN_POINT('Control Point',(-28.7656995382,-1.5,11.4729018588)) ;
#6139=CARTESIAN_POINT('Control Point',(-27.8464149682,-1.5,11.3378702873)) ;
#6140=CARTESIAN_POINT('Control Point',(-26.9483208537,-1.5,11.1428447852)) ;
#6141=CARTESIAN_POINT('Vertex',(-31.579946968,-1.5,11.4675243741)) ;
#6144=CARTESIAN_POINT('Axis2P3D Location',(-5.48884761853,-1.5,-2.206532093E-005)) ;
#6148=CARTESIAN_POINT('Vertex',(-32.0468207553,-1.5,10.3403913437)) ;
#6152=CARTESIAN_POINT('Control Point',(-28.5421020381,-1.5,7.29517730905)) ;
#6153=CARTESIAN_POINT('Control Point',(-29.2973010123,-1.5,7.81323722365)) ;
#6154=CARTESIAN_POINT('Control Point',(-30.0382997811,-1.5,8.37410803004)) ;
#6155=CARTESIAN_POINT('Control Point',(-30.7529137729,-1.5,8.98052110878)) ;
#6156=CARTESIAN_POINT('Control Point',(-31.4274456385,-1.5,9.63517023417)) ;
#6157=CARTESIAN_POINT('Control Point',(-32.0468207553,-1.5,10.3403913437)) ;
#6158=CARTESIAN_POINT('Vertex',(-28.5421020381,-1.5,7.29517730905)) ;
#6161=CARTESIAN_POINT('Axis2P3D Location',(-5.48885025826,-1.5,-2.11602954781E-005)) ;
#6165=CARTESIAN_POINT('Vertex',(-29.1010930922,-1.5,5.20904081709)) ;
#6169=CARTESIAN_POINT('Control Point',(-33.6589336351,-1.5,4.32390416994)) ;
#6170=CARTESIAN_POINT('Control Point',(-32.7705418179,-1.5,4.64002596655)) ;
#6171=CARTESIAN_POINT('Control Point',(-31.8619470293,-1.5,4.88366026345)) ;
#6172=CARTESIAN_POINT('Control Point',(-30.941971153,-1.5,5.05747925326)) ;
#6173=CARTESIAN_POINT('Control Point',(-30.0190617044,-1.5,5.16497712534)) ;
#6174=CARTESIAN_POINT('Control Point',(-29.1010930922,-1.5,5.20904081709)) ;
#6175=CARTESIAN_POINT('Vertex',(-33.6589336351,-1.5,4.32390416994)) ;
#6178=CARTESIAN_POINT('Axis2P3D Location',(-5.48884828357,-1.5,-2.15720617357E-005)) ;
#6182=CARTESIAN_POINT('Vertex',(-33.8181755889,-1.5,3.11434143803)) ;
#6186=CARTESIAN_POINT('Control Point',(-29.6447178789,-1.5,1.07997850722)) ;
#6187=CARTESIAN_POINT('Control Point',(-30.5082678472,-1.5,1.38492608191)) ;
#6188=CARTESIAN_POINT('Control Point',(-31.3691817444,-1.5,1.73490108651)) ;
#6189=CARTESIAN_POINT('Control Point',(-32.2163970969,-1.5,2.13569542446)) ;
#6190=CARTESIAN_POINT('Control Point',(-33.0373805108,-1.5,2.59345622976)) ;
#6191=CARTESIAN_POINT('Control Point',(-33.8181755889,-1.5,3.11434143803)) ;
#6192=CARTESIAN_POINT('Vertex',(-29.6447178789,-1.5,1.07997850722)) ;
#6195=CARTESIAN_POINT('Axis2P3D Location',(-5.48884921701,-1.5,-2.148112888E-005)) ;
#6199=CARTESIAN_POINT('Vertex',(-29.644729919,-1.5,-1.07975213953)) ;
#6203=CARTESIAN_POINT('Control Point',(-33.8181755889,-1.5,-3.11438442373)) ;
#6204=CARTESIAN_POINT('Control Point',(-33.0418733256,-1.5,-2.57910149102)) ;
#6205=CARTESIAN_POINT('Control Point',(-32.2272953445,-1.5,-2.1086071934)) ;
#6206=CARTESIAN_POINT('Control Point',(-31.3836545724,-1.5,-1.70260367438)) ;
#6207=CARTESIAN_POINT('Control Point',(-30.520014992,-1.5,-1.35990215876)) ;
#6208=CARTESIAN_POINT('Control Point',(-29.644729919,-1.5,-1.07975213953)) ;
#6209=CARTESIAN_POINT('Vertex',(-33.8181755889,-1.5,-3.11438442373)) ;
#6212=CARTESIAN_POINT('Axis2P3D Location',(-5.48884828357,-1.5,-2.14136385118E-005)) ;
#6216=CARTESIAN_POINT('Vertex',(-33.6589336351,-1.5,-4.32394715564)) ;
#6220=CARTESIAN_POINT('Control Point',(-29.1011511751,-1.5,-5.20882051044)) ;
#6221=CARTESIAN_POINT('Control Point',(-30.0142026283,-1.5,-5.13776695087)) ;
#6222=CARTESIAN_POINT('Control Point',(-30.9363617887,-1.5,-5.0225379688)) ;
#6223=CARTESIAN_POINT('Control Point',(-31.8584422021,-1.5,-4.85467583337)) ;
#6224=CARTESIAN_POINT('Control Point',(-32.7699284953,-1.5,-4.6249989931)) ;
#6225=CARTESIAN_POINT('Control Point',(-33.6589336351,-1.5,-4.32394715564)) ;
#6226=CARTESIAN_POINT('Vertex',(-29.1011511751,-1.5,-5.20882051044)) ;
#6229=CARTESIAN_POINT('Axis2P3D Location',(-5.48884870187,-1.5,-2.1421181582E-005)) ;
#6233=CARTESIAN_POINT('Vertex',(-28.5421833836,-1.5,-7.29496323669)) ;
#6237=CARTESIAN_POINT('Control Point',(-32.0468207553,-1.5,-10.3404343294)) ;
#6238=CARTESIAN_POINT('Control Point',(-31.4355117692,-1.5,-9.62246891164)) ;
#6239=CARTESIAN_POINT('Control Point',(-30.7704627464,-1.5,-8.95717802479)) ;
#6240=CARTESIAN_POINT('Control Point',(-30.0606497729,-1.5,-8.34665843557)) ;
#6241=CARTESIAN_POINT('Control Point',(-29.3151356785,-1.5,-7.792107821)) ;
#6242=CARTESIAN_POINT('Control Point',(-28.5421833836,-1.5,-7.29496323669)) ;
#6243=CARTESIAN_POINT('Vertex',(-32.0468207553,-1.5,-10.3404343294)) ;
#6246=CARTESIAN_POINT('Axis2P3D Location',(-5.48884761853,-1.5,-2.09203792615E-005)) ;
#6250=CARTESIAN_POINT('Vertex',(-31.579946968,-1.5,-11.4675673598)) ;
#6254=CARTESIAN_POINT('Control Point',(-26.9484451033,-1.5,-11.1426484825)) ;
#6255=CARTESIAN_POINT('Control Point',(-27.8487751019,-1.5,-11.3103311204)) ;
#6256=CARTESIAN_POINT('Control Point',(-28.7693359111,-1.5,-11.4377008245)) ;
#6257=CARTESIAN_POINT('Control Point',(-29.7034430932,-1.5,-11.5142104228)) ;
#6258=CARTESIAN_POINT('Control Point',(-30.6433159897,-1.5,-11.5282696436)) ;
#6259=CARTESIAN_POINT('Control Point',(-31.579946968,-1.5,-11.4675673598)) ;
#6260=CARTESIAN_POINT('Vertex',(-26.9484451033,-1.5,-11.1426484825)) ;
#6263=CARTESIAN_POINT('Axis2P3D Location',(-5.48884872534,-1.5,-2.13143598323E-005)) ;
#6267=CARTESIAN_POINT('Vertex',(-25.868590207,-1.5,-13.0130361093)) ;
#6271=CARTESIAN_POINT('Control Point',(-28.4655840371,-1.5,-16.8618021903)) ;
#6272=CARTESIAN_POINT('Control Point',(-28.0609280211,-1.5,-16.0100824381)) ;
#6273=CARTESIAN_POINT('Control Point',(-27.5907299433,-1.5,-15.1953334311)) ;
#6274=CARTESIAN_POINT('Control Point',(-27.0631173682,-1.5,-14.4219036924)) ;
#6275=CARTESIAN_POINT('Control Point',(-26.4865343081,-1.5,-13.6932956814)) ;
#6276=CARTESIAN_POINT('Control Point',(-25.868590207,-1.5,-13.0130361093)) ;
#6277=CARTESIAN_POINT('Vertex',(-28.4655840371,-1.5,-16.8618021903)) ;
#6280=CARTESIAN_POINT('Axis2P3D Location',(-5.48884699195,-1.5,-1.98974295614E-005)) ;
#6284=CARTESIAN_POINT('Vertex',(-27.7228950925,-1.5,-17.829693265)) ;
#6288=CARTESIAN_POINT('Control Point',(-23.3333030205,-1.5,-16.3171248397)) ;
#6289=CARTESIAN_POINT('Control Point',(-24.1595555545,-1.5,-16.712116379)) ;
#6290=CARTESIAN_POINT('Control Point',(-25.0157833055,-1.5,-17.0734047338)) ;
#6291=CARTESIAN_POINT('Control Point',(-25.8982594318,-1.5,-17.3890720655)) ;
#6292=CARTESIAN_POINT('Control Point',(-26.8024681379,-1.5,-17.6459092341)) ;
#6293=CARTESIAN_POINT('Control Point',(-27.7228950925,-1.5,-17.829693265)) ;
#6294=CARTESIAN_POINT('Vertex',(-23.3333030205,-1.5,-16.3171248397)) ;
#6297=CARTESIAN_POINT('Axis2P3D Location',(-5.48884890055,-1.5,-2.13818356243E-005)) ;
#6301=CARTESIAN_POINT('Vertex',(-21.8061513502,-1.5,-17.8442935401)) ;
#6305=CARTESIAN_POINT('Control Point',(-23.3185207985,-1.5,-22.234067559)) ;
#6306=CARTESIAN_POINT('Control Point',(-23.1480943966,-1.5,-21.306636779)) ;
#6307=CARTESIAN_POINT('Control Point',(-22.9047904928,-1.5,-20.3979534624)) ;
#6308=CARTESIAN_POINT('Control Point',(-22.5953342157,-1.5,-19.5143214871)) ;
#6309=CARTESIAN_POINT('Control Point',(-22.2269753797,-1.5,-18.6613095236)) ;
#6310=CARTESIAN_POINT('Control Point',(-21.8061513502,-1.5,-17.8442935401)) ;
#6311=CARTESIAN_POINT('Vertex',(-23.3185207985,-1.5,-22.234067559)) ;
#6314=CARTESIAN_POINT('Axis2P3D Location',(-5.48884743093,-1.5,-1.94584476617E-005)) ;
#6318=CARTESIAN_POINT('Vertex',(-22.3506297238,-1.5,-22.9767565036)) ;
#6322=CARTESIAN_POINT('Control Point',(-18.5020908892,-1.5,-20.3796175698)) ;
#6323=CARTESIAN_POINT('Control Point',(-19.1979582217,-1.5,-20.974999994)) ;
#6324=CARTESIAN_POINT('Control Point',(-19.931502417,-1.5,-21.5455857986)) ;
#6325=CARTESIAN_POINT('Control Point',(-20.7022081646,-1.5,-22.0788986426)) ;
#6326=CARTESIAN_POINT('Control Point',(-21.5091323597,-1.5,-22.5610107338)) ;
#6327=CARTESIAN_POINT('Control Point',(-22.3506297238,-1.5,-22.9767565036)) ;
#6328=CARTESIAN_POINT('Vertex',(-18.5020908892,-1.5,-20.3796175698)) ;
#6331=CARTESIAN_POINT('Axis2P3D Location',(-5.48884924693,-1.5,-2.1856893008E-005)) ;
#6335=CARTESIAN_POINT('Vertex',(-16.6317153044,-1.5,-21.4594933202)) ;
#6339=CARTESIAN_POINT('Control Point',(-16.9563948933,-1.5,-26.0911194345)) ;
#6340=CARTESIAN_POINT('Control Point',(-17.0318123792,-1.5,-25.1511804912)) ;
#6341=CARTESIAN_POINT('Control Point',(-17.0319834031,-1.5,-24.2104881215)) ;
#6342=CARTESIAN_POINT('Control Point',(-16.961772378,-1.5,-23.2768720047)) ;
#6343=CARTESIAN_POINT('Control Point',(-16.8267408065,-1.5,-22.3575874347)) ;
#6344=CARTESIAN_POINT('Control Point',(-16.6317153044,-1.5,-21.4594933202)) ;
#6345=CARTESIAN_POINT('Vertex',(-16.9563948933,-1.5,-26.0911194345)) ;
#6348=CARTESIAN_POINT('Axis2P3D Location',(-5.48884845388,-1.5,-2.00850276478E-005)) ;
#6352=CARTESIAN_POINT('Vertex',(-15.8292618629,-1.5,-26.5579932218)) ;
#6356=CARTESIAN_POINT('Control Point',(-12.7840478283,-1.5,-23.0532745046)) ;
#6357=CARTESIAN_POINT('Control Point',(-13.3021077429,-1.5,-23.8084734788)) ;
#6358=CARTESIAN_POINT('Control Point',(-13.8629785492,-1.5,-24.5494722476)) ;
#6359=CARTESIAN_POINT('Control Point',(-14.469391628,-1.5,-25.2640862394)) ;
#6360=CARTESIAN_POINT('Control Point',(-15.1240407534,-1.5,-25.938618105)) ;
#6361=CARTESIAN_POINT('Control Point',(-15.8292618629,-1.5,-26.5579932218)) ;
#6457=CARTESIAN_POINT('Axis2P3D Location',(56.5111509736,-1.5,-2.1494712766E-005)) ;
#6461=CARTESIAN_POINT('Vertex',(56.5111509736,-1.5,-3.00002149437)) ;
#6463=CARTESIAN_POINT('Vertex',(56.5111509736,-1.5,2.99997850437)) ;
#6466=CARTESIAN_POINT('Axis2P3D Location',(56.5111509736,-1.5,-2.14947127673E-005)) ;
#6480=CARTESIAN_POINT('Axis2P3D Location',(-5.48884902635,4.5,-2.14928501215E-005)) ;
#6485=CARTESIAN_POINT('Line Origine',(-12.7840478287,4.5,-23.0532745048)) ;
#6490=CARTESIAN_POINT('Line Origine',(-10.697911336,4.5,-23.6122655593)) ;
#6503=CARTESIAN_POINT('Control Point',(-12.7840478287,4.5,-23.0532745048)) ;
#6504=CARTESIAN_POINT('Control Point',(-12.7840478287,-1.5,-23.0532745048)) ;
#6505=CARTESIAN_POINT('Control Point',(-13.6341335313,4.5,-24.2924822345)) ;
#6506=CARTESIAN_POINT('Control Point',(-13.6341335313,-1.5,-24.2924822345)) ;
#6507=CARTESIAN_POINT('Control Point',(-14.6438724214,4.5,-25.5169002735)) ;
#6508=CARTESIAN_POINT('Control Point',(-14.6438724214,-1.5,-25.5169002735)) ;
#6509=CARTESIAN_POINT('Control Point',(-15.8292618634,4.5,-26.5579932219)) ;
#6510=CARTESIAN_POINT('Control Point',(-15.8292618634,-1.5,-26.5579932219)) ;
#6512=CARTESIAN_POINT('Control Point',(-15.8292618634,4.5,-26.5579932219)) ;
#6513=CARTESIAN_POINT('Control Point',(-15.8292618634,-1.5,-26.5579932219)) ;
#6522=CARTESIAN_POINT('Axis2P3D Location',(-5.48884902635,4.5,-2.14928501215E-005)) ;
#6527=CARTESIAN_POINT('Line Origine',(-16.9563948931,4.5,-26.0911194344)) ;
#6540=CARTESIAN_POINT('Control Point',(-16.9563948931,4.5,-26.0911194344)) ;
#6541=CARTESIAN_POINT('Control Point',(-16.9563948931,-1.5,-26.0911194344)) ;
#6542=CARTESIAN_POINT('Control Point',(-17.0836055373,4.5,-24.5056749322)) ;
#6543=CARTESIAN_POINT('Control Point',(-17.0836055373,-1.5,-24.5056749322)) ;
#6544=CARTESIAN_POINT('Control Point',(-16.9524149448,4.5,-22.9363179241)) ;
#6545=CARTESIAN_POINT('Control Point',(-16.9524149448,-1.5,-22.9363179241)) ;
#6546=CARTESIAN_POINT('Control Point',(-16.631715304,4.5,-21.4594933204)) ;
#6547=CARTESIAN_POINT('Control Point',(-16.631715304,-1.5,-21.4594933204)) ;
#6549=CARTESIAN_POINT('Control Point',(-16.631715304,4.5,-21.4594933204)) ;
#6550=CARTESIAN_POINT('Control Point',(-16.631715304,-1.5,-21.4594933204)) ;
#6559=CARTESIAN_POINT('Axis2P3D Location',(-5.48884902635,4.5,-2.14928501215E-005)) ;
#6564=CARTESIAN_POINT('Line Origine',(-18.5020908885,4.5,-20.3796175693)) ;
#6577=CARTESIAN_POINT('Control Point',(-18.5020908885,4.5,-20.3796175693)) ;
#6578=CARTESIAN_POINT('Control Point',(-18.5020908885,-1.5,-20.3796175693)) ;
#6579=CARTESIAN_POINT('Control Point',(-19.6439411844,4.5,-21.3565819496)) ;
#6580=CARTESIAN_POINT('Control Point',(-19.6439411844,-1.5,-21.3565819496)) ;
#6581=CARTESIAN_POINT('Control Point',(-20.9361767639,4.5,-22.2779393003)) ;
#6582=CARTESIAN_POINT('Control Point',(-20.9361767639,-1.5,-22.2779393003)) ;
#6583=CARTESIAN_POINT('Control Point',(-22.350629723,4.5,-22.9767565033)) ;
#6584=CARTESIAN_POINT('Control Point',(-22.350629723,-1.5,-22.9767565033)) ;
#6586=CARTESIAN_POINT('Control Point',(-22.350629723,4.5,-22.9767565033)) ;
#6587=CARTESIAN_POINT('Control Point',(-22.350629723,-1.5,-22.9767565033)) ;
#6596=CARTESIAN_POINT('Axis2P3D Location',(-5.48884902635,4.5,-2.14928501215E-005)) ;
#6601=CARTESIAN_POINT('Line Origine',(-23.3185207981,4.5,-22.2340675599)) ;
#6614=CARTESIAN_POINT('Control Point',(-23.3185207981,4.5,-22.2340675599)) ;
#6615=CARTESIAN_POINT('Control Point',(-23.3185207981,-1.5,-22.2340675599)) ;
#6616=CARTESIAN_POINT('Control Point',(-23.0310536125,4.5,-20.6697212316)) ;
#6617=CARTESIAN_POINT('Control Point',(-23.0310536125,-1.5,-20.6697212316)) ;
#6618=CARTESIAN_POINT('Control Point',(-22.4981537488,4.5,-19.1877933907)) ;
#6619=CARTESIAN_POINT('Control Point',(-22.4981537488,-1.5,-19.1877933907)) ;
#6620=CARTESIAN_POINT('Control Point',(-21.8061513496,4.5,-17.8442935399)) ;
#6621=CARTESIAN_POINT('Control Point',(-21.8061513496,-1.5,-17.8442935399)) ;
#6623=CARTESIAN_POINT('Control Point',(-21.8061513496,4.5,-17.8442935399)) ;
#6624=CARTESIAN_POINT('Control Point',(-21.8061513496,-1.5,-17.8442935399)) ;
#6633=CARTESIAN_POINT('Axis2P3D Location',(-5.48884902635,4.5,-2.14928501215E-005)) ;
#6638=CARTESIAN_POINT('Line Origine',(-23.3333030208,4.5,-16.3171248399)) ;
#6651=CARTESIAN_POINT('Control Point',(-23.3333030208,4.5,-16.3171248399)) ;
#6652=CARTESIAN_POINT('Control Point',(-23.3333030208,-1.5,-16.3171248399)) ;
#6653=CARTESIAN_POINT('Control Point',(-24.6891026995,4.5,-16.9652673631)) ;
#6654=CARTESIAN_POINT('Control Point',(-24.6891026995,-1.5,-16.9652673631)) ;
#6655=CARTESIAN_POINT('Control Point',(-26.175771249,4.5,-17.5207750446)) ;
#6656=CARTESIAN_POINT('Control Point',(-26.175771249,-1.5,-17.5207750446)) ;
#6657=CARTESIAN_POINT('Control Point',(-27.7228950934,4.5,-17.8296932646)) ;
#6658=CARTESIAN_POINT('Control Point',(-27.7228950934,-1.5,-17.8296932646)) ;
#6660=CARTESIAN_POINT('Control Point',(-27.7228950934,4.5,-17.8296932646)) ;
#6661=CARTESIAN_POINT('Control Point',(-27.7228950934,-1.5,-17.8296932646)) ;
#6670=CARTESIAN_POINT('Axis2P3D Location',(-5.48884902635,4.5,-2.14928501215E-005)) ;
#6675=CARTESIAN_POINT('Line Origine',(-28.4655840368,4.5,-16.8618021895)) ;
#6688=CARTESIAN_POINT('Control Point',(-28.4655840368,4.5,-16.8618021895)) ;
#6689=CARTESIAN_POINT('Control Point',(-28.4655840368,-1.5,-16.8618021895)) ;
#6690=CARTESIAN_POINT('Control Point',(-27.7830294351,4.5,-15.4251616522)) ;
#6691=CARTESIAN_POINT('Control Point',(-27.7830294351,-1.5,-15.4251616522)) ;
#6692=CARTESIAN_POINT('Control Point',(-26.8847365453,4.5,-14.1316539118)) ;
#6693=CARTESIAN_POINT('Control Point',(-26.8847365453,-1.5,-14.1316539118)) ;
#6694=CARTESIAN_POINT('Control Point',(-25.8685902076,4.5,-13.0130361085)) ;
#6695=CARTESIAN_POINT('Control Point',(-25.8685902076,-1.5,-13.0130361085)) ;
#6697=CARTESIAN_POINT('Control Point',(-25.8685902076,4.5,-13.0130361085)) ;
#6698=CARTESIAN_POINT('Control Point',(-25.8685902076,-1.5,-13.0130361085)) ;
#6707=CARTESIAN_POINT('Axis2P3D Location',(-5.48884902635,4.5,-2.14928501215E-005)) ;
#6712=CARTESIAN_POINT('Line Origine',(-26.9484451028,4.5,-11.1426484828)) ;
#6725=CARTESIAN_POINT('Control Point',(-26.9484451028,4.5,-11.1426484828)) ;
#6726=CARTESIAN_POINT('Control Point',(-26.9484451028,-1.5,-11.1426484828)) ;
#6727=CARTESIAN_POINT('Control Point',(-28.4257986566,4.5,-11.4177993068)) ;
#6728=CARTESIAN_POINT('Control Point',(-28.4257986566,-1.5,-11.4177993068)) ;
#6729=CARTESIAN_POINT('Control Point',(-30.0055861714,4.5,-11.5696003887)) ;
#6730=CARTESIAN_POINT('Control Point',(-30.0055861714,-1.5,-11.5696003887)) ;
#6731=CARTESIAN_POINT('Control Point',(-31.5799469679,4.5,-11.4675673596)) ;
#6732=CARTESIAN_POINT('Control Point',(-31.5799469679,-1.5,-11.4675673596)) ;
#6734=CARTESIAN_POINT('Control Point',(-31.5799469679,4.5,-11.4675673596)) ;
#6735=CARTESIAN_POINT('Control Point',(-31.5799469679,-1.5,-11.4675673596)) ;
#6744=CARTESIAN_POINT('Axis2P3D Location',(-5.48884902635,4.5,-2.14928501215E-005)) ;
#6749=CARTESIAN_POINT('Line Origine',(-32.0468207554,4.5,-10.3404343299)) ;
#6762=CARTESIAN_POINT('Control Point',(-32.0468207554,4.5,-10.3404343299)) ;
#6763=CARTESIAN_POINT('Control Point',(-32.0468207554,-1.5,-10.3404343299)) ;
#6764=CARTESIAN_POINT('Control Point',(-31.0156937058,4.5,-9.12940426212)) ;
#6765=CARTESIAN_POINT('Control Point',(-31.0156937058,-1.5,-9.12940426212)) ;
#6766=CARTESIAN_POINT('Control Point',(-29.8132249657,4.5,-8.11246703717)) ;
#6767=CARTESIAN_POINT('Control Point',(-29.8132249657,-1.5,-8.11246703717)) ;
#6768=CARTESIAN_POINT('Control Point',(-28.5421833831,4.5,-7.29496323602)) ;
#6769=CARTESIAN_POINT('Control Point',(-28.5421833831,-1.5,-7.29496323602)) ;
#6771=CARTESIAN_POINT('Control Point',(-28.5421833831,4.5,-7.29496323602)) ;
#6772=CARTESIAN_POINT('Control Point',(-28.5421833831,-1.5,-7.29496323602)) ;
#6781=CARTESIAN_POINT('Axis2P3D Location',(-5.48884902635,4.5,-2.14928501215E-005)) ;
#6786=CARTESIAN_POINT('Line Origine',(-29.1011511758,4.5,-5.20882051038)) ;
#6799=CARTESIAN_POINT('Control Point',(-29.1011511758,4.5,-5.20882051038)) ;
#6800=CARTESIAN_POINT('Control Point',(-29.1011511758,-1.5,-5.20882051038)) ;
#6801=CARTESIAN_POINT('Control Point',(-30.5993794015,4.5,-5.09222856135)) ;
#6802=CARTESIAN_POINT('Control Point',(-30.5993794015,-1.5,-5.09222856135)) ;
#6803=CARTESIAN_POINT('Control Point',(-32.1646259732,4.5,-4.82997805076)) ;
#6804=CARTESIAN_POINT('Control Point',(-32.1646259732,-1.5,-4.82997805076)) ;
#6805=CARTESIAN_POINT('Control Point',(-33.6589336352,4.5,-4.32394715481)) ;
#6806=CARTESIAN_POINT('Control Point',(-33.6589336352,-1.5,-4.32394715481)) ;
#6808=CARTESIAN_POINT('Control Point',(-33.6589336352,4.5,-4.32394715481)) ;
#6809=CARTESIAN_POINT('Control Point',(-33.6589336352,-1.5,-4.32394715481)) ;
#6818=CARTESIAN_POINT('Axis2P3D Location',(-5.48884902635,4.5,-2.14928501215E-005)) ;
#6823=CARTESIAN_POINT('Line Origine',(-33.8181755897,4.5,-3.11438442393)) ;
#6836=CARTESIAN_POINT('Control Point',(-33.8181755897,4.5,-3.11438442393)) ;
#6837=CARTESIAN_POINT('Control Point',(-33.8181755897,-1.5,-3.11438442393)) ;
#6838=CARTESIAN_POINT('Control Point',(-32.5087456966,4.5,-2.21149452336)) ;
#6839=CARTESIAN_POINT('Control Point',(-32.5087456966,-1.5,-2.21149452336)) ;
#6840=CARTESIAN_POINT('Control Point',(-31.0840473637,4.5,-1.54043040514)) ;
#6841=CARTESIAN_POINT('Control Point',(-31.0840473637,-1.5,-1.54043040514)) ;
#6842=CARTESIAN_POINT('Control Point',(-29.6447299196,4.5,-1.07975213921)) ;
#6843=CARTESIAN_POINT('Control Point',(-29.6447299196,-1.5,-1.07975213921)) ;
#6845=CARTESIAN_POINT('Control Point',(-29.6447299196,4.5,-1.07975213921)) ;
#6846=CARTESIAN_POINT('Control Point',(-29.6447299196,-1.5,-1.07975213921)) ;
#6855=CARTESIAN_POINT('Axis2P3D Location',(-5.48884902635,4.5,-2.14928501215E-005)) ;
#6860=CARTESIAN_POINT('Line Origine',(-29.6447178784,4.5,1.07997850715)) ;
#6873=CARTESIAN_POINT('Control Point',(-29.6447178784,4.5,1.07997850715)) ;
#6874=CARTESIAN_POINT('Control Point',(-29.6447178784,-1.5,1.07997850715)) ;
#6875=CARTESIAN_POINT('Control Point',(-31.0617189984,4.5,1.58036768058)) ;
#6876=CARTESIAN_POINT('Control Point',(-31.0617189984,-1.5,1.58036768058)) ;
#6877=CARTESIAN_POINT('Control Point',(-32.5057556598,4.5,2.23879784476)) ;
#6878=CARTESIAN_POINT('Control Point',(-32.5057556598,-1.5,2.23879784476)) ;
#6879=CARTESIAN_POINT('Control Point',(-33.8181755897,4.5,3.11434143823)) ;
#6880=CARTESIAN_POINT('Control Point',(-33.8181755897,-1.5,3.11434143823)) ;
#6882=CARTESIAN_POINT('Control Point',(-33.8181755897,4.5,3.11434143823)) ;
#6883=CARTESIAN_POINT('Control Point',(-33.8181755897,-1.5,3.11434143823)) ;
#6892=CARTESIAN_POINT('Axis2P3D Location',(-5.48884902635,4.5,-2.14928501215E-005)) ;
#6897=CARTESIAN_POINT('Line Origine',(-33.6589336352,4.5,4.32390416911)) ;
#6910=CARTESIAN_POINT('Control Point',(-33.6589336352,4.5,4.32390416911)) ;
#6911=CARTESIAN_POINT('Control Point',(-33.6589336352,-1.5,4.32390416911)) ;
#6912=CARTESIAN_POINT('Control Point',(-32.1604363818,4.5,4.8571234478)) ;
#6913=CARTESIAN_POINT('Control Point',(-32.1604363818,-1.5,4.8571234478)) ;
#6914=CARTESIAN_POINT('Control Point',(-30.6105992932,4.5,5.13658254861)) ;
#6915=CARTESIAN_POINT('Control Point',(-30.6105992932,-1.5,5.13658254861)) ;
#6916=CARTESIAN_POINT('Control Point',(-29.1010930928,4.5,5.20904081681)) ;
#6917=CARTESIAN_POINT('Control Point',(-29.1010930928,-1.5,5.20904081681)) ;
#6919=CARTESIAN_POINT('Control Point',(-29.1010930928,4.5,5.20904081681)) ;
#6920=CARTESIAN_POINT('Control Point',(-29.1010930928,-1.5,5.20904081681)) ;
#6929=CARTESIAN_POINT('Axis2P3D Location',(-5.48884902635,4.5,-2.14928501215E-005)) ;
#6934=CARTESIAN_POINT('Line Origine',(-28.5421020383,4.5,7.29517730946)) ;
#6947=CARTESIAN_POINT('Control Point',(-28.5421020383,4.5,7.29517730947)) ;
#6948=CARTESIAN_POINT('Control Point',(-28.5421020383,-1.5,7.29517730947)) ;
#6949=CARTESIAN_POINT('Control Point',(-29.781309768,4.5,8.14526301206)) ;
#6950=CARTESIAN_POINT('Control Point',(-29.781309768,-1.5,8.14526301206)) ;
#6951=CARTESIAN_POINT('Control Point',(-31.005727807,4.5,9.15500190224)) ;
#6952=CARTESIAN_POINT('Control Point',(-31.005727807,-1.5,9.15500190224)) ;
#6953=CARTESIAN_POINT('Control Point',(-32.0468207554,4.5,10.3403913442)) ;
#6954=CARTESIAN_POINT('Control Point',(-32.0468207554,-1.5,10.3403913442)) ;
#6956=CARTESIAN_POINT('Control Point',(-32.0468207554,4.5,10.3403913442)) ;
#6957=CARTESIAN_POINT('Control Point',(-32.0468207554,-1.5,10.3403913442)) ;
#6966=CARTESIAN_POINT('Axis2P3D Location',(-5.48884902635,4.5,-2.14928501215E-005)) ;
#6971=CARTESIAN_POINT('Line Origine',(-31.5799469679,4.5,11.4675243739)) ;
#6984=CARTESIAN_POINT('Control Point',(-31.5799469679,4.5,11.4675243739)) ;
#6985=CARTESIAN_POINT('Control Point',(-31.5799469679,-1.5,11.4675243739)) ;
#6986=CARTESIAN_POINT('Control Point',(-29.9945024657,4.5,11.5947350181)) ;
#6987=CARTESIAN_POINT('Control Point',(-29.9945024657,-1.5,11.5947350181)) ;
#6988=CARTESIAN_POINT('Control Point',(-28.4251454576,4.5,11.4635444256)) ;
#6989=CARTESIAN_POINT('Control Point',(-28.4251454576,-1.5,11.4635444256)) ;
#6990=CARTESIAN_POINT('Control Point',(-26.9483208539,4.5,11.1428447848)) ;
#6991=CARTESIAN_POINT('Control Point',(-26.9483208539,-1.5,11.1428447848)) ;
#6993=CARTESIAN_POINT('Control Point',(-26.9483208539,4.5,11.1428447848)) ;
#6994=CARTESIAN_POINT('Control Point',(-26.9483208539,-1.5,11.1428447848)) ;
#7003=CARTESIAN_POINT('Axis2P3D Location',(-5.48884902635,4.5,-2.14928501215E-005)) ;
#7008=CARTESIAN_POINT('Line Origine',(-25.8684451028,4.5,13.0132203693)) ;
#7021=CARTESIAN_POINT('Control Point',(-25.8684451028,4.5,13.0132203693)) ;
#7022=CARTESIAN_POINT('Control Point',(-25.8684451028,-1.5,13.0132203693)) ;
#7023=CARTESIAN_POINT('Control Point',(-26.8454094831,4.5,14.1550706652)) ;
#7024=CARTESIAN_POINT('Control Point',(-26.8454094831,-1.5,14.1550706652)) ;
#7025=CARTESIAN_POINT('Control Point',(-27.7667668338,4.5,15.4473062447)) ;
#7026=CARTESIAN_POINT('Control Point',(-27.7667668338,-1.5,15.4473062447)) ;
#7027=CARTESIAN_POINT('Control Point',(-28.4655840368,4.5,16.8617592038)) ;
#7028=CARTESIAN_POINT('Control Point',(-28.4655840368,-1.5,16.8617592038)) ;
#7030=CARTESIAN_POINT('Control Point',(-28.4655840368,4.5,16.8617592038)) ;
#7031=CARTESIAN_POINT('Control Point',(-28.4655840368,-1.5,16.8617592038)) ;
#7040=CARTESIAN_POINT('Axis2P3D Location',(-5.48884902635,4.5,-2.14928501215E-005)) ;
#7045=CARTESIAN_POINT('Line Origine',(-27.7228950934,4.5,17.8296502789)) ;
#7058=CARTESIAN_POINT('Control Point',(-27.7228950934,4.5,17.8296502789)) ;
#7059=CARTESIAN_POINT('Control Point',(-27.7228950934,-1.5,17.8296502789)) ;
#7060=CARTESIAN_POINT('Control Point',(-26.1585487651,4.5,17.5421830933)) ;
#7061=CARTESIAN_POINT('Control Point',(-26.1585487651,-1.5,17.5421830933)) ;
#7062=CARTESIAN_POINT('Control Point',(-24.6766209242,4.5,17.0092832296)) ;
#7063=CARTESIAN_POINT('Control Point',(-24.6766209242,-1.5,17.0092832296)) ;
#7064=CARTESIAN_POINT('Control Point',(-23.3331210734,4.5,16.3172808304)) ;
#7065=CARTESIAN_POINT('Control Point',(-23.3331210734,-1.5,16.3172808304)) ;
#7067=CARTESIAN_POINT('Control Point',(-23.3331210734,4.5,16.3172808304)) ;
#7068=CARTESIAN_POINT('Control Point',(-23.3331210734,-1.5,16.3172808304)) ;
#7077=CARTESIAN_POINT('Axis2P3D Location',(-5.48884902635,4.5,-2.14928501215E-005)) ;
#7082=CARTESIAN_POINT('Line Origine',(-21.8059523734,4.5,17.8444325016)) ;
#7095=CARTESIAN_POINT('Control Point',(-21.8059523734,4.5,17.8444325016)) ;
#7096=CARTESIAN_POINT('Control Point',(-21.8059523734,-1.5,17.8444325016)) ;
#7097=CARTESIAN_POINT('Control Point',(-22.4540948966,4.5,19.2002321803)) ;
#7098=CARTESIAN_POINT('Control Point',(-22.4540948966,-1.5,19.2002321803)) ;
#7099=CARTESIAN_POINT('Control Point',(-23.0096025781,4.5,20.6869007298)) ;
#7100=CARTESIAN_POINT('Control Point',(-23.0096025781,-1.5,20.6869007298)) ;
#7101=CARTESIAN_POINT('Control Point',(-23.3185207981,4.5,22.2340245742)) ;
#7102=CARTESIAN_POINT('Control Point',(-23.3185207981,-1.5,22.2340245742)) ;
#7104=CARTESIAN_POINT('Control Point',(-23.3185207981,4.5,22.2340245742)) ;
#7105=CARTESIAN_POINT('Control Point',(-23.3185207981,-1.5,22.2340245742)) ;
#7114=CARTESIAN_POINT('Axis2P3D Location',(-5.48884902635,4.5,-2.14928501215E-005)) ;
#7119=CARTESIAN_POINT('Line Origine',(-22.350629723,4.5,22.9767135176)) ;
#7132=CARTESIAN_POINT('Control Point',(-22.350629723,4.5,22.9767135176)) ;
#7133=CARTESIAN_POINT('Control Point',(-22.350629723,-1.5,22.9767135176)) ;
#7134=CARTESIAN_POINT('Control Point',(-20.9139891857,4.5,22.2941589159)) ;
#7135=CARTESIAN_POINT('Control Point',(-20.9139891857,-1.5,22.2941589159)) ;
#7136=CARTESIAN_POINT('Control Point',(-19.6204814453,4.5,21.3958660261)) ;
#7137=CARTESIAN_POINT('Control Point',(-19.6204814453,-1.5,21.3958660261)) ;
#7138=CARTESIAN_POINT('Control Point',(-18.501863642,4.5,20.3797196884)) ;
#7139=CARTESIAN_POINT('Control Point',(-18.501863642,-1.5,20.3797196884)) ;
#7141=CARTESIAN_POINT('Control Point',(-18.501863642,4.5,20.3797196884)) ;
#7142=CARTESIAN_POINT('Control Point',(-18.501863642,-1.5,20.3797196884)) ;
#7151=CARTESIAN_POINT('Axis2P3D Location',(-5.48884902635,4.5,-2.14928501215E-005)) ;
#7156=CARTESIAN_POINT('Line Origine',(-16.6314760163,4.5,21.4595745836)) ;
#7169=CARTESIAN_POINT('Control Point',(-16.6314760163,4.5,21.4595745836)) ;
#7170=CARTESIAN_POINT('Control Point',(-16.6314760163,-1.5,21.4595745836)) ;
#7171=CARTESIAN_POINT('Control Point',(-16.9066268403,4.5,22.9369281374)) ;
#7172=CARTESIAN_POINT('Control Point',(-16.9066268403,-1.5,22.9369281374)) ;
#7173=CARTESIAN_POINT('Control Point',(-17.0584279222,4.5,24.5167156522)) ;
#7174=CARTESIAN_POINT('Control Point',(-17.0584279222,-1.5,24.5167156522)) ;
#7175=CARTESIAN_POINT('Control Point',(-16.9563948931,4.5,26.0910764487)) ;
#7176=CARTESIAN_POINT('Control Point',(-16.9563948931,-1.5,26.0910764487)) ;
#7178=CARTESIAN_POINT('Control Point',(-16.9563948931,4.5,26.0910764487)) ;
#7179=CARTESIAN_POINT('Control Point',(-16.9563948931,-1.5,26.0910764487)) ;
#7188=CARTESIAN_POINT('Axis2P3D Location',(-5.48884902635,4.5,-2.14928501215E-005)) ;
#7193=CARTESIAN_POINT('Line Origine',(-15.8292618634,4.5,26.5579502362)) ;
#7206=CARTESIAN_POINT('Control Point',(-15.8292618634,4.5,26.5579502362)) ;
#7207=CARTESIAN_POINT('Control Point',(-15.8292618634,-1.5,26.5579502362)) ;
#7208=CARTESIAN_POINT('Control Point',(-14.6182317956,4.5,25.5268231866)) ;
#7209=CARTESIAN_POINT('Control Point',(-14.6182317956,-1.5,25.5268231866)) ;
#7210=CARTESIAN_POINT('Control Point',(-13.6012945707,4.5,24.3243544465)) ;
#7211=CARTESIAN_POINT('Control Point',(-13.6012945707,-1.5,24.3243544465)) ;
#7212=CARTESIAN_POINT('Control Point',(-12.7837907695,4.5,23.0533128639)) ;
#7213=CARTESIAN_POINT('Control Point',(-12.7837907695,-1.5,23.0533128639)) ;
#7215=CARTESIAN_POINT('Control Point',(-12.7837907695,4.5,23.0533128639)) ;
#7216=CARTESIAN_POINT('Control Point',(-12.7837907695,-1.5,23.0533128639)) ;
#7225=CARTESIAN_POINT('Axis2P3D Location',(-5.48884902635,4.5,-2.14928501215E-005)) ;
#7230=CARTESIAN_POINT('Line Origine',(-10.6976480439,4.5,23.6122806566)) ;
#7243=CARTESIAN_POINT('Control Point',(-10.6976480439,4.5,23.6122806566)) ;
#7244=CARTESIAN_POINT('Control Point',(-10.6976480439,-1.5,23.6122806566)) ;
#7245=CARTESIAN_POINT('Control Point',(-10.5810560948,4.5,25.1105088823)) ;
#7246=CARTESIAN_POINT('Control Point',(-10.5810560948,-1.5,25.1105088823)) ;
#7247=CARTESIAN_POINT('Control Point',(-10.3188055843,4.5,26.675755454)) ;
#7248=CARTESIAN_POINT('Control Point',(-10.3188055843,-1.5,26.675755454)) ;
#7249=CARTESIAN_POINT('Control Point',(-9.81277468831,4.5,28.170063116)) ;
#7250=CARTESIAN_POINT('Control Point',(-9.81277468831,-1.5,28.170063116)) ;
#7252=CARTESIAN_POINT('Control Point',(-9.81277468831,4.5,28.170063116)) ;
#7253=CARTESIAN_POINT('Control Point',(-9.81277468831,-1.5,28.170063116)) ;
#7262=CARTESIAN_POINT('Axis2P3D Location',(-5.48884902635,4.5,-2.14928501215E-005)) ;
#7267=CARTESIAN_POINT('Line Origine',(-8.60321195743,4.5,28.3293050705)) ;
#7280=CARTESIAN_POINT('Control Point',(-8.60321195743,4.5,28.3293050705)) ;
#7281=CARTESIAN_POINT('Control Point',(-8.60321195743,-1.5,28.3293050705)) ;
#7282=CARTESIAN_POINT('Control Point',(-7.70032205686,4.5,27.0198751774)) ;
#7283=CARTESIAN_POINT('Control Point',(-7.70032205686,-1.5,27.0198751774)) ;
#7284=CARTESIAN_POINT('Control Point',(-7.02925793864,4.5,25.5951768445)) ;
#7285=CARTESIAN_POINT('Control Point',(-7.02925793864,-1.5,25.5951768445)) ;
#7286=CARTESIAN_POINT('Control Point',(-6.56857967271,4.5,24.1558594004)) ;
#7287=CARTESIAN_POINT('Control Point',(-6.56857967271,-1.5,24.1558594004)) ;
#7289=CARTESIAN_POINT('Control Point',(-6.56857967271,4.5,24.1558594004)) ;
#7290=CARTESIAN_POINT('Control Point',(-6.56857967271,-1.5,24.1558594004)) ;
#7299=CARTESIAN_POINT('Axis2P3D Location',(-5.48884902635,4.5,-2.14928501215E-005)) ;
#7304=CARTESIAN_POINT('Line Origine',(-5.48884902635,4.5,24.1799785071)) ;
#7316=CARTESIAN_POINT('Axis2P3D Location',(-5.48884902635,4.5,-2.14928501215E-005)) ;
#7321=CARTESIAN_POINT('Line Origine',(-4.40884902635,4.5,24.1558473592)) ;
#7334=CARTESIAN_POINT('Control Point',(-4.40884902635,4.5,24.1558473592)) ;
#7335=CARTESIAN_POINT('Control Point',(-4.40884902635,-1.5,24.1558473592)) ;
#7336=CARTESIAN_POINT('Control Point',(-3.90845985292,4.5,25.5728484792)) ;
#7337=CARTESIAN_POINT('Control Point',(-3.90845985292,-1.5,25.5728484792)) ;
#7338=CARTESIAN_POINT('Control Point',(-3.25002968874,4.5,27.0168851406)) ;
#7339=CARTESIAN_POINT('Control Point',(-3.25002968874,-1.5,27.0168851406)) ;
#7340=CARTESIAN_POINT('Control Point',(-2.37448609527,4.5,28.3293050705)) ;
#7341=CARTESIAN_POINT('Control Point',(-2.37448609527,-1.5,28.3293050705)) ;
#7343=CARTESIAN_POINT('Control Point',(-2.37448609527,4.5,28.3293050705)) ;
#7344=CARTESIAN_POINT('Control Point',(-2.37448609527,-1.5,28.3293050705)) ;
#7353=CARTESIAN_POINT('Axis2P3D Location',(-5.48884902635,4.5,-2.14928501215E-005)) ;
#7358=CARTESIAN_POINT('Line Origine',(-1.16492336439,4.5,28.170063116)) ;
#7371=CARTESIAN_POINT('Control Point',(-1.16492336439,4.5,28.170063116)) ;
#7372=CARTESIAN_POINT('Control Point',(-1.16492336439,-1.5,28.170063116)) ;
#7373=CARTESIAN_POINT('Control Point',(-0.631704085702,4.5,26.6715658626)) ;
#7374=CARTESIAN_POINT('Control Point',(-0.631704085702,-1.5,26.6715658626)) ;
#7375=CARTESIAN_POINT('Control Point',(-0.352244984887,4.5,25.121728774)) ;
#7376=CARTESIAN_POINT('Control Point',(-0.352244984887,-1.5,25.121728774)) ;
#7377=CARTESIAN_POINT('Control Point',(-0.279786716692,4.5,23.6122225736)) ;
#7378=CARTESIAN_POINT('Control Point',(-0.279786716692,-1.5,23.6122225736)) ;
#7380=CARTESIAN_POINT('Control Point',(-0.279786716692,4.5,23.6122225736)) ;
#7381=CARTESIAN_POINT('Control Point',(-0.279786716692,-1.5,23.6122225736)) ;
#7390=CARTESIAN_POINT('Axis2P3D Location',(-5.48884902635,4.5,-2.14928501215E-005)) ;
#7395=CARTESIAN_POINT('Line Origine',(1.80634977597,4.5,23.0532315191)) ;
#7408=CARTESIAN_POINT('Control Point',(1.80634977597,4.5,23.0532315191)) ;
#7409=CARTESIAN_POINT('Control Point',(1.80634977597,-1.5,23.0532315191)) ;
#7410=CARTESIAN_POINT('Control Point',(2.65643547856,4.5,24.2924392488)) ;
#7411=CARTESIAN_POINT('Control Point',(2.65643547856,-1.5,24.2924392488)) ;
#7412=CARTESIAN_POINT('Control Point',(3.66617436874,4.5,25.5168572878)) ;
#7413=CARTESIAN_POINT('Control Point',(3.66617436874,-1.5,25.5168572878)) ;
#7414=CARTESIAN_POINT('Control Point',(4.85156381074,4.5,26.5579502362)) ;
#7415=CARTESIAN_POINT('Control Point',(4.85156381074,-1.5,26.5579502362)) ;
#7417=CARTESIAN_POINT('Control Point',(4.85156381074,4.5,26.5579502362)) ;
#7418=CARTESIAN_POINT('Control Point',(4.85156381074,-1.5,26.5579502362)) ;
#7427=CARTESIAN_POINT('Axis2P3D Location',(-5.48884902635,4.5,-2.14928501215E-005)) ;
#7432=CARTESIAN_POINT('Line Origine',(5.97869684041,4.5,26.0910764487)) ;
#7445=CARTESIAN_POINT('Control Point',(5.97869684041,4.5,26.0910764487)) ;
#7446=CARTESIAN_POINT('Control Point',(5.97869684041,-1.5,26.0910764487)) ;
#7447=CARTESIAN_POINT('Control Point',(6.10590748456,4.5,24.5056319465)) ;
#7448=CARTESIAN_POINT('Control Point',(6.10590748456,-1.5,24.5056319465)) ;
#7449=CARTESIAN_POINT('Control Point',(5.97471689208,4.5,22.9362749384)) ;
#7450=CARTESIAN_POINT('Control Point',(5.97471689208,-1.5,22.9362749384)) ;
#7451=CARTESIAN_POINT('Control Point',(5.65401725131,4.5,21.4594503347)) ;
#7452=CARTESIAN_POINT('Control Point',(5.65401725131,-1.5,21.4594503347)) ;
#7454=CARTESIAN_POINT('Control Point',(5.65401725131,4.5,21.4594503347)) ;
#7455=CARTESIAN_POINT('Control Point',(5.65401725131,-1.5,21.4594503347)) ;
#7464=CARTESIAN_POINT('Axis2P3D Location',(-5.48884902635,4.5,-2.14928501215E-005)) ;
#7469=CARTESIAN_POINT('Line Origine',(7.52439283579,4.5,20.3795745836)) ;
#7482=CARTESIAN_POINT('Control Point',(7.52439283579,4.5,20.3795745836)) ;
#7483=CARTESIAN_POINT('Control Point',(7.52439283579,-1.5,20.3795745836)) ;
#7484=CARTESIAN_POINT('Control Point',(8.66624313175,4.5,21.3565389639)) ;
#7485=CARTESIAN_POINT('Control Point',(8.66624313175,-1.5,21.3565389639)) ;
#7486=CARTESIAN_POINT('Control Point',(9.95847871124,4.5,22.2778963146)) ;
#7487=CARTESIAN_POINT('Control Point',(9.95847871124,-1.5,22.2778963146)) ;
#7488=CARTESIAN_POINT('Control Point',(11.3729316703,4.5,22.9767135176)) ;
#7489=CARTESIAN_POINT('Control Point',(11.3729316703,-1.5,22.9767135176)) ;
#7491=CARTESIAN_POINT('Control Point',(11.3729316703,4.5,22.9767135176)) ;
#7492=CARTESIAN_POINT('Control Point',(11.3729316703,-1.5,22.9767135176)) ;
#7501=CARTESIAN_POINT('Axis2P3D Location',(-5.48884902635,4.5,-2.14928501215E-005)) ;
#7506=CARTESIAN_POINT('Line Origine',(12.3408227454,4.5,22.2340245742)) ;
#7519=CARTESIAN_POINT('Control Point',(12.3408227454,4.5,22.2340245742)) ;
#7520=CARTESIAN_POINT('Control Point',(12.3408227454,-1.5,22.2340245742)) ;
#7521=CARTESIAN_POINT('Control Point',(12.0533555598,4.5,20.6696782459)) ;
#7522=CARTESIAN_POINT('Control Point',(12.0533555598,-1.5,20.6696782459)) ;
#7523=CARTESIAN_POINT('Control Point',(11.5204556961,4.5,19.187750405)) ;
#7524=CARTESIAN_POINT('Control Point',(11.5204556961,-1.5,19.187750405)) ;
#7525=CARTESIAN_POINT('Control Point',(10.8284532969,4.5,17.8442505542)) ;
#7526=CARTESIAN_POINT('Control Point',(10.8284532969,-1.5,17.8442505542)) ;
#7528=CARTESIAN_POINT('Control Point',(10.8284532969,4.5,17.8442505542)) ;
#7529=CARTESIAN_POINT('Control Point',(10.8284532969,-1.5,17.8442505542)) ;
#7538=CARTESIAN_POINT('Axis2P3D Location',(-5.48884902635,4.5,-2.14928501215E-005)) ;
#7543=CARTESIAN_POINT('Line Origine',(12.3556049681,4.5,16.3170818542)) ;
#7556=CARTESIAN_POINT('Control Point',(12.3556049681,4.5,16.3170818542)) ;
#7557=CARTESIAN_POINT('Control Point',(12.3556049681,-1.5,16.3170818542)) ;
#7558=CARTESIAN_POINT('Control Point',(13.7114046468,4.5,16.9652243774)) ;
#7559=CARTESIAN_POINT('Control Point',(13.7114046468,-1.5,16.9652243774)) ;
#7560=CARTESIAN_POINT('Control Point',(15.1980731963,4.5,17.5207320589)) ;
#7561=CARTESIAN_POINT('Control Point',(15.1980731963,-1.5,17.5207320589)) ;
#7562=CARTESIAN_POINT('Control Point',(16.7451970407,4.5,17.8296502789)) ;
#7563=CARTESIAN_POINT('Control Point',(16.7451970407,-1.5,17.8296502789)) ;
#7565=CARTESIAN_POINT('Control Point',(16.7451970407,4.5,17.8296502789)) ;
#7566=CARTESIAN_POINT('Control Point',(16.7451970407,-1.5,17.8296502789)) ;
#7575=CARTESIAN_POINT('Axis2P3D Location',(-5.48884902635,4.5,-2.14928501215E-005)) ;
#7580=CARTESIAN_POINT('Line Origine',(17.4878859841,4.5,16.8617592038)) ;
#7593=CARTESIAN_POINT('Control Point',(17.4878859841,4.5,16.8617592038)) ;
#7594=CARTESIAN_POINT('Control Point',(17.4878859841,-1.5,16.8617592038)) ;
#7595=CARTESIAN_POINT('Control Point',(16.8053313824,4.5,15.4251186665)) ;
#7596=CARTESIAN_POINT('Control Point',(16.8053313824,-1.5,15.4251186665)) ;
#7597=CARTESIAN_POINT('Control Point',(15.9070384926,4.5,14.1316109261)) ;
#7598=CARTESIAN_POINT('Control Point',(15.9070384926,-1.5,14.1316109261)) ;
#7599=CARTESIAN_POINT('Control Point',(14.8908921549,4.5,13.0129931228)) ;
#7600=CARTESIAN_POINT('Control Point',(14.8908921549,-1.5,13.0129931228)) ;
#7602=CARTESIAN_POINT('Control Point',(14.8908921549,4.5,13.0129931228)) ;
#7603=CARTESIAN_POINT('Control Point',(14.8908921549,-1.5,13.0129931228)) ;
#7612=CARTESIAN_POINT('Axis2P3D Location',(-5.48884902635,4.5,-2.14928501215E-005)) ;
#7617=CARTESIAN_POINT('Line Origine',(15.9707470501,4.5,11.1426054971)) ;
#7630=CARTESIAN_POINT('Control Point',(15.9707470501,4.5,11.1426054971)) ;
#7631=CARTESIAN_POINT('Control Point',(15.9707470501,-1.5,11.1426054971)) ;
#7632=CARTESIAN_POINT('Control Point',(17.4481006039,4.5,11.4177563211)) ;
#7633=CARTESIAN_POINT('Control Point',(17.4481006039,-1.5,11.4177563211)) ;
#7634=CARTESIAN_POINT('Control Point',(19.0278881187,4.5,11.569557403)) ;
#7635=CARTESIAN_POINT('Control Point',(19.0278881187,-1.5,11.569557403)) ;
#7636=CARTESIAN_POINT('Control Point',(20.6022489152,4.5,11.4675243739)) ;
#7637=CARTESIAN_POINT('Control Point',(20.6022489152,-1.5,11.4675243739)) ;
#7639=CARTESIAN_POINT('Control Point',(20.6022489152,4.5,11.4675243739)) ;
#7640=CARTESIAN_POINT('Control Point',(20.6022489152,-1.5,11.4675243739)) ;
#7649=CARTESIAN_POINT('Axis2P3D Location',(-5.48884902635,4.5,-2.14928501215E-005)) ;
#7654=CARTESIAN_POINT('Line Origine',(21.0691227027,4.5,10.3403913442)) ;
#7667=CARTESIAN_POINT('Control Point',(21.0691227027,4.5,10.3403913442)) ;
#7668=CARTESIAN_POINT('Control Point',(21.0691227027,-1.5,10.3403913442)) ;
#7669=CARTESIAN_POINT('Control Point',(20.3161655073,4.5,9.45606404067)) ;
#7670=CARTESIAN_POINT('Control Point',(20.3161655073,-1.5,9.45606404067)) ;
#7671=CARTESIAN_POINT('Control Point',(19.4718434371,4.5,8.6752332547)) ;
#7672=CARTESIAN_POINT('Control Point',(19.4718434371,-1.5,8.6752332547)) ;
#7673=CARTESIAN_POINT('Control Point',(18.5761726891,4.5,7.999978505)) ;
#7674=CARTESIAN_POINT('Control Point',(18.5761726891,-1.5,7.999978505)) ;
#7676=CARTESIAN_POINT('Control Point',(18.5761726891,4.5,7.999978505)) ;
#7677=CARTESIAN_POINT('Control Point',(18.5761726891,-1.5,7.999978505)) ;
#7686=CARTESIAN_POINT('Axis2P3D Location',(56.5111509736,4.5,7.999978505)) ;
#7691=CARTESIAN_POINT('Line Origine',(56.5111509736,1.5,7.999978505)) ;
#7703=CARTESIAN_POINT('Axis2P3D Location',(56.5111509736,4.5,-2.14949974635E-005)) ;
#7708=CARTESIAN_POINT('Line Origine',(56.5111509736,4.5,-8.000021495)) ;
#7720=CARTESIAN_POINT('Axis2P3D Location',(56.5111509736,4.5,-8.000021495)) ;
#7725=CARTESIAN_POINT('Line Origine',(18.5368692789,1.5,-8.000021495)) ;
#7738=CARTESIAN_POINT('Control Point',(18.5368692785,4.5,-8.000021495)) ;
#7739=CARTESIAN_POINT('Control Point',(18.5368692785,-1.5,-8.000021495)) ;
#7740=CARTESIAN_POINT('Control Point',(19.4355314242,4.5,-8.68907760452)) ;
#7741=CARTESIAN_POINT('Control Point',(19.4355314242,-1.5,-8.68907760452)) ;
#7742=CARTESIAN_POINT('Control Point',(20.3020833737,4.5,-9.46708260518)) ;
#7743=CARTESIAN_POINT('Control Point',(20.3020833737,-1.5,-9.46708260518)) ;
#7744=CARTESIAN_POINT('Control Point',(21.0691227027,4.5,-10.3404343299)) ;
#7745=CARTESIAN_POINT('Control Point',(21.0691227027,-1.5,-10.3404343299)) ;
#7747=CARTESIAN_POINT('Control Point',(21.0691227027,4.5,-10.3404343299)) ;
#7748=CARTESIAN_POINT('Control Point',(21.0691227027,-1.5,-10.3404343299)) ;
#7757=CARTESIAN_POINT('Axis2P3D Location',(-5.48884902635,4.5,-2.14928501215E-005)) ;
#7762=CARTESIAN_POINT('Line Origine',(20.6022489152,4.5,-11.4675673596)) ;
#7775=CARTESIAN_POINT('Control Point',(20.6022489152,4.5,-11.4675673596)) ;
#7776=CARTESIAN_POINT('Control Point',(20.6022489152,-1.5,-11.4675673596)) ;
#7777=CARTESIAN_POINT('Control Point',(19.016804413,4.5,-11.5947780038)) ;
#7778=CARTESIAN_POINT('Control Point',(19.016804413,-1.5,-11.5947780038)) ;
#7779=CARTESIAN_POINT('Control Point',(17.4474474049,4.5,-11.4635874113)) ;
#7780=CARTESIAN_POINT('Control Point',(17.4474474049,-1.5,-11.4635874113)) ;
#7781=CARTESIAN_POINT('Control Point',(15.9706228012,4.5,-11.1428877705)) ;
#7782=CARTESIAN_POINT('Control Point',(15.9706228012,-1.5,-11.1428877705)) ;
#7784=CARTESIAN_POINT('Control Point',(15.9706228012,4.5,-11.1428877705)) ;
#7785=CARTESIAN_POINT('Control Point',(15.9706228012,-1.5,-11.1428877705)) ;
#7794=CARTESIAN_POINT('Axis2P3D Location',(-5.48884902635,4.5,-2.14928501215E-005)) ;
#7799=CARTESIAN_POINT('Line Origine',(14.8907470501,4.5,-13.013263355)) ;
#7812=CARTESIAN_POINT('Control Point',(14.8907470501,4.5,-13.013263355)) ;
#7813=CARTESIAN_POINT('Control Point',(14.8907470501,-1.5,-13.013263355)) ;
#7814=CARTESIAN_POINT('Control Point',(15.8677114304,4.5,-14.1551136509)) ;
#7815=CARTESIAN_POINT('Control Point',(15.8677114304,-1.5,-14.1551136509)) ;
#7816=CARTESIAN_POINT('Control Point',(16.7890687811,4.5,-15.4473492304)) ;
#7817=CARTESIAN_POINT('Control Point',(16.7890687811,-1.5,-15.4473492304)) ;
#7818=CARTESIAN_POINT('Control Point',(17.4878859841,4.5,-16.8618021895)) ;
#7819=CARTESIAN_POINT('Control Point',(17.4878859841,-1.5,-16.8618021895)) ;
#7821=CARTESIAN_POINT('Control Point',(17.4878859841,4.5,-16.8618021895)) ;
#7822=CARTESIAN_POINT('Control Point',(17.4878859841,-1.5,-16.8618021895)) ;
#7831=CARTESIAN_POINT('Axis2P3D Location',(-5.48884902635,4.5,-2.14928501215E-005)) ;
#7836=CARTESIAN_POINT('Line Origine',(16.7451970407,4.5,-17.8296932646)) ;
#7849=CARTESIAN_POINT('Control Point',(16.7451970407,4.5,-17.8296932646)) ;
#7850=CARTESIAN_POINT('Control Point',(16.7451970407,-1.5,-17.8296932646)) ;
#7851=CARTESIAN_POINT('Control Point',(15.1808507124,4.5,-17.542226079)) ;
#7852=CARTESIAN_POINT('Control Point',(15.1808507124,-1.5,-17.542226079)) ;
#7853=CARTESIAN_POINT('Control Point',(13.6989228715,4.5,-17.0093262153)) ;
#7854=CARTESIAN_POINT('Control Point',(13.6989228715,-1.5,-17.0093262153)) ;
#7855=CARTESIAN_POINT('Control Point',(12.3554230207,4.5,-16.3173238161)) ;
#7856=CARTESIAN_POINT('Control Point',(12.3554230207,-1.5,-16.3173238161)) ;
#7858=CARTESIAN_POINT('Control Point',(12.3554230207,4.5,-16.3173238161)) ;
#7859=CARTESIAN_POINT('Control Point',(12.3554230207,-1.5,-16.3173238161)) ;
#7868=CARTESIAN_POINT('Axis2P3D Location',(-5.48884902635,4.5,-2.14928501215E-005)) ;
#7873=CARTESIAN_POINT('Line Origine',(10.8282543207,4.5,-17.8444754873)) ;
#7886=CARTESIAN_POINT('Control Point',(10.8282543207,4.5,-17.8444754873)) ;
#7887=CARTESIAN_POINT('Control Point',(10.8282543207,-1.5,-17.8444754873)) ;
#7888=CARTESIAN_POINT('Control Point',(11.4763968439,4.5,-19.200275166)) ;
#7889=CARTESIAN_POINT('Control Point',(11.4763968439,-1.5,-19.200275166)) ;
#7890=CARTESIAN_POINT('Control Point',(12.0319045254,4.5,-20.6869437155)) ;
#7891=CARTESIAN_POINT('Control Point',(12.0319045254,-1.5,-20.6869437155)) ;
#7892=CARTESIAN_POINT('Control Point',(12.3408227454,4.5,-22.2340675599)) ;
#7893=CARTESIAN_POINT('Control Point',(12.3408227454,-1.5,-22.2340675599)) ;
#7895=CARTESIAN_POINT('Control Point',(12.3408227454,4.5,-22.2340675599)) ;
#7896=CARTESIAN_POINT('Control Point',(12.3408227454,-1.5,-22.2340675599)) ;
#7905=CARTESIAN_POINT('Axis2P3D Location',(-5.48884902635,4.5,-2.14928501215E-005)) ;
#7910=CARTESIAN_POINT('Line Origine',(11.3729316703,4.5,-22.9767565033)) ;
#7923=CARTESIAN_POINT('Control Point',(11.3729316703,4.5,-22.9767565033)) ;
#7924=CARTESIAN_POINT('Control Point',(11.3729316703,-1.5,-22.9767565033)) ;
#7925=CARTESIAN_POINT('Control Point',(9.93629113297,4.5,-22.2942019016)) ;
#7926=CARTESIAN_POINT('Control Point',(9.93629113297,-1.5,-22.2942019016)) ;
#7927=CARTESIAN_POINT('Control Point',(8.6427833926,4.5,-21.3959090118)) ;
#7928=CARTESIAN_POINT('Control Point',(8.6427833926,-1.5,-21.3959090118)) ;
#7929=CARTESIAN_POINT('Control Point',(7.52416558929,4.5,-20.3797626741)) ;
#7930=CARTESIAN_POINT('Control Point',(7.52416558929,-1.5,-20.3797626741)) ;
#7932=CARTESIAN_POINT('Control Point',(7.52416558929,4.5,-20.3797626741)) ;
#7933=CARTESIAN_POINT('Control Point',(7.52416558929,-1.5,-20.3797626741)) ;
#7942=CARTESIAN_POINT('Axis2P3D Location',(-5.48884902635,4.5,-2.14928501215E-005)) ;
#7947=CARTESIAN_POINT('Line Origine',(5.65377796361,4.5,-21.4596175693)) ;
#7960=CARTESIAN_POINT('Control Point',(5.65377796361,4.5,-21.4596175693)) ;
#7961=CARTESIAN_POINT('Control Point',(5.65377796361,-1.5,-21.4596175693)) ;
#7962=CARTESIAN_POINT('Control Point',(5.92892878763,4.5,-22.9369711231)) ;
#7963=CARTESIAN_POINT('Control Point',(5.92892878763,-1.5,-22.9369711231)) ;
#7964=CARTESIAN_POINT('Control Point',(6.08072986954,4.5,-24.5167586379)) ;
#7965=CARTESIAN_POINT('Control Point',(6.08072986954,-1.5,-24.5167586379)) ;
#7966=CARTESIAN_POINT('Control Point',(5.97869684041,4.5,-26.0911194344)) ;
#7967=CARTESIAN_POINT('Control Point',(5.97869684041,-1.5,-26.0911194344)) ;
#7969=CARTESIAN_POINT('Control Point',(5.97869684041,4.5,-26.0911194344)) ;
#7970=CARTESIAN_POINT('Control Point',(5.97869684041,-1.5,-26.0911194344)) ;
#7979=CARTESIAN_POINT('Axis2P3D Location',(-5.48884902635,4.5,-2.14928501215E-005)) ;
#7984=CARTESIAN_POINT('Line Origine',(4.85156381074,4.5,-26.5579932219)) ;
#7997=CARTESIAN_POINT('Control Point',(4.85156381074,4.5,-26.5579932219)) ;
#7998=CARTESIAN_POINT('Control Point',(4.85156381074,-1.5,-26.5579932219)) ;
#7999=CARTESIAN_POINT('Control Point',(3.64053374292,4.5,-25.5268661723)) ;
#8000=CARTESIAN_POINT('Control Point',(3.64053374292,-1.5,-25.5268661723)) ;
#8001=CARTESIAN_POINT('Control Point',(2.62359651797,4.5,-24.3243974322)) ;
#8002=CARTESIAN_POINT('Control Point',(2.62359651797,-1.5,-24.3243974322)) ;
#8003=CARTESIAN_POINT('Control Point',(1.80609271682,4.5,-23.0533558496)) ;
#8004=CARTESIAN_POINT('Control Point',(1.80609271682,-1.5,-23.0533558496)) ;
#8006=CARTESIAN_POINT('Control Point',(1.80609271682,4.5,-23.0533558496)) ;
#8007=CARTESIAN_POINT('Control Point',(1.80609271682,-1.5,-23.0533558496)) ;
#8016=CARTESIAN_POINT('Axis2P3D Location',(-5.48884902635,4.5,-2.14928501215E-005)) ;
#8021=CARTESIAN_POINT('Line Origine',(-0.280050008822,4.5,-23.6123236423)) ;
#8034=CARTESIAN_POINT('Control Point',(-0.280050008822,4.5,-23.6123236423)) ;
#8035=CARTESIAN_POINT('Control Point',(-0.280050008822,-1.5,-23.6123236423)) ;
#8036=CARTESIAN_POINT('Control Point',(-0.396641957855,4.5,-25.110551868)) ;
#8037=CARTESIAN_POINT('Control Point',(-0.396641957855,-1.5,-25.110551868)) ;
#8038=CARTESIAN_POINT('Control Point',(-0.658892468438,4.5,-26.6757984397)) ;
#8039=CARTESIAN_POINT('Control Point',(-0.658892468438,-1.5,-26.6757984397)) ;
#8040=CARTESIAN_POINT('Control Point',(-1.16492336439,4.5,-28.1701061017)) ;
#8041=CARTESIAN_POINT('Control Point',(-1.16492336439,-1.5,-28.1701061017)) ;
#8043=CARTESIAN_POINT('Control Point',(-1.16492336439,4.5,-28.1701061017)) ;
#8044=CARTESIAN_POINT('Control Point',(-1.16492336439,-1.5,-28.1701061017)) ;
#8053=CARTESIAN_POINT('Axis2P3D Location',(-5.48884902635,4.5,-2.14928501215E-005)) ;
#8058=CARTESIAN_POINT('Line Origine',(-2.37448609527,4.5,-28.3293480562)) ;
#8071=CARTESIAN_POINT('Control Point',(-2.37448609527,4.5,-28.3293480562)) ;
#8072=CARTESIAN_POINT('Control Point',(-2.37448609527,-1.5,-28.3293480562)) ;
#8073=CARTESIAN_POINT('Control Point',(-3.27737599584,4.5,-27.0199181631)) ;
#8074=CARTESIAN_POINT('Control Point',(-3.27737599584,-1.5,-27.0199181631)) ;
#8075=CARTESIAN_POINT('Control Point',(-3.94844011406,4.5,-25.5952198302)) ;
#8076=CARTESIAN_POINT('Control Point',(-3.94844011406,-1.5,-25.5952198302)) ;
#8077=CARTESIAN_POINT('Control Point',(-4.40911837999,4.5,-24.1559023861)) ;
#8078=CARTESIAN_POINT('Control Point',(-4.40911837999,-1.5,-24.1559023861)) ;
#8080=CARTESIAN_POINT('Control Point',(-4.40911837999,4.5,-24.1559023861)) ;
#8081=CARTESIAN_POINT('Control Point',(-4.40911837999,-1.5,-24.1559023861)) ;
#8090=CARTESIAN_POINT('Axis2P3D Location',(-5.48884902635,4.5,-2.14928501215E-005)) ;
#8095=CARTESIAN_POINT('Line Origine',(-5.48884902635,4.5,-24.1800214928)) ;
#8107=CARTESIAN_POINT('Axis2P3D Location',(-5.48884902635,4.5,-2.14928501215E-005)) ;
#8112=CARTESIAN_POINT('Line Origine',(-6.56884902635,4.5,-24.1558903449)) ;
#8125=CARTESIAN_POINT('Control Point',(-6.56884902635,4.5,-24.1558903449)) ;
#8126=CARTESIAN_POINT('Control Point',(-6.56884902635,-1.5,-24.1558903449)) ;
#8127=CARTESIAN_POINT('Control Point',(-7.06923819979,4.5,-25.5728914649)) ;
#8128=CARTESIAN_POINT('Control Point',(-7.06923819979,-1.5,-25.5728914649)) ;
#8129=CARTESIAN_POINT('Control Point',(-7.72766836396,4.5,-27.0169281263)) ;
#8130=CARTESIAN_POINT('Control Point',(-7.72766836396,-1.5,-27.0169281263)) ;
#8131=CARTESIAN_POINT('Control Point',(-8.60321195743,4.5,-28.3293480562)) ;
#8132=CARTESIAN_POINT('Control Point',(-8.60321195743,-1.5,-28.3293480562)) ;
#8134=CARTESIAN_POINT('Control Point',(-8.60321195743,4.5,-28.3293480562)) ;
#8135=CARTESIAN_POINT('Control Point',(-8.60321195743,-1.5,-28.3293480562)) ;
#8144=CARTESIAN_POINT('Axis2P3D Location',(-5.48884902635,4.5,-2.14928501215E-005)) ;
#8149=CARTESIAN_POINT('Line Origine',(-9.81277468831,4.5,-28.1701061017)) ;
#8162=CARTESIAN_POINT('Control Point',(-9.81277468831,4.5,-28.1701061017)) ;
#8163=CARTESIAN_POINT('Control Point',(-9.81277468831,-1.5,-28.1701061017)) ;
#8164=CARTESIAN_POINT('Control Point',(-10.345993967,4.5,-26.6716088483)) ;
#8165=CARTESIAN_POINT('Control Point',(-10.345993967,-1.5,-26.6716088483)) ;
#8166=CARTESIAN_POINT('Control Point',(-10.6254530678,4.5,-25.1217717597)) ;
#8167=CARTESIAN_POINT('Control Point',(-10.6254530678,-1.5,-25.1217717597)) ;
#8168=CARTESIAN_POINT('Control Point',(-10.697911336,4.5,-23.6122655593)) ;
#8169=CARTESIAN_POINT('Control Point',(-10.697911336,-1.5,-23.6122655593)) ;
#8177=CARTESIAN_POINT('Axis2P3D Location',(56.5111509736,4.5,-2.14949974635E-005)) ;
#8182=CARTESIAN_POINT('Line Origine',(56.5111509736,4.5,2.99997850437)) ;
#8187=CARTESIAN_POINT('Line Origine',(56.5111509736,4.5,-3.00002149437)) ;
#8199=CARTESIAN_POINT('Axis2P3D Location',(56.5111509736,4.5,-2.14949974635E-005)) ;
#8221=CARTESIAN_POINT('NONE',(0.,0.,0.)) ;
#8222=CARTESIAN_POINT('NONE',(37.5908615628,4.24049110235,-16.6373123599)) ;
#8238=CARTESIAN_POINT('Axis2P3D Location',(56.4050899959,4.5,-6.87458392451)) ;
#8243=CARTESIAN_POINT('Axis2P3D Location',(56.4050899959,4.5,-6.87458392451)) ;
#8247=CARTESIAN_POINT('Vertex',(56.4050899959,4.5,-9.87458392451)) ;
#8249=CARTESIAN_POINT('Vertex',(56.4050899959,4.5,-3.87458392451)) ;
#8252=CARTESIAN_POINT('Line Origine',(56.4050899959,4.5,-3.87458392451)) ;
#8256=CARTESIAN_POINT('Vertex',(56.4050899959,-1.5,-3.87458392451)) ;
#8259=CARTESIAN_POINT('Axis2P3D Location',(56.4050899959,-1.5,-6.87458392451)) ;
#8263=CARTESIAN_POINT('Vertex',(56.4050899959,-1.5,-9.87458392451)) ;
#8266=CARTESIAN_POINT('Line Origine',(56.4050899959,4.5,-9.87458392451)) ;
#8278=CARTESIAN_POINT('Axis2P3D Location',(56.5593587546,4.5,3.12422606219)) ;
#8283=CARTESIAN_POINT('Axis2P3D Location',(56.5593587701,4.5,3.12422637811)) ;
#8287=CARTESIAN_POINT('Vertex',(56.2685699905,4.5,1.14547850434)) ;
#8289=CARTESIAN_POINT('Vertex',(56.5285050028,4.5,1.12446406485)) ;
#8293=CARTESIAN_POINT('Control Point',(56.5285050025,4.5,1.1244640654)) ;
#8294=CARTESIAN_POINT('Control Point',(57.3597794396,4.5,1.11163857159)) ;
#8295=CARTESIAN_POINT('Control Point',(58.1893873411,4.5,0.990828798976)) ;
#8296=CARTESIAN_POINT('Control Point',(58.9986739933,4.5,0.762284513206)) ;
#8297=CARTESIAN_POINT('Control Point',(60.539178135,4.5,0.100294772606)) ;
#8298=CARTESIAN_POINT('Control Point',(61.8594192631,4.5,-0.933310781637)) ;
#8299=CARTESIAN_POINT('Control Point',(62.4484056161,4.5,-1.53353778938)) ;
#8300=CARTESIAN_POINT('Control Point',(63.4568705778,4.5,-2.87308317822)) ;
#8301=CARTESIAN_POINT('Control Point',(64.0896205559,4.5,-4.42582415615)) ;
#8302=CARTESIAN_POINT('Control Point',(64.3028263288,4.5,-5.23928630732)) ;
#8303=CARTESIAN_POINT('Control Point',(64.5130381239,4.5,-6.90277494342)) ;
#8304=CARTESIAN_POINT('Control Point',(64.2912639837,4.5,-8.56475969766)) ;
#8305=CARTESIAN_POINT('Control Point',(64.0724072527,4.5,-9.37671972792)) ;
#8306=CARTESIAN_POINT('Control Point',(63.428874292,4.5,-10.9250248576)) ;
#8307=CARTESIAN_POINT('Control Point',(62.4111198389,4.5,-12.2575236269)) ;
#8308=CARTESIAN_POINT('Control Point',(61.8179742725,4.5,-12.8536408151)) ;
#8309=CARTESIAN_POINT('Control Point',(60.5086473431,4.5,-13.8640954602)) ;
#8310=CARTESIAN_POINT('Control Point',(58.9875365613,4.5,-14.5115004863)) ;
#8311=CARTESIAN_POINT('Control Point',(58.2008030639,4.5,-14.7337786882)) ;
#8312=CARTESIAN_POINT('Control Point',(57.3945847213,4.5,-14.8542427535)) ;
#8313=CARTESIAN_POINT('Control Point',(56.5860550901,4.5,-14.8725368896)) ;
#8314=CARTESIAN_POINT('Vertex',(56.58605509,4.5,-14.8725368898)) ;
#8318=CARTESIAN_POINT('Control Point',(56.5860550901,4.5,-14.8725368896)) ;
#8319=CARTESIAN_POINT('Control Point',(56.5770084754,4.5,-14.8727415822)) ;
#8320=CARTESIAN_POINT('Control Point',(56.567960704,4.5,-14.8728951109)) ;
#8321=CARTESIAN_POINT('Control Point',(56.5589116773,4.5,-14.8729974707)) ;
#8322=CARTESIAN_POINT('Control Point',(56.5498627463,4.5,-14.8730486477)) ;
#8323=CARTESIAN_POINT('Control Point',(56.5408138162,4.5,-14.8730486477)) ;
#8324=CARTESIAN_POINT('Vertex',(56.5408138164,4.5,-14.8730486485)) ;
#8328=CARTESIAN_POINT('Control Point',(56.5408138162,4.5,-14.8730486477)) ;
#8329=CARTESIAN_POINT('Control Point',(56.4824750595,4.5,-14.8730486477)) ;
#8330=CARTESIAN_POINT('Control Point',(56.4241363404,4.5,-14.8709215161)) ;
#8331=CARTESIAN_POINT('Control Point',(56.3657720345,4.5,-14.8666559377)) ;
#8332=CARTESIAN_POINT('Control Point',(56.3077438882,4.5,-14.860278333)) ;
#8333=CARTESIAN_POINT('Control Point',(56.250025052,4.5,-14.8517962055)) ;
#8334=CARTESIAN_POINT('Vertex',(56.2500250527,4.5,-14.8517962056)) ;
#8337=CARTESIAN_POINT('Line Origine',(38.2302566091,4.5,-12.2036836812)) ;
#8341=CARTESIAN_POINT('Vertex',(20.2104881661,4.5,-9.55557115692)) ;
#8344=CARTESIAN_POINT('Axis2P3D Location',(19.9196994036,4.5,-11.5343187147)) ;
#8348=CARTESIAN_POINT('Vertex',(19.9196994031,4.5,-9.53431871425)) ;
#8351=CARTESIAN_POINT('Axis2P3D Location',(19.9196994036,4.5,-11.5343187147)) ;
#8355=CARTESIAN_POINT('Vertex',(18.1357987311,4.5,-10.630051944)) ;
#8359=CARTESIAN_POINT('Control Point',(18.1357987313,4.5,-10.6300519438)) ;
#8360=CARTESIAN_POINT('Control Point',(17.9083210574,4.5,-11.078810638)) ;
#8361=CARTESIAN_POINT('Control Point',(17.6699885932,4.5,-11.5220669746)) ;
#8362=CARTESIAN_POINT('Control Point',(17.4207317766,4.5,-11.9598951689)) ;
#8363=CARTESIAN_POINT('Control Point',(17.1612308776,4.5,-12.3911002943)) ;
#8364=CARTESIAN_POINT('Control Point',(16.8914576242,4.5,-12.8157799965)) ;
#8365=CARTESIAN_POINT('Vertex',(16.8914576242,4.5,-12.8157799965)) ;
#8369=CARTESIAN_POINT('Control Point',(16.8914576242,4.5,-12.8157799965)) ;
#8370=CARTESIAN_POINT('Control Point',(17.3653799057,4.5,-13.1904890778)) ;
#8371=CARTESIAN_POINT('Control Point',(17.7740537238,4.5,-13.6150825836)) ;
#8372=CARTESIAN_POINT('Control Point',(18.1091133403,4.5,-14.0827234669)) ;
#8373=CARTESIAN_POINT('Control Point',(18.5384506693,4.5,-14.868688099)) ;
#8374=CARTESIAN_POINT('Control Point',(18.8463179787,4.5,-15.7023815422)) ;
#8375=CARTESIAN_POINT('Control Point',(18.9460749902,4.5,-16.0134846293)) ;
#8376=CARTESIAN_POINT('Control Point',(19.0354726782,4.5,-16.326781498)) ;
#8377=CARTESIAN_POINT('Control Point',(19.1180193885,4.5,-16.6416738531)) ;
#8378=CARTESIAN_POINT('Vertex',(19.1180193885,4.5,-16.6416738531)) ;
#8382=CARTESIAN_POINT('Control Point',(19.1180193885,4.5,-16.6416738531)) ;
#8383=CARTESIAN_POINT('Control Point',(18.9711364962,4.5,-16.841513747)) ;
#8384=CARTESIAN_POINT('Control Point',(18.8222052615,4.5,-17.0398152495)) ;
#8385=CARTESIAN_POINT('Control Point',(18.6712082469,4.5,-17.2365983913)) ;
#8386=CARTESIAN_POINT('Control Point',(18.5182099441,4.5,-17.4317791228)) ;
#8387=CARTESIAN_POINT('Control Point',(18.3631955194,4.5,-17.6253794724)) ;
#8388=CARTESIAN_POINT('Vertex',(18.3631955194,4.5,-17.6253794724)) ;
#8392=CARTESIAN_POINT('Control Point',(18.3631955194,4.5,-17.6253794724)) ;
#8393=CARTESIAN_POINT('Control Point',(17.6194851198,4.5,-17.6294144524)) ;
#8394=CARTESIAN_POINT('Control Point',(16.8745635657,4.5,-17.5967535175)) ;
#8395=CARTESIAN_POINT('Control Point',(16.1260871658,4.5,-17.4861992764)) ;
#8396=CARTESIAN_POINT('Control Point',(15.2648290176,4.5,-17.2011460192)) ;
#8397=CARTESIAN_POINT('Control Point',(14.4653235382,4.5,-16.7242184585)) ;
#8398=CARTESIAN_POINT('Control Point',(14.3385628673,4.5,-16.6425739618)) ;
#8399=CARTESIAN_POINT('Control Point',(14.213974713,4.5,-16.5561666188)) ;
#8400=CARTESIAN_POINT('Control Point',(14.0913892457,4.5,-16.4649001541)) ;
#8401=CARTESIAN_POINT('Vertex',(14.0913892457,4.5,-16.4649001541)) ;
#8405=CARTESIAN_POINT('Control Point',(14.0913892457,4.5,-16.4649001541)) ;
#8406=CARTESIAN_POINT('Control Point',(13.7936563933,4.5,-16.7890203017)) ;
#8407=CARTESIAN_POINT('Control Point',(13.4890622715,4.5,-17.1068325243)) ;
#8408=CARTESIAN_POINT('Control Point',(13.1775231001,4.5,-17.4183906142)) ;
#8409=CARTESIAN_POINT('Control Point',(12.8596615811,4.5,-17.7230528057)) ;
#8410=CARTESIAN_POINT('Control Point',(12.5354062258,4.5,-18.020883174)) ;
#8411=CARTESIAN_POINT('Vertex',(12.5354062258,4.5,-18.020883174)) ;
#8415=CARTESIAN_POINT('Control Point',(12.5354062258,4.5,-18.020883174)) ;
#8416=CARTESIAN_POINT('Control Point',(12.8961981508,4.5,-18.5054844658)) ;
#8417=CARTESIAN_POINT('Control Point',(13.1810538608,4.5,-19.0213828667)) ;
#8418=CARTESIAN_POINT('Control Point',(13.383662231,4.5,-19.5598090793)) ;
#8419=CARTESIAN_POINT('Control Point',(13.59494763,4.5,-20.4301132941)) ;
#8420=CARTESIAN_POINT('Control Point',(13.6765488744,4.5,-21.3150812459)) ;
#8421=CARTESIAN_POINT('Control Point',(13.6923873442,4.5,-21.6414027674)) ;
#8422=CARTESIAN_POINT('Control Point',(13.6976516835,4.5,-21.9671621286)) ;
#8423=CARTESIAN_POINT('Control Point',(13.6958855441,4.5,-22.2926894477)) ;
#8424=CARTESIAN_POINT('Vertex',(13.6958855441,4.5,-22.2926894477)) ;
#8428=CARTESIAN_POINT('Control Point',(13.6958855441,4.5,-22.2926894477)) ;
#8429=CARTESIAN_POINT('Control Point',(13.5022851945,4.5,-22.4477038724)) ;
#8430=CARTESIAN_POINT('Control Point',(13.307104463,4.5,-22.6007021752)) ;
#8431=CARTESIAN_POINT('Control Point',(13.1103213212,4.5,-22.7516991898)) ;
#8432=CARTESIAN_POINT('Control Point',(12.9120198187,4.5,-22.9006304245)) ;
#8433=CARTESIAN_POINT('Control Point',(12.7121799248,4.5,-23.0475133168)) ;
#8434=CARTESIAN_POINT('Vertex',(12.7121799248,4.5,-23.0475133168)) ;
#8438=CARTESIAN_POINT('Control Point',(12.7121799248,4.5,-23.0475133168)) ;
#8439=CARTESIAN_POINT('Control Point',(11.9927665128,4.5,-22.8589243927)) ;
#8440=CARTESIAN_POINT('Control Point',(11.281680817,4.5,-22.6345764668)) ;
#8441=CARTESIAN_POINT('Control Point',(10.587321676,4.5,-22.3340693243)) ;
#8442=CARTESIAN_POINT('Control Point',(9.82918739914,4.5,-21.8358190097)) ;
#8443=CARTESIAN_POINT('Control Point',(9.18036234403,4.5,-21.1682151166)) ;
#8444=CARTESIAN_POINT('Control Point',(9.07905208768,4.5,-21.056544513)) ;
#8445=CARTESIAN_POINT('Control Point',(8.98107303778,4.5,-20.9408356416)) ;
#8446=CARTESIAN_POINT('Control Point',(8.88628606817,4.5,-20.8209515525)) ;
#8447=CARTESIAN_POINT('Vertex',(8.88628606817,4.5,-20.8209515525)) ;
#8451=CARTESIAN_POINT('Control Point',(8.88628606817,4.5,-20.8209515525)) ;
#8452=CARTESIAN_POINT('Control Point',(8.51473036826,4.5,-21.0570601149)) ;
#8453=CARTESIAN_POINT('Control Point',(8.13824761791,4.5,-21.2852287267)) ;
#8454=CARTESIAN_POINT('Control Point',(7.75671247929,4.5,-21.5055106371)) ;
#8455=CARTESIAN_POINT('Control Point',(7.3708681168,4.5,-21.7174742634)) ;
#8456=CARTESIAN_POINT('Control Point',(6.98060384525,4.5,-21.921197697)) ;
#8457=CARTESIAN_POINT('Vertex',(6.98060384525,4.5,-21.921197697)) ;
#8461=CARTESIAN_POINT('Control Point',(6.98060384525,4.5,-21.921197697)) ;
#8462=CARTESIAN_POINT('Control Point',(7.20367804094,4.5,-22.4826664241)) ;
#8463=CARTESIAN_POINT('Control Point',(7.34530319673,4.5,-23.0547120985)) ;
#8464=CARTESIAN_POINT('Control Point',(7.40165289493,4.5,-23.6272307783)) ;
#8465=CARTESIAN_POINT('Control Point',(7.38048761293,4.5,-24.5225647839)) ;
#8466=CARTESIAN_POINT('Control Point',(7.2302618017,4.5,-25.3984981426)) ;
#8467=CARTESIAN_POINT('Control Point',(7.16110236436,4.5,-25.7177998262)) ;
#8468=CARTESIAN_POINT('Control Point',(7.08187459883,4.5,-26.0338217177)) ;
#8469=CARTESIAN_POINT('Control Point',(6.9959159693,4.5,-26.3477998519)) ;
#8470=CARTESIAN_POINT('Vertex',(6.9959159693,4.5,-26.3477998519)) ;
#8474=CARTESIAN_POINT('Control Point',(6.9959159693,4.5,-26.3477998519)) ;
#8475=CARTESIAN_POINT('Control Point',(6.76879170627,4.5,-26.4474248306)) ;
#8476=CARTESIAN_POINT('Control Point',(6.54066272242,4.5,-26.544693352)) ;
#8477=CARTESIAN_POINT('Control Point',(6.31150390077,4.5,-26.6396140432)) ;
#8478=CARTESIAN_POINT('Control Point',(6.08141311822,4.5,-26.7321463636)) ;
#8479=CARTESIAN_POINT('Control Point',(5.85036651364,4.5,-26.8223019721)) ;
#8480=CARTESIAN_POINT('Vertex',(5.85036651364,4.5,-26.8223019721)) ;
#8484=CARTESIAN_POINT('Control Point',(5.85036651364,4.5,-26.8223019721)) ;
#8485=CARTESIAN_POINT('Control Point',(5.20427692372,4.5,-26.453941167)) ;
#8486=CARTESIAN_POINT('Control Point',(4.5754864006,4.5,-26.05319519)) ;
#8487=CARTESIAN_POINT('Control Point',(3.98256394949,4.5,-25.5832142114)) ;
#8488=CARTESIAN_POINT('Control Point',(3.3792191416,4.5,-24.9057217744)) ;
#8489=CARTESIAN_POINT('Control Point',(2.92529086577,4.5,-24.0929376503)) ;
#8490=CARTESIAN_POINT('Control Point',(2.85633514999,4.5,-23.9588511075)) ;
#8491=CARTESIAN_POINT('Control Point',(2.79164231486,4.5,-23.8217260762)) ;
#8492=CARTESIAN_POINT('Control Point',(2.7311134184,4.5,-23.6813942654)) ;
#8493=CARTESIAN_POINT('Vertex',(2.7311134184,4.5,-23.6813942654)) ;
#8497=CARTESIAN_POINT('Control Point',(2.7311134184,4.5,-23.6813942654)) ;
#8498=CARTESIAN_POINT('Control Point',(2.31110400857,4.5,-23.8132996953)) ;
#8499=CARTESIAN_POINT('Control Point',(1.88839440328,4.5,-23.9362544)) ;
#8500=CARTESIAN_POINT('Control Point',(1.46284804047,4.5,-24.050279423)) ;
#8501=CARTESIAN_POINT('Control Point',(1.03529322534,4.5,-24.155152601)) ;
#8502=CARTESIAN_POINT('Control Point',(0.605601086675,4.5,-24.2509235771)) ;
#8503=CARTESIAN_POINT('Vertex',(0.605601086675,4.5,-24.2509235771)) ;
#8507=CARTESIAN_POINT('Control Point',(0.605601086675,4.5,-24.2509235771)) ;
#8508=CARTESIAN_POINT('Control Point',(0.675755413363,4.5,-24.8509965691)) ;
#8509=CARTESIAN_POINT('Control Point',(0.664498494162,4.5,-25.440205545)) ;
#8510=CARTESIAN_POINT('Control Point',(0.570749384129,4.5,-26.0078005091)) ;
#8511=CARTESIAN_POINT('Control Point',(0.318575799602,4.5,-26.8671487678)) ;
#8512=CARTESIAN_POINT('Control Point',(-0.0532394256889,4.5,-27.6743541178)) ;
#8513=CARTESIAN_POINT('Control Point',(-0.20268367004,4.5,-27.9648760804)) ;
#8514=CARTESIAN_POINT('Control Point',(-0.361004299105,4.5,-28.2496241324)) ;
#8515=CARTESIAN_POINT('Control Point',(-0.525297480242,4.5,-28.5306559907)) ;
#8516=CARTESIAN_POINT('Vertex',(-0.525297480242,4.5,-28.5306559907)) ;
#8520=CARTESIAN_POINT('Control Point',(-0.525297480242,4.5,-28.5306559907)) ;
#8521=CARTESIAN_POINT('Control Point',(-0.770467513631,4.5,-28.5681022457)) ;
#8522=CARTESIAN_POINT('Control Point',(-1.01599813678,4.5,-28.6030122969)) ;
#8523=CARTESIAN_POINT('Control Point',(-1.26191584416,4.5,-28.6353879765)) ;
#8524=CARTESIAN_POINT('Control Point',(-1.50811560032,4.5,-28.6652154579)) ;
#8525=CARTESIAN_POINT('Control Point',(-1.75462347137,4.5,-28.692499827)) ;
#8526=CARTESIAN_POINT('Vertex',(-1.75462347137,4.5,-28.692499827)) ;
#8530=CARTESIAN_POINT('Control Point',(-1.75462347137,4.5,-28.692499827)) ;
#8531=CARTESIAN_POINT('Control Point',(-2.28335930117,4.5,-28.1694703207)) ;
#8532=CARTESIAN_POINT('Control Point',(-2.78700361625,4.5,-27.6196364682)) ;
#8533=CARTESIAN_POINT('Control Point',(-3.23808269393,4.5,-27.0122100828)) ;
#8534=CARTESIAN_POINT('Control Point',(-3.64552108094,4.5,-26.2016455131)) ;
#8535=CARTESIAN_POINT('Control Point',(-3.8736181152,4.5,-25.2990710528)) ;
#8536=CARTESIAN_POINT('Control Point',(-3.90552007064,4.5,-25.1517063464)) ;
#8537=CARTESIAN_POINT('Control Point',(-3.93251798117,4.5,-25.0025099996)) ;
#8538=CARTESIAN_POINT('Control Point',(-3.95466386022,4.5,-24.8512938483)) ;
#8539=CARTESIAN_POINT('Vertex',(-3.95466386022,4.5,-24.8512938483)) ;
#8543=CARTESIAN_POINT('Control Point',(-3.95466386022,4.5,-24.8512938483)) ;
#8544=CARTESIAN_POINT('Control Point',(-4.39450178353,4.5,-24.8699988874)) ;
#8545=CARTESIAN_POINT('Control Point',(-4.83463099468,4.5,-24.8793588389)) ;
#8546=CARTESIAN_POINT('Control Point',(-5.27518896506,4.5,-24.8793588563)) ;
#8547=CARTESIAN_POINT('Control Point',(-5.71531819348,4.5,-24.8699989221)) ;
#8548=CARTESIAN_POINT('Control Point',(-6.15515614914,4.5,-24.8512938483)) ;
#8549=CARTESIAN_POINT('Vertex',(-6.15515614914,4.5,-24.8512938483)) ;
#8553=CARTESIAN_POINT('Control Point',(-6.15515614914,4.5,-24.8512938483)) ;
#8554=CARTESIAN_POINT('Control Point',(-6.24270259167,4.5,-25.4490771229)) ;
#8555=CARTESIAN_POINT('Control Point',(-6.40607444444,4.5,-26.0152957831)) ;
#8556=CARTESIAN_POINT('Control Point',(-6.64353351965,4.5,-26.5392863683)) ;
#8557=CARTESIAN_POINT('Control Point',(-7.10953019264,4.5,-27.304085717)) ;
#8558=CARTESIAN_POINT('Control Point',(-7.67759623812,4.5,-27.9875533488)) ;
#8559=CARTESIAN_POINT('Control Point',(-7.89714091075,4.5,-28.229496998)) ;
#8560=CARTESIAN_POINT('Control Point',(-8.12376511407,4.5,-28.4635661014)) ;
#8561=CARTESIAN_POINT('Control Point',(-8.35519653799,4.5,-28.692499827)) ;
#8562=CARTESIAN_POINT('Vertex',(-8.35519653799,4.5,-28.692499827)) ;
#8566=CARTESIAN_POINT('Control Point',(-8.35519653799,4.5,-28.692499827)) ;
#8567=CARTESIAN_POINT('Control Point',(-8.60170440904,4.5,-28.6652154579)) ;
#8568=CARTESIAN_POINT('Control Point',(-8.84790416519,4.5,-28.6353879765)) ;
#8569=CARTESIAN_POINT('Control Point',(-9.09382187257,4.5,-28.6030122969)) ;
#8570=CARTESIAN_POINT('Control Point',(-9.33935249572,4.5,-28.5681022457)) ;
#8571=CARTESIAN_POINT('Control Point',(-9.58452252911,4.5,-28.5306559907)) ;
#8572=CARTESIAN_POINT('Vertex',(-9.58452252911,4.5,-28.5306559907)) ;
#8576=CARTESIAN_POINT('Control Point',(-9.58452252911,4.5,-28.5306559907)) ;
#8577=CARTESIAN_POINT('Control Point',(-9.95987212357,4.5,-27.8886013825)) ;
#8578=CARTESIAN_POINT('Control Point',(-10.3040477009,4.5,-27.2271499261)) ;
#8579=CARTESIAN_POINT('Control Point',(-10.5825431189,4.5,-26.5236732255)) ;
#8580=CARTESIAN_POINT('Control Point',(-10.7663088305,4.5,-25.6352751621)) ;
#8581=CARTESIAN_POINT('Control Point',(-10.7530301868,4.5,-24.7044193269)) ;
#8582=CARTESIAN_POINT('Control Point',(-10.7457043164,4.5,-24.5538191166)) ;
#8583=CARTESIAN_POINT('Control Point',(-10.7331674394,4.5,-24.4027189384)) ;
#8584=CARTESIAN_POINT('Control Point',(-10.715421096,4.5,-24.2509235771)) ;
#8585=CARTESIAN_POINT('Vertex',(-10.715421096,4.5,-24.2509235771)) ;
#8589=CARTESIAN_POINT('Control Point',(-10.715421096,4.5,-24.2509235771)) ;
#8590=CARTESIAN_POINT('Control Point',(-11.1451131543,4.5,-24.1551528703)) ;
#8591=CARTESIAN_POINT('Control Point',(-11.5726678656,4.5,-24.0502800754)) ;
#8592=CARTESIAN_POINT('Control Point',(-11.9982141832,4.5,-23.9362552857)) ;
#8593=CARTESIAN_POINT('Control Point',(-12.4209238272,4.5,-23.8133004346)) ;
#8594=CARTESIAN_POINT('Control Point',(-12.8409334278,4.5,-23.6813942654)) ;
#8595=CARTESIAN_POINT('Vertex',(-12.8409334278,4.5,-23.6813942654)) ;
#8599=CARTESIAN_POINT('Control Point',(-12.8409334278,4.5,-23.6813942654)) ;
#8600=CARTESIAN_POINT('Control Point',(-13.0802144944,4.5,-24.2361498834)) ;
#8601=CARTESIAN_POINT('Control Point',(-13.3845677601,4.5,-24.7407913647)) ;
#8602=CARTESIAN_POINT('Control Point',(-13.7495543533,4.5,-25.1854684669)) ;
#8603=CARTESIAN_POINT('Control Point',(-14.3976172127,4.5,-25.8035990969)) ;
#8604=CARTESIAN_POINT('Control Point',(-15.1232213179,4.5,-26.3167518232)) ;
#8605=CARTESIAN_POINT('Control Point',(-15.3979048107,4.5,-26.4936291019)) ;
#8606=CARTESIAN_POINT('Control Point',(-15.6773885234,4.5,-26.6610678341)) ;
#8607=CARTESIAN_POINT('Control Point',(-15.9601865211,4.5,-26.8223019721)) ;
#8608=CARTESIAN_POINT('Vertex',(-15.9601865211,4.5,-26.8223019721)) ;
#8612=CARTESIAN_POINT('Control Point',(-15.9601865211,4.5,-26.8223019721)) ;
#8613=CARTESIAN_POINT('Control Point',(-16.1912331259,4.5,-26.7321463635)) ;
#8614=CARTESIAN_POINT('Control Point',(-16.4213239086,4.5,-26.639614043)) ;
#8615=CARTESIAN_POINT('Control Point',(-16.6504827315,4.5,-26.5446933522)) ;
#8616=CARTESIAN_POINT('Control Point',(-16.8786117155,4.5,-26.4474248307)) ;
#8617=CARTESIAN_POINT('Control Point',(-17.1057359786,4.5,-26.3477998519)) ;
#8618=CARTESIAN_POINT('Vertex',(-17.1057359786,4.5,-26.3477998519)) ;
#8622=CARTESIAN_POINT('Control Point',(-17.1057359786,4.5,-26.3477998519)) ;
#8623=CARTESIAN_POINT('Control Point',(-17.3021198847,4.5,-25.6304751021)) ;
#8624=CARTESIAN_POINT('Control Point',(-17.463371729,4.5,-24.9024828652)) ;
#8625=CARTESIAN_POINT('Control Point',(-17.5503044795,4.5,-24.1508966256)) ;
#8626=CARTESIAN_POINT('Control Point',(-17.4978741875,4.5,-23.2452079281)) ;
#8627=CARTESIAN_POINT('Control Point',(-17.2441247849,4.5,-22.3495070042)) ;
#8628=CARTESIAN_POINT('Control Point',(-17.1980703335,4.5,-22.205934447)) ;
#8629=CARTESIAN_POINT('Control Point',(-17.1468530365,4.5,-22.0632276651)) ;
#8630=CARTESIAN_POINT('Control Point',(-17.0904238546,4.5,-21.921197697)) ;
#8631=CARTESIAN_POINT('Vertex',(-17.0904238546,4.5,-21.921197697)) ;
#8635=CARTESIAN_POINT('Control Point',(-17.0904238546,4.5,-21.921197697)) ;
#8636=CARTESIAN_POINT('Control Point',(-17.4806872305,4.5,-21.7174778123)) ;
#8637=CARTESIAN_POINT('Control Point',(-17.8665302921,4.5,-21.5055191694)) ;
#8638=CARTESIAN_POINT('Control Point',(-18.2480646826,4.5,-21.2852401862)) ;
#8639=CARTESIAN_POINT('Control Point',(-18.6245477865,4.5,-21.0570696122)) ;
#8640=CARTESIAN_POINT('Control Point',(-18.9961060775,4.5,-20.8209515525)) ;
#8641=CARTESIAN_POINT('Vertex',(-18.9961060775,4.5,-20.8209515525)) ;
#8645=CARTESIAN_POINT('Control Point',(-18.9961060775,4.5,-20.8209515525)) ;
#8646=CARTESIAN_POINT('Control Point',(-19.3708151601,4.5,-21.2948738356)) ;
#8647=CARTESIAN_POINT('Control Point',(-19.7954086675,4.5,-21.7035476549)) ;
#8648=CARTESIAN_POINT('Control Point',(-20.2630495427,4.5,-22.0386072668)) ;
#8649=CARTESIAN_POINT('Control Point',(-21.0490141765,4.5,-22.467944597)) ;
#8650=CARTESIAN_POINT('Control Point',(-21.8827076217,4.5,-22.7758119072)) ;
#8651=CARTESIAN_POINT('Control Point',(-22.19381071,4.5,-22.8755689184)) ;
#8652=CARTESIAN_POINT('Control Point',(-22.5071075789,4.5,-22.9649666065)) ;
#8653=CARTESIAN_POINT('Control Point',(-22.8219999341,4.5,-23.0475133168)) ;
#8654=CARTESIAN_POINT('Vertex',(-22.8219999341,4.5,-23.0475133168)) ;
#8658=CARTESIAN_POINT('Control Point',(-22.8219999341,4.5,-23.0475133168)) ;
#8659=CARTESIAN_POINT('Control Point',(-23.021839828,4.5,-22.9006304246)) ;
#8660=CARTESIAN_POINT('Control Point',(-23.2201413303,4.5,-22.75169919)) ;
#8661=CARTESIAN_POINT('Control Point',(-23.4169244708,4.5,-22.600702175)) ;
#8662=CARTESIAN_POINT('Control Point',(-23.6121052021,4.5,-22.4477038724)) ;
#8663=CARTESIAN_POINT('Control Point',(-23.8057055516,4.5,-22.2926894477)) ;
#8664=CARTESIAN_POINT('Vertex',(-23.8057055516,4.5,-22.2926894477)) ;
#8668=CARTESIAN_POINT('Control Point',(-23.8057055516,4.5,-22.2926894477)) ;
#8669=CARTESIAN_POINT('Control Point',(-23.8097405316,4.5,-21.5489790465)) ;
#8670=CARTESIAN_POINT('Control Point',(-23.7770795965,4.5,-20.8040574908)) ;
#8671=CARTESIAN_POINT('Control Point',(-23.6665253566,4.5,-20.0555810972)) ;
#8672=CARTESIAN_POINT('Control Point',(-23.3814720992,4.5,-19.1943229474)) ;
#8673=CARTESIAN_POINT('Control Point',(-22.9045445377,4.5,-18.3948174665)) ;
#8674=CARTESIAN_POINT('Control Point',(-22.822900041,4.5,-18.2680567956)) ;
#8675=CARTESIAN_POINT('Control Point',(-22.736492698,4.5,-18.1434686413)) ;
#8676=CARTESIAN_POINT('Control Point',(-22.6452262332,4.5,-18.020883174)) ;
#8677=CARTESIAN_POINT('Vertex',(-22.6452262332,4.5,-18.020883174)) ;
#8681=CARTESIAN_POINT('Control Point',(-22.6452262332,4.5,-18.020883174)) ;
#8682=CARTESIAN_POINT('Control Point',(-22.9694651204,4.5,-17.7230972794)) ;
#8683=CARTESIAN_POINT('Control Point',(-23.2873019638,4.5,-17.4184974158)) ;
#8684=CARTESIAN_POINT('Control Point',(-23.5988234886,4.5,-17.106975888)) ;
#8685=CARTESIAN_POINT('Control Point',(-23.9034233522,4.5,-16.7891390415)) ;
#8686=CARTESIAN_POINT('Control Point',(-24.2012092532,4.5,-16.4649001541)) ;
#8687=CARTESIAN_POINT('Vertex',(-24.2012092532,4.5,-16.4649001541)) ;
#8691=CARTESIAN_POINT('Control Point',(-24.2012092532,4.5,-16.4649001541)) ;
#8692=CARTESIAN_POINT('Control Point',(-24.685810546,4.5,-16.8256920798)) ;
#8693=CARTESIAN_POINT('Control Point',(-25.2017089479,4.5,-17.1105477902)) ;
#8694=CARTESIAN_POINT('Control Point',(-25.7401351563,4.5,-17.3131561588)) ;
#8695=CARTESIAN_POINT('Control Point',(-26.6104393722,4.5,-17.5244415582)) ;
#8696=CARTESIAN_POINT('Control Point',(-27.4954073251,4.5,-17.6060428027)) ;
#8697=CARTESIAN_POINT('Control Point',(-27.8217288466,4.5,-17.6218812725)) ;
#8698=CARTESIAN_POINT('Control Point',(-28.1474882078,4.5,-17.6271456118)) ;
#8699=CARTESIAN_POINT('Control Point',(-28.4730155268,4.5,-17.6253794724)) ;
#8700=CARTESIAN_POINT('Vertex',(-28.4730155268,4.5,-17.6253794724)) ;
#8704=CARTESIAN_POINT('Control Point',(-28.4730155268,4.5,-17.6253794724)) ;
#8705=CARTESIAN_POINT('Control Point',(-28.6280299517,4.5,-17.4317791227)) ;
#8706=CARTESIAN_POINT('Control Point',(-28.7810282545,4.5,-17.2365983912)) ;
#8707=CARTESIAN_POINT('Control Point',(-28.9320252707,4.5,-17.0398152497)) ;
#8708=CARTESIAN_POINT('Control Point',(-29.0809565055,4.5,-16.8415137471)) ;
#8709=CARTESIAN_POINT('Control Point',(-29.2278393978,4.5,-16.6416738531)) ;
#8710=CARTESIAN_POINT('Vertex',(-29.2278393978,4.5,-16.6416738531)) ;
#8714=CARTESIAN_POINT('Control Point',(-29.2278393978,4.5,-16.6416738531)) ;
#8715=CARTESIAN_POINT('Control Point',(-29.0392504743,4.5,-15.9222604433)) ;
#8716=CARTESIAN_POINT('Control Point',(-28.8149025492,4.5,-15.2111747495)) ;
#8717=CARTESIAN_POINT('Control Point',(-28.514395401,4.5,-14.5168156005)) ;
#8718=CARTESIAN_POINT('Control Point',(-28.0161450872,4.5,-13.7586813258)) ;
#8719=CARTESIAN_POINT('Control Point',(-27.3485411958,4.5,-13.1098562723)) ;
#8720=CARTESIAN_POINT('Control Point',(-27.2368705922,4.5,-13.008546016)) ;
#8721=CARTESIAN_POINT('Control Point',(-27.1211617208,4.5,-12.9105669661)) ;
#8722=CARTESIAN_POINT('Control Point',(-27.0012776317,4.5,-12.8157799965)) ;
#8723=CARTESIAN_POINT('Vertex',(-27.0012776317,4.5,-12.8157799965)) ;
#8727=CARTESIAN_POINT('Control Point',(-27.0012776317,4.5,-12.8157799965)) ;
#8728=CARTESIAN_POINT('Control Point',(-27.2373956729,4.5,-12.4442216788)) ;
#8729=CARTESIAN_POINT('Control Point',(-27.4655662247,4.5,-12.0677385299)) ;
#8730=CARTESIAN_POINT('Control Point',(-27.6858451955,4.5,-11.6862041123)) ;
#8731=CARTESIAN_POINT('Control Point',(-27.8978038491,4.5,-11.3003610653)) ;
#8732=CARTESIAN_POINT('Control Point',(-28.1015237761,4.5,-10.9100977754)) ;
#8733=CARTESIAN_POINT('Vertex',(-28.1015237761,4.5,-10.9100977754)) ;
#8737=CARTESIAN_POINT('Control Point',(-28.1015237761,4.5,-10.9100977754)) ;
#8738=CARTESIAN_POINT('Control Point',(-28.6629924978,4.5,-11.1331719689)) ;
#8739=CARTESIAN_POINT('Control Point',(-29.2350381665,4.5,-11.2747971241)) ;
#8740=CARTESIAN_POINT('Control Point',(-29.8075568686,4.5,-11.3311468248)) ;
#8741=CARTESIAN_POINT('Control Point',(-30.7028908686,4.5,-11.3099815422)) ;
#8742=CARTESIAN_POINT('Control Point',(-31.5788242218,4.5,-11.1597557318)) ;
#8743=CARTESIAN_POINT('Control Point',(-31.8981259054,4.5,-11.0905962927)) ;
#8744=CARTESIAN_POINT('Control Point',(-32.2141477968,4.5,-11.0113685271)) ;
#8745=CARTESIAN_POINT('Control Point',(-32.5281259311,4.5,-10.9254098976)) ;
#8746=CARTESIAN_POINT('Vertex',(-32.5281259311,4.5,-10.9254098976)) ;
#8750=CARTESIAN_POINT('Control Point',(-32.5281259311,4.5,-10.9254098976)) ;
#8751=CARTESIAN_POINT('Control Point',(-32.6277509098,4.5,-10.6982856346)) ;
#8752=CARTESIAN_POINT('Control Point',(-32.7250194312,4.5,-10.4701566507)) ;
#8753=CARTESIAN_POINT('Control Point',(-32.8199401224,4.5,-10.2409978291)) ;
#8754=CARTESIAN_POINT('Control Point',(-32.9124724427,4.5,-10.0109070465)) ;
#8755=CARTESIAN_POINT('Control Point',(-33.0026280513,4.5,-9.77986044194)) ;
#8756=CARTESIAN_POINT('Vertex',(-33.0026280513,4.5,-9.77986044194)) ;
#8760=CARTESIAN_POINT('Control Point',(-33.0026280513,4.5,-9.77986044194)) ;
#8761=CARTESIAN_POINT('Control Point',(-32.6342672459,4.5,-9.13377085145)) ;
#8762=CARTESIAN_POINT('Control Point',(-32.2335212685,4.5,-8.50498032779)) ;
#8763=CARTESIAN_POINT('Control Point',(-31.7635402916,4.5,-7.91205787869)) ;
#8764=CARTESIAN_POINT('Control Point',(-31.0860478543,4.5,-7.3087130703)) ;
#8765=CARTESIAN_POINT('Control Point',(-30.2732637297,4.5,-6.85478479416)) ;
#8766=CARTESIAN_POINT('Control Point',(-30.1391771865,4.5,-6.78582908008)) ;
#8767=CARTESIAN_POINT('Control Point',(-30.0020521553,4.5,-6.72113624499)) ;
#8768=CARTESIAN_POINT('Control Point',(-29.8617203446,4.5,-6.66060734856)) ;
#8769=CARTESIAN_POINT('Vertex',(-29.8617203446,4.5,-6.66060734856)) ;
#8773=CARTESIAN_POINT('Control Point',(-29.8617203446,4.5,-6.66060734856)) ;
#8774=CARTESIAN_POINT('Control Point',(-29.9936263518,4.5,-6.24059729929)) ;
#8775=CARTESIAN_POINT('Control Point',(-30.1165809878,4.5,-5.81788701104)) ;
#8776=CARTESIAN_POINT('Control Point',(-30.2306056667,4.5,-5.39234030328)) ;
#8777=CARTESIAN_POINT('Control Point',(-30.335478574,4.5,-4.9647858252)) ;
#8778=CARTESIAN_POINT('Control Point',(-30.4312496563,4.5,-4.53509501498)) ;
#8779=CARTESIAN_POINT('Vertex',(-30.4312496563,4.5,-4.53509501498)) ;
#8783=CARTESIAN_POINT('Control Point',(-30.4312496563,4.5,-4.53509501498)) ;
#8784=CARTESIAN_POINT('Control Point',(-31.0313226503,4.5,-4.6052493419)) ;
#8785=CARTESIAN_POINT('Control Point',(-31.6205316281,4.5,-4.59399242239)) ;
#8786=CARTESIAN_POINT('Control Point',(-32.1881265847,4.5,-4.50024331349)) ;
#8787=CARTESIAN_POINT('Control Point',(-33.0474748453,4.5,-4.24806972869)) ;
#8788=CARTESIAN_POINT('Control Point',(-33.854680197,4.5,-3.87625450261)) ;
#8789=CARTESIAN_POINT('Control Point',(-34.1452021596,4.5,-3.72681025826)) ;
#8790=CARTESIAN_POINT('Control Point',(-34.4299502116,4.5,-3.5684896292)) ;
#8791=CARTESIAN_POINT('Control Point',(-34.7109820699,4.5,-3.40419644806)) ;
#8792=CARTESIAN_POINT('Vertex',(-34.7109820699,4.5,-3.40419644806)) ;
#8796=CARTESIAN_POINT('Control Point',(-34.7109820699,4.5,-3.40419644806)) ;
#8797=CARTESIAN_POINT('Control Point',(-34.7484283249,4.5,-3.15902641485)) ;
#8798=CARTESIAN_POINT('Control Point',(-34.783338376,4.5,-2.91349579188)) ;
#8799=CARTESIAN_POINT('Control Point',(-34.8157140557,4.5,-2.66757808563)) ;
#8800=CARTESIAN_POINT('Control Point',(-34.8455415371,4.5,-2.42137832966)) ;
#8801=CARTESIAN_POINT('Control Point',(-34.8728259062,4.5,-2.1748704588)) ;
#8802=CARTESIAN_POINT('Vertex',(-34.8728259062,4.5,-2.1748704588)) ;
#8806=CARTESIAN_POINT('Control Point',(-34.8728259062,4.5,-2.1748704588)) ;
#8807=CARTESIAN_POINT('Control Point',(-34.3497963995,4.5,-1.64613462862)) ;
#8808=CARTESIAN_POINT('Control Point',(-33.7999625466,4.5,-1.1424903132)) ;
#8809=CARTESIAN_POINT('Control Point',(-33.1925361648,4.5,-0.691411234855)) ;
#8810=CARTESIAN_POINT('Control Point',(-32.3819715945,4.5,-0.283972847416)) ;
#8811=CARTESIAN_POINT('Control Point',(-31.4793971335,4.5,-0.0558758130103)) ;
#8812=CARTESIAN_POINT('Control Point',(-31.332032426,4.5,-0.0239738577346)) ;
#8813=CARTESIAN_POINT('Control Point',(-31.1828360789,4.5,0.00302405283708)) ;
#8814=CARTESIAN_POINT('Control Point',(-31.0316199275,4.5,0.0251699319172)) ;
#8815=CARTESIAN_POINT('Vertex',(-31.0316199275,4.5,0.0251699319172)) ;
#8819=CARTESIAN_POINT('Control Point',(-31.0316199275,4.5,0.0251699319172)) ;
#8820=CARTESIAN_POINT('Control Point',(-31.0503240506,4.5,0.465014379024)) ;
#8821=CARTESIAN_POINT('Control Point',(-31.0596828949,4.5,0.905152908468)) ;
#8822=CARTESIAN_POINT('Control Point',(-31.0596827772,4.5,1.34571686929)) ;
#8823=CARTESIAN_POINT('Control Point',(-31.0503238167,4.5,1.78584285691)) ;
#8824=CARTESIAN_POINT('Control Point',(-31.0316199275,4.5,2.22566221897)) ;
#8825=CARTESIAN_POINT('Vertex',(-31.0316199275,4.5,2.22566221897)) ;
#8829=CARTESIAN_POINT('Control Point',(-31.0316199275,4.5,2.22566221897)) ;
#8830=CARTESIAN_POINT('Control Point',(-31.6294032013,4.5,2.31320866139)) ;
#8831=CARTESIAN_POINT('Control Point',(-32.1956218609,4.5,2.47658051385)) ;
#8832=CARTESIAN_POINT('Control Point',(-32.7196124487,4.5,2.7140395921)) ;
#8833=CARTESIAN_POINT('Control Point',(-33.4844117968,4.5,3.1800362648)) ;
#8834=CARTESIAN_POINT('Control Point',(-34.167879428,4.5,3.74810230982)) ;
#8835=CARTESIAN_POINT('Control Point',(-34.4098230772,4.5,3.96764698245)) ;
#8836=CARTESIAN_POINT('Control Point',(-34.6438921806,4.5,4.19427118577)) ;
#8837=CARTESIAN_POINT('Control Point',(-34.8728259062,4.5,4.42570260969)) ;
#8838=CARTESIAN_POINT('Vertex',(-34.8728259062,4.5,4.42570260969)) ;
#8842=CARTESIAN_POINT('Control Point',(-34.8728259062,4.5,4.42570260969)) ;
#8843=CARTESIAN_POINT('Control Point',(-34.8455415371,4.5,4.67221048055)) ;
#8844=CARTESIAN_POINT('Control Point',(-34.8157140557,4.5,4.91841023652)) ;
#8845=CARTESIAN_POINT('Control Point',(-34.783338376,4.5,5.16432794277)) ;
#8846=CARTESIAN_POINT('Control Point',(-34.7484283249,4.5,5.40985856574)) ;
#8847=CARTESIAN_POINT('Control Point',(-34.7109820699,4.5,5.65502859895)) ;
#8848=CARTESIAN_POINT('Vertex',(-34.7109820699,4.5,5.65502859895)) ;
#8852=CARTESIAN_POINT('Control Point',(-34.7109820699,4.5,5.65502859895)) ;
#8853=CARTESIAN_POINT('Control Point',(-34.0689274593,4.5,6.03037819481)) ;
#8854=CARTESIAN_POINT('Control Point',(-33.4074760004,4.5,6.37455377335)) ;
#8855=CARTESIAN_POINT('Control Point',(-32.7039993103,4.5,6.65304918949)) ;
#8856=CARTESIAN_POINT('Control Point',(-31.8156012442,4.5,6.83681490222)) ;
#8857=CARTESIAN_POINT('Control Point',(-30.8847454061,4.5,6.82353625853)) ;
#8858=CARTESIAN_POINT('Control Point',(-30.7341451958,4.5,6.81621038623)) ;
#8859=CARTESIAN_POINT('Control Point',(-30.5830450176,4.5,6.80367350924)) ;
#8860=CARTESIAN_POINT('Control Point',(-30.4312496563,4.5,6.78592716586)) ;
#8861=CARTESIAN_POINT('Vertex',(-30.4312496563,4.5,6.78592716586)) ;
#8865=CARTESIAN_POINT('Control Point',(-30.4312496563,4.5,6.78592716586)) ;
#8866=CARTESIAN_POINT('Control Point',(-30.3355112697,4.5,7.21562812713)) ;
#8867=CARTESIAN_POINT('Control Point',(-30.2306920044,4.5,7.64308255398)) ;
#8868=CARTESIAN_POINT('Control Point',(-30.1167139122,4.5,8.06847692183)) ;
#8869=CARTESIAN_POINT('Control Point',(-29.9937821284,4.5,8.49103934686)) ;
#8870=CARTESIAN_POINT('Control Point',(-29.861867894,4.5,8.91096937899)) ;
#8871=CARTESIAN_POINT('Vertex',(-29.8618678939,4.5,8.91096937975)) ;
#8875=CARTESIAN_POINT('Control Point',(-29.861867894,4.5,8.91096937899)) ;
#8876=CARTESIAN_POINT('Control Point',(-29.1138634833,4.5,11.2943213634)) ;
#8877=CARTESIAN_POINT('Control Point',(-28.0796306946,4.5,13.5878414179)) ;
#8878=CARTESIAN_POINT('Control Point',(-26.7734462104,4.5,15.745778641)) ;
#8879=CARTESIAN_POINT('Control Point',(-23.6686079659,4.5,19.7055112821)) ;
#8880=CARTESIAN_POINT('Control Point',(-19.7144931696,4.5,22.817498266)) ;
#8881=CARTESIAN_POINT('Control Point',(-17.5589198583,4.5,24.1275801909)) ;
#8882=CARTESIAN_POINT('Control Point',(-13.8079125771,4.5,25.8272102573)) ;
#8883=CARTESIAN_POINT('Control Point',(-9.81484732698,4.5,26.7604220081)) ;
#8884=CARTESIAN_POINT('Control Point',(-8.23647080491,4.5,27.0037388314)) ;
#8885=CARTESIAN_POINT('Control Point',(-6.64568573125,4.5,27.1254017439)) ;
#8886=CARTESIAN_POINT('Control Point',(-5.05491000411,4.5,27.1254062211)) ;
#8887=CARTESIAN_POINT('Vertex',(-5.05491000414,4.5,27.1254160755)) ;
#8891=CARTESIAN_POINT('Control Point',(-5.05491000411,4.5,27.1254062211)) ;
#8892=CARTESIAN_POINT('Control Point',(-4.14767218721,4.5,27.1254087746)) ;
#8893=CARTESIAN_POINT('Control Point',(-3.24043741032,4.5,27.0858412774)) ;
#8894=CARTESIAN_POINT('Control Point',(-2.33550915458,4.5,27.0067028905)) ;
#8895=CARTESIAN_POINT('Control Point',(1.04377668963,4.5,26.5618846747)) ;
#8896=CARTESIAN_POINT('Control Point',(4.32629417281,4.5,25.5680594776)) ;
#8897=CARTESIAN_POINT('Control Point',(6.63498587791,4.5,24.5518146619)) ;
#8898=CARTESIAN_POINT('Control Point',(10.9628826775,4.5,21.9849464458)) ;
#8899=CARTESIAN_POINT('Control Point',(14.5599425499,4.5,18.4663320713)) ;
#8900=CARTESIAN_POINT('Control Point',(16.1377031324,4.5,16.4982155902)) ;
#8901=CARTESIAN_POINT('Control Point',(17.9610707102,4.5,13.5578705546)) ;
#8902=CARTESIAN_POINT('Control Point',(19.2700930672,4.5,10.3781666229)) ;
#8903=CARTESIAN_POINT('Control Point',(19.5878619887,4.5,9.49518047292)) ;
#8904=CARTESIAN_POINT('Control Point',(19.8654162563,4.5,8.59907618363)) ;
#8905=CARTESIAN_POINT('Control Point',(20.1021156343,4.5,7.69230735358)) ;
#8906=CARTESIAN_POINT('Vertex',(20.1021156343,4.5,7.69230735358)) ;
#8909=CARTESIAN_POINT('Axis2P3D Location',(22.0372714491,4.5,8.19745283383)) ;
#8913=CARTESIAN_POINT('Vertex',(21.7464826884,4.5,6.21870528032)) ;
#8916=CARTESIAN_POINT('Line Origine',(39.0075263394,4.5,3.68209189233)) ;
#8980=CARTESIAN_POINT('Control Point',(-5.05491000468,4.5,-1.87458392362)) ;
#8981=CARTESIAN_POINT('Control Point',(-5.39431507239,4.5,-1.87458392362)) ;
#8982=CARTESIAN_POINT('Control Point',(-5.73371957444,4.5,-1.82658567363)) ;
#8983=CARTESIAN_POINT('Control Point',(-6.06410044729,4.5,-1.73056588309)) ;
#8984=CARTESIAN_POINT('Control Point',(-6.68862105989,4.5,-1.44776901603)) ;
#8985=CARTESIAN_POINT('Control Point',(-7.21023255263,4.5,-1.00288875981)) ;
#8986=CARTESIAN_POINT('Control Point',(-7.43768107375,4.5,-0.744744433258)) ;
#8987=CARTESIAN_POINT('Control Point',(-7.81333715642,4.5,-0.17126159229)) ;
#8988=CARTESIAN_POINT('Control Point',(-8.01523933707,4.5,0.483896784648)) ;
#8989=CARTESIAN_POINT('Control Point',(-8.06889228741,4.5,0.823738935952)) ;
#8990=CARTESIAN_POINT('Control Point',(-8.07864549504,4.5,1.50923506049)) ;
#8991=CARTESIAN_POINT('Control Point',(-7.89793429188,4.5,2.17055226965)) ;
#8992=CARTESIAN_POINT('Control Point',(-7.76107570717,4.5,2.48621197529)) ;
#8993=CARTESIAN_POINT('Control Point',(-7.40188735744,4.5,3.07015015194)) ;
#8994=CARTESIAN_POINT('Control Point',(-6.89486464038,4.5,3.5315880755)) ;
#8995=CARTESIAN_POINT('Control Point',(-6.6101338003,4.5,3.72471929836)) ;
#8996=CARTESIAN_POINT('Control Point',(-6.13144846795,4.5,3.95811085073)) ;
#8997=CARTESIAN_POINT('Control Point',(-5.61707309745,4.5,4.08128277884)) ;
#8998=CARTESIAN_POINT('Control Point',(-5.43070811885,4.5,4.11070523343)) ;
#8999=CARTESIAN_POINT('Control Point',(-5.24280897508,4.5,4.12541607638)) ;
#9000=CARTESIAN_POINT('Control Point',(-5.05491000468,4.5,4.12541607638)) ;
#9001=CARTESIAN_POINT('Vertex',(-5.05491000414,4.5,-1.87458392451)) ;
#9003=CARTESIAN_POINT('Vertex',(-5.05491000414,4.5,4.12541607549)) ;
#9007=CARTESIAN_POINT('Control Point',(-5.05491000468,4.5,4.12541607638)) ;
#9008=CARTESIAN_POINT('Control Point',(-4.71550493977,4.5,4.12541607638)) ;
#9009=CARTESIAN_POINT('Control Point',(-4.37610044053,4.5,4.07741782718)) ;
#9010=CARTESIAN_POINT('Control Point',(-4.04571955503,4.5,3.98139803163)) ;
#9011=CARTESIAN_POINT('Control Point',(-3.42119894724,4.5,3.69860116589)) ;
#9012=CARTESIAN_POINT('Control Point',(-2.89958745786,4.5,3.25372091326)) ;
#9013=CARTESIAN_POINT('Control Point',(-2.67213893158,4.5,2.99557658085)) ;
#9014=CARTESIAN_POINT('Control Point',(-2.29648285017,4.5,2.42209374081)) ;
#9015=CARTESIAN_POINT('Control Point',(-2.09458067008,4.5,1.76693536512)) ;
#9016=CARTESIAN_POINT('Control Point',(-2.04092772196,4.5,1.42709321611)) ;
#9017=CARTESIAN_POINT('Control Point',(-2.03117451415,4.5,0.741597090609)) ;
#9018=CARTESIAN_POINT('Control Point',(-2.21188571766,4.5,0.0802798805569)) ;
#9019=CARTESIAN_POINT('Control Point',(-2.34874429995,4.5,-0.235379823804)) ;
#9020=CARTESIAN_POINT('Control Point',(-2.70793264978,4.5,-0.819318000808)) ;
#9021=CARTESIAN_POINT('Control Point',(-3.2149553671,4.5,-1.2807559246)) ;
#9022=CARTESIAN_POINT('Control Point',(-3.49968620908,4.5,-1.47388714748)) ;
#9023=CARTESIAN_POINT('Control Point',(-3.97837154749,4.5,-1.70727870281)) ;
#9024=CARTESIAN_POINT('Control Point',(-4.49274692496,4.5,-1.83045063107)) ;
#9025=CARTESIAN_POINT('Control Point',(-4.67911187712,4.5,-1.85987307963)) ;
#9026=CARTESIAN_POINT('Control Point',(-4.86701102758,4.5,-1.87458392362)) ;
#9027=CARTESIAN_POINT('Control Point',(-5.05491000468,4.5,-1.87458392362)) ;
#9034=CARTESIAN_POINT('Control Point',(9.94508999532,4.5,-1.87458392362)) ;
#9035=CARTESIAN_POINT('Control Point',(9.60568492761,4.5,-1.87458392362)) ;
#9036=CARTESIAN_POINT('Control Point',(9.26628042556,4.5,-1.82658567363)) ;
#9037=CARTESIAN_POINT('Control Point',(8.93589955271,4.5,-1.73056588309)) ;
#9038=CARTESIAN_POINT('Control Point',(8.31137894011,4.5,-1.44776901603)) ;
#9039=CARTESIAN_POINT('Control Point',(7.78976744737,4.5,-1.00288875981)) ;
#9040=CARTESIAN_POINT('Control Point',(7.56231892624,4.5,-0.744744433255)) ;
#9041=CARTESIAN_POINT('Control Point',(7.18666284358,4.5,-0.171261592287)) ;
#9042=CARTESIAN_POINT('Control Point',(6.98476066293,4.5,0.48389678465)) ;
#9043=CARTESIAN_POINT('Control Point',(6.93110771259,4.5,0.82373893595)) ;
#9044=CARTESIAN_POINT('Control Point',(6.92135450495,4.5,1.50923506051)) ;
#9045=CARTESIAN_POINT('Control Point',(7.10206570813,4.5,2.17055226968)) ;
#9046=CARTESIAN_POINT('Control Point',(7.23892429281,4.5,2.48621197527)) ;
#9047=CARTESIAN_POINT('Control Point',(7.59811264255,4.5,3.07015015193)) ;
#9048=CARTESIAN_POINT('Control Point',(8.10513535962,4.5,3.5315880755)) ;
#9049=CARTESIAN_POINT('Control Point',(8.3898661997,4.5,3.72471929836)) ;
#9050=CARTESIAN_POINT('Control Point',(8.86855153205,4.5,3.95811085073)) ;
#9051=CARTESIAN_POINT('Control Point',(9.38292690255,4.5,4.08128277884)) ;
#9052=CARTESIAN_POINT('Control Point',(9.56929188115,4.5,4.11070523343)) ;
#9053=CARTESIAN_POINT('Control Point',(9.75719102492,4.5,4.12541607638)) ;
#9054=CARTESIAN_POINT('Control Point',(9.94508999532,4.5,4.12541607638)) ;
#9055=CARTESIAN_POINT('Vertex',(9.94508999586,4.5,-1.87458392451)) ;
#9057=CARTESIAN_POINT('Vertex',(9.94508999586,4.5,4.12541607549)) ;
#9061=CARTESIAN_POINT('Control Point',(9.94508999532,4.5,4.12541607638)) ;
#9062=CARTESIAN_POINT('Control Point',(10.2844950602,4.5,4.12541607638)) ;
#9063=CARTESIAN_POINT('Control Point',(10.6238995595,4.5,4.07741782718)) ;
#9064=CARTESIAN_POINT('Control Point',(10.954280445,4.5,3.98139803163)) ;
#9065=CARTESIAN_POINT('Control Point',(11.5788010528,4.5,3.69860116589)) ;
#9066=CARTESIAN_POINT('Control Point',(12.1004125421,4.5,3.25372091326)) ;
#9067=CARTESIAN_POINT('Control Point',(12.3278610684,4.5,2.99557658085)) ;
#9068=CARTESIAN_POINT('Control Point',(12.7035171498,4.5,2.42209374082)) ;
#9069=CARTESIAN_POINT('Control Point',(12.9054193299,4.5,1.76693536515)) ;
#9070=CARTESIAN_POINT('Control Point',(12.959072278,4.5,1.42709321608)) ;
#9071=CARTESIAN_POINT('Control Point',(12.9688254858,4.5,0.741597090583)) ;
#9072=CARTESIAN_POINT('Control Point',(12.7881142823,4.5,0.0802798805329)) ;
#9073=CARTESIAN_POINT('Control Point',(12.6512557001,4.5,-0.235379823784)) ;
#9074=CARTESIAN_POINT('Control Point',(12.2920673502,4.5,-0.8193180008)) ;
#9075=CARTESIAN_POINT('Control Point',(11.7850446329,4.5,-1.2807559246)) ;
#9076=CARTESIAN_POINT('Control Point',(11.5003137909,4.5,-1.47388714748)) ;
#9077=CARTESIAN_POINT('Control Point',(11.0216284525,4.5,-1.70727870281)) ;
#9078=CARTESIAN_POINT('Control Point',(10.507253075,4.5,-1.83045063107)) ;
#9079=CARTESIAN_POINT('Control Point',(10.3208881229,4.5,-1.85987307963)) ;
#9080=CARTESIAN_POINT('Control Point',(10.1329889724,4.5,-1.87458392362)) ;
#9081=CARTESIAN_POINT('Control Point',(9.94508999532,4.5,-1.87458392362)) ;
#9088=CARTESIAN_POINT('Control Point',(-20.0549100047,4.5,-1.87458392362)) ;
#9089=CARTESIAN_POINT('Control Point',(-20.3943150724,4.5,-1.87458392362)) ;
#9090=CARTESIAN_POINT('Control Point',(-20.7337195744,4.5,-1.82658567363)) ;
#9091=CARTESIAN_POINT('Control Point',(-21.0641004473,4.5,-1.73056588308)) ;
#9092=CARTESIAN_POINT('Control Point',(-21.6886210599,4.5,-1.44776901603)) ;
#9093=CARTESIAN_POINT('Control Point',(-22.2102325526,4.5,-1.00288875981)) ;
#9094=CARTESIAN_POINT('Control Point',(-22.4376810738,4.5,-0.744744433257)) ;
#9095=CARTESIAN_POINT('Control Point',(-22.8133371564,4.5,-0.171261592288)) ;
#9096=CARTESIAN_POINT('Control Point',(-23.0152393371,4.5,0.483896784648)) ;
#9097=CARTESIAN_POINT('Control Point',(-23.0688922874,4.5,0.823738935952)) ;
#9098=CARTESIAN_POINT('Control Point',(-23.078645495,4.5,1.50923506052)) ;
#9099=CARTESIAN_POINT('Control Point',(-22.8979342919,4.5,2.1705522697)) ;
#9100=CARTESIAN_POINT('Control Point',(-22.7610757072,4.5,2.48621197525)) ;
#9101=CARTESIAN_POINT('Control Point',(-22.4018873575,4.5,3.07015015193)) ;
#9102=CARTESIAN_POINT('Control Point',(-21.8948646404,4.5,3.5315880755)) ;
#9103=CARTESIAN_POINT('Control Point',(-21.6101338003,4.5,3.72471929836)) ;
#9104=CARTESIAN_POINT('Control Point',(-21.131448468,4.5,3.95811085073)) ;
#9105=CARTESIAN_POINT('Control Point',(-20.6170730975,4.5,4.08128277884)) ;
#9106=CARTESIAN_POINT('Control Point',(-20.4307081188,4.5,4.11070523343)) ;
#9107=CARTESIAN_POINT('Control Point',(-20.2428089751,4.5,4.12541607638)) ;
#9108=CARTESIAN_POINT('Control Point',(-20.0549100047,4.5,4.12541607638)) ;
#9109=CARTESIAN_POINT('Vertex',(-20.0549100041,4.5,-1.87458392451)) ;
#9111=CARTESIAN_POINT('Vertex',(-20.0549100041,4.5,4.12541607549)) ;
#9115=CARTESIAN_POINT('Control Point',(-20.0549100047,4.5,4.12541607638)) ;
#9116=CARTESIAN_POINT('Control Point',(-19.7155049398,4.5,4.12541607638)) ;
#9117=CARTESIAN_POINT('Control Point',(-19.3761004405,4.5,4.07741782718)) ;
#9118=CARTESIAN_POINT('Control Point',(-19.045719555,4.5,3.98139803163)) ;
#9119=CARTESIAN_POINT('Control Point',(-18.4211989472,4.5,3.69860116589)) ;
#9120=CARTESIAN_POINT('Control Point',(-17.8995874579,4.5,3.25372091326)) ;
#9121=CARTESIAN_POINT('Control Point',(-17.6721389316,4.5,2.99557658085)) ;
#9122=CARTESIAN_POINT('Control Point',(-17.2964828502,4.5,2.42209374085)) ;
#9123=CARTESIAN_POINT('Control Point',(-17.0945806701,4.5,1.76693536523)) ;
#9124=CARTESIAN_POINT('Control Point',(-17.040927722,4.5,1.42709321599)) ;
#9125=CARTESIAN_POINT('Control Point',(-17.0311745142,4.5,0.741597090594)) ;
#9126=CARTESIAN_POINT('Control Point',(-17.2118857176,4.5,0.0802798806354)) ;
#9127=CARTESIAN_POINT('Control Point',(-17.3487443,4.5,-0.235379823874)) ;
#9128=CARTESIAN_POINT('Control Point',(-17.7079326498,4.5,-0.819318000836)) ;
#9129=CARTESIAN_POINT('Control Point',(-18.2149553671,4.5,-1.2807559246)) ;
#9130=CARTESIAN_POINT('Control Point',(-18.4996862091,4.5,-1.47388714748)) ;
#9131=CARTESIAN_POINT('Control Point',(-18.9783715475,4.5,-1.70727870281)) ;
#9132=CARTESIAN_POINT('Control Point',(-19.492746925,4.5,-1.83045063108)) ;
#9133=CARTESIAN_POINT('Control Point',(-19.6791118771,4.5,-1.85987307963)) ;
#9134=CARTESIAN_POINT('Control Point',(-19.8670110276,4.5,-1.87458392362)) ;
#9135=CARTESIAN_POINT('Control Point',(-20.0549100047,4.5,-1.87458392362)) ;
#9142=CARTESIAN_POINT('Control Point',(56.4050899962,4.5,-3.87458392362)) ;
#9143=CARTESIAN_POINT('Control Point',(56.7444950602,4.5,-3.87458392362)) ;
#9144=CARTESIAN_POINT('Control Point',(57.0838995585,4.5,-3.92258217256)) ;
#9145=CARTESIAN_POINT('Control Point',(57.4142804476,4.5,-4.01860196914)) ;
#9146=CARTESIAN_POINT('Control Point',(58.0388010545,4.5,-4.30139883476)) ;
#9147=CARTESIAN_POINT('Control Point',(58.5604125432,4.5,-4.74627908688)) ;
#9148=CARTESIAN_POINT('Control Point',(58.7878610673,4.5,-5.00442341897)) ;
#9149=CARTESIAN_POINT('Control Point',(59.1635171489,4.5,-5.57790625921)) ;
#9150=CARTESIAN_POINT('Control Point',(59.365419329,4.5,-6.23306463514)) ;
#9151=CARTESIAN_POINT('Control Point',(59.4190722789,4.5,-6.57290678362)) ;
#9152=CARTESIAN_POINT('Control Point',(59.4288254867,4.5,-7.2584029062)) ;
#9153=CARTESIAN_POINT('Control Point',(59.2481142848,4.5,-7.91972011354)) ;
#9154=CARTESIAN_POINT('Control Point',(59.1112556977,4.5,-8.23537982901)) ;
#9155=CARTESIAN_POINT('Control Point',(58.7520673498,4.5,-8.81931800127)) ;
#9156=CARTESIAN_POINT('Control Point',(58.2450446366,4.5,-9.28075592207)) ;
#9157=CARTESIAN_POINT('Control Point',(57.9603137884,4.5,-9.47388714913)) ;
#9158=CARTESIAN_POINT('Control Point',(57.4816284524,4.5,-9.70727870283)) ;
#9159=CARTESIAN_POINT('Control Point',(56.9672530778,4.5,-9.83045063063)) ;
#9160=CARTESIAN_POINT('Control Point',(56.7808881219,4.5,-9.85987307978)) ;
#9161=CARTESIAN_POINT('Control Point',(56.5929889724,4.5,-9.87458392362)) ;
#9162=CARTESIAN_POINT('Control Point',(56.4050899962,4.5,-9.87458392362)) ;
#9169=CARTESIAN_POINT('Axis2P3D Location',(56.4050899959,4.5,-6.87458392451)) ;
#9174=CARTESIAN_POINT('Axis2P3D Location',(56.4050899959,-1.5,-6.87458392451)) ;
#9186=CARTESIAN_POINT('Axis2P3D Location',(56.5593587546,-1.5,3.12422606219)) ;
#9191=CARTESIAN_POINT('Axis2P3D Location',(56.5593587701,-1.5,3.12422637811)) ;
#9195=CARTESIAN_POINT('Vertex',(56.2685699905,-1.5,1.14547850434)) ;
#9197=CARTESIAN_POINT('Vertex',(56.5285050028,-1.5,1.12446406485)) ;
#9200=CARTESIAN_POINT('Line Origine',(39.0075263394,-1.5,3.68209189233)) ;
#9204=CARTESIAN_POINT('Vertex',(21.7464826884,-1.5,6.21870528032)) ;
#9207=CARTESIAN_POINT('Axis2P3D Location',(22.0372714491,-1.5,8.19745283383)) ;
#9211=CARTESIAN_POINT('Vertex',(20.1021156343,-1.5,7.69230735358)) ;
#9215=CARTESIAN_POINT('Control Point',(-5.05491000411,-1.5,27.1254062211)) ;
#9216=CARTESIAN_POINT('Control Point',(-4.14767218721,-1.5,27.1254087746)) ;
#9217=CARTESIAN_POINT('Control Point',(-3.24043741032,-1.5,27.0858412774)) ;
#9218=CARTESIAN_POINT('Control Point',(-2.33550915458,-1.5,27.0067028905)) ;
#9219=CARTESIAN_POINT('Control Point',(1.04377668963,-1.5,26.5618846747)) ;
#9220=CARTESIAN_POINT('Control Point',(4.32629417281,-1.5,25.5680594776)) ;
#9221=CARTESIAN_POINT('Control Point',(6.63498587791,-1.5,24.5518146619)) ;
#9222=CARTESIAN_POINT('Control Point',(10.9628826775,-1.5,21.9849464458)) ;
#9223=CARTESIAN_POINT('Control Point',(14.5599425499,-1.5,18.4663320713)) ;
#9224=CARTESIAN_POINT('Control Point',(16.1377031324,-1.5,16.4982155902)) ;
#9225=CARTESIAN_POINT('Control Point',(17.9610707102,-1.5,13.5578705546)) ;
#9226=CARTESIAN_POINT('Control Point',(19.2700930672,-1.5,10.3781666229)) ;
#9227=CARTESIAN_POINT('Control Point',(19.5878619887,-1.5,9.49518047292)) ;
#9228=CARTESIAN_POINT('Control Point',(19.8654162563,-1.5,8.59907618363)) ;
#9229=CARTESIAN_POINT('Control Point',(20.1021156343,-1.5,7.69230735358)) ;
#9230=CARTESIAN_POINT('Vertex',(-5.05491000414,-1.5,27.1254160755)) ;
#9234=CARTESIAN_POINT('Control Point',(-29.861867894,-1.5,8.91096937899)) ;
#9235=CARTESIAN_POINT('Control Point',(-29.1138634833,-1.5,11.2943213634)) ;
#9236=CARTESIAN_POINT('Control Point',(-28.0796306946,-1.5,13.5878414179)) ;
#9237=CARTESIAN_POINT('Control Point',(-26.7734462104,-1.5,15.745778641)) ;
#9238=CARTESIAN_POINT('Control Point',(-23.6686079659,-1.5,19.7055112821)) ;
#9239=CARTESIAN_POINT('Control Point',(-19.7144931696,-1.5,22.817498266)) ;
#9240=CARTESIAN_POINT('Control Point',(-17.5589198583,-1.5,24.1275801909)) ;
#9241=CARTESIAN_POINT('Control Point',(-13.8079125771,-1.5,25.8272102573)) ;
#9242=CARTESIAN_POINT('Control Point',(-9.81484732698,-1.5,26.7604220081)) ;
#9243=CARTESIAN_POINT('Control Point',(-8.23647080491,-1.5,27.0037388314)) ;
#9244=CARTESIAN_POINT('Control Point',(-6.64568573125,-1.5,27.1254017439)) ;
#9245=CARTESIAN_POINT('Control Point',(-5.05491000411,-1.5,27.1254062211)) ;
#9246=CARTESIAN_POINT('Vertex',(-29.8618678939,-1.5,8.91096937975)) ;
#9250=CARTESIAN_POINT('Control Point',(-30.4312496563,-1.5,6.78592716586)) ;
#9251=CARTESIAN_POINT('Control Point',(-30.3355112697,-1.5,7.21562812713)) ;
#9252=CARTESIAN_POINT('Control Point',(-30.2306920044,-1.5,7.64308255398)) ;
#9253=CARTESIAN_POINT('Control Point',(-30.1167139122,-1.5,8.06847692183)) ;
#9254=CARTESIAN_POINT('Control Point',(-29.9937821284,-1.5,8.49103934686)) ;
#9255=CARTESIAN_POINT('Control Point',(-29.861867894,-1.5,8.91096937899)) ;
#9256=CARTESIAN_POINT('Vertex',(-30.4312496563,-1.5,6.78592716586)) ;
#9260=CARTESIAN_POINT('Control Point',(-34.7109820699,-1.5,5.65502859895)) ;
#9261=CARTESIAN_POINT('Control Point',(-34.0689274593,-1.5,6.03037819481)) ;
#9262=CARTESIAN_POINT('Control Point',(-33.4074760004,-1.5,6.37455377335)) ;
#9263=CARTESIAN_POINT('Control Point',(-32.7039993103,-1.5,6.65304918949)) ;
#9264=CARTESIAN_POINT('Control Point',(-31.8156012442,-1.5,6.83681490222)) ;
#9265=CARTESIAN_POINT('Control Point',(-30.8847454061,-1.5,6.82353625853)) ;
#9266=CARTESIAN_POINT('Control Point',(-30.7341451958,-1.5,6.81621038623)) ;
#9267=CARTESIAN_POINT('Control Point',(-30.5830450176,-1.5,6.80367350924)) ;
#9268=CARTESIAN_POINT('Control Point',(-30.4312496563,-1.5,6.78592716586)) ;
#9269=CARTESIAN_POINT('Vertex',(-34.7109820699,-1.5,5.65502859895)) ;
#9273=CARTESIAN_POINT('Control Point',(-34.8728259062,-1.5,4.42570260969)) ;
#9274=CARTESIAN_POINT('Control Point',(-34.8455415371,-1.5,4.67221048055)) ;
#9275=CARTESIAN_POINT('Control Point',(-34.8157140557,-1.5,4.91841023652)) ;
#9276=CARTESIAN_POINT('Control Point',(-34.783338376,-1.5,5.16432794277)) ;
#9277=CARTESIAN_POINT('Control Point',(-34.7484283249,-1.5,5.40985856574)) ;
#9278=CARTESIAN_POINT('Control Point',(-34.7109820699,-1.5,5.65502859895)) ;
#9279=CARTESIAN_POINT('Vertex',(-34.8728259062,-1.5,4.42570260969)) ;
#9283=CARTESIAN_POINT('Control Point',(-31.0316199275,-1.5,2.22566221897)) ;
#9284=CARTESIAN_POINT('Control Point',(-31.6294032013,-1.5,2.31320866139)) ;
#9285=CARTESIAN_POINT('Control Point',(-32.1956218609,-1.5,2.47658051385)) ;
#9286=CARTESIAN_POINT('Control Point',(-32.7196124487,-1.5,2.7140395921)) ;
#9287=CARTESIAN_POINT('Control Point',(-33.4844117968,-1.5,3.1800362648)) ;
#9288=CARTESIAN_POINT('Control Point',(-34.167879428,-1.5,3.74810230982)) ;
#9289=CARTESIAN_POINT('Control Point',(-34.4098230772,-1.5,3.96764698245)) ;
#9290=CARTESIAN_POINT('Control Point',(-34.6438921806,-1.5,4.19427118577)) ;
#9291=CARTESIAN_POINT('Control Point',(-34.8728259062,-1.5,4.42570260969)) ;
#9292=CARTESIAN_POINT('Vertex',(-31.0316199275,-1.5,2.22566221897)) ;
#9296=CARTESIAN_POINT('Control Point',(-31.0316199275,-1.5,0.0251699319172)) ;
#9297=CARTESIAN_POINT('Control Point',(-31.0503240506,-1.5,0.465014379024)) ;
#9298=CARTESIAN_POINT('Control Point',(-31.0596828949,-1.5,0.905152908468)) ;
#9299=CARTESIAN_POINT('Control Point',(-31.0596827772,-1.5,1.34571686929)) ;
#9300=CARTESIAN_POINT('Control Point',(-31.0503238167,-1.5,1.78584285691)) ;
#9301=CARTESIAN_POINT('Control Point',(-31.0316199275,-1.5,2.22566221897)) ;
#9302=CARTESIAN_POINT('Vertex',(-31.0316199275,-1.5,0.0251699319172)) ;
#9306=CARTESIAN_POINT('Control Point',(-34.8728259062,-1.5,-2.1748704588)) ;
#9307=CARTESIAN_POINT('Control Point',(-34.3497963995,-1.5,-1.64613462862)) ;
#9308=CARTESIAN_POINT('Control Point',(-33.7999625466,-1.5,-1.1424903132)) ;
#9309=CARTESIAN_POINT('Control Point',(-33.1925361648,-1.5,-0.691411234855)) ;
#9310=CARTESIAN_POINT('Control Point',(-32.3819715945,-1.5,-0.283972847416)) ;
#9311=CARTESIAN_POINT('Control Point',(-31.4793971335,-1.5,-0.0558758130103)) ;
#9312=CARTESIAN_POINT('Control Point',(-31.332032426,-1.5,-0.0239738577346)) ;
#9313=CARTESIAN_POINT('Control Point',(-31.1828360789,-1.5,0.00302405283708)) ;
#9314=CARTESIAN_POINT('Control Point',(-31.0316199275,-1.5,0.0251699319172)) ;
#9315=CARTESIAN_POINT('Vertex',(-34.8728259062,-1.5,-2.1748704588)) ;
#9319=CARTESIAN_POINT('Control Point',(-34.7109820699,-1.5,-3.40419644806)) ;
#9320=CARTESIAN_POINT('Control Point',(-34.7484283249,-1.5,-3.15902641485)) ;
#9321=CARTESIAN_POINT('Control Point',(-34.783338376,-1.5,-2.91349579188)) ;
#9322=CARTESIAN_POINT('Control Point',(-34.8157140557,-1.5,-2.66757808563)) ;
#9323=CARTESIAN_POINT('Control Point',(-34.8455415371,-1.5,-2.42137832966)) ;
#9324=CARTESIAN_POINT('Control Point',(-34.8728259062,-1.5,-2.1748704588)) ;
#9325=CARTESIAN_POINT('Vertex',(-34.7109820699,-1.5,-3.40419644806)) ;
#9329=CARTESIAN_POINT('Control Point',(-30.4312496563,-1.5,-4.53509501498)) ;
#9330=CARTESIAN_POINT('Control Point',(-31.0313226503,-1.5,-4.6052493419)) ;
#9331=CARTESIAN_POINT('Control Point',(-31.6205316281,-1.5,-4.59399242239)) ;
#9332=CARTESIAN_POINT('Control Point',(-32.1881265847,-1.5,-4.50024331349)) ;
#9333=CARTESIAN_POINT('Control Point',(-33.0474748453,-1.5,-4.24806972869)) ;
#9334=CARTESIAN_POINT('Control Point',(-33.854680197,-1.5,-3.87625450261)) ;
#9335=CARTESIAN_POINT('Control Point',(-34.1452021596,-1.5,-3.72681025826)) ;
#9336=CARTESIAN_POINT('Control Point',(-34.4299502116,-1.5,-3.5684896292)) ;
#9337=CARTESIAN_POINT('Control Point',(-34.7109820699,-1.5,-3.40419644806)) ;
#9338=CARTESIAN_POINT('Vertex',(-30.4312496563,-1.5,-4.53509501498)) ;
#9342=CARTESIAN_POINT('Control Point',(-29.8617203446,-1.5,-6.66060734856)) ;
#9343=CARTESIAN_POINT('Control Point',(-29.9936263518,-1.5,-6.24059729929)) ;
#9344=CARTESIAN_POINT('Control Point',(-30.1165809878,-1.5,-5.81788701104)) ;
#9345=CARTESIAN_POINT('Control Point',(-30.2306056667,-1.5,-5.39234030328)) ;
#9346=CARTESIAN_POINT('Control Point',(-30.335478574,-1.5,-4.9647858252)) ;
#9347=CARTESIAN_POINT('Control Point',(-30.4312496563,-1.5,-4.53509501498)) ;
#9348=CARTESIAN_POINT('Vertex',(-29.8617203446,-1.5,-6.66060734856)) ;
#9352=CARTESIAN_POINT('Control Point',(-33.0026280513,-1.5,-9.77986044194)) ;
#9353=CARTESIAN_POINT('Control Point',(-32.6342672459,-1.5,-9.13377085145)) ;
#9354=CARTESIAN_POINT('Control Point',(-32.2335212685,-1.5,-8.50498032779)) ;
#9355=CARTESIAN_POINT('Control Point',(-31.7635402916,-1.5,-7.91205787869)) ;
#9356=CARTESIAN_POINT('Control Point',(-31.0860478543,-1.5,-7.3087130703)) ;
#9357=CARTESIAN_POINT('Control Point',(-30.2732637297,-1.5,-6.85478479416)) ;
#9358=CARTESIAN_POINT('Control Point',(-30.1391771865,-1.5,-6.78582908008)) ;
#9359=CARTESIAN_POINT('Control Point',(-30.0020521553,-1.5,-6.72113624499)) ;
#9360=CARTESIAN_POINT('Control Point',(-29.8617203446,-1.5,-6.66060734856)) ;
#9361=CARTESIAN_POINT('Vertex',(-33.0026280513,-1.5,-9.77986044194)) ;
#9365=CARTESIAN_POINT('Control Point',(-32.5281259311,-1.5,-10.9254098976)) ;
#9366=CARTESIAN_POINT('Control Point',(-32.6277509098,-1.5,-10.6982856346)) ;
#9367=CARTESIAN_POINT('Control Point',(-32.7250194312,-1.5,-10.4701566507)) ;
#9368=CARTESIAN_POINT('Control Point',(-32.8199401224,-1.5,-10.2409978291)) ;
#9369=CARTESIAN_POINT('Control Point',(-32.9124724427,-1.5,-10.0109070465)) ;
#9370=CARTESIAN_POINT('Control Point',(-33.0026280513,-1.5,-9.77986044194)) ;
#9371=CARTESIAN_POINT('Vertex',(-32.5281259311,-1.5,-10.9254098976)) ;
#9375=CARTESIAN_POINT('Control Point',(-28.1015237761,-1.5,-10.9100977754)) ;
#9376=CARTESIAN_POINT('Control Point',(-28.6629924978,-1.5,-11.1331719689)) ;
#9377=CARTESIAN_POINT('Control Point',(-29.2350381665,-1.5,-11.2747971241)) ;
#9378=CARTESIAN_POINT('Control Point',(-29.8075568686,-1.5,-11.3311468248)) ;
#9379=CARTESIAN_POINT('Control Point',(-30.7028908686,-1.5,-11.3099815422)) ;
#9380=CARTESIAN_POINT('Control Point',(-31.5788242218,-1.5,-11.1597557318)) ;
#9381=CARTESIAN_POINT('Control Point',(-31.8981259054,-1.5,-11.0905962927)) ;
#9382=CARTESIAN_POINT('Control Point',(-32.2141477968,-1.5,-11.0113685271)) ;
#9383=CARTESIAN_POINT('Control Point',(-32.5281259311,-1.5,-10.9254098976)) ;
#9384=CARTESIAN_POINT('Vertex',(-28.1015237761,-1.5,-10.9100977754)) ;
#9388=CARTESIAN_POINT('Control Point',(-27.0012776317,-1.5,-12.8157799965)) ;
#9389=CARTESIAN_POINT('Control Point',(-27.2373956729,-1.5,-12.4442216788)) ;
#9390=CARTESIAN_POINT('Control Point',(-27.4655662247,-1.5,-12.0677385299)) ;
#9391=CARTESIAN_POINT('Control Point',(-27.6858451955,-1.5,-11.6862041123)) ;
#9392=CARTESIAN_POINT('Control Point',(-27.8978038491,-1.5,-11.3003610653)) ;
#9393=CARTESIAN_POINT('Control Point',(-28.1015237761,-1.5,-10.9100977754)) ;
#9394=CARTESIAN_POINT('Vertex',(-27.0012776317,-1.5,-12.8157799965)) ;
#9398=CARTESIAN_POINT('Control Point',(-29.2278393978,-1.5,-16.6416738531)) ;
#9399=CARTESIAN_POINT('Control Point',(-29.0392504743,-1.5,-15.9222604433)) ;
#9400=CARTESIAN_POINT('Control Point',(-28.8149025492,-1.5,-15.2111747495)) ;
#9401=CARTESIAN_POINT('Control Point',(-28.514395401,-1.5,-14.5168156005)) ;
#9402=CARTESIAN_POINT('Control Point',(-28.0161450872,-1.5,-13.7586813258)) ;
#9403=CARTESIAN_POINT('Control Point',(-27.3485411958,-1.5,-13.1098562723)) ;
#9404=CARTESIAN_POINT('Control Point',(-27.2368705922,-1.5,-13.008546016)) ;
#9405=CARTESIAN_POINT('Control Point',(-27.1211617208,-1.5,-12.9105669661)) ;
#9406=CARTESIAN_POINT('Control Point',(-27.0012776317,-1.5,-12.8157799965)) ;
#9407=CARTESIAN_POINT('Vertex',(-29.2278393978,-1.5,-16.6416738531)) ;
#9411=CARTESIAN_POINT('Control Point',(-28.4730155268,-1.5,-17.6253794724)) ;
#9412=CARTESIAN_POINT('Control Point',(-28.6280299517,-1.5,-17.4317791227)) ;
#9413=CARTESIAN_POINT('Control Point',(-28.7810282545,-1.5,-17.2365983912)) ;
#9414=CARTESIAN_POINT('Control Point',(-28.9320252707,-1.5,-17.0398152497)) ;
#9415=CARTESIAN_POINT('Control Point',(-29.0809565055,-1.5,-16.8415137471)) ;
#9416=CARTESIAN_POINT('Control Point',(-29.2278393978,-1.5,-16.6416738531)) ;
#9417=CARTESIAN_POINT('Vertex',(-28.4730155268,-1.5,-17.6253794724)) ;
#9421=CARTESIAN_POINT('Control Point',(-24.2012092532,-1.5,-16.4649001541)) ;
#9422=CARTESIAN_POINT('Control Point',(-24.685810546,-1.5,-16.8256920798)) ;
#9423=CARTESIAN_POINT('Control Point',(-25.2017089479,-1.5,-17.1105477902)) ;
#9424=CARTESIAN_POINT('Control Point',(-25.7401351563,-1.5,-17.3131561588)) ;
#9425=CARTESIAN_POINT('Control Point',(-26.6104393722,-1.5,-17.5244415582)) ;
#9426=CARTESIAN_POINT('Control Point',(-27.4954073251,-1.5,-17.6060428027)) ;
#9427=CARTESIAN_POINT('Control Point',(-27.8217288466,-1.5,-17.6218812725)) ;
#9428=CARTESIAN_POINT('Control Point',(-28.1474882078,-1.5,-17.6271456118)) ;
#9429=CARTESIAN_POINT('Control Point',(-28.4730155268,-1.5,-17.6253794724)) ;
#9430=CARTESIAN_POINT('Vertex',(-24.2012092532,-1.5,-16.4649001541)) ;
#9434=CARTESIAN_POINT('Control Point',(-22.6452262332,-1.5,-18.020883174)) ;
#9435=CARTESIAN_POINT('Control Point',(-22.9694651204,-1.5,-17.7230972794)) ;
#9436=CARTESIAN_POINT('Control Point',(-23.2873019638,-1.5,-17.4184974158)) ;
#9437=CARTESIAN_POINT('Control Point',(-23.5988234886,-1.5,-17.106975888)) ;
#9438=CARTESIAN_POINT('Control Point',(-23.9034233522,-1.5,-16.7891390415)) ;
#9439=CARTESIAN_POINT('Control Point',(-24.2012092532,-1.5,-16.4649001541)) ;
#9440=CARTESIAN_POINT('Vertex',(-22.6452262332,-1.5,-18.020883174)) ;
#9444=CARTESIAN_POINT('Control Point',(-23.8057055516,-1.5,-22.2926894477)) ;
#9445=CARTESIAN_POINT('Control Point',(-23.8097405316,-1.5,-21.5489790465)) ;
#9446=CARTESIAN_POINT('Control Point',(-23.7770795965,-1.5,-20.8040574908)) ;
#9447=CARTESIAN_POINT('Control Point',(-23.6665253566,-1.5,-20.0555810972)) ;
#9448=CARTESIAN_POINT('Control Point',(-23.3814720992,-1.5,-19.1943229474)) ;
#9449=CARTESIAN_POINT('Control Point',(-22.9045445377,-1.5,-18.3948174665)) ;
#9450=CARTESIAN_POINT('Control Point',(-22.822900041,-1.5,-18.2680567956)) ;
#9451=CARTESIAN_POINT('Control Point',(-22.736492698,-1.5,-18.1434686413)) ;
#9452=CARTESIAN_POINT('Control Point',(-22.6452262332,-1.5,-18.020883174)) ;
#9453=CARTESIAN_POINT('Vertex',(-23.8057055516,-1.5,-22.2926894477)) ;
#9457=CARTESIAN_POINT('Control Point',(-22.8219999341,-1.5,-23.0475133168)) ;
#9458=CARTESIAN_POINT('Control Point',(-23.021839828,-1.5,-22.9006304246)) ;
#9459=CARTESIAN_POINT('Control Point',(-23.2201413303,-1.5,-22.75169919)) ;
#9460=CARTESIAN_POINT('Control Point',(-23.4169244708,-1.5,-22.600702175)) ;
#9461=CARTESIAN_POINT('Control Point',(-23.6121052021,-1.5,-22.4477038724)) ;
#9462=CARTESIAN_POINT('Control Point',(-23.8057055516,-1.5,-22.2926894477)) ;
#9463=CARTESIAN_POINT('Vertex',(-22.8219999341,-1.5,-23.0475133168)) ;
#9467=CARTESIAN_POINT('Control Point',(-18.9961060775,-1.5,-20.8209515525)) ;
#9468=CARTESIAN_POINT('Control Point',(-19.3708151601,-1.5,-21.2948738356)) ;
#9469=CARTESIAN_POINT('Control Point',(-19.7954086675,-1.5,-21.7035476549)) ;
#9470=CARTESIAN_POINT('Control Point',(-20.2630495427,-1.5,-22.0386072668)) ;
#9471=CARTESIAN_POINT('Control Point',(-21.0490141765,-1.5,-22.467944597)) ;
#9472=CARTESIAN_POINT('Control Point',(-21.8827076217,-1.5,-22.7758119072)) ;
#9473=CARTESIAN_POINT('Control Point',(-22.19381071,-1.5,-22.8755689184)) ;
#9474=CARTESIAN_POINT('Control Point',(-22.5071075789,-1.5,-22.9649666065)) ;
#9475=CARTESIAN_POINT('Control Point',(-22.8219999341,-1.5,-23.0475133168)) ;
#9476=CARTESIAN_POINT('Vertex',(-18.9961060775,-1.5,-20.8209515525)) ;
#9480=CARTESIAN_POINT('Control Point',(-17.0904238546,-1.5,-21.921197697)) ;
#9481=CARTESIAN_POINT('Control Point',(-17.4806872305,-1.5,-21.7174778123)) ;
#9482=CARTESIAN_POINT('Control Point',(-17.8665302921,-1.5,-21.5055191694)) ;
#9483=CARTESIAN_POINT('Control Point',(-18.2480646826,-1.5,-21.2852401862)) ;
#9484=CARTESIAN_POINT('Control Point',(-18.6245477865,-1.5,-21.0570696122)) ;
#9485=CARTESIAN_POINT('Control Point',(-18.9961060775,-1.5,-20.8209515525)) ;
#9486=CARTESIAN_POINT('Vertex',(-17.0904238546,-1.5,-21.921197697)) ;
#9490=CARTESIAN_POINT('Control Point',(-17.1057359786,-1.5,-26.3477998519)) ;
#9491=CARTESIAN_POINT('Control Point',(-17.3021198847,-1.5,-25.6304751021)) ;
#9492=CARTESIAN_POINT('Control Point',(-17.463371729,-1.5,-24.9024828652)) ;
#9493=CARTESIAN_POINT('Control Point',(-17.5503044795,-1.5,-24.1508966256)) ;
#9494=CARTESIAN_POINT('Control Point',(-17.4978741875,-1.5,-23.2452079281)) ;
#9495=CARTESIAN_POINT('Control Point',(-17.2441247849,-1.5,-22.3495070042)) ;
#9496=CARTESIAN_POINT('Control Point',(-17.1980703335,-1.5,-22.205934447)) ;
#9497=CARTESIAN_POINT('Control Point',(-17.1468530365,-1.5,-22.0632276651)) ;
#9498=CARTESIAN_POINT('Control Point',(-17.0904238546,-1.5,-21.921197697)) ;
#9499=CARTESIAN_POINT('Vertex',(-17.1057359786,-1.5,-26.3477998519)) ;
#9503=CARTESIAN_POINT('Control Point',(-15.9601865211,-1.5,-26.8223019721)) ;
#9504=CARTESIAN_POINT('Control Point',(-16.1912331259,-1.5,-26.7321463635)) ;
#9505=CARTESIAN_POINT('Control Point',(-16.4213239086,-1.5,-26.639614043)) ;
#9506=CARTESIAN_POINT('Control Point',(-16.6504827315,-1.5,-26.5446933522)) ;
#9507=CARTESIAN_POINT('Control Point',(-16.8786117155,-1.5,-26.4474248307)) ;
#9508=CARTESIAN_POINT('Control Point',(-17.1057359786,-1.5,-26.3477998519)) ;
#9509=CARTESIAN_POINT('Vertex',(-15.9601865211,-1.5,-26.8223019721)) ;
#9513=CARTESIAN_POINT('Control Point',(-12.8409334278,-1.5,-23.6813942654)) ;
#9514=CARTESIAN_POINT('Control Point',(-13.0802144944,-1.5,-24.2361498834)) ;
#9515=CARTESIAN_POINT('Control Point',(-13.3845677601,-1.5,-24.7407913647)) ;
#9516=CARTESIAN_POINT('Control Point',(-13.7495543533,-1.5,-25.1854684669)) ;
#9517=CARTESIAN_POINT('Control Point',(-14.3976172127,-1.5,-25.8035990969)) ;
#9518=CARTESIAN_POINT('Control Point',(-15.1232213179,-1.5,-26.3167518232)) ;
#9519=CARTESIAN_POINT('Control Point',(-15.3979048107,-1.5,-26.4936291019)) ;
#9520=CARTESIAN_POINT('Control Point',(-15.6773885234,-1.5,-26.6610678341)) ;
#9521=CARTESIAN_POINT('Control Point',(-15.9601865211,-1.5,-26.8223019721)) ;
#9522=CARTESIAN_POINT('Vertex',(-12.8409334278,-1.5,-23.6813942654)) ;
#9526=CARTESIAN_POINT('Control Point',(-10.715421096,-1.5,-24.2509235771)) ;
#9527=CARTESIAN_POINT('Control Point',(-11.1451131543,-1.5,-24.1551528703)) ;
#9528=CARTESIAN_POINT('Control Point',(-11.5726678656,-1.5,-24.0502800754)) ;
#9529=CARTESIAN_POINT('Control Point',(-11.9982141832,-1.5,-23.9362552857)) ;
#9530=CARTESIAN_POINT('Control Point',(-12.4209238272,-1.5,-23.8133004346)) ;
#9531=CARTESIAN_POINT('Control Point',(-12.8409334278,-1.5,-23.6813942654)) ;
#9532=CARTESIAN_POINT('Vertex',(-10.715421096,-1.5,-24.2509235771)) ;
#9536=CARTESIAN_POINT('Control Point',(-9.58452252911,-1.5,-28.5306559907)) ;
#9537=CARTESIAN_POINT('Control Point',(-9.95987212357,-1.5,-27.8886013825)) ;
#9538=CARTESIAN_POINT('Control Point',(-10.3040477009,-1.5,-27.2271499261)) ;
#9539=CARTESIAN_POINT('Control Point',(-10.5825431189,-1.5,-26.5236732255)) ;
#9540=CARTESIAN_POINT('Control Point',(-10.7663088305,-1.5,-25.6352751621)) ;
#9541=CARTESIAN_POINT('Control Point',(-10.7530301868,-1.5,-24.7044193269)) ;
#9542=CARTESIAN_POINT('Control Point',(-10.7457043164,-1.5,-24.5538191166)) ;
#9543=CARTESIAN_POINT('Control Point',(-10.7331674394,-1.5,-24.4027189384)) ;
#9544=CARTESIAN_POINT('Control Point',(-10.715421096,-1.5,-24.2509235771)) ;
#9545=CARTESIAN_POINT('Vertex',(-9.58452252911,-1.5,-28.5306559907)) ;
#9549=CARTESIAN_POINT('Control Point',(-8.35519653799,-1.5,-28.692499827)) ;
#9550=CARTESIAN_POINT('Control Point',(-8.60170440904,-1.5,-28.6652154579)) ;
#9551=CARTESIAN_POINT('Control Point',(-8.84790416519,-1.5,-28.6353879765)) ;
#9552=CARTESIAN_POINT('Control Point',(-9.09382187257,-1.5,-28.6030122969)) ;
#9553=CARTESIAN_POINT('Control Point',(-9.33935249572,-1.5,-28.5681022457)) ;
#9554=CARTESIAN_POINT('Control Point',(-9.58452252911,-1.5,-28.5306559907)) ;
#9555=CARTESIAN_POINT('Vertex',(-8.35519653799,-1.5,-28.692499827)) ;
#9559=CARTESIAN_POINT('Control Point',(-6.15515614914,-1.5,-24.8512938483)) ;
#9560=CARTESIAN_POINT('Control Point',(-6.24270259167,-1.5,-25.4490771229)) ;
#9561=CARTESIAN_POINT('Control Point',(-6.40607444444,-1.5,-26.0152957831)) ;
#9562=CARTESIAN_POINT('Control Point',(-6.64353351965,-1.5,-26.5392863683)) ;
#9563=CARTESIAN_POINT('Control Point',(-7.10953019264,-1.5,-27.304085717)) ;
#9564=CARTESIAN_POINT('Control Point',(-7.67759623812,-1.5,-27.9875533488)) ;
#9565=CARTESIAN_POINT('Control Point',(-7.89714091075,-1.5,-28.229496998)) ;
#9566=CARTESIAN_POINT('Control Point',(-8.12376511407,-1.5,-28.4635661014)) ;
#9567=CARTESIAN_POINT('Control Point',(-8.35519653799,-1.5,-28.692499827)) ;
#9568=CARTESIAN_POINT('Vertex',(-6.15515614914,-1.5,-24.8512938483)) ;
#9572=CARTESIAN_POINT('Control Point',(-3.95466386022,-1.5,-24.8512938483)) ;
#9573=CARTESIAN_POINT('Control Point',(-4.39450178353,-1.5,-24.8699988874)) ;
#9574=CARTESIAN_POINT('Control Point',(-4.83463099468,-1.5,-24.8793588389)) ;
#9575=CARTESIAN_POINT('Control Point',(-5.27518896506,-1.5,-24.8793588563)) ;
#9576=CARTESIAN_POINT('Control Point',(-5.71531819348,-1.5,-24.8699989221)) ;
#9577=CARTESIAN_POINT('Control Point',(-6.15515614914,-1.5,-24.8512938483)) ;
#9578=CARTESIAN_POINT('Vertex',(-3.95466386022,-1.5,-24.8512938483)) ;
#9582=CARTESIAN_POINT('Control Point',(-1.75462347137,-1.5,-28.692499827)) ;
#9583=CARTESIAN_POINT('Control Point',(-2.28335930117,-1.5,-28.1694703207)) ;
#9584=CARTESIAN_POINT('Control Point',(-2.78700361625,-1.5,-27.6196364682)) ;
#9585=CARTESIAN_POINT('Control Point',(-3.23808269393,-1.5,-27.0122100828)) ;
#9586=CARTESIAN_POINT('Control Point',(-3.64552108094,-1.5,-26.2016455131)) ;
#9587=CARTESIAN_POINT('Control Point',(-3.8736181152,-1.5,-25.2990710528)) ;
#9588=CARTESIAN_POINT('Control Point',(-3.90552007064,-1.5,-25.1517063464)) ;
#9589=CARTESIAN_POINT('Control Point',(-3.93251798117,-1.5,-25.0025099996)) ;
#9590=CARTESIAN_POINT('Control Point',(-3.95466386022,-1.5,-24.8512938483)) ;
#9591=CARTESIAN_POINT('Vertex',(-1.75462347137,-1.5,-28.692499827)) ;
#9595=CARTESIAN_POINT('Control Point',(-0.525297480242,-1.5,-28.5306559907)) ;
#9596=CARTESIAN_POINT('Control Point',(-0.770467513631,-1.5,-28.5681022457)) ;
#9597=CARTESIAN_POINT('Control Point',(-1.01599813678,-1.5,-28.6030122969)) ;
#9598=CARTESIAN_POINT('Control Point',(-1.26191584416,-1.5,-28.6353879765)) ;
#9599=CARTESIAN_POINT('Control Point',(-1.50811560032,-1.5,-28.6652154579)) ;
#9600=CARTESIAN_POINT('Control Point',(-1.75462347137,-1.5,-28.692499827)) ;
#9601=CARTESIAN_POINT('Vertex',(-0.525297480242,-1.5,-28.5306559907)) ;
#9605=CARTESIAN_POINT('Control Point',(0.605601086675,-1.5,-24.2509235771)) ;
#9606=CARTESIAN_POINT('Control Point',(0.675755413363,-1.5,-24.8509965691)) ;
#9607=CARTESIAN_POINT('Control Point',(0.664498494162,-1.5,-25.440205545)) ;
#9608=CARTESIAN_POINT('Control Point',(0.570749384129,-1.5,-26.0078005091)) ;
#9609=CARTESIAN_POINT('Control Point',(0.318575799602,-1.5,-26.8671487678)) ;
#9610=CARTESIAN_POINT('Control Point',(-0.0532394256889,-1.5,-27.6743541178)) ;
#9611=CARTESIAN_POINT('Control Point',(-0.20268367004,-1.5,-27.9648760804)) ;
#9612=CARTESIAN_POINT('Control Point',(-0.361004299105,-1.5,-28.2496241324)) ;
#9613=CARTESIAN_POINT('Control Point',(-0.525297480242,-1.5,-28.5306559907)) ;
#9614=CARTESIAN_POINT('Vertex',(0.605601086675,-1.5,-24.2509235771)) ;
#9618=CARTESIAN_POINT('Control Point',(2.7311134184,-1.5,-23.6813942654)) ;
#9619=CARTESIAN_POINT('Control Point',(2.31110400857,-1.5,-23.8132996953)) ;
#9620=CARTESIAN_POINT('Control Point',(1.88839440328,-1.5,-23.9362544)) ;
#9621=CARTESIAN_POINT('Control Point',(1.46284804047,-1.5,-24.050279423)) ;
#9622=CARTESIAN_POINT('Control Point',(1.03529322534,-1.5,-24.155152601)) ;
#9623=CARTESIAN_POINT('Control Point',(0.605601086675,-1.5,-24.2509235771)) ;
#9624=CARTESIAN_POINT('Vertex',(2.7311134184,-1.5,-23.6813942654)) ;
#9628=CARTESIAN_POINT('Control Point',(5.85036651364,-1.5,-26.8223019721)) ;
#9629=CARTESIAN_POINT('Control Point',(5.20427692372,-1.5,-26.453941167)) ;
#9630=CARTESIAN_POINT('Control Point',(4.5754864006,-1.5,-26.05319519)) ;
#9631=CARTESIAN_POINT('Control Point',(3.98256394949,-1.5,-25.5832142114)) ;
#9632=CARTESIAN_POINT('Control Point',(3.3792191416,-1.5,-24.9057217744)) ;
#9633=CARTESIAN_POINT('Control Point',(2.92529086577,-1.5,-24.0929376503)) ;
#9634=CARTESIAN_POINT('Control Point',(2.85633514999,-1.5,-23.9588511075)) ;
#9635=CARTESIAN_POINT('Control Point',(2.79164231486,-1.5,-23.8217260762)) ;
#9636=CARTESIAN_POINT('Control Point',(2.7311134184,-1.5,-23.6813942654)) ;
#9637=CARTESIAN_POINT('Vertex',(5.85036651364,-1.5,-26.8223019721)) ;
#9641=CARTESIAN_POINT('Control Point',(6.9959159693,-1.5,-26.3477998519)) ;
#9642=CARTESIAN_POINT('Control Point',(6.76879170627,-1.5,-26.4474248306)) ;
#9643=CARTESIAN_POINT('Control Point',(6.54066272242,-1.5,-26.544693352)) ;
#9644=CARTESIAN_POINT('Control Point',(6.31150390077,-1.5,-26.6396140432)) ;
#9645=CARTESIAN_POINT('Control Point',(6.08141311822,-1.5,-26.7321463636)) ;
#9646=CARTESIAN_POINT('Control Point',(5.85036651364,-1.5,-26.8223019721)) ;
#9647=CARTESIAN_POINT('Vertex',(6.9959159693,-1.5,-26.3477998519)) ;
#9651=CARTESIAN_POINT('Control Point',(6.98060384525,-1.5,-21.921197697)) ;
#9652=CARTESIAN_POINT('Control Point',(7.20367804094,-1.5,-22.4826664241)) ;
#9653=CARTESIAN_POINT('Control Point',(7.34530319673,-1.5,-23.0547120985)) ;
#9654=CARTESIAN_POINT('Control Point',(7.40165289493,-1.5,-23.6272307783)) ;
#9655=CARTESIAN_POINT('Control Point',(7.38048761293,-1.5,-24.5225647839)) ;
#9656=CARTESIAN_POINT('Control Point',(7.2302618017,-1.5,-25.3984981426)) ;
#9657=CARTESIAN_POINT('Control Point',(7.16110236436,-1.5,-25.7177998262)) ;
#9658=CARTESIAN_POINT('Control Point',(7.08187459883,-1.5,-26.0338217177)) ;
#9659=CARTESIAN_POINT('Control Point',(6.9959159693,-1.5,-26.3477998519)) ;
#9660=CARTESIAN_POINT('Vertex',(6.98060384525,-1.5,-21.921197697)) ;
#9664=CARTESIAN_POINT('Control Point',(8.88628606817,-1.5,-20.8209515525)) ;
#9665=CARTESIAN_POINT('Control Point',(8.51473036826,-1.5,-21.0570601149)) ;
#9666=CARTESIAN_POINT('Control Point',(8.13824761791,-1.5,-21.2852287267)) ;
#9667=CARTESIAN_POINT('Control Point',(7.75671247929,-1.5,-21.5055106371)) ;
#9668=CARTESIAN_POINT('Control Point',(7.3708681168,-1.5,-21.7174742634)) ;
#9669=CARTESIAN_POINT('Control Point',(6.98060384525,-1.5,-21.921197697)) ;
#9670=CARTESIAN_POINT('Vertex',(8.88628606817,-1.5,-20.8209515525)) ;
#9674=CARTESIAN_POINT('Control Point',(12.7121799248,-1.5,-23.0475133168)) ;
#9675=CARTESIAN_POINT('Control Point',(11.9927665128,-1.5,-22.8589243927)) ;
#9676=CARTESIAN_POINT('Control Point',(11.281680817,-1.5,-22.6345764668)) ;
#9677=CARTESIAN_POINT('Control Point',(10.587321676,-1.5,-22.3340693243)) ;
#9678=CARTESIAN_POINT('Control Point',(9.82918739914,-1.5,-21.8358190097)) ;
#9679=CARTESIAN_POINT('Control Point',(9.18036234403,-1.5,-21.1682151166)) ;
#9680=CARTESIAN_POINT('Control Point',(9.07905208768,-1.5,-21.056544513)) ;
#9681=CARTESIAN_POINT('Control Point',(8.98107303778,-1.5,-20.9408356416)) ;
#9682=CARTESIAN_POINT('Control Point',(8.88628606817,-1.5,-20.8209515525)) ;
#9683=CARTESIAN_POINT('Vertex',(12.7121799248,-1.5,-23.0475133168)) ;
#9687=CARTESIAN_POINT('Control Point',(13.6958855441,-1.5,-22.2926894477)) ;
#9688=CARTESIAN_POINT('Control Point',(13.5022851945,-1.5,-22.4477038724)) ;
#9689=CARTESIAN_POINT('Control Point',(13.307104463,-1.5,-22.6007021752)) ;
#9690=CARTESIAN_POINT('Control Point',(13.1103213212,-1.5,-22.7516991898)) ;
#9691=CARTESIAN_POINT('Control Point',(12.9120198187,-1.5,-22.9006304245)) ;
#9692=CARTESIAN_POINT('Control Point',(12.7121799248,-1.5,-23.0475133168)) ;
#9693=CARTESIAN_POINT('Vertex',(13.6958855441,-1.5,-22.2926894477)) ;
#9697=CARTESIAN_POINT('Control Point',(12.5354062258,-1.5,-18.020883174)) ;
#9698=CARTESIAN_POINT('Control Point',(12.8961981508,-1.5,-18.5054844658)) ;
#9699=CARTESIAN_POINT('Control Point',(13.1810538608,-1.5,-19.0213828667)) ;
#9700=CARTESIAN_POINT('Control Point',(13.383662231,-1.5,-19.5598090793)) ;
#9701=CARTESIAN_POINT('Control Point',(13.59494763,-1.5,-20.4301132941)) ;
#9702=CARTESIAN_POINT('Control Point',(13.6765488744,-1.5,-21.3150812459)) ;
#9703=CARTESIAN_POINT('Control Point',(13.6923873442,-1.5,-21.6414027674)) ;
#9704=CARTESIAN_POINT('Control Point',(13.6976516835,-1.5,-21.9671621286)) ;
#9705=CARTESIAN_POINT('Control Point',(13.6958855441,-1.5,-22.2926894477)) ;
#9706=CARTESIAN_POINT('Vertex',(12.5354062258,-1.5,-18.020883174)) ;
#9710=CARTESIAN_POINT('Control Point',(14.0913892457,-1.5,-16.4649001541)) ;
#9711=CARTESIAN_POINT('Control Point',(13.7936563933,-1.5,-16.7890203017)) ;
#9712=CARTESIAN_POINT('Control Point',(13.4890622715,-1.5,-17.1068325243)) ;
#9713=CARTESIAN_POINT('Control Point',(13.1775231001,-1.5,-17.4183906142)) ;
#9714=CARTESIAN_POINT('Control Point',(12.8596615811,-1.5,-17.7230528057)) ;
#9715=CARTESIAN_POINT('Control Point',(12.5354062258,-1.5,-18.020883174)) ;
#9716=CARTESIAN_POINT('Vertex',(14.0913892457,-1.5,-16.4649001541)) ;
#9720=CARTESIAN_POINT('Control Point',(18.3631955194,-1.5,-17.6253794724)) ;
#9721=CARTESIAN_POINT('Control Point',(17.6194851198,-1.5,-17.6294144524)) ;
#9722=CARTESIAN_POINT('Control Point',(16.8745635657,-1.5,-17.5967535175)) ;
#9723=CARTESIAN_POINT('Control Point',(16.1260871658,-1.5,-17.4861992764)) ;
#9724=CARTESIAN_POINT('Control Point',(15.2648290176,-1.5,-17.2011460192)) ;
#9725=CARTESIAN_POINT('Control Point',(14.4653235382,-1.5,-16.7242184585)) ;
#9726=CARTESIAN_POINT('Control Point',(14.3385628673,-1.5,-16.6425739618)) ;
#9727=CARTESIAN_POINT('Control Point',(14.213974713,-1.5,-16.5561666188)) ;
#9728=CARTESIAN_POINT('Control Point',(14.0913892457,-1.5,-16.4649001541)) ;
#9729=CARTESIAN_POINT('Vertex',(18.3631955194,-1.5,-17.6253794724)) ;
#9733=CARTESIAN_POINT('Control Point',(19.1180193885,-1.5,-16.6416738531)) ;
#9734=CARTESIAN_POINT('Control Point',(18.9711364962,-1.5,-16.841513747)) ;
#9735=CARTESIAN_POINT('Control Point',(18.8222052615,-1.5,-17.0398152495)) ;
#9736=CARTESIAN_POINT('Control Point',(18.6712082469,-1.5,-17.2365983913)) ;
#9737=CARTESIAN_POINT('Control Point',(18.5182099441,-1.5,-17.4317791228)) ;
#9738=CARTESIAN_POINT('Control Point',(18.3631955194,-1.5,-17.6253794724)) ;
#9739=CARTESIAN_POINT('Vertex',(19.1180193885,-1.5,-16.6416738531)) ;
#9743=CARTESIAN_POINT('Control Point',(16.8914576242,-1.5,-12.8157799965)) ;
#9744=CARTESIAN_POINT('Control Point',(17.3653799057,-1.5,-13.1904890778)) ;
#9745=CARTESIAN_POINT('Control Point',(17.7740537238,-1.5,-13.6150825836)) ;
#9746=CARTESIAN_POINT('Control Point',(18.1091133403,-1.5,-14.0827234669)) ;
#9747=CARTESIAN_POINT('Control Point',(18.5384506693,-1.5,-14.868688099)) ;
#9748=CARTESIAN_POINT('Control Point',(18.8463179787,-1.5,-15.7023815422)) ;
#9749=CARTESIAN_POINT('Control Point',(18.9460749902,-1.5,-16.0134846293)) ;
#9750=CARTESIAN_POINT('Control Point',(19.0354726782,-1.5,-16.326781498)) ;
#9751=CARTESIAN_POINT('Control Point',(19.1180193885,-1.5,-16.6416738531)) ;
#9752=CARTESIAN_POINT('Vertex',(16.8914576242,-1.5,-12.8157799965)) ;
#9756=CARTESIAN_POINT('Control Point',(18.1357987313,-1.5,-10.6300519438)) ;
#9757=CARTESIAN_POINT('Control Point',(17.9083210574,-1.5,-11.078810638)) ;
#9758=CARTESIAN_POINT('Control Point',(17.6699885932,-1.5,-11.5220669746)) ;
#9759=CARTESIAN_POINT('Control Point',(17.4207317766,-1.5,-11.9598951689)) ;
#9760=CARTESIAN_POINT('Control Point',(17.1612308776,-1.5,-12.3911002943)) ;
#9761=CARTESIAN_POINT('Control Point',(16.8914576242,-1.5,-12.8157799965)) ;
#9762=CARTESIAN_POINT('Vertex',(18.1357987311,-1.5,-10.630051944)) ;
#9765=CARTESIAN_POINT('Axis2P3D Location',(19.9196994036,-1.5,-11.5343187147)) ;
#9769=CARTESIAN_POINT('Vertex',(19.9196994031,-1.5,-9.53431871425)) ;
#9772=CARTESIAN_POINT('Axis2P3D Location',(19.9196994036,-1.5,-11.5343187147)) ;
#9776=CARTESIAN_POINT('Vertex',(20.2104881661,-1.5,-9.55557115692)) ;
#9779=CARTESIAN_POINT('Line Origine',(38.2302566091,-1.5,-12.2036836812)) ;
#9783=CARTESIAN_POINT('Vertex',(56.2500250527,-1.5,-14.8517962056)) ;
#9787=CARTESIAN_POINT('Control Point',(56.5408138162,-1.5,-14.8730486477)) ;
#9788=CARTESIAN_POINT('Control Point',(56.4824750595,-1.5,-14.8730486477)) ;
#9789=CARTESIAN_POINT('Control Point',(56.4241363404,-1.5,-14.8709215161)) ;
#9790=CARTESIAN_POINT('Control Point',(56.3657720345,-1.5,-14.8666559377)) ;
#9791=CARTESIAN_POINT('Control Point',(56.3077438882,-1.5,-14.860278333)) ;
#9792=CARTESIAN_POINT('Control Point',(56.250025052,-1.5,-14.8517962055)) ;
#9793=CARTESIAN_POINT('Vertex',(56.5408138164,-1.5,-14.8730486485)) ;
#9797=CARTESIAN_POINT('Control Point',(56.5860550901,-1.5,-14.8725368896)) ;
#9798=CARTESIAN_POINT('Control Point',(56.5770084754,-1.5,-14.8727415822)) ;
#9799=CARTESIAN_POINT('Control Point',(56.567960704,-1.5,-14.8728951109)) ;
#9800=CARTESIAN_POINT('Control Point',(56.5589116773,-1.5,-14.8729974707)) ;
#9801=CARTESIAN_POINT('Control Point',(56.5498627463,-1.5,-14.8730486477)) ;
#9802=CARTESIAN_POINT('Control Point',(56.5408138162,-1.5,-14.8730486477)) ;
#9803=CARTESIAN_POINT('Vertex',(56.58605509,-1.5,-14.8725368898)) ;
#9807=CARTESIAN_POINT('Control Point',(56.5285050025,-1.5,1.1244640654)) ;
#9808=CARTESIAN_POINT('Control Point',(57.3597794396,-1.5,1.11163857159)) ;
#9809=CARTESIAN_POINT('Control Point',(58.1893873411,-1.5,0.990828798976)) ;
#9810=CARTESIAN_POINT('Control Point',(58.9986739933,-1.5,0.762284513206)) ;
#9811=CARTESIAN_POINT('Control Point',(60.539178135,-1.5,0.100294772606)) ;
#9812=CARTESIAN_POINT('Control Point',(61.8594192631,-1.5,-0.933310781637)) ;
#9813=CARTESIAN_POINT('Control Point',(62.4484056161,-1.5,-1.53353778938)) ;
#9814=CARTESIAN_POINT('Control Point',(63.4568705778,-1.5,-2.87308317822)) ;
#9815=CARTESIAN_POINT('Control Point',(64.0896205559,-1.5,-4.42582415615)) ;
#9816=CARTESIAN_POINT('Control Point',(64.3028263288,-1.5,-5.23928630732)) ;
#9817=CARTESIAN_POINT('Control Point',(64.5130381239,-1.5,-6.90277494342)) ;
#9818=CARTESIAN_POINT('Control Point',(64.2912639837,-1.5,-8.56475969766)) ;
#9819=CARTESIAN_POINT('Control Point',(64.0724072527,-1.5,-9.37671972792)) ;
#9820=CARTESIAN_POINT('Control Point',(63.428874292,-1.5,-10.9250248576)) ;
#9821=CARTESIAN_POINT('Control Point',(62.4111198389,-1.5,-12.2575236269)) ;
#9822=CARTESIAN_POINT('Control Point',(61.8179742725,-1.5,-12.8536408151)) ;
#9823=CARTESIAN_POINT('Control Point',(60.5086473431,-1.5,-13.8640954602)) ;
#9824=CARTESIAN_POINT('Control Point',(58.9875365613,-1.5,-14.5115004863)) ;
#9825=CARTESIAN_POINT('Control Point',(58.2008030639,-1.5,-14.7337786882)) ;
#9826=CARTESIAN_POINT('Control Point',(57.3945847213,-1.5,-14.8542427535)) ;
#9827=CARTESIAN_POINT('Control Point',(56.5860550901,-1.5,-14.8725368896)) ;
#9888=CARTESIAN_POINT('Control Point',(-20.0549100047,-1.5,-1.87458392362)) ;
#9889=CARTESIAN_POINT('Control Point',(-20.3943150724,-1.5,-1.87458392362)) ;
#9890=CARTESIAN_POINT('Control Point',(-20.7337195744,-1.5,-1.82658567363)) ;
#9891=CARTESIAN_POINT('Control Point',(-21.0641004473,-1.5,-1.73056588308)) ;
#9892=CARTESIAN_POINT('Control Point',(-21.6886210599,-1.5,-1.44776901603)) ;
#9893=CARTESIAN_POINT('Control Point',(-22.2102325526,-1.5,-1.00288875981)) ;
#9894=CARTESIAN_POINT('Control Point',(-22.4376810738,-1.5,-0.744744433257)) ;
#9895=CARTESIAN_POINT('Control Point',(-22.8133371564,-1.5,-0.171261592288)) ;
#9896=CARTESIAN_POINT('Control Point',(-23.0152393371,-1.5,0.483896784648)) ;
#9897=CARTESIAN_POINT('Control Point',(-23.0688922874,-1.5,0.823738935952)) ;
#9898=CARTESIAN_POINT('Control Point',(-23.078645495,-1.5,1.50923506052)) ;
#9899=CARTESIAN_POINT('Control Point',(-22.8979342919,-1.5,2.1705522697)) ;
#9900=CARTESIAN_POINT('Control Point',(-22.7610757072,-1.5,2.48621197525)) ;
#9901=CARTESIAN_POINT('Control Point',(-22.4018873575,-1.5,3.07015015193)) ;
#9902=CARTESIAN_POINT('Control Point',(-21.8948646404,-1.5,3.5315880755)) ;
#9903=CARTESIAN_POINT('Control Point',(-21.6101338003,-1.5,3.72471929836)) ;
#9904=CARTESIAN_POINT('Control Point',(-21.131448468,-1.5,3.95811085073)) ;
#9905=CARTESIAN_POINT('Control Point',(-20.6170730975,-1.5,4.08128277884)) ;
#9906=CARTESIAN_POINT('Control Point',(-20.4307081188,-1.5,4.11070523343)) ;
#9907=CARTESIAN_POINT('Control Point',(-20.2428089751,-1.5,4.12541607638)) ;
#9908=CARTESIAN_POINT('Control Point',(-20.0549100047,-1.5,4.12541607638)) ;
#9909=CARTESIAN_POINT('Vertex',(-20.0549100041,-1.5,-1.87458392451)) ;
#9911=CARTESIAN_POINT('Vertex',(-20.0549100041,-1.5,4.12541607549)) ;
#9915=CARTESIAN_POINT('Control Point',(-20.0549100047,-1.5,4.12541607638)) ;
#9916=CARTESIAN_POINT('Control Point',(-19.7155049398,-1.5,4.12541607638)) ;
#9917=CARTESIAN_POINT('Control Point',(-19.3761004405,-1.5,4.07741782718)) ;
#9918=CARTESIAN_POINT('Control Point',(-19.045719555,-1.5,3.98139803163)) ;
#9919=CARTESIAN_POINT('Control Point',(-18.4211989472,-1.5,3.69860116589)) ;
#9920=CARTESIAN_POINT('Control Point',(-17.8995874579,-1.5,3.25372091326)) ;
#9921=CARTESIAN_POINT('Control Point',(-17.6721389316,-1.5,2.99557658085)) ;
#9922=CARTESIAN_POINT('Control Point',(-17.2964828502,-1.5,2.42209374085)) ;
#9923=CARTESIAN_POINT('Control Point',(-17.0945806701,-1.5,1.76693536523)) ;
#9924=CARTESIAN_POINT('Control Point',(-17.040927722,-1.5,1.42709321599)) ;
#9925=CARTESIAN_POINT('Control Point',(-17.0311745142,-1.5,0.741597090594)) ;
#9926=CARTESIAN_POINT('Control Point',(-17.2118857176,-1.5,0.0802798806354)) ;
#9927=CARTESIAN_POINT('Control Point',(-17.3487443,-1.5,-0.235379823874)) ;
#9928=CARTESIAN_POINT('Control Point',(-17.7079326498,-1.5,-0.819318000836)) ;
#9929=CARTESIAN_POINT('Control Point',(-18.2149553671,-1.5,-1.2807559246)) ;
#9930=CARTESIAN_POINT('Control Point',(-18.4996862091,-1.5,-1.47388714748)) ;
#9931=CARTESIAN_POINT('Control Point',(-18.9783715475,-1.5,-1.70727870281)) ;
#9932=CARTESIAN_POINT('Control Point',(-19.492746925,-1.5,-1.83045063108)) ;
#9933=CARTESIAN_POINT('Control Point',(-19.6791118771,-1.5,-1.85987307963)) ;
#9934=CARTESIAN_POINT('Control Point',(-19.8670110276,-1.5,-1.87458392362)) ;
#9935=CARTESIAN_POINT('Control Point',(-20.0549100047,-1.5,-1.87458392362)) ;
#9942=CARTESIAN_POINT('Control Point',(-5.05491000468,-1.5,-1.87458392362)) ;
#9943=CARTESIAN_POINT('Control Point',(-5.39431507239,-1.5,-1.87458392362)) ;
#9944=CARTESIAN_POINT('Control Point',(-5.73371957444,-1.5,-1.82658567363)) ;
#9945=CARTESIAN_POINT('Control Point',(-6.06410044729,-1.5,-1.73056588309)) ;
#9946=CARTESIAN_POINT('Control Point',(-6.68862105989,-1.5,-1.44776901603)) ;
#9947=CARTESIAN_POINT('Control Point',(-7.21023255263,-1.5,-1.00288875981)) ;
#9948=CARTESIAN_POINT('Control Point',(-7.43768107375,-1.5,-0.744744433258)) ;
#9949=CARTESIAN_POINT('Control Point',(-7.81333715642,-1.5,-0.17126159229)) ;
#9950=CARTESIAN_POINT('Control Point',(-8.01523933707,-1.5,0.483896784648)) ;
#9951=CARTESIAN_POINT('Control Point',(-8.06889228741,-1.5,0.823738935952)) ;
#9952=CARTESIAN_POINT('Control Point',(-8.07864549504,-1.5,1.50923506049)) ;
#9953=CARTESIAN_POINT('Control Point',(-7.89793429188,-1.5,2.17055226965)) ;
#9954=CARTESIAN_POINT('Control Point',(-7.76107570717,-1.5,2.48621197529)) ;
#9955=CARTESIAN_POINT('Control Point',(-7.40188735744,-1.5,3.07015015194)) ;
#9956=CARTESIAN_POINT('Control Point',(-6.89486464038,-1.5,3.5315880755)) ;
#9957=CARTESIAN_POINT('Control Point',(-6.6101338003,-1.5,3.72471929836)) ;
#9958=CARTESIAN_POINT('Control Point',(-6.13144846795,-1.5,3.95811085073)) ;
#9959=CARTESIAN_POINT('Control Point',(-5.61707309745,-1.5,4.08128277884)) ;
#9960=CARTESIAN_POINT('Control Point',(-5.43070811885,-1.5,4.11070523343)) ;
#9961=CARTESIAN_POINT('Control Point',(-5.24280897508,-1.5,4.12541607638)) ;
#9962=CARTESIAN_POINT('Control Point',(-5.05491000468,-1.5,4.12541607638)) ;
#9963=CARTESIAN_POINT('Vertex',(-5.05491000414,-1.5,-1.87458392451)) ;
#9965=CARTESIAN_POINT('Vertex',(-5.05491000414,-1.5,4.12541607549)) ;
#9969=CARTESIAN_POINT('Control Point',(-5.05491000468,-1.5,4.12541607638)) ;
#9970=CARTESIAN_POINT('Control Point',(-4.71550493977,-1.5,4.12541607638)) ;
#9971=CARTESIAN_POINT('Control Point',(-4.37610044053,-1.5,4.07741782718)) ;
#9972=CARTESIAN_POINT('Control Point',(-4.04571955503,-1.5,3.98139803163)) ;
#9973=CARTESIAN_POINT('Control Point',(-3.42119894724,-1.5,3.69860116589)) ;
#9974=CARTESIAN_POINT('Control Point',(-2.89958745786,-1.5,3.25372091326)) ;
#9975=CARTESIAN_POINT('Control Point',(-2.67213893158,-1.5,2.99557658085)) ;
#9976=CARTESIAN_POINT('Control Point',(-2.29648285017,-1.5,2.42209374081)) ;
#9977=CARTESIAN_POINT('Control Point',(-2.09458067008,-1.5,1.76693536512)) ;
#9978=CARTESIAN_POINT('Control Point',(-2.04092772196,-1.5,1.42709321611)) ;
#9979=CARTESIAN_POINT('Control Point',(-2.03117451415,-1.5,0.741597090609)) ;
#9980=CARTESIAN_POINT('Control Point',(-2.21188571766,-1.5,0.0802798805569)) ;
#9981=CARTESIAN_POINT('Control Point',(-2.34874429995,-1.5,-0.235379823804)) ;
#9982=CARTESIAN_POINT('Control Point',(-2.70793264978,-1.5,-0.819318000808)) ;
#9983=CARTESIAN_POINT('Control Point',(-3.2149553671,-1.5,-1.2807559246)) ;
#9984=CARTESIAN_POINT('Control Point',(-3.49968620908,-1.5,-1.47388714748)) ;
#9985=CARTESIAN_POINT('Control Point',(-3.97837154749,-1.5,-1.70727870281)) ;
#9986=CARTESIAN_POINT('Control Point',(-4.49274692496,-1.5,-1.83045063107)) ;
#9987=CARTESIAN_POINT('Control Point',(-4.67911187712,-1.5,-1.85987307963)) ;
#9988=CARTESIAN_POINT('Control Point',(-4.86701102758,-1.5,-1.87458392362)) ;
#9989=CARTESIAN_POINT('Control Point',(-5.05491000468,-1.5,-1.87458392362)) ;
#9996=CARTESIAN_POINT('Control Point',(9.94508999532,-1.5,-1.87458392362)) ;
#9997=CARTESIAN_POINT('Control Point',(9.60568492761,-1.5,-1.87458392362)) ;
#9998=CARTESIAN_POINT('Control Point',(9.26628042556,-1.5,-1.82658567363)) ;
#9999=CARTESIAN_POINT('Control Point',(8.93589955271,-1.5,-1.73056588309)) ;
#10000=CARTESIAN_POINT('Control Point',(8.31137894011,-1.5,-1.44776901603)) ;
#10001=CARTESIAN_POINT('Control Point',(7.78976744737,-1.5,-1.00288875981)) ;
#10002=CARTESIAN_POINT('Control Point',(7.56231892624,-1.5,-0.744744433255)) ;
#10003=CARTESIAN_POINT('Control Point',(7.18666284358,-1.5,-0.171261592287)) ;
#10004=CARTESIAN_POINT('Control Point',(6.98476066293,-1.5,0.48389678465)) ;
#10005=CARTESIAN_POINT('Control Point',(6.93110771259,-1.5,0.82373893595)) ;
#10006=CARTESIAN_POINT('Control Point',(6.92135450495,-1.5,1.50923506051)) ;
#10007=CARTESIAN_POINT('Control Point',(7.10206570813,-1.5,2.17055226968)) ;
#10008=CARTESIAN_POINT('Control Point',(7.23892429281,-1.5,2.48621197527)) ;
#10009=CARTESIAN_POINT('Control Point',(7.59811264255,-1.5,3.07015015193)) ;
#10010=CARTESIAN_POINT('Control Point',(8.10513535962,-1.5,3.5315880755)) ;
#10011=CARTESIAN_POINT('Control Point',(8.3898661997,-1.5,3.72471929836)) ;
#10012=CARTESIAN_POINT('Control Point',(8.86855153205,-1.5,3.95811085073)) ;
#10013=CARTESIAN_POINT('Control Point',(9.38292690255,-1.5,4.08128277884)) ;
#10014=CARTESIAN_POINT('Control Point',(9.56929188115,-1.5,4.11070523343)) ;
#10015=CARTESIAN_POINT('Control Point',(9.75719102492,-1.5,4.12541607638)) ;
#10016=CARTESIAN_POINT('Control Point',(9.94508999532,-1.5,4.12541607638)) ;
#10017=CARTESIAN_POINT('Vertex',(9.94508999586,-1.5,-1.87458392451)) ;
#10019=CARTESIAN_POINT('Vertex',(9.94508999586,-1.5,4.12541607549)) ;
#10023=CARTESIAN_POINT('Control Point',(9.94508999532,-1.5,4.12541607638)) ;
#10024=CARTESIAN_POINT('Control Point',(10.2844950602,-1.5,4.12541607638)) ;
#10025=CARTESIAN_POINT('Control Point',(10.6238995595,-1.5,4.07741782718)) ;
#10026=CARTESIAN_POINT('Control Point',(10.954280445,-1.5,3.98139803163)) ;
#10027=CARTESIAN_POINT('Control Point',(11.5788010528,-1.5,3.69860116589)) ;
#10028=CARTESIAN_POINT('Control Point',(12.1004125421,-1.5,3.25372091326)) ;
#10029=CARTESIAN_POINT('Control Point',(12.3278610684,-1.5,2.99557658085)) ;
#10030=CARTESIAN_POINT('Control Point',(12.7035171498,-1.5,2.42209374082)) ;
#10031=CARTESIAN_POINT('Control Point',(12.9054193299,-1.5,1.76693536515)) ;
#10032=CARTESIAN_POINT('Control Point',(12.959072278,-1.5,1.42709321608)) ;
#10033=CARTESIAN_POINT('Control Point',(12.9688254858,-1.5,0.741597090583)) ;
#10034=CARTESIAN_POINT('Control Point',(12.7881142823,-1.5,0.0802798805329)) ;
#10035=CARTESIAN_POINT('Control Point',(12.6512557001,-1.5,-0.235379823784)) ;
#10036=CARTESIAN_POINT('Control Point',(12.2920673502,-1.5,-0.8193180008)) ;
#10037=CARTESIAN_POINT('Control Point',(11.7850446329,-1.5,-1.2807559246)) ;
#10038=CARTESIAN_POINT('Control Point',(11.5003137909,-1.5,-1.47388714748)) ;
#10039=CARTESIAN_POINT('Control Point',(11.0216284525,-1.5,-1.70727870281)) ;
#10040=CARTESIAN_POINT('Control Point',(10.507253075,-1.5,-1.83045063107)) ;
#10041=CARTESIAN_POINT('Control Point',(10.3208881229,-1.5,-1.85987307963)) ;
#10042=CARTESIAN_POINT('Control Point',(10.1329889724,-1.5,-1.87458392362)) ;
#10043=CARTESIAN_POINT('Control Point',(9.94508999532,-1.5,-1.87458392362)) ;
#10054=CARTESIAN_POINT('Axis2P3D Location',(56.5593587546,4.5,3.12422606219)) ;
#10059=CARTESIAN_POINT('Line Origine',(56.5285050028,4.5,1.12446406485)) ;
#10064=CARTESIAN_POINT('Line Origine',(56.2685699909,4.5,1.14547850505)) ;
#10076=CARTESIAN_POINT('Axis2P3D Location',(56.4050899959,4.5,-6.87458392451)) ;
#10081=CARTESIAN_POINT('Line Origine',(56.58605509,4.5,-14.8725368898)) ;
#10093=CARTESIAN_POINT('Axis2P3D Location',(56.5408138164,4.5,-12.8730486485)) ;
#10098=CARTESIAN_POINT('Line Origine',(56.5408138164,4.5,-14.8730486485)) ;
#10110=CARTESIAN_POINT('Axis2P3D Location',(56.5408138164,4.5,-12.8730486485)) ;
#10115=CARTESIAN_POINT('Line Origine',(56.2500250527,4.5,-14.8517962056)) ;
#10127=CARTESIAN_POINT('Axis2P3D Location',(20.2104881668,4.5,-9.55557115754)) ;
#10132=CARTESIAN_POINT('Line Origine',(20.2104881668,1.5,-9.55557115754)) ;
#10144=CARTESIAN_POINT('Axis2P3D Location',(19.9196994031,4.5,-11.5343187147)) ;
#10149=CARTESIAN_POINT('Line Origine',(19.9196994031,4.5,-9.53431871469)) ;
#10161=CARTESIAN_POINT('Axis2P3D Location',(19.9196994031,4.5,-11.5343187147)) ;
#10166=CARTESIAN_POINT('Line Origine',(18.1357987311,4.5,-10.630051944)) ;
#10178=CARTESIAN_POINT('Axis2P3D Location',(-5.05491000414,4.5,1.12541607549)) ;
#10183=CARTESIAN_POINT('Line Origine',(16.8914576237,4.5,-12.8157799974)) ;
#10196=CARTESIAN_POINT('Control Point',(16.8914576237,4.5,-12.8157799974)) ;
#10197=CARTESIAN_POINT('Control Point',(16.8914576237,-1.5,-12.8157799974)) ;
#10198=CARTESIAN_POINT('Control Point',(18.2154488115,4.5,-13.8626004172)) ;
#10199=CARTESIAN_POINT('Control Point',(18.2154488115,-1.5,-13.8626004172)) ;
#10200=CARTESIAN_POINT('Control Point',(18.7492815375,4.5,-15.2350432304)) ;
#10201=CARTESIAN_POINT('Control Point',(18.7492815375,-1.5,-15.2350432304)) ;
#10202=CARTESIAN_POINT('Control Point',(19.118019389,4.5,-16.6416738538)) ;
#10203=CARTESIAN_POINT('Control Point',(19.118019389,-1.5,-16.6416738538)) ;
#10205=CARTESIAN_POINT('Control Point',(19.118019389,4.5,-16.6416738538)) ;
#10206=CARTESIAN_POINT('Control Point',(19.118019389,-1.5,-16.6416738538)) ;
#10216=CARTESIAN_POINT('Control Point',(19.118019389,4.5,-16.6416738538)) ;
#10217=CARTESIAN_POINT('Control Point',(19.118019389,-1.5,-16.6416738538)) ;
#10218=CARTESIAN_POINT('Control Point',(18.750772955,4.5,-17.1413269263)) ;
#10219=CARTESIAN_POINT('Control Point',(18.750772955,-1.5,-17.1413269263)) ;
#10220=CARTESIAN_POINT('Control Point',(18.3631955194,4.5,-17.6253794726)) ;
#10221=CARTESIAN_POINT('Control Point',(18.3631955194,-1.5,-17.6253794726)) ;
#10223=CARTESIAN_POINT('Control Point',(18.3631955194,4.5,-17.6253794726)) ;
#10224=CARTESIAN_POINT('Control Point',(18.3631955194,-1.5,-17.6253794726)) ;
#10234=CARTESIAN_POINT('Control Point',(18.3631955194,4.5,-17.6253794726)) ;
#10235=CARTESIAN_POINT('Control Point',(18.3631955194,-1.5,-17.6253794726)) ;
#10236=CARTESIAN_POINT('Control Point',(16.9090582937,4.5,-17.6332688535)) ;
#10237=CARTESIAN_POINT('Control Point',(16.9090582937,-1.5,-17.6332688535)) ;
#10238=CARTESIAN_POINT('Control Point',(15.4452142589,4.5,-17.472840375)) ;
#10239=CARTESIAN_POINT('Control Point',(15.4452142589,-1.5,-17.472840375)) ;
#10240=CARTESIAN_POINT('Control Point',(14.0913892449,4.5,-16.4649001543)) ;
#10241=CARTESIAN_POINT('Control Point',(14.0913892449,-1.5,-16.4649001543)) ;
#10243=CARTESIAN_POINT('Control Point',(14.0913892449,4.5,-16.4649001543)) ;
#10244=CARTESIAN_POINT('Control Point',(14.0913892449,-1.5,-16.4649001543)) ;
#10254=CARTESIAN_POINT('Control Point',(14.0913892449,4.5,-16.4649001543)) ;
#10255=CARTESIAN_POINT('Control Point',(14.0913892449,-1.5,-16.4649001543)) ;
#10256=CARTESIAN_POINT('Control Point',(13.5951523818,4.5,-17.0051172113)) ;
#10257=CARTESIAN_POINT('Control Point',(13.5951523818,-1.5,-17.0051172113)) ;
#10258=CARTESIAN_POINT('Control Point',(13.0760518509,4.5,-17.5242971248)) ;
#10259=CARTESIAN_POINT('Control Point',(13.0760518509,-1.5,-17.5242971248)) ;
#10260=CARTESIAN_POINT('Control Point',(12.5354062257,4.5,-18.0208831736)) ;
#10261=CARTESIAN_POINT('Control Point',(12.5354062257,-1.5,-18.0208831736)) ;
#10263=CARTESIAN_POINT('Control Point',(12.5354062257,4.5,-18.0208831736)) ;
#10264=CARTESIAN_POINT('Control Point',(12.5354062257,-1.5,-18.0208831736)) ;
#10274=CARTESIAN_POINT('Control Point',(12.5354062257,4.5,-18.0208831736)) ;
#10275=CARTESIAN_POINT('Control Point',(12.5354062257,-1.5,-18.0208831736)) ;
#10276=CARTESIAN_POINT('Control Point',(13.5433464463,4.5,-19.3747081875)) ;
#10277=CARTESIAN_POINT('Control Point',(13.5433464463,-1.5,-19.3747081875)) ;
#10278=CARTESIAN_POINT('Control Point',(13.7037749248,4.5,-20.8385522223)) ;
#10279=CARTESIAN_POINT('Control Point',(13.7037749248,-1.5,-20.8385522223)) ;
#10280=CARTESIAN_POINT('Control Point',(13.695885544,4.5,-22.2926894481)) ;
#10281=CARTESIAN_POINT('Control Point',(13.695885544,-1.5,-22.2926894481)) ;
#10283=CARTESIAN_POINT('Control Point',(13.695885544,4.5,-22.2926894481)) ;
#10284=CARTESIAN_POINT('Control Point',(13.695885544,-1.5,-22.2926894481)) ;
#10294=CARTESIAN_POINT('Control Point',(13.695885544,4.5,-22.2926894481)) ;
#10295=CARTESIAN_POINT('Control Point',(13.695885544,-1.5,-22.2926894481)) ;
#10296=CARTESIAN_POINT('Control Point',(13.2118329977,4.5,-22.6802668836)) ;
#10297=CARTESIAN_POINT('Control Point',(13.2118329977,-1.5,-22.6802668836)) ;
#10298=CARTESIAN_POINT('Control Point',(12.7121799252,4.5,-23.0475133176)) ;
#10299=CARTESIAN_POINT('Control Point',(12.7121799252,-1.5,-23.0475133176)) ;
#10301=CARTESIAN_POINT('Control Point',(12.7121799252,4.5,-23.0475133176)) ;
#10302=CARTESIAN_POINT('Control Point',(12.7121799252,-1.5,-23.0475133176)) ;
#10312=CARTESIAN_POINT('Control Point',(12.7121799252,4.5,-23.0475133176)) ;
#10313=CARTESIAN_POINT('Control Point',(12.7121799252,-1.5,-23.0475133176)) ;
#10314=CARTESIAN_POINT('Control Point',(11.3055493018,4.5,-22.6787754661)) ;
#10315=CARTESIAN_POINT('Control Point',(11.3055493018,-1.5,-22.6787754661)) ;
#10316=CARTESIAN_POINT('Control Point',(9.93310648853,4.5,-22.1449427402)) ;
#10317=CARTESIAN_POINT('Control Point',(9.93310648853,-1.5,-22.1449427402)) ;
#10318=CARTESIAN_POINT('Control Point',(8.88628606873,4.5,-20.8209515524)) ;
#10319=CARTESIAN_POINT('Control Point',(8.88628606873,-1.5,-20.8209515524)) ;
#10321=CARTESIAN_POINT('Control Point',(8.88628606873,4.5,-20.8209515524)) ;
#10322=CARTESIAN_POINT('Control Point',(8.88628606873,-1.5,-20.8209515524)) ;
#10332=CARTESIAN_POINT('Control Point',(8.88628606873,4.5,-20.8209515524)) ;
#10333=CARTESIAN_POINT('Control Point',(8.88628606873,-1.5,-20.8209515524)) ;
#10334=CARTESIAN_POINT('Control Point',(8.26684408439,4.5,-21.2145817845)) ;
#10335=CARTESIAN_POINT('Control Point',(8.26684408439,-1.5,-21.2145817845)) ;
#10336=CARTESIAN_POINT('Control Point',(7.63125031975,4.5,-21.5815510948)) ;
#10337=CARTESIAN_POINT('Control Point',(7.63125031975,-1.5,-21.5815510948)) ;
#10338=CARTESIAN_POINT('Control Point',(6.98060384596,4.5,-21.9211976967)) ;
#10339=CARTESIAN_POINT('Control Point',(6.98060384596,-1.5,-21.9211976967)) ;
#10341=CARTESIAN_POINT('Control Point',(6.98060384596,4.5,-21.9211976967)) ;
#10342=CARTESIAN_POINT('Control Point',(6.98060384596,-1.5,-21.9211976967)) ;
#10352=CARTESIAN_POINT('Control Point',(6.98060384596,4.5,-21.9211976967)) ;
#10353=CARTESIAN_POINT('Control Point',(6.98060384596,-1.5,-21.9211976967)) ;
#10354=CARTESIAN_POINT('Control Point',(7.60380363909,4.5,-23.4897663673)) ;
#10355=CARTESIAN_POINT('Control Point',(7.60380363909,-1.5,-23.4897663673)) ;
#10356=CARTESIAN_POINT('Control Point',(7.37989493448,4.5,-24.9452530718)) ;
#10357=CARTESIAN_POINT('Control Point',(7.37989493448,-1.5,-24.9452530718)) ;
#10358=CARTESIAN_POINT('Control Point',(6.99591596952,4.5,-26.3477998512)) ;
#10359=CARTESIAN_POINT('Control Point',(6.99591596952,-1.5,-26.3477998512)) ;
#10361=CARTESIAN_POINT('Control Point',(6.99591596952,4.5,-26.3477998512)) ;
#10362=CARTESIAN_POINT('Control Point',(6.99591596952,-1.5,-26.3477998512)) ;
#10372=CARTESIAN_POINT('Control Point',(6.99591596952,4.5,-26.3477998512)) ;
#10373=CARTESIAN_POINT('Control Point',(6.99591596952,-1.5,-26.3477998512)) ;
#10374=CARTESIAN_POINT('Control Point',(6.428044692,4.5,-26.596888888)) ;
#10375=CARTESIAN_POINT('Control Point',(6.428044692,-1.5,-26.596888888)) ;
#10376=CARTESIAN_POINT('Control Point',(5.85036651372,4.5,-26.8223019721)) ;
#10377=CARTESIAN_POINT('Control Point',(5.85036651372,-1.5,-26.8223019721)) ;
#10379=CARTESIAN_POINT('Control Point',(5.85036651372,4.5,-26.8223019721)) ;
#10380=CARTESIAN_POINT('Control Point',(5.85036651372,-1.5,-26.8223019721)) ;
#10390=CARTESIAN_POINT('Control Point',(5.85036651372,4.5,-26.8223019721)) ;
#10391=CARTESIAN_POINT('Control Point',(5.85036651372,-1.5,-26.8223019721)) ;
#10392=CARTESIAN_POINT('Control Point',(4.58710204518,4.5,-26.1020657635)) ;
#10393=CARTESIAN_POINT('Control Point',(4.58710204518,-1.5,-26.1020657635)) ;
#10394=CARTESIAN_POINT('Control Point',(3.39959016311,4.5,-25.2312086082)) ;
#10395=CARTESIAN_POINT('Control Point',(3.39959016311,-1.5,-25.2312086082)) ;
#10396=CARTESIAN_POINT('Control Point',(2.73111341909,4.5,-23.6813942647)) ;
#10397=CARTESIAN_POINT('Control Point',(2.73111341909,-1.5,-23.6813942647)) ;
#10399=CARTESIAN_POINT('Control Point',(2.73111341909,4.5,-23.6813942647)) ;
#10400=CARTESIAN_POINT('Control Point',(2.73111341909,-1.5,-23.6813942647)) ;
#10410=CARTESIAN_POINT('Control Point',(2.73111341909,4.5,-23.6813942647)) ;
#10411=CARTESIAN_POINT('Control Point',(2.73111341909,-1.5,-23.6813942647)) ;
#10412=CARTESIAN_POINT('Control Point',(2.03088051463,4.5,-23.901304867)) ;
#10413=CARTESIAN_POINT('Control Point',(2.03088051463,-1.5,-23.901304867)) ;
#10414=CARTESIAN_POINT('Control Point',(1.32197774388,4.5,-24.0912555605)) ;
#10415=CARTESIAN_POINT('Control Point',(1.32197774388,-1.5,-24.0912555605)) ;
#10416=CARTESIAN_POINT('Control Point',(0.605601086968,4.5,-24.2509235776)) ;
#10417=CARTESIAN_POINT('Control Point',(0.605601086968,-1.5,-24.2509235776)) ;
#10419=CARTESIAN_POINT('Control Point',(0.605601086968,4.5,-24.2509235776)) ;
#10420=CARTESIAN_POINT('Control Point',(0.605601086968,-1.5,-24.2509235776)) ;
#10430=CARTESIAN_POINT('Control Point',(0.605601086968,4.5,-24.2509235776)) ;
#10431=CARTESIAN_POINT('Control Point',(0.605601086968,-1.5,-24.2509235776)) ;
#10432=CARTESIAN_POINT('Control Point',(0.801590416571,4.5,-25.9273405422)) ;
#10433=CARTESIAN_POINT('Control Point',(0.801590416571,-1.5,-25.9273405422)) ;
#10434=CARTESIAN_POINT('Control Point',(0.208603537042,4.5,-27.2752809028)) ;
#10435=CARTESIAN_POINT('Control Point',(0.208603537042,-1.5,-27.2752809028)) ;
#10436=CARTESIAN_POINT('Control Point',(-0.525297480094,4.5,-28.5306559905)) ;
#10437=CARTESIAN_POINT('Control Point',(-0.525297480094,-1.5,-28.5306559905)) ;
#10439=CARTESIAN_POINT('Control Point',(-0.525297480094,4.5,-28.5306559905)) ;
#10440=CARTESIAN_POINT('Control Point',(-0.525297480094,-1.5,-28.5306559905)) ;
#10450=CARTESIAN_POINT('Control Point',(-0.525297480094,4.5,-28.5306559905)) ;
#10451=CARTESIAN_POINT('Control Point',(-0.525297480094,-1.5,-28.5306559905)) ;
#10452=CARTESIAN_POINT('Control Point',(-1.13828799973,4.5,-28.6242816225)) ;
#10453=CARTESIAN_POINT('Control Point',(-1.13828799973,-1.5,-28.6242816225)) ;
#10454=CARTESIAN_POINT('Control Point',(-1.75462347059,4.5,-28.6924998275)) ;
#10455=CARTESIAN_POINT('Control Point',(-1.75462347059,-1.5,-28.6924998275)) ;
#10457=CARTESIAN_POINT('Control Point',(-1.75462347059,4.5,-28.6924998275)) ;
#10458=CARTESIAN_POINT('Control Point',(-1.75462347059,-1.5,-28.6924998275)) ;
#10468=CARTESIAN_POINT('Control Point',(-1.75462347059,4.5,-28.6924998275)) ;
#10469=CARTESIAN_POINT('Control Point',(-1.75462347059,-1.5,-28.6924998275)) ;
#10470=CARTESIAN_POINT('Control Point',(-2.78843239842,4.5,-27.6698481691)) ;
#10471=CARTESIAN_POINT('Control Point',(-2.78843239842,-1.5,-27.6698481691)) ;
#10472=CARTESIAN_POINT('Control Point',(-3.71008637699,4.5,-26.5213140604)) ;
#10473=CARTESIAN_POINT('Control Point',(-3.71008637699,-1.5,-26.5213140604)) ;
#10474=CARTESIAN_POINT('Control Point',(-3.95466385984,4.5,-24.8512938475)) ;
#10475=CARTESIAN_POINT('Control Point',(-3.95466385984,-1.5,-24.8512938475)) ;
#10477=CARTESIAN_POINT('Control Point',(-3.95466385984,4.5,-24.8512938475)) ;
#10478=CARTESIAN_POINT('Control Point',(-3.95466385984,-1.5,-24.8512938475)) ;
#10488=CARTESIAN_POINT('Control Point',(-3.95466385984,4.5,-24.8512938475)) ;
#10489=CARTESIAN_POINT('Control Point',(-3.95466385984,-1.5,-24.8512938475)) ;
#10490=CARTESIAN_POINT('Control Point',(-4.6879551666,4.5,-24.8824786131)) ;
#10491=CARTESIAN_POINT('Control Point',(-4.6879551666,-1.5,-24.8824786131)) ;
#10492=CARTESIAN_POINT('Control Point',(-5.42186473147,4.5,-24.8824786734)) ;
#10493=CARTESIAN_POINT('Control Point',(-5.42186473147,-1.5,-24.8824786734)) ;
#10494=CARTESIAN_POINT('Control Point',(-6.15515614844,4.5,-24.8512938475)) ;
#10495=CARTESIAN_POINT('Control Point',(-6.15515614844,-1.5,-24.8512938475)) ;
#10497=CARTESIAN_POINT('Control Point',(-6.15515614844,4.5,-24.8512938475)) ;
#10498=CARTESIAN_POINT('Control Point',(-6.15515614844,-1.5,-24.8512938475)) ;
#10508=CARTESIAN_POINT('Control Point',(-6.15515614844,4.5,-24.8512938475)) ;
#10509=CARTESIAN_POINT('Control Point',(-6.15515614844,-1.5,-24.8512938475)) ;
#10510=CARTESIAN_POINT('Control Point',(-6.39973363129,4.5,-26.5213140604)) ;
#10511=CARTESIAN_POINT('Control Point',(-6.39973363129,-1.5,-26.5213140604)) ;
#10512=CARTESIAN_POINT('Control Point',(-7.32138760986,4.5,-27.6698481691)) ;
#10513=CARTESIAN_POINT('Control Point',(-7.32138760986,-1.5,-27.6698481691)) ;
#10514=CARTESIAN_POINT('Control Point',(-8.35519653769,4.5,-28.6924998275)) ;
#10515=CARTESIAN_POINT('Control Point',(-8.35519653769,-1.5,-28.6924998275)) ;
#10517=CARTESIAN_POINT('Control Point',(-8.35519653769,4.5,-28.6924998275)) ;
#10518=CARTESIAN_POINT('Control Point',(-8.35519653769,-1.5,-28.6924998275)) ;
#10528=CARTESIAN_POINT('Control Point',(-8.35519653769,4.5,-28.6924998275)) ;
#10529=CARTESIAN_POINT('Control Point',(-8.35519653769,-1.5,-28.6924998275)) ;
#10530=CARTESIAN_POINT('Control Point',(-8.97153200855,4.5,-28.6242816225)) ;
#10531=CARTESIAN_POINT('Control Point',(-8.97153200855,-1.5,-28.6242816225)) ;
#10532=CARTESIAN_POINT('Control Point',(-9.58452252819,4.5,-28.5306559905)) ;
#10533=CARTESIAN_POINT('Control Point',(-9.58452252819,-1.5,-28.5306559905)) ;
#10535=CARTESIAN_POINT('Control Point',(-9.58452252819,4.5,-28.5306559905)) ;
#10536=CARTESIAN_POINT('Control Point',(-9.58452252819,-1.5,-28.5306559905)) ;
#10546=CARTESIAN_POINT('Control Point',(-9.58452252819,4.5,-28.5306559905)) ;
#10547=CARTESIAN_POINT('Control Point',(-9.58452252819,-1.5,-28.5306559905)) ;
#10548=CARTESIAN_POINT('Control Point',(-10.3184235453,4.5,-27.2752809028)) ;
#10549=CARTESIAN_POINT('Control Point',(-10.3184235453,-1.5,-27.2752809028)) ;
#10550=CARTESIAN_POINT('Control Point',(-10.9114104249,4.5,-25.9273405422)) ;
#10551=CARTESIAN_POINT('Control Point',(-10.9114104249,-1.5,-25.9273405422)) ;
#10552=CARTESIAN_POINT('Control Point',(-10.7154210952,4.5,-24.2509235776)) ;
#10553=CARTESIAN_POINT('Control Point',(-10.7154210952,-1.5,-24.2509235776)) ;
#10555=CARTESIAN_POINT('Control Point',(-10.7154210952,4.5,-24.2509235776)) ;
#10556=CARTESIAN_POINT('Control Point',(-10.7154210952,-1.5,-24.2509235776)) ;
#10566=CARTESIAN_POINT('Control Point',(-10.7154210952,4.5,-24.2509235776)) ;
#10567=CARTESIAN_POINT('Control Point',(-10.7154210952,-1.5,-24.2509235776)) ;
#10568=CARTESIAN_POINT('Control Point',(-11.4317973951,4.5,-24.0912560592)) ;
#10569=CARTESIAN_POINT('Control Point',(-11.4317973951,-1.5,-24.0912560592)) ;
#10570=CARTESIAN_POINT('Control Point',(-12.1406995633,4.5,-23.901306301)) ;
#10571=CARTESIAN_POINT('Control Point',(-12.1406995633,-1.5,-23.901306301)) ;
#10572=CARTESIAN_POINT('Control Point',(-12.8409334274,4.5,-23.6813942647)) ;
#10573=CARTESIAN_POINT('Control Point',(-12.8409334274,-1.5,-23.6813942647)) ;
#10575=CARTESIAN_POINT('Control Point',(-12.8409334274,4.5,-23.6813942647)) ;
#10576=CARTESIAN_POINT('Control Point',(-12.8409334274,-1.5,-23.6813942647)) ;
#10586=CARTESIAN_POINT('Control Point',(-12.8409334274,4.5,-23.6813942647)) ;
#10587=CARTESIAN_POINT('Control Point',(-12.8409334274,-1.5,-23.6813942647)) ;
#10588=CARTESIAN_POINT('Control Point',(-13.5094101714,4.5,-25.2312086082)) ;
#10589=CARTESIAN_POINT('Control Point',(-13.5094101714,-1.5,-25.2312086082)) ;
#10590=CARTESIAN_POINT('Control Point',(-14.6969220535,4.5,-26.1020657635)) ;
#10591=CARTESIAN_POINT('Control Point',(-14.6969220535,-1.5,-26.1020657635)) ;
#10592=CARTESIAN_POINT('Control Point',(-15.960186522,4.5,-26.8223019721)) ;
#10593=CARTESIAN_POINT('Control Point',(-15.960186522,-1.5,-26.8223019721)) ;
#10595=CARTESIAN_POINT('Control Point',(-15.960186522,4.5,-26.8223019721)) ;
#10596=CARTESIAN_POINT('Control Point',(-15.960186522,-1.5,-26.8223019721)) ;
#10606=CARTESIAN_POINT('Control Point',(-15.960186522,4.5,-26.8223019721)) ;
#10607=CARTESIAN_POINT('Control Point',(-15.960186522,-1.5,-26.8223019721)) ;
#10608=CARTESIAN_POINT('Control Point',(-16.5378647003,4.5,-26.596888888)) ;
#10609=CARTESIAN_POINT('Control Point',(-16.5378647003,-1.5,-26.596888888)) ;
#10610=CARTESIAN_POINT('Control Point',(-17.1057359778,4.5,-26.3477998512)) ;
#10611=CARTESIAN_POINT('Control Point',(-17.1057359778,-1.5,-26.3477998512)) ;
#10613=CARTESIAN_POINT('Control Point',(-17.1057359778,4.5,-26.3477998512)) ;
#10614=CARTESIAN_POINT('Control Point',(-17.1057359778,-1.5,-26.3477998512)) ;
#10624=CARTESIAN_POINT('Control Point',(-17.1057359778,4.5,-26.3477998512)) ;
#10625=CARTESIAN_POINT('Control Point',(-17.1057359778,-1.5,-26.3477998512)) ;
#10626=CARTESIAN_POINT('Control Point',(-17.4897149428,4.5,-24.9452530718)) ;
#10627=CARTESIAN_POINT('Control Point',(-17.4897149428,-1.5,-24.9452530718)) ;
#10628=CARTESIAN_POINT('Control Point',(-17.7136236474,4.5,-23.4897663673)) ;
#10629=CARTESIAN_POINT('Control Point',(-17.7136236474,-1.5,-23.4897663673)) ;
#10630=CARTESIAN_POINT('Control Point',(-17.0904238542,4.5,-21.9211976967)) ;
#10631=CARTESIAN_POINT('Control Point',(-17.0904238542,-1.5,-21.9211976967)) ;
#10633=CARTESIAN_POINT('Control Point',(-17.0904238542,4.5,-21.9211976967)) ;
#10634=CARTESIAN_POINT('Control Point',(-17.0904238542,-1.5,-21.9211976967)) ;
#10644=CARTESIAN_POINT('Control Point',(-17.0904238542,4.5,-21.9211976967)) ;
#10645=CARTESIAN_POINT('Control Point',(-17.0904238542,-1.5,-21.9211976967)) ;
#10646=CARTESIAN_POINT('Control Point',(-17.7410652339,4.5,-21.5815588912)) ;
#10647=CARTESIAN_POINT('Control Point',(-17.7410652339,-1.5,-21.5815588912)) ;
#10648=CARTESIAN_POINT('Control Point',(-18.3766495282,4.5,-21.2146041284)) ;
#10649=CARTESIAN_POINT('Control Point',(-18.3766495282,-1.5,-21.2146041284)) ;
#10650=CARTESIAN_POINT('Control Point',(-18.996106077,4.5,-20.8209515524)) ;
#10651=CARTESIAN_POINT('Control Point',(-18.996106077,-1.5,-20.8209515524)) ;
#10653=CARTESIAN_POINT('Control Point',(-18.996106077,4.5,-20.8209515524)) ;
#10654=CARTESIAN_POINT('Control Point',(-18.996106077,-1.5,-20.8209515524)) ;
#10664=CARTESIAN_POINT('Control Point',(-18.996106077,4.5,-20.8209515524)) ;
#10665=CARTESIAN_POINT('Control Point',(-18.996106077,-1.5,-20.8209515524)) ;
#10666=CARTESIAN_POINT('Control Point',(-20.0429264968,4.5,-22.1449427402)) ;
#10667=CARTESIAN_POINT('Control Point',(-20.0429264968,-1.5,-22.1449427402)) ;
#10668=CARTESIAN_POINT('Control Point',(-21.4153693101,4.5,-22.6787754661)) ;
#10669=CARTESIAN_POINT('Control Point',(-21.4153693101,-1.5,-22.6787754661)) ;
#10670=CARTESIAN_POINT('Control Point',(-22.8219999334,4.5,-23.0475133176)) ;
#10671=CARTESIAN_POINT('Control Point',(-22.8219999334,-1.5,-23.0475133176)) ;
#10673=CARTESIAN_POINT('Control Point',(-22.8219999334,4.5,-23.0475133176)) ;
#10674=CARTESIAN_POINT('Control Point',(-22.8219999334,-1.5,-23.0475133176)) ;
#10684=CARTESIAN_POINT('Control Point',(-22.8219999334,4.5,-23.0475133176)) ;
#10685=CARTESIAN_POINT('Control Point',(-22.8219999334,-1.5,-23.0475133176)) ;
#10686=CARTESIAN_POINT('Control Point',(-23.321653006,4.5,-22.6802668836)) ;
#10687=CARTESIAN_POINT('Control Point',(-23.321653006,-1.5,-22.6802668836)) ;
#10688=CARTESIAN_POINT('Control Point',(-23.8057055522,4.5,-22.2926894481)) ;
#10689=CARTESIAN_POINT('Control Point',(-23.8057055522,-1.5,-22.2926894481)) ;
#10691=CARTESIAN_POINT('Control Point',(-23.8057055522,4.5,-22.2926894481)) ;
#10692=CARTESIAN_POINT('Control Point',(-23.8057055522,-1.5,-22.2926894481)) ;
#10702=CARTESIAN_POINT('Control Point',(-23.8057055522,4.5,-22.2926894481)) ;
#10703=CARTESIAN_POINT('Control Point',(-23.8057055522,-1.5,-22.2926894481)) ;
#10704=CARTESIAN_POINT('Control Point',(-23.8135949331,4.5,-20.8385522223)) ;
#10705=CARTESIAN_POINT('Control Point',(-23.8135949331,-1.5,-20.8385522223)) ;
#10706=CARTESIAN_POINT('Control Point',(-23.6531664546,4.5,-19.3747081875)) ;
#10707=CARTESIAN_POINT('Control Point',(-23.6531664546,-1.5,-19.3747081875)) ;
#10708=CARTESIAN_POINT('Control Point',(-22.645226234,4.5,-18.0208831736)) ;
#10709=CARTESIAN_POINT('Control Point',(-22.645226234,-1.5,-18.0208831736)) ;
#10711=CARTESIAN_POINT('Control Point',(-22.645226234,4.5,-18.0208831736)) ;
#10712=CARTESIAN_POINT('Control Point',(-22.645226234,-1.5,-18.0208831736)) ;
#10722=CARTESIAN_POINT('Control Point',(-22.645226234,4.5,-18.0208831736)) ;
#10723=CARTESIAN_POINT('Control Point',(-22.645226234,-1.5,-18.0208831736)) ;
#10724=CARTESIAN_POINT('Control Point',(-23.1857925551,4.5,-17.5244188941)) ;
#10725=CARTESIAN_POINT('Control Point',(-23.1857925551,-1.5,-17.5244188941)) ;
#10726=CARTESIAN_POINT('Control Point',(-23.7047449578,4.5,-17.0054664814)) ;
#10727=CARTESIAN_POINT('Control Point',(-23.7047449578,-1.5,-17.0054664814)) ;
#10728=CARTESIAN_POINT('Control Point',(-24.2012092532,4.5,-16.4649001543)) ;
#10729=CARTESIAN_POINT('Control Point',(-24.2012092532,-1.5,-16.4649001543)) ;
#10731=CARTESIAN_POINT('Control Point',(-24.2012092532,4.5,-16.4649001543)) ;
#10732=CARTESIAN_POINT('Control Point',(-24.2012092532,-1.5,-16.4649001543)) ;
#10742=CARTESIAN_POINT('Control Point',(-24.2012092532,4.5,-16.4649001543)) ;
#10743=CARTESIAN_POINT('Control Point',(-24.2012092532,-1.5,-16.4649001543)) ;
#10744=CARTESIAN_POINT('Control Point',(-25.5550342671,4.5,-17.472840375)) ;
#10745=CARTESIAN_POINT('Control Point',(-25.5550342671,-1.5,-17.472840375)) ;
#10746=CARTESIAN_POINT('Control Point',(-27.0188783019,4.5,-17.6332688535)) ;
#10747=CARTESIAN_POINT('Control Point',(-27.0188783019,-1.5,-17.6332688535)) ;
#10748=CARTESIAN_POINT('Control Point',(-28.4730155277,4.5,-17.6253794726)) ;
#10749=CARTESIAN_POINT('Control Point',(-28.4730155277,-1.5,-17.6253794726)) ;
#10751=CARTESIAN_POINT('Control Point',(-28.4730155277,4.5,-17.6253794726)) ;
#10752=CARTESIAN_POINT('Control Point',(-28.4730155277,-1.5,-17.6253794726)) ;
#10762=CARTESIAN_POINT('Control Point',(-28.4730155277,4.5,-17.6253794726)) ;
#10763=CARTESIAN_POINT('Control Point',(-28.4730155277,-1.5,-17.6253794726)) ;
#10764=CARTESIAN_POINT('Control Point',(-28.8605929633,4.5,-17.1413269263)) ;
#10765=CARTESIAN_POINT('Control Point',(-28.8605929633,-1.5,-17.1413269263)) ;
#10766=CARTESIAN_POINT('Control Point',(-29.2278393972,4.5,-16.6416738538)) ;
#10767=CARTESIAN_POINT('Control Point',(-29.2278393972,-1.5,-16.6416738538)) ;
#10769=CARTESIAN_POINT('Control Point',(-29.2278393972,4.5,-16.6416738538)) ;
#10770=CARTESIAN_POINT('Control Point',(-29.2278393972,-1.5,-16.6416738538)) ;
#10780=CARTESIAN_POINT('Control Point',(-29.2278393972,4.5,-16.6416738538)) ;
#10781=CARTESIAN_POINT('Control Point',(-29.2278393972,-1.5,-16.6416738538)) ;
#10782=CARTESIAN_POINT('Control Point',(-28.8591015458,4.5,-15.2350432304)) ;
#10783=CARTESIAN_POINT('Control Point',(-28.8591015458,-1.5,-15.2350432304)) ;
#10784=CARTESIAN_POINT('Control Point',(-28.3252688198,4.5,-13.8626004172)) ;
#10785=CARTESIAN_POINT('Control Point',(-28.3252688198,-1.5,-13.8626004172)) ;
#10786=CARTESIAN_POINT('Control Point',(-27.001277632,4.5,-12.8157799974)) ;
#10787=CARTESIAN_POINT('Control Point',(-27.001277632,-1.5,-12.8157799974)) ;
#10789=CARTESIAN_POINT('Control Point',(-27.001277632,4.5,-12.8157799974)) ;
#10790=CARTESIAN_POINT('Control Point',(-27.001277632,-1.5,-12.8157799974)) ;
#10800=CARTESIAN_POINT('Control Point',(-27.001277632,4.5,-12.8157799974)) ;
#10801=CARTESIAN_POINT('Control Point',(-27.001277632,-1.5,-12.8157799974)) ;
#10802=CARTESIAN_POINT('Control Point',(-27.3949301887,4.5,-12.196323386)) ;
#10803=CARTESIAN_POINT('Control Point',(-27.3949301887,-1.5,-12.196323386)) ;
#10804=CARTESIAN_POINT('Control Point',(-27.7618849436,4.5,-11.5607389276)) ;
#10805=CARTESIAN_POINT('Control Point',(-27.7618849436,-1.5,-11.5607389276)) ;
#10806=CARTESIAN_POINT('Control Point',(-28.1015237763,4.5,-10.9100977746)) ;
#10807=CARTESIAN_POINT('Control Point',(-28.1015237763,-1.5,-10.9100977746)) ;
#10809=CARTESIAN_POINT('Control Point',(-28.1015237763,4.5,-10.9100977746)) ;
#10810=CARTESIAN_POINT('Control Point',(-28.1015237763,-1.5,-10.9100977746)) ;
#10820=CARTESIAN_POINT('Control Point',(-28.1015237763,4.5,-10.9100977746)) ;
#10821=CARTESIAN_POINT('Control Point',(-28.1015237763,-1.5,-10.9100977746)) ;
#10822=CARTESIAN_POINT('Control Point',(-29.670092447,4.5,-11.5332975677)) ;
#10823=CARTESIAN_POINT('Control Point',(-29.670092447,-1.5,-11.5332975677)) ;
#10824=CARTESIAN_POINT('Control Point',(-31.1255791515,4.5,-11.3093888631)) ;
#10825=CARTESIAN_POINT('Control Point',(-31.1255791515,-1.5,-11.3093888631)) ;
#10826=CARTESIAN_POINT('Control Point',(-32.5281259308,4.5,-10.9254098982)) ;
#10827=CARTESIAN_POINT('Control Point',(-32.5281259308,-1.5,-10.9254098982)) ;
#10829=CARTESIAN_POINT('Control Point',(-32.5281259308,4.5,-10.9254098982)) ;
#10830=CARTESIAN_POINT('Control Point',(-32.5281259308,-1.5,-10.9254098982)) ;
#10840=CARTESIAN_POINT('Control Point',(-32.5281259308,4.5,-10.9254098982)) ;
#10841=CARTESIAN_POINT('Control Point',(-32.5281259308,-1.5,-10.9254098982)) ;
#10842=CARTESIAN_POINT('Control Point',(-32.7772149677,4.5,-10.3575386206)) ;
#10843=CARTESIAN_POINT('Control Point',(-32.7772149677,-1.5,-10.3575386206)) ;
#10844=CARTESIAN_POINT('Control Point',(-33.0026280518,4.5,-9.77986044237)) ;
#10845=CARTESIAN_POINT('Control Point',(-33.0026280518,-1.5,-9.77986044237)) ;
#10847=CARTESIAN_POINT('Control Point',(-33.0026280518,4.5,-9.77986044237)) ;
#10848=CARTESIAN_POINT('Control Point',(-33.0026280518,-1.5,-9.77986044237)) ;
#10858=CARTESIAN_POINT('Control Point',(-33.0026280518,4.5,-9.77986044237)) ;
#10859=CARTESIAN_POINT('Control Point',(-33.0026280518,-1.5,-9.77986044237)) ;
#10860=CARTESIAN_POINT('Control Point',(-32.2823918431,4.5,-8.51659597383)) ;
#10861=CARTESIAN_POINT('Control Point',(-32.2823918431,-1.5,-8.51659597383)) ;
#10862=CARTESIAN_POINT('Control Point',(-31.4115346878,4.5,-7.32908409176)) ;
#10863=CARTESIAN_POINT('Control Point',(-31.4115346878,-1.5,-7.32908409176)) ;
#10864=CARTESIAN_POINT('Control Point',(-29.8617203443,4.5,-6.66060734773)) ;
#10865=CARTESIAN_POINT('Control Point',(-29.8617203443,-1.5,-6.66060734773)) ;
#10867=CARTESIAN_POINT('Control Point',(-29.8617203443,4.5,-6.66060734773)) ;
#10868=CARTESIAN_POINT('Control Point',(-29.8617203443,-1.5,-6.66060734773)) ;
#10878=CARTESIAN_POINT('Control Point',(-29.8617203443,4.5,-6.66060734773)) ;
#10879=CARTESIAN_POINT('Control Point',(-29.8617203443,-1.5,-6.66060734773)) ;
#10880=CARTESIAN_POINT('Control Point',(-30.0816323,4.5,-5.96037213227)) ;
#10881=CARTESIAN_POINT('Control Point',(-30.0816323,-1.5,-5.96037213227)) ;
#10882=CARTESIAN_POINT('Control Point',(-30.2715819251,4.5,-5.25146738479)) ;
#10883=CARTESIAN_POINT('Control Point',(-30.2715819251,-1.5,-5.25146738479)) ;
#10884=CARTESIAN_POINT('Control Point',(-30.4312496572,4.5,-4.53509501561)) ;
#10885=CARTESIAN_POINT('Control Point',(-30.4312496572,-1.5,-4.53509501561)) ;
#10887=CARTESIAN_POINT('Control Point',(-30.4312496572,4.5,-4.53509501561)) ;
#10888=CARTESIAN_POINT('Control Point',(-30.4312496572,-1.5,-4.53509501561)) ;
#10898=CARTESIAN_POINT('Control Point',(-30.4312496572,4.5,-4.53509501561)) ;
#10899=CARTESIAN_POINT('Control Point',(-30.4312496572,-1.5,-4.53509501561)) ;
#10900=CARTESIAN_POINT('Control Point',(-32.1076666219,4.5,-4.73108434522)) ;
#10901=CARTESIAN_POINT('Control Point',(-32.1076666219,-1.5,-4.73108434522)) ;
#10902=CARTESIAN_POINT('Control Point',(-33.4556069824,4.5,-4.13809746569)) ;
#10903=CARTESIAN_POINT('Control Point',(-33.4556069824,-1.5,-4.13809746569)) ;
#10904=CARTESIAN_POINT('Control Point',(-34.7109820701,4.5,-3.40419644855)) ;
#10905=CARTESIAN_POINT('Control Point',(-34.7109820701,-1.5,-3.40419644855)) ;
#10907=CARTESIAN_POINT('Control Point',(-34.7109820701,4.5,-3.40419644855)) ;
#10908=CARTESIAN_POINT('Control Point',(-34.7109820701,-1.5,-3.40419644855)) ;
#10918=CARTESIAN_POINT('Control Point',(-34.7109820701,4.5,-3.40419644855)) ;
#10919=CARTESIAN_POINT('Control Point',(-34.7109820701,-1.5,-3.40419644855)) ;
#10920=CARTESIAN_POINT('Control Point',(-34.8046077021,4.5,-2.79120592891)) ;
#10921=CARTESIAN_POINT('Control Point',(-34.8046077021,-1.5,-2.79120592891)) ;
#10922=CARTESIAN_POINT('Control Point',(-34.8728259071,4.5,-2.17487045805)) ;
#10923=CARTESIAN_POINT('Control Point',(-34.8728259071,-1.5,-2.17487045805)) ;
#10925=CARTESIAN_POINT('Control Point',(-34.8728259071,4.5,-2.17487045805)) ;
#10926=CARTESIAN_POINT('Control Point',(-34.8728259071,-1.5,-2.17487045805)) ;
#10936=CARTESIAN_POINT('Control Point',(-34.8728259071,4.5,-2.17487045805)) ;
#10937=CARTESIAN_POINT('Control Point',(-34.8728259071,-1.5,-2.17487045805)) ;
#10938=CARTESIAN_POINT('Control Point',(-33.8501742487,4.5,-1.14106153022)) ;
#10939=CARTESIAN_POINT('Control Point',(-33.8501742487,-1.5,-1.14106153022)) ;
#10940=CARTESIAN_POINT('Control Point',(-32.70164014,4.5,-0.219407551657)) ;
#10941=CARTESIAN_POINT('Control Point',(-32.70164014,-1.5,-0.219407551657)) ;
#10942=CARTESIAN_POINT('Control Point',(-31.0316199271,4.5,0.0251699311904)) ;
#10943=CARTESIAN_POINT('Control Point',(-31.0316199271,-1.5,0.0251699311904)) ;
#10945=CARTESIAN_POINT('Control Point',(-31.0316199271,4.5,0.0251699311904)) ;
#10946=CARTESIAN_POINT('Control Point',(-31.0316199271,-1.5,0.0251699311904)) ;
#10956=CARTESIAN_POINT('Control Point',(-31.0316199271,4.5,0.0251699311904)) ;
#10957=CARTESIAN_POINT('Control Point',(-31.0316199271,-1.5,0.0251699311904)) ;
#10958=CARTESIAN_POINT('Control Point',(-31.0628036248,4.5,0.758482907815)) ;
#10959=CARTESIAN_POINT('Control Point',(-31.0628036248,-1.5,0.758482907815)) ;
#10960=CARTESIAN_POINT('Control Point',(-31.0628014589,4.5,1.49243282533)) ;
#10961=CARTESIAN_POINT('Control Point',(-31.0628014589,-1.5,1.49243282533)) ;
#10962=CARTESIAN_POINT('Control Point',(-31.0316199271,4.5,2.2256622198)) ;
#10963=CARTESIAN_POINT('Control Point',(-31.0316199271,-1.5,2.2256622198)) ;
#10965=CARTESIAN_POINT('Control Point',(-31.0316199271,4.5,2.2256622198)) ;
#10966=CARTESIAN_POINT('Control Point',(-31.0316199271,-1.5,2.2256622198)) ;
#10976=CARTESIAN_POINT('Control Point',(-31.0316199271,4.5,2.2256622198)) ;
#10977=CARTESIAN_POINT('Control Point',(-31.0316199271,-1.5,2.2256622198)) ;
#10978=CARTESIAN_POINT('Control Point',(-32.70164014,4.5,2.47023970265)) ;
#10979=CARTESIAN_POINT('Control Point',(-32.70164014,-1.5,2.47023970265)) ;
#10980=CARTESIAN_POINT('Control Point',(-33.8501742487,4.5,3.39189368121)) ;
#10981=CARTESIAN_POINT('Control Point',(-33.8501742487,-1.5,3.39189368121)) ;
#10982=CARTESIAN_POINT('Control Point',(-34.8728259071,4.5,4.42570260904)) ;
#10983=CARTESIAN_POINT('Control Point',(-34.8728259071,-1.5,4.42570260904)) ;
#10985=CARTESIAN_POINT('Control Point',(-34.8728259071,4.5,4.42570260904)) ;
#10986=CARTESIAN_POINT('Control Point',(-34.8728259071,-1.5,4.42570260904)) ;
#10996=CARTESIAN_POINT('Control Point',(-34.8728259071,4.5,4.42570260904)) ;
#10997=CARTESIAN_POINT('Control Point',(-34.8728259071,-1.5,4.42570260904)) ;
#10998=CARTESIAN_POINT('Control Point',(-34.8046077021,4.5,5.0420380799)) ;
#10999=CARTESIAN_POINT('Control Point',(-34.8046077021,-1.5,5.0420380799)) ;
#11000=CARTESIAN_POINT('Control Point',(-34.7109820701,4.5,5.65502859954)) ;
#11001=CARTESIAN_POINT('Control Point',(-34.7109820701,-1.5,5.65502859954)) ;
#11003=CARTESIAN_POINT('Control Point',(-34.7109820701,4.5,5.65502859954)) ;
#11004=CARTESIAN_POINT('Control Point',(-34.7109820701,-1.5,5.65502859954)) ;
#11014=CARTESIAN_POINT('Control Point',(-34.7109820701,4.5,5.65502859954)) ;
#11015=CARTESIAN_POINT('Control Point',(-34.7109820701,-1.5,5.65502859954)) ;
#11016=CARTESIAN_POINT('Control Point',(-33.4556069824,4.5,6.38892961668)) ;
#11017=CARTESIAN_POINT('Control Point',(-33.4556069824,-1.5,6.38892961668)) ;
#11018=CARTESIAN_POINT('Control Point',(-32.1076666219,4.5,6.98191649621)) ;
#11019=CARTESIAN_POINT('Control Point',(-32.1076666219,-1.5,6.98191649621)) ;
#11020=CARTESIAN_POINT('Control Point',(-30.4312496572,4.5,6.7859271666)) ;
#11021=CARTESIAN_POINT('Control Point',(-30.4312496572,-1.5,6.7859271666)) ;
#11023=CARTESIAN_POINT('Control Point',(-30.4312496572,4.5,6.7859271666)) ;
#11024=CARTESIAN_POINT('Control Point',(-30.4312496572,-1.5,6.7859271666)) ;
#11034=CARTESIAN_POINT('Control Point',(-30.4312496572,4.5,6.7859271666)) ;
#11035=CARTESIAN_POINT('Control Point',(-30.4312496572,-1.5,6.7859271666)) ;
#11036=CARTESIAN_POINT('Control Point',(-30.1917747796,4.5,7.86075815959)) ;
#11037=CARTESIAN_POINT('Control Point',(-30.1917747796,-1.5,7.86075815959)) ;
#11038=CARTESIAN_POINT('Control Point',(-29.8618678939,4.5,8.91096937975)) ;
#11039=CARTESIAN_POINT('Control Point',(-29.8618678939,-1.5,8.91096937975)) ;
#11041=CARTESIAN_POINT('Control Point',(-29.8618678939,4.5,8.91096937975)) ;
#11042=CARTESIAN_POINT('Control Point',(-29.8618678939,-1.5,8.91096937975)) ;
#11051=CARTESIAN_POINT('Axis2P3D Location',(-5.05491000414,4.5,1.12541607549)) ;
#11056=CARTESIAN_POINT('Line Origine',(-5.05491000414,4.5,27.1254160755)) ;
#11068=CARTESIAN_POINT('Axis2P3D Location',(-5.05491000414,4.5,1.12541607549)) ;
#11073=CARTESIAN_POINT('Line Origine',(20.1021156335,4.5,7.69230735411)) ;
#11085=CARTESIAN_POINT('Axis2P3D Location',(22.0372714518,4.5,8.19745283708)) ;
#11090=CARTESIAN_POINT('Line Origine',(21.7464826881,4.5,6.21870527993)) ;
#11102=CARTESIAN_POINT('Axis2P3D Location',(56.2685699909,4.5,1.14547850505)) ;
#11114=CARTESIAN_POINT('Axis2P3D Location',(-5.05491000414,4.5,1.12541607549)) ;
#11119=CARTESIAN_POINT('Line Origine',(-5.05491000414,4.5,4.12541607549)) ;
#11124=CARTESIAN_POINT('Line Origine',(-5.05491000414,4.5,-1.87458392451)) ;
#11136=CARTESIAN_POINT('Axis2P3D Location',(-5.05491000414,4.5,1.12541607549)) ;
#11148=CARTESIAN_POINT('Axis2P3D Location',(9.94508999586,4.5,1.12541607549)) ;
#11153=CARTESIAN_POINT('Line Origine',(9.94508999586,4.5,4.12541607549)) ;
#11158=CARTESIAN_POINT('Line Origine',(9.94508999586,4.5,-1.87458392451)) ;
#11170=CARTESIAN_POINT('Axis2P3D Location',(9.94508999586,4.5,1.12541607549)) ;
#11182=CARTESIAN_POINT('Axis2P3D Location',(-20.0549100041,4.5,1.12541607549)) ;
#11187=CARTESIAN_POINT('Line Origine',(-20.0549100041,4.5,4.12541607549)) ;
#11192=CARTESIAN_POINT('Line Origine',(-20.0549100041,4.5,-1.87458392451)) ;
#11204=CARTESIAN_POINT('Axis2P3D Location',(-20.0549100041,4.5,1.12541607549)) ;
#11226=CARTESIAN_POINT('NONE',(0.,0.,0.)) ;
#11227=CARTESIAN_POINT('NONE',(-23.7048793998,7.24049110235,-20.9882204535)) ;
#11241=CARTESIAN_POINT('NONE',(0.,0.,0.)) ;
#11242=CARTESIAN_POINT('NONE',(4.41140340835,-7.75950889765,-3.6338246158)) ;
#11258=CARTESIAN_POINT('Axis2P3D Location',(19.3915657996,4.5,3.68252473877)) ;
#11263=CARTESIAN_POINT('Axis2P3D Location',(19.3915657996,4.5,3.68252473877)) ;
#11267=CARTESIAN_POINT('Vertex',(19.3915657996,4.5,0.682524738765)) ;
#11269=CARTESIAN_POINT('Vertex',(19.3915657996,4.5,6.68252473877)) ;
#11272=CARTESIAN_POINT('Line Origine',(19.3915657996,4.5,6.68252473877)) ;
#11276=CARTESIAN_POINT('Vertex',(19.3915657996,-1.5,6.68252473877)) ;
#11279=CARTESIAN_POINT('Axis2P3D Location',(19.3915657996,-1.5,3.68252473877)) ;
#11283=CARTESIAN_POINT('Vertex',(19.3915657996,-1.5,0.682524738765)) ;
#11286=CARTESIAN_POINT('Line Origine',(19.3915657996,4.5,0.682524738765)) ;
#11298=CARTESIAN_POINT('Axis2P3D Location',(34.1769817937,4.5,2.89637139414)) ;
#11303=CARTESIAN_POINT('Axis2P3D Location',(34.1769817931,4.5,2.89637139157)) ;
#11307=CARTESIAN_POINT('Vertex',(32.521448452,4.5,1.77422641565)) ;
#11309=CARTESIAN_POINT('Vertex',(33.4361911453,4.5,1.03862296765)) ;
#11312=CARTESIAN_POINT('Line Origine',(45.3434316888,4.5,-3.70947549052)) ;
#11316=CARTESIAN_POINT('Vertex',(57.2506722323,4.5,-8.45757394868)) ;
#11319=CARTESIAN_POINT('Axis2P3D Location',(57.991462883,4.5,-6.59982550734)) ;
#11323=CARTESIAN_POINT('Vertex',(57.9914628807,4.5,-8.59982552166)) ;
#11326=CARTESIAN_POINT('Axis2P3D Location',(57.9914628682,4.5,-6.59982545655)) ;
#11330=CARTESIAN_POINT('Vertex',(58.7490831784,4.5,-8.4507743282)) ;
#11333=CARTESIAN_POINT('Line Origine',(64.2149107326,4.5,-6.2135315242)) ;
#11337=CARTESIAN_POINT('Vertex',(69.680738287,4.5,-3.97628871936)) ;
#11340=CARTESIAN_POINT('Line Origine',(70.5978922033,4.5,-3.23384094729)) ;
#11344=CARTESIAN_POINT('Vertex',(71.5150461197,4.5,-2.49139317523)) ;
#11347=CARTESIAN_POINT('Line Origine',(72.2574938917,4.5,-3.40854709062)) ;
#11351=CARTESIAN_POINT('Vertex',(72.9999416638,4.5,-4.32570100601)) ;
#11354=CARTESIAN_POINT('Line Origine',(73.9170955792,4.5,-3.58325323395)) ;
#11358=CARTESIAN_POINT('Vertex',(74.8342494946,4.5,-2.84080546188)) ;
#11361=CARTESIAN_POINT('Line Origine',(75.5766972676,4.5,-3.75795937727)) ;
#11365=CARTESIAN_POINT('Vertex',(76.3191450406,4.5,-4.67511329266)) ;
#11368=CARTESIAN_POINT('Line Origine',(77.2362989559,4.5,-3.9326655206)) ;
#11372=CARTESIAN_POINT('Vertex',(78.1534528713,4.5,-3.19021774854)) ;
#11375=CARTESIAN_POINT('Line Origine',(78.8959006434,4.5,-4.10737166486)) ;
#11379=CARTESIAN_POINT('Vertex',(79.6383484155,4.5,-5.02452558118)) ;
#11382=CARTESIAN_POINT('Line Origine',(80.5555023318,4.5,-4.28207780819)) ;
#11386=CARTESIAN_POINT('Vertex',(81.4726562481,4.5,-3.53963003519)) ;
#11389=CARTESIAN_POINT('Line Origine',(82.2151040202,4.5,-4.45678395151)) ;
#11393=CARTESIAN_POINT('Vertex',(82.9575517922,4.5,-5.37393786784)) ;
#11396=CARTESIAN_POINT('Line Origine',(83.8747057086,4.5,-4.63149009577)) ;
#11400=CARTESIAN_POINT('Vertex',(84.7918596249,4.5,-3.88904232371)) ;
#11403=CARTESIAN_POINT('Line Origine',(85.5343073969,4.5,-4.8061962391)) ;
#11407=CARTESIAN_POINT('Vertex',(86.276755169,4.5,-5.72335015449)) ;
#11410=CARTESIAN_POINT('Line Origine',(83.175906402,4.5,-13.2652472102)) ;
#11414=CARTESIAN_POINT('Vertex',(80.0750576359,4.5,-20.8071442667)) ;
#11418=CARTESIAN_POINT('Control Point',(80.0750576351,4.5,-20.8071442659)) ;
#11419=CARTESIAN_POINT('Control Point',(80.0063110345,4.5,-20.9743500289)) ;
#11420=CARTESIAN_POINT('Control Point',(79.918671701,4.5,-21.1337876598)) ;
#11421=CARTESIAN_POINT('Control Point',(79.8133034644,4.5,-21.2826158533)) ;
#11422=CARTESIAN_POINT('Control Point',(79.6111931697,4.5,-21.5086686412)) ;
#11423=CARTESIAN_POINT('Control Point',(79.3712964794,4.5,-21.6923897923)) ;
#11424=CARTESIAN_POINT('Control Point',(79.2699707216,4.5,-21.7584987355)) ;
#11425=CARTESIAN_POINT('Control Point',(79.1640520671,4.5,-21.8167228374)) ;
#11426=CARTESIAN_POINT('Control Point',(79.0543700158,4.5,-21.8666847109)) ;
#11427=CARTESIAN_POINT('Vertex',(79.0543700158,4.5,-21.8666847109)) ;
#11430=CARTESIAN_POINT('Line Origine',(73.2471518321,4.5,-24.5119625547)) ;
#11434=CARTESIAN_POINT('Vertex',(67.4399336483,4.5,-27.1572403981)) ;
#11438=CARTESIAN_POINT('Control Point',(67.4399336483,4.5,-27.1572403985)) ;
#11439=CARTESIAN_POINT('Control Point',(67.2843439382,4.5,-27.2281139217)) ;
#11440=CARTESIAN_POINT('Control Point',(67.1211811819,4.5,-27.2823614435)) ;
#11441=CARTESIAN_POINT('Control Point',(66.9528079036,4.5,-27.3189036199)) ;
#11442=CARTESIAN_POINT('Control Point',(66.7818361965,4.5,-27.3371731288)) ;
#11443=CARTESIAN_POINT('Control Point',(66.6108648125,4.5,-27.3371731288)) ;
#11444=CARTESIAN_POINT('Vertex',(66.610864812,4.5,-27.3371731288)) ;
#11448=CARTESIAN_POINT('Control Point',(66.6108648125,4.5,-27.3371731288)) ;
#11449=CARTESIAN_POINT('Control Point',(66.4548330606,4.5,-27.3371731288)) ;
#11450=CARTESIAN_POINT('Control Point',(66.2988015777,4.5,-27.3219569365)) ;
#11451=CARTESIAN_POINT('Control Point',(66.1447451363,4.5,-27.291522896)) ;
#11452=CARTESIAN_POINT('Control Point',(65.9946483561,4.5,-27.2462627521)) ;
#11453=CARTESIAN_POINT('Control Point',(65.8503379859,4.5,-27.1869295857)) ;
#11454=CARTESIAN_POINT('Vertex',(65.8503379865,4.5,-27.1869295852)) ;
#11457=CARTESIAN_POINT('Line Origine',(40.6536633735,4.5,-16.8273241951)) ;
#11461=CARTESIAN_POINT('Vertex',(15.4569887612,4.5,-6.46771880451)) ;
#11464=CARTESIAN_POINT('Axis2P3D Location',(14.6964619372,4.5,-8.31747526087)) ;
#11468=CARTESIAN_POINT('Vertex',(14.6964619364,4.5,-6.31747526142)) ;
#11471=CARTESIAN_POINT('Line Origine',(-4.95598613195,4.5,-6.31747526142)) ;
#11475=CARTESIAN_POINT('Vertex',(-24.6084342004,4.5,-6.31747526123)) ;
#11479=CARTESIAN_POINT('Control Point',(-24.6084342003,4.5,-6.31747526142)) ;
#11480=CARTESIAN_POINT('Control Point',(-25.5379421512,4.5,-6.31747526142)) ;
#11481=CARTESIAN_POINT('Control Point',(-26.4674497203,4.5,-6.20947713257)) ;
#11482=CARTESIAN_POINT('Control Point',(-27.3802630549,4.5,-5.9934562124)) ;
#11483=CARTESIAN_POINT('Control Point',(-29.1389048541,4.5,-5.35331843368)) ;
#11484=CARTESIAN_POINT('Control Point',(-30.7039234408,4.5,-4.32701024472)) ;
#11485=CARTESIAN_POINT('Control Point',(-31.4230927324,4.5,-3.72477380015)) ;
#11486=CARTESIAN_POINT('Control Point',(-32.7082815942,4.5,-2.36430073929)) ;
#11487=CARTESIAN_POINT('Control Point',(-33.6473007637,4.5,-0.745401520668)) ;
#11488=CARTESIAN_POINT('Control Point',(-34.0202615334,4.5,0.115292081334)) ;
#11489=CARTESIAN_POINT('Control Point',(-34.5593576367,4.5,1.90748982241)) ;
#11490=CARTESIAN_POINT('Control Point',(-34.6731739686,4.5,3.77554697238)) ;
#11491=CARTESIAN_POINT('Control Point',(-34.6208063538,4.5,4.71211029279)) ;
#11492=CARTESIAN_POINT('Control Point',(-34.299445914,4.5,6.55583609229)) ;
#11493=CARTESIAN_POINT('Control Point',(-33.5639144242,4.5,8.27676174588)) ;
#11494=CARTESIAN_POINT('Control Point',(-33.0973276917,4.5,9.09051233662)) ;
#11495=CARTESIAN_POINT('Control Point',(-31.9836840763,4.5,10.594638413)) ;
#11496=CARTESIAN_POINT('Control Point',(-30.5548403323,4.5,11.8033555975)) ;
#11497=CARTESIAN_POINT('Control Point',(-29.7730161283,4.5,12.3216645153)) ;
#11498=CARTESIAN_POINT('Control Point',(-28.3040033402,4.5,13.0654986816)) ;
#11499=CARTESIAN_POINT('Control Point',(-26.7193719988,4.5,13.4955601219)) ;
#11500=CARTESIAN_POINT('Control Point',(-26.0206087927,4.5,13.6202048493)) ;
#11501=CARTESIAN_POINT('Control Point',(-25.3145213863,4.5,13.6825247386)) ;
#11502=CARTESIAN_POINT('Control Point',(-24.6084342003,4.5,13.6825247386)) ;
#11503=CARTESIAN_POINT('Vertex',(-24.6084342003,4.5,13.6825247386)) ;
#11506=CARTESIAN_POINT('Line Origine',(-0.609558328086,4.5,13.6825247386)) ;
#11510=CARTESIAN_POINT('Vertex',(23.389317544,4.5,13.6825247388)) ;
#11514=CARTESIAN_POINT('Control Point',(23.3893175441,4.5,13.6825247386)) ;
#11515=CARTESIAN_POINT('Control Point',(23.5971608927,4.5,13.6825247386)) ;
#11516=CARTESIAN_POINT('Control Point',(23.805003764,4.5,13.6555254526)) ;
#11517=CARTESIAN_POINT('Control Point',(24.0081828058,4.5,13.601517555)) ;
#11518=CARTESIAN_POINT('Control Point',(24.3719026763,4.5,13.4518229588)) ;
#11519=CARTESIAN_POINT('Control Point',(24.6884080023,4.5,13.219596204)) ;
#11520=CARTESIAN_POINT('Control Point',(24.8232231364,4.5,13.0946649574)) ;
#11521=CARTESIAN_POINT('Control Point',(24.9426242467,4.5,12.955487671)) ;
#11522=CARTESIAN_POINT('Control Point',(25.0448508858,4.5,12.8046697171)) ;
#11523=CARTESIAN_POINT('Vertex',(25.0448508858,4.5,12.8046697171)) ;
#11526=CARTESIAN_POINT('Line Origine',(28.7831496689,4.5,7.28944806636)) ;
#11561=CARTESIAN_POINT('Control Point',(-24.6084342003,4.5,0.68252473858)) ;
#11562=CARTESIAN_POINT('Control Point',(-24.9478392672,4.5,0.68252473858)) ;
#11563=CARTESIAN_POINT('Control Point',(-25.2872437684,4.5,0.730522988329)) ;
#11564=CARTESIAN_POINT('Control Point',(-25.6176246464,4.5,0.826542781693)) ;
#11565=CARTESIAN_POINT('Control Point',(-26.2421452565,4.5,1.10933964791)) ;
#11566=CARTESIAN_POINT('Control Point',(-26.7637567476,4.5,1.5542199021)) ;
#11567=CARTESIAN_POINT('Control Point',(-26.9912052731,4.5,1.81236423359)) ;
#11568=CARTESIAN_POINT('Control Point',(-27.3668613539,4.5,2.38584707264)) ;
#11569=CARTESIAN_POINT('Control Point',(-27.5687635341,4.5,3.04100544705)) ;
#11570=CARTESIAN_POINT('Control Point',(-27.6224164831,4.5,3.38084760176)) ;
#11571=CARTESIAN_POINT('Control Point',(-27.6321696904,4.5,4.06634372297)) ;
#11572=CARTESIAN_POINT('Control Point',(-27.4514584888,4.5,4.72766092904)) ;
#11573=CARTESIAN_POINT('Control Point',(-27.3145999021,4.5,5.04332064349)) ;
#11574=CARTESIAN_POINT('Control Point',(-26.9554115548,4.5,5.6272588149)) ;
#11575=CARTESIAN_POINT('Control Point',(-26.4483888426,4.5,6.08869673523)) ;
#11576=CARTESIAN_POINT('Control Point',(-26.1636579901,4.5,6.28182796525)) ;
#11577=CARTESIAN_POINT('Control Point',(-25.6849726591,4.5,6.51521951621)) ;
#11578=CARTESIAN_POINT('Control Point',(-25.1705972902,4.5,6.63839144361)) ;
#11579=CARTESIAN_POINT('Control Point',(-24.9842323175,4.5,6.6678138954)) ;
#11580=CARTESIAN_POINT('Control Point',(-24.7963331722,4.5,6.68252473858)) ;
#11581=CARTESIAN_POINT('Control Point',(-24.6084342003,4.5,6.68252473858)) ;
#11582=CARTESIAN_POINT('Vertex',(-24.6084342004,4.5,0.682524738765)) ;
#11584=CARTESIAN_POINT('Vertex',(-24.6084342004,4.5,6.68252473877)) ;
#11588=CARTESIAN_POINT('Control Point',(-24.6084342003,4.5,6.68252473858)) ;
#11589=CARTESIAN_POINT('Control Point',(-24.2690291355,4.5,6.68252473858)) ;
#11590=CARTESIAN_POINT('Control Point',(-23.9296246364,4.5,6.63452648941)) ;
#11591=CARTESIAN_POINT('Control Point',(-23.5992437505,4.5,6.53850669561)) ;
#11592=CARTESIAN_POINT('Control Point',(-22.974723144,4.5,6.25570983041)) ;
#11593=CARTESIAN_POINT('Control Point',(-22.4531116554,4.5,5.81082957897)) ;
#11594=CARTESIAN_POINT('Control Point',(-22.2256631258,4.5,5.55268524094)) ;
#11595=CARTESIAN_POINT('Control Point',(-21.8500070463,4.5,4.97920240304)) ;
#11596=CARTESIAN_POINT('Control Point',(-21.6481048666,4.5,4.32404403017)) ;
#11597=CARTESIAN_POINT('Control Point',(-21.5944519176,4.5,3.98420187534)) ;
#11598=CARTESIAN_POINT('Control Point',(-21.5846987102,4.5,3.29870575493)) ;
#11599=CARTESIAN_POINT('Control Point',(-21.7654099114,4.5,2.63738854961)) ;
#11600=CARTESIAN_POINT('Control Point',(-21.9022684993,4.5,2.32172883235)) ;
#11601=CARTESIAN_POINT('Control Point',(-22.2614568457,4.5,1.73779066284)) ;
#11602=CARTESIAN_POINT('Control Point',(-22.7684795561,4.5,1.27635274367)) ;
#11603=CARTESIAN_POINT('Control Point',(-23.0532104128,4.5,1.08322151077)) ;
#11604=CARTESIAN_POINT('Control Point',(-23.5318957405,4.5,0.849829961779)) ;
#11605=CARTESIAN_POINT('Control Point',(-24.0462711055,4.5,0.726658034746)) ;
#11606=CARTESIAN_POINT('Control Point',(-24.2326360882,4.5,0.697235581363)) ;
#11607=CARTESIAN_POINT('Control Point',(-24.420535231,4.5,0.68252473858)) ;
#11608=CARTESIAN_POINT('Control Point',(-24.6084342003,4.5,0.68252473858)) ;
#11615=CARTESIAN_POINT('Control Point',(19.3915657997,4.5,6.68252473858)) ;
#11616=CARTESIAN_POINT('Control Point',(19.7309708645,4.5,6.68252473858)) ;
#11617=CARTESIAN_POINT('Control Point',(20.0703753636,4.5,6.63452648941)) ;
#11618=CARTESIAN_POINT('Control Point',(20.4007562495,4.5,6.53850669561)) ;
#11619=CARTESIAN_POINT('Control Point',(21.025276856,4.5,6.25570983041)) ;
#11620=CARTESIAN_POINT('Control Point',(21.5468883446,4.5,5.81082957896)) ;
#11621=CARTESIAN_POINT('Control Point',(21.7743368742,4.5,5.55268524094)) ;
#11622=CARTESIAN_POINT('Control Point',(22.1499929537,4.5,4.97920240305)) ;
#11623=CARTESIAN_POINT('Control Point',(22.3518951334,4.5,4.32404403017)) ;
#11624=CARTESIAN_POINT('Control Point',(22.4055480824,4.5,3.98420187534)) ;
#11625=CARTESIAN_POINT('Control Point',(22.4153012898,4.5,3.29870575492)) ;
#11626=CARTESIAN_POINT('Control Point',(22.2345900886,4.5,2.63738854959)) ;
#11627=CARTESIAN_POINT('Control Point',(22.0977315007,4.5,2.32172883237)) ;
#11628=CARTESIAN_POINT('Control Point',(21.7385431543,4.5,1.73779066285)) ;
#11629=CARTESIAN_POINT('Control Point',(21.2315204439,4.5,1.27635274368)) ;
#11630=CARTESIAN_POINT('Control Point',(20.9467895872,4.5,1.08322151077)) ;
#11631=CARTESIAN_POINT('Control Point',(20.4681042595,4.5,0.849829961778)) ;
#11632=CARTESIAN_POINT('Control Point',(19.9537288945,4.5,0.726658034746)) ;
#11633=CARTESIAN_POINT('Control Point',(19.7673639118,4.5,0.697235581363)) ;
#11634=CARTESIAN_POINT('Control Point',(19.579464769,4.5,0.68252473858)) ;
#11635=CARTESIAN_POINT('Control Point',(19.3915657997,4.5,0.68252473858)) ;
#11642=CARTESIAN_POINT('Axis2P3D Location',(19.3915657996,4.5,3.68252473877)) ;
#11647=CARTESIAN_POINT('Axis2P3D Location',(19.3915657996,-1.5,3.68252473877)) ;
#11659=CARTESIAN_POINT('Axis2P3D Location',(34.1769817937,-1.5,2.89637139414)) ;
#11664=CARTESIAN_POINT('Axis2P3D Location',(34.1769817931,-1.5,2.89637139157)) ;
#11668=CARTESIAN_POINT('Vertex',(32.521448452,-1.5,1.77422641565)) ;
#11670=CARTESIAN_POINT('Vertex',(33.4361911453,-1.5,1.03862296765)) ;
#11673=CARTESIAN_POINT('Line Origine',(28.7831496689,-1.5,7.28944806636)) ;
#11677=CARTESIAN_POINT('Vertex',(25.0448508858,-1.5,12.8046697171)) ;
#11681=CARTESIAN_POINT('Control Point',(23.3893175441,-1.5,13.6825247386)) ;
#11682=CARTESIAN_POINT('Control Point',(23.5971608927,-1.5,13.6825247386)) ;
#11683=CARTESIAN_POINT('Control Point',(23.805003764,-1.5,13.6555254526)) ;
#11684=CARTESIAN_POINT('Control Point',(24.0081828058,-1.5,13.601517555)) ;
#11685=CARTESIAN_POINT('Control Point',(24.3719026763,-1.5,13.4518229588)) ;
#11686=CARTESIAN_POINT('Control Point',(24.6884080023,-1.5,13.219596204)) ;
#11687=CARTESIAN_POINT('Control Point',(24.8232231364,-1.5,13.0946649574)) ;
#11688=CARTESIAN_POINT('Control Point',(24.9426242467,-1.5,12.955487671)) ;
#11689=CARTESIAN_POINT('Control Point',(25.0448508858,-1.5,12.8046697171)) ;
#11690=CARTESIAN_POINT('Vertex',(23.389317544,-1.5,13.6825247388)) ;
#11693=CARTESIAN_POINT('Line Origine',(-0.609558328086,-1.5,13.6825247386)) ;
#11697=CARTESIAN_POINT('Vertex',(-24.6084342003,-1.5,13.6825247386)) ;
#11701=CARTESIAN_POINT('Control Point',(-24.6084342003,-1.5,-6.31747526142)) ;
#11702=CARTESIAN_POINT('Control Point',(-25.5379421512,-1.5,-6.31747526142)) ;
#11703=CARTESIAN_POINT('Control Point',(-26.4674497203,-1.5,-6.20947713257)) ;
#11704=CARTESIAN_POINT('Control Point',(-27.3802630549,-1.5,-5.9934562124)) ;
#11705=CARTESIAN_POINT('Control Point',(-29.1389048541,-1.5,-5.35331843368)) ;
#11706=CARTESIAN_POINT('Control Point',(-30.7039234408,-1.5,-4.32701024472)) ;
#11707=CARTESIAN_POINT('Control Point',(-31.4230927324,-1.5,-3.72477380015)) ;
#11708=CARTESIAN_POINT('Control Point',(-32.7082815942,-1.5,-2.36430073929)) ;
#11709=CARTESIAN_POINT('Control Point',(-33.6473007637,-1.5,-0.745401520668)) ;
#11710=CARTESIAN_POINT('Control Point',(-34.0202615334,-1.5,0.115292081334)) ;
#11711=CARTESIAN_POINT('Control Point',(-34.5593576367,-1.5,1.90748982241)) ;
#11712=CARTESIAN_POINT('Control Point',(-34.6731739686,-1.5,3.77554697238)) ;
#11713=CARTESIAN_POINT('Control Point',(-34.6208063538,-1.5,4.71211029279)) ;
#11714=CARTESIAN_POINT('Control Point',(-34.299445914,-1.5,6.55583609229)) ;
#11715=CARTESIAN_POINT('Control Point',(-33.5639144242,-1.5,8.27676174588)) ;
#11716=CARTESIAN_POINT('Control Point',(-33.0973276917,-1.5,9.09051233662)) ;
#11717=CARTESIAN_POINT('Control Point',(-31.9836840763,-1.5,10.594638413)) ;
#11718=CARTESIAN_POINT('Control Point',(-30.5548403323,-1.5,11.8033555975)) ;
#11719=CARTESIAN_POINT('Control Point',(-29.7730161283,-1.5,12.3216645153)) ;
#11720=CARTESIAN_POINT('Control Point',(-28.3040033402,-1.5,13.0654986816)) ;
#11721=CARTESIAN_POINT('Control Point',(-26.7193719988,-1.5,13.4955601219)) ;
#11722=CARTESIAN_POINT('Control Point',(-26.0206087927,-1.5,13.6202048493)) ;
#11723=CARTESIAN_POINT('Control Point',(-25.3145213863,-1.5,13.6825247386)) ;
#11724=CARTESIAN_POINT('Control Point',(-24.6084342003,-1.5,13.6825247386)) ;
#11725=CARTESIAN_POINT('Vertex',(-24.6084342004,-1.5,-6.31747526123)) ;
#11728=CARTESIAN_POINT('Line Origine',(-4.95598613195,-1.5,-6.31747526142)) ;
#11732=CARTESIAN_POINT('Vertex',(14.6964619364,-1.5,-6.31747526142)) ;
#11735=CARTESIAN_POINT('Axis2P3D Location',(14.6964619372,-1.5,-8.31747526087)) ;
#11739=CARTESIAN_POINT('Vertex',(15.4569887612,-1.5,-6.46771880451)) ;
#11742=CARTESIAN_POINT('Line Origine',(40.6536633735,-1.5,-16.8273241951)) ;
#11746=CARTESIAN_POINT('Vertex',(65.8503379865,-1.5,-27.1869295852)) ;
#11750=CARTESIAN_POINT('Control Point',(66.6108648125,-1.5,-27.3371731288)) ;
#11751=CARTESIAN_POINT('Control Point',(66.4548330606,-1.5,-27.3371731288)) ;
#11752=CARTESIAN_POINT('Control Point',(66.2988015777,-1.5,-27.3219569365)) ;
#11753=CARTESIAN_POINT('Control Point',(66.1447451363,-1.5,-27.291522896)) ;
#11754=CARTESIAN_POINT('Control Point',(65.9946483561,-1.5,-27.2462627521)) ;
#11755=CARTESIAN_POINT('Control Point',(65.8503379859,-1.5,-27.1869295857)) ;
#11756=CARTESIAN_POINT('Vertex',(66.610864812,-1.5,-27.3371731288)) ;
#11760=CARTESIAN_POINT('Control Point',(67.4399336483,-1.5,-27.1572403985)) ;
#11761=CARTESIAN_POINT('Control Point',(67.2843439382,-1.5,-27.2281139217)) ;
#11762=CARTESIAN_POINT('Control Point',(67.1211811819,-1.5,-27.2823614435)) ;
#11763=CARTESIAN_POINT('Control Point',(66.9528079036,-1.5,-27.3189036199)) ;
#11764=CARTESIAN_POINT('Control Point',(66.7818361965,-1.5,-27.3371731288)) ;
#11765=CARTESIAN_POINT('Control Point',(66.6108648125,-1.5,-27.3371731288)) ;
#11766=CARTESIAN_POINT('Vertex',(67.4399336483,-1.5,-27.1572403981)) ;
#11769=CARTESIAN_POINT('Line Origine',(73.2471518321,-1.5,-24.5119625547)) ;
#11773=CARTESIAN_POINT('Vertex',(79.0543700158,-1.5,-21.8666847109)) ;
#11777=CARTESIAN_POINT('Control Point',(80.0750576351,-1.5,-20.8071442659)) ;
#11778=CARTESIAN_POINT('Control Point',(80.0063110345,-1.5,-20.9743500289)) ;
#11779=CARTESIAN_POINT('Control Point',(79.918671701,-1.5,-21.1337876598)) ;
#11780=CARTESIAN_POINT('Control Point',(79.8133034644,-1.5,-21.2826158533)) ;
#11781=CARTESIAN_POINT('Control Point',(79.6111931697,-1.5,-21.5086686412)) ;
#11782=CARTESIAN_POINT('Control Point',(79.3712964794,-1.5,-21.6923897923)) ;
#11783=CARTESIAN_POINT('Control Point',(79.2699707216,-1.5,-21.7584987355)) ;
#11784=CARTESIAN_POINT('Control Point',(79.1640520671,-1.5,-21.8167228374)) ;
#11785=CARTESIAN_POINT('Control Point',(79.0543700158,-1.5,-21.8666847109)) ;
#11786=CARTESIAN_POINT('Vertex',(80.0750576359,-1.5,-20.8071442667)) ;
#11789=CARTESIAN_POINT('Line Origine',(83.175906402,-1.5,-13.2652472102)) ;
#11793=CARTESIAN_POINT('Vertex',(86.276755169,-1.5,-5.72335015449)) ;
#11796=CARTESIAN_POINT('Line Origine',(85.5343073969,-1.5,-4.8061962391)) ;
#11800=CARTESIAN_POINT('Vertex',(84.7918596249,-1.5,-3.88904232371)) ;
#11803=CARTESIAN_POINT('Line Origine',(83.8747057086,-1.5,-4.63149009577)) ;
#11807=CARTESIAN_POINT('Vertex',(82.9575517922,-1.5,-5.37393786784)) ;
#11810=CARTESIAN_POINT('Line Origine',(82.2151040202,-1.5,-4.45678395151)) ;
#11814=CARTESIAN_POINT('Vertex',(81.4726562481,-1.5,-3.53963003519)) ;
#11817=CARTESIAN_POINT('Line Origine',(80.5555023318,-1.5,-4.28207780819)) ;
#11821=CARTESIAN_POINT('Vertex',(79.6383484155,-1.5,-5.02452558118)) ;
#11824=CARTESIAN_POINT('Line Origine',(78.8959006434,-1.5,-4.10737166486)) ;
#11828=CARTESIAN_POINT('Vertex',(78.1534528713,-1.5,-3.19021774854)) ;
#11831=CARTESIAN_POINT('Line Origine',(77.2362989559,-1.5,-3.9326655206)) ;
#11835=CARTESIAN_POINT('Vertex',(76.3191450406,-1.5,-4.67511329266)) ;
#11838=CARTESIAN_POINT('Line Origine',(75.5766972676,-1.5,-3.75795937727)) ;
#11842=CARTESIAN_POINT('Vertex',(74.8342494946,-1.5,-2.84080546188)) ;
#11845=CARTESIAN_POINT('Line Origine',(73.9170955792,-1.5,-3.58325323395)) ;
#11849=CARTESIAN_POINT('Vertex',(72.9999416638,-1.5,-4.32570100601)) ;
#11852=CARTESIAN_POINT('Line Origine',(72.2574938917,-1.5,-3.40854709062)) ;
#11856=CARTESIAN_POINT('Vertex',(71.5150461197,-1.5,-2.49139317523)) ;
#11859=CARTESIAN_POINT('Line Origine',(70.5978922033,-1.5,-3.23384094729)) ;
#11863=CARTESIAN_POINT('Vertex',(69.680738287,-1.5,-3.97628871936)) ;
#11866=CARTESIAN_POINT('Line Origine',(64.2149107326,-1.5,-6.2135315242)) ;
#11870=CARTESIAN_POINT('Vertex',(58.7490831784,-1.5,-8.4507743282)) ;
#11873=CARTESIAN_POINT('Axis2P3D Location',(57.9914628682,-1.5,-6.59982545655)) ;
#11877=CARTESIAN_POINT('Vertex',(57.9914628807,-1.5,-8.59982552166)) ;
#11880=CARTESIAN_POINT('Axis2P3D Location',(57.991462883,-1.5,-6.59982550734)) ;
#11884=CARTESIAN_POINT('Vertex',(57.2506722323,-1.5,-8.45757394868)) ;
#11887=CARTESIAN_POINT('Line Origine',(45.3434316888,-1.5,-3.70947549052)) ;
#11922=CARTESIAN_POINT('Control Point',(-24.6084342003,-1.5,0.68252473858)) ;
#11923=CARTESIAN_POINT('Control Point',(-24.9478392672,-1.5,0.68252473858)) ;
#11924=CARTESIAN_POINT('Control Point',(-25.2872437684,-1.5,0.730522988329)) ;
#11925=CARTESIAN_POINT('Control Point',(-25.6176246464,-1.5,0.826542781693)) ;
#11926=CARTESIAN_POINT('Control Point',(-26.2421452565,-1.5,1.10933964791)) ;
#11927=CARTESIAN_POINT('Control Point',(-26.7637567476,-1.5,1.5542199021)) ;
#11928=CARTESIAN_POINT('Control Point',(-26.9912052731,-1.5,1.81236423359)) ;
#11929=CARTESIAN_POINT('Control Point',(-27.3668613539,-1.5,2.38584707264)) ;
#11930=CARTESIAN_POINT('Control Point',(-27.5687635341,-1.5,3.04100544705)) ;
#11931=CARTESIAN_POINT('Control Point',(-27.6224164831,-1.5,3.38084760176)) ;
#11932=CARTESIAN_POINT('Control Point',(-27.6321696904,-1.5,4.06634372297)) ;
#11933=CARTESIAN_POINT('Control Point',(-27.4514584888,-1.5,4.72766092904)) ;
#11934=CARTESIAN_POINT('Control Point',(-27.3145999021,-1.5,5.04332064349)) ;
#11935=CARTESIAN_POINT('Control Point',(-26.9554115548,-1.5,5.6272588149)) ;
#11936=CARTESIAN_POINT('Control Point',(-26.4483888426,-1.5,6.08869673523)) ;
#11937=CARTESIAN_POINT('Control Point',(-26.1636579901,-1.5,6.28182796525)) ;
#11938=CARTESIAN_POINT('Control Point',(-25.6849726591,-1.5,6.51521951621)) ;
#11939=CARTESIAN_POINT('Control Point',(-25.1705972902,-1.5,6.63839144361)) ;
#11940=CARTESIAN_POINT('Control Point',(-24.9842323175,-1.5,6.6678138954)) ;
#11941=CARTESIAN_POINT('Control Point',(-24.7963331722,-1.5,6.68252473858)) ;
#11942=CARTESIAN_POINT('Control Point',(-24.6084342003,-1.5,6.68252473858)) ;
#11943=CARTESIAN_POINT('Vertex',(-24.6084342004,-1.5,0.682524738765)) ;
#11945=CARTESIAN_POINT('Vertex',(-24.6084342004,-1.5,6.68252473877)) ;
#11949=CARTESIAN_POINT('Control Point',(-24.6084342003,-1.5,6.68252473858)) ;
#11950=CARTESIAN_POINT('Control Point',(-24.2690291355,-1.5,6.68252473858)) ;
#11951=CARTESIAN_POINT('Control Point',(-23.9296246364,-1.5,6.63452648941)) ;
#11952=CARTESIAN_POINT('Control Point',(-23.5992437505,-1.5,6.53850669561)) ;
#11953=CARTESIAN_POINT('Control Point',(-22.974723144,-1.5,6.25570983041)) ;
#11954=CARTESIAN_POINT('Control Point',(-22.4531116554,-1.5,5.81082957897)) ;
#11955=CARTESIAN_POINT('Control Point',(-22.2256631258,-1.5,5.55268524094)) ;
#11956=CARTESIAN_POINT('Control Point',(-21.8500070463,-1.5,4.97920240304)) ;
#11957=CARTESIAN_POINT('Control Point',(-21.6481048666,-1.5,4.32404403017)) ;
#11958=CARTESIAN_POINT('Control Point',(-21.5944519176,-1.5,3.98420187534)) ;
#11959=CARTESIAN_POINT('Control Point',(-21.5846987102,-1.5,3.29870575493)) ;
#11960=CARTESIAN_POINT('Control Point',(-21.7654099114,-1.5,2.63738854961)) ;
#11961=CARTESIAN_POINT('Control Point',(-21.9022684993,-1.5,2.32172883235)) ;
#11962=CARTESIAN_POINT('Control Point',(-22.2614568457,-1.5,1.73779066284)) ;
#11963=CARTESIAN_POINT('Control Point',(-22.7684795561,-1.5,1.27635274367)) ;
#11964=CARTESIAN_POINT('Control Point',(-23.0532104128,-1.5,1.08322151077)) ;
#11965=CARTESIAN_POINT('Control Point',(-23.5318957405,-1.5,0.849829961779)) ;
#11966=CARTESIAN_POINT('Control Point',(-24.0462711055,-1.5,0.726658034746)) ;
#11967=CARTESIAN_POINT('Control Point',(-24.2326360882,-1.5,0.697235581363)) ;
#11968=CARTESIAN_POINT('Control Point',(-24.420535231,-1.5,0.68252473858)) ;
#11969=CARTESIAN_POINT('Control Point',(-24.6084342003,-1.5,0.68252473858)) ;
#11980=CARTESIAN_POINT('Axis2P3D Location',(34.1769817937,4.5,2.89637139414)) ;
#11985=CARTESIAN_POINT('Line Origine',(33.4361911456,4.5,1.03862296774)) ;
#11990=CARTESIAN_POINT('Line Origine',(32.5214484512,4.5,1.774226416)) ;
#12002=CARTESIAN_POINT('Axis2P3D Location',(33.4361911456,4.5,1.03862296774)) ;
#12007=CARTESIAN_POINT('Line Origine',(57.2506722327,1.5,-8.45757394807)) ;
#12019=CARTESIAN_POINT('Axis2P3D Location',(57.9914628807,4.5,-6.59982552166)) ;
#12024=CARTESIAN_POINT('Line Origine',(57.9914628807,4.5,-8.59982552166)) ;
#12036=CARTESIAN_POINT('Axis2P3D Location',(57.9914628807,4.5,-6.59982552166)) ;
#12041=CARTESIAN_POINT('Line Origine',(58.7490831784,4.5,-8.4507743282)) ;
#12053=CARTESIAN_POINT('Axis2P3D Location',(58.7490831784,4.5,-8.4507743282)) ;
#12058=CARTESIAN_POINT('Line Origine',(69.6807382876,1.5,-3.97628871874)) ;
#12070=CARTESIAN_POINT('Axis2P3D Location',(69.6807382872,4.5,-3.9762887189)) ;
#12075=CARTESIAN_POINT('Line Origine',(71.5150461185,1.5,-2.49139317469)) ;
#12087=CARTESIAN_POINT('Axis2P3D Location',(71.5150461189,4.5,-2.49139317431)) ;
#12092=CARTESIAN_POINT('Line Origine',(72.9999416631,1.5,-4.32570100561)) ;
#12104=CARTESIAN_POINT('Axis2P3D Location',(72.9999416635,4.5,-4.32570100607)) ;
#12109=CARTESIAN_POINT('Line Origine',(74.8342494948,1.5,-2.84080546186)) ;
#12121=CARTESIAN_POINT('Axis2P3D Location',(74.8342494953,4.5,-2.84080546148)) ;
#12126=CARTESIAN_POINT('Line Origine',(76.3191450395,1.5,-4.67511329278)) ;
#12138=CARTESIAN_POINT('Axis2P3D Location',(76.3191450399,4.5,-4.67511329325)) ;
#12143=CARTESIAN_POINT('Line Origine',(78.1534528712,1.5,-3.19021774903)) ;
#12155=CARTESIAN_POINT('Axis2P3D Location',(78.1534528716,4.5,-3.19021774866)) ;
#12160=CARTESIAN_POINT('Line Origine',(79.6383484158,1.5,-5.02452557995)) ;
#12172=CARTESIAN_POINT('Axis2P3D Location',(79.6383484162,4.5,-5.02452558042)) ;
#12177=CARTESIAN_POINT('Line Origine',(81.4726562475,1.5,-3.5396300362)) ;
#12189=CARTESIAN_POINT('Axis2P3D Location',(81.472656248,4.5,-3.53963003583)) ;
#12194=CARTESIAN_POINT('Line Origine',(82.9575517922,1.5,-5.37393786713)) ;
#12206=CARTESIAN_POINT('Axis2P3D Location',(82.9575517926,4.5,-5.37393786759)) ;
#12211=CARTESIAN_POINT('Line Origine',(84.7918596239,1.5,-3.88904232337)) ;
#12223=CARTESIAN_POINT('Axis2P3D Location',(84.7918596243,4.5,-3.889042323)) ;
#12228=CARTESIAN_POINT('Line Origine',(86.2767551685,1.5,-5.7233501543)) ;
#12240=CARTESIAN_POINT('Axis2P3D Location',(80.0750576359,4.5,-20.8071442667)) ;
#12245=CARTESIAN_POINT('Line Origine',(80.0750576359,1.5,-20.8071442667)) ;
#12257=CARTESIAN_POINT('Axis2P3D Location',(78.2253011795,4.5,-20.0466174413)) ;
#12262=CARTESIAN_POINT('Line Origine',(79.0543700158,4.5,-21.8666847105)) ;
#12274=CARTESIAN_POINT('Axis2P3D Location',(67.4399336483,4.5,-27.1572403981)) ;
#12279=CARTESIAN_POINT('Line Origine',(67.4399336483,1.5,-27.1572403981)) ;
#12291=CARTESIAN_POINT('Axis2P3D Location',(66.610864812,4.5,-25.3371731288)) ;
#12296=CARTESIAN_POINT('Line Origine',(66.610864812,4.5,-27.3371731288)) ;
#12308=CARTESIAN_POINT('Axis2P3D Location',(66.610864812,4.5,-25.3371731288)) ;
#12313=CARTESIAN_POINT('Line Origine',(65.8503379865,4.5,-27.1869295852)) ;
#12325=CARTESIAN_POINT('Axis2P3D Location',(15.4569887612,4.5,-6.4677188049)) ;
#12330=CARTESIAN_POINT('Line Origine',(15.4569887612,1.5,-6.4677188049)) ;
#12342=CARTESIAN_POINT('Axis2P3D Location',(14.6964619358,4.5,-8.31747526123)) ;
#12347=CARTESIAN_POINT('Line Origine',(14.6964619358,4.5,-6.31747526123)) ;
#12359=CARTESIAN_POINT('Axis2P3D Location',(-24.6084342004,4.5,-6.31747526123)) ;
#12364=CARTESIAN_POINT('Line Origine',(-24.6084342004,1.5,-6.31747526123)) ;
#12376=CARTESIAN_POINT('Axis2P3D Location',(-24.6084342004,4.5,3.68252473877)) ;
#12381=CARTESIAN_POINT('Line Origine',(-24.6084342004,4.5,13.6825247388)) ;
#12393=CARTESIAN_POINT('Axis2P3D Location',(-24.6084342004,4.5,13.6825247388)) ;
#12398=CARTESIAN_POINT('Line Origine',(23.3893175441,1.5,13.6825247388)) ;
#12410=CARTESIAN_POINT('Axis2P3D Location',(23.389317544,4.5,11.6825247388)) ;
#12415=CARTESIAN_POINT('Line Origine',(25.0448508864,4.5,12.8046697169)) ;
#12427=CARTESIAN_POINT('Axis2P3D Location',(25.0448508864,4.5,12.8046697169)) ;
#12439=CARTESIAN_POINT('Axis2P3D Location',(-24.6084342004,4.5,3.68252473877)) ;
#12444=CARTESIAN_POINT('Line Origine',(-24.6084342004,4.5,6.68252473877)) ;
#12449=CARTESIAN_POINT('Line Origine',(-24.6084342004,4.5,0.682524738765)) ;
#12461=CARTESIAN_POINT('Axis2P3D Location',(-24.6084342004,4.5,3.68252473877)) ;
#12483=CARTESIAN_POINT('NONE',(0.,0.,0.)) ;
#12484=CARTESIAN_POINT('NONE',(-45.2242201871,-1.75950889765,-95.9864873815)) ;
#12498=CARTESIAN_POINT('NONE',(0.,0.,0.)) ;
#12499=CARTESIAN_POINT('NONE',(86.6578243948,-4.75950889765,-30.8094693764)) ;
#12513=CARTESIAN_POINT('NONE',(0.,0.,0.)) ;
#12514=CARTESIAN_POINT('NONE',(86.6578243948,1.24049110235,-30.8094693764)) ;
#12528=CARTESIAN_POINT('NONE',(0.,0.,0.)) ;
#12529=CARTESIAN_POINT('NONE',(-45.2242201871,-7.75950889765,-95.9864873815)) ;
#12543=CARTESIAN_POINT('NONE',(0.,0.,0.)) ;
#12544=CARTESIAN_POINT('NONE',(7.04224733644,5.15448060521,53.4831842618)) ;
#12558=CARTESIAN_POINT('NONE',(0.,0.,0.)) ;
#12559=CARTESIAN_POINT('NONE',(30.0947260648,-13.7595088976,-58.9256123751)) ;
#12573=CARTESIAN_POINT('NONE',(0.,0.,0.)) ;
#12574=CARTESIAN_POINT('NONE',(-13.6637489958,4.24049110235,-72.0660602845)) ;
#12588=CARTESIAN_POINT('NONE',(0.,0.,0.)) ;
#12589=CARTESIAN_POINT('NONE',(47.4495988606,-13.7595088976,-14.8970702185)) ;
#12603=CARTESIAN_POINT('NONE',(0.,0.,0.)) ;
#12604=CARTESIAN_POINT('NONE',(-42.995028461,-13.7595088976,-57.5408770652)) ;
#12618=CARTESIAN_POINT('NONE',(0.,0.,0.)) ;
#12619=CARTESIAN_POINT('NONE',(29.8079960913,4.24049110235,-55.9580519118)) ;
#12635=CARTESIAN_POINT('Axis2P3D Location',(-2.51929154016E-014,15.5734743951,3.5779940566E-014)) ;
#12641=CARTESIAN_POINT('Control Point',(1.58891151659,15.5734743951,-13.4061687365)) ;
#12642=CARTESIAN_POINT('Control Point',(1.6562191357,15.5734743951,-13.9851030524)) ;
#12643=CARTESIAN_POINT('Control Point',(1.79619314798,15.5734743951,-14.5483063589)) ;
#12644=CARTESIAN_POINT('Control Point',(2.01146758867,15.5734743951,-15.0879900429)) ;
#12645=CARTESIAN_POINT('Control Point',(2.37524307336,15.5734743951,-15.7370500934)) ;
#12646=CARTESIAN_POINT('Control Point',(2.83973304573,15.5734743951,-16.3357650679)) ;
#12647=CARTESIAN_POINT('Control Point',(2.94292676684,15.5734743951,-16.460802654)) ;
#12648=CARTESIAN_POINT('Control Point',(3.05015977144,15.5734743951,-16.5833003973)) ;
#12649=CARTESIAN_POINT('Control Point',(3.16141789593,15.5734743951,-16.7034558374)) ;
#12650=CARTESIAN_POINT('Vertex',(1.58891151621,15.5734743951,-13.4061687366)) ;
#12652=CARTESIAN_POINT('Vertex',(3.16141789522,15.5734743951,-16.7034558368)) ;
#12655=CARTESIAN_POINT('Axis2P3D Location',(-2.15425116543E-008,15.5734743951,3.62320266487E-007)) ;
#12659=CARTESIAN_POINT('Vertex',(-2.84993525569E-014,15.5734743951,-13.5)) ;
#12662=CARTESIAN_POINT('Axis2P3D Location',(-5.56001954673E-009,15.5734743951,-1.63714488824E-007)) ;
#12666=CARTESIAN_POINT('Vertex',(-1.62472621529,15.5734743951,-13.4018754182)) ;
#12670=CARTESIAN_POINT('Control Point',(-3.20850517787,15.5734743951,-16.6944749691)) ;
#12671=CARTESIAN_POINT('Control Point',(-2.78508635528,15.5734743951,-16.2258313937)) ;
#12672=CARTESIAN_POINT('Control Point',(-2.41953928358,15.5734743951,-15.7235377706)) ;
#12673=CARTESIAN_POINT('Control Point',(-2.12132744965,15.5734743951,-15.1885591412)) ;
#12674=CARTESIAN_POINT('Control Point',(-1.84990750372,15.5734743951,-14.5036564599)) ;
#12675=CARTESIAN_POINT('Control Point',(-1.68915364623,15.5734743951,-13.7865306273)) ;
#12676=CARTESIAN_POINT('Control Point',(-1.66423442271,15.5734743951,-13.6590538898)) ;
#12677=CARTESIAN_POINT('Control Point',(-1.64277699719,15.5734743951,-13.5308639579)) ;
#12678=CARTESIAN_POINT('Control Point',(-1.62472621538,15.5734743951,-13.4018754177)) ;
#12679=CARTESIAN_POINT('Vertex',(-3.20850517821,15.5734743951,-16.6944749699)) ;
#12682=CARTESIAN_POINT('Axis2P3D Location',(-3.26955870064E-008,15.5734743951,-5.9572936553E-008)) ;
#12686=CARTESIAN_POINT('Vertex',(-4.96318645564,15.5734743951,-16.2593597723)) ;
#12690=CARTESIAN_POINT('Control Point',(-4.82324598357,15.5734743951,-12.6089768894)) ;
#12691=CARTESIAN_POINT('Control Point',(-5.03269223844,15.5734743951,-13.1528771784)) ;
#12692=CARTESIAN_POINT('Control Point',(-5.17048503293,15.5734743951,-13.7166181069)) ;
#12693=CARTESIAN_POINT('Control Point',(-5.23067249551,15.5734743951,-14.2945272949)) ;
#12694=CARTESIAN_POINT('Control Point',(-5.21019854611,15.5734743951,-15.0382963251)) ;
#12695=CARTESIAN_POINT('Control Point',(-5.07714982324,15.5734743951,-15.7842913606)) ;
#12696=CARTESIAN_POINT('Control Point',(-5.04388418563,15.5734743951,-15.942963159)) ;
#12697=CARTESIAN_POINT('Control Point',(-5.00586161536,15.5734743951,-16.1012631861)) ;
#12698=CARTESIAN_POINT('Control Point',(-4.96318645589,15.5734743951,-16.2593597732)) ;
#12699=CARTESIAN_POINT('Vertex',(-4.82324598396,15.5734743951,-12.6089768886)) ;
#12702=CARTESIAN_POINT('Axis2P3D Location',(-5.50669717511E-008,15.5734743951,-1.18295369691E-007)) ;
#12706=CARTESIAN_POINT('Vertex',(-7.66678567306,15.5734743951,-11.1117234236)) ;
#12710=CARTESIAN_POINT('Control Point',(-10.5992996078,15.5734743951,-13.2911567539)) ;
#12711=CARTESIAN_POINT('Control Point',(-10.0065913329,15.5734743951,-13.0729660152)) ;
#12712=CARTESIAN_POINT('Control Point',(-9.44948799146,15.5734743951,-12.7980852958)) ;
#12713=CARTESIAN_POINT('Control Point',(-8.9368175516,15.5734743951,-12.4629711892)) ;
#12714=CARTESIAN_POINT('Control Point',(-8.37819698003,15.5734743951,-11.9826551223)) ;
#12715=CARTESIAN_POINT('Control Point',(-7.90259151781,15.5734743951,-11.4223777767)) ;
#12716=CARTESIAN_POINT('Control Point',(-7.82128524793,15.5734743951,-11.3210832714)) ;
#12717=CARTESIAN_POINT('Control Point',(-7.74271280942,15.5734743951,-11.2175484866)) ;
#12718=CARTESIAN_POINT('Control Point',(-7.66678567231,15.5734743951,-11.111723423)) ;
#12719=CARTESIAN_POINT('Vertex',(-10.599299607,15.5734743951,-13.2911567533)) ;
#12722=CARTESIAN_POINT('Axis2P3D Location',(7.13646888815E-007,15.5734743951,8.01618151666E-007)) ;
#12726=CARTESIAN_POINT('Vertex',(-11.9507846024,15.5734743951,-12.0904403306)) ;
#12730=CARTESIAN_POINT('Control Point',(-10.1304559559,15.5734743951,-8.92322039045)) ;
#12731=CARTESIAN_POINT('Control Point',(-10.5686744706,15.5734743951,-9.30748564962)) ;
#12732=CARTESIAN_POINT('Control Point',(-10.9526674023,15.5734743951,-9.74261794577)) ;
#12733=CARTESIAN_POINT('Control Point',(-11.2745285489,15.5734743951,-10.2263606165)) ;
#12734=CARTESIAN_POINT('Control Point',(-11.6020464689,15.5734743951,-10.8944501032)) ;
#12735=CARTESIAN_POINT('Control Point',(-11.8309188543,15.5734743951,-11.6168267253)) ;
#12736=CARTESIAN_POINT('Control Point',(-11.875202056,15.5734743951,-11.7727829376)) ;
#12737=CARTESIAN_POINT('Control Point',(-11.9151004328,15.5734743951,-11.9306206199)) ;
#12738=CARTESIAN_POINT('Control Point',(-11.9507846031,15.5734743951,-12.090440331)) ;
#12739=CARTESIAN_POINT('Vertex',(-10.1304559556,15.5734743951,-8.92322039016)) ;
#12742=CARTESIAN_POINT('Axis2P3D Location',(-9.03420399509E-008,15.5734743951,-6.30271352578E-008)) ;
#12746=CARTESIAN_POINT('Vertex',(-11.9524769279,15.5734743951,-6.27600950349)) ;
#12750=CARTESIAN_POINT('Control Point',(-15.5619222317,15.5734743951,-6.84299470112)) ;
#12751=CARTESIAN_POINT('Control Point',(-14.9357068254,15.5734743951,-6.92524166653)) ;
#12752=CARTESIAN_POINT('Control Point',(-14.3146728742,15.5734743951,-6.94074570909)) ;
#12753=CARTESIAN_POINT('Control Point',(-13.7049904578,15.5734743951,-6.88226673595)) ;
#12754=CARTESIAN_POINT('Control Point',(-12.9871424997,15.5734743951,-6.71657190422)) ;
#12755=CARTESIAN_POINT('Control Point',(-12.3056409115,15.5734743951,-6.44149583131)) ;
#12756=CARTESIAN_POINT('Control Point',(-12.186573881,15.5734743951,-6.38958891016)) ;
#12757=CARTESIAN_POINT('Control Point',(-12.0688864283,15.5734743951,-6.33442784397)) ;
#12758=CARTESIAN_POINT('Control Point',(-11.952476928,15.5734743951,-6.27600950375)) ;
#12759=CARTESIAN_POINT('Vertex',(-15.5619222313,15.5734743951,-6.8429947003)) ;
#12762=CARTESIAN_POINT('Axis2P3D Location',(-2.39083858813E-007,15.5734743951,-9.90772412693E-008)) ;
#12766=CARTESIAN_POINT('Vertex',(-16.2006020193,15.5734743951,-5.15174671468)) ;
#12770=CARTESIAN_POINT('Control Point',(-13.1169005539,15.5734743951,-3.19326163642)) ;
#12771=CARTESIAN_POINT('Control Point',(-13.6835007486,15.5734743951,-3.32986132742)) ;
#12772=CARTESIAN_POINT('Control Point',(-14.2257256649,15.5734743951,-3.53670142779)) ;
#12773=CARTESIAN_POINT('Control Point',(-14.7355259833,15.5734743951,-3.81545795818)) ;
#12774=CARTESIAN_POINT('Control Point',(-15.3360053647,15.5734743951,-4.25481665314)) ;
#12775=CARTESIAN_POINT('Control Point',(-15.8743669527,15.5734743951,-4.78808708512)) ;
#12776=CARTESIAN_POINT('Control Point',(-15.9860542461,15.5734743951,-4.90560002258)) ;
#12777=CARTESIAN_POINT('Control Point',(-16.0947333325,15.5734743951,-5.02681664914)) ;
#12778=CARTESIAN_POINT('Control Point',(-16.2006020192,15.5734743951,-5.15174671449)) ;
#12779=CARTESIAN_POINT('Vertex',(-13.1169005531,15.5734743951,-3.19326163675)) ;
#12782=CARTESIAN_POINT('Axis2P3D Location',(-2.99604149176E-008,15.5734743951,-6.56545992272E-009)) ;
#12786=CARTESIAN_POINT('Vertex',(-13.4999997615,15.5734743951,-0.00253744020537)) ;
#12790=CARTESIAN_POINT('Control Point',(-16.9594960138,15.5734743951,1.17281497084)) ;
#12791=CARTESIAN_POINT('Control Point',(-16.4432318795,15.5734743951,0.808972089633)) ;
#12792=CARTESIAN_POINT('Control Point',(-15.900538713,15.5734743951,0.506635073926)) ;
#12793=CARTESIAN_POINT('Control Point',(-15.3335152103,15.5734743951,0.275082086875)) ;
#12794=CARTESIAN_POINT('Control Point',(-14.6208901825,15.5734743951,0.0881969939094)) ;
#12795=CARTESIAN_POINT('Control Point',(-13.8896162695,15.5734743951,0.0150551803282)) ;
#12796=CARTESIAN_POINT('Control Point',(-13.7600653011,15.5734743951,0.00568326823377)) ;
#12797=CARTESIAN_POINT('Control Point',(-13.6302236114,15.5734743951,-0.000166119647793)) ;
#12798=CARTESIAN_POINT('Control Point',(-13.4999997616,15.5734743951,-0.00253744050857)) ;
#12799=CARTESIAN_POINT('Vertex',(-16.9594960138,15.5734743951,1.17281497152)) ;
#12802=CARTESIAN_POINT('Axis2P3D Location',(-5.51214960222E-007,15.5734743951,5.91414060255E-008)) ;
#12806=CARTESIAN_POINT('Vertex',(-16.739056752,15.5734743951,2.96714998828)) ;
#12810=CARTESIAN_POINT('Control Point',(-13.0984213091,15.5734743951,3.26823487505)) ;
#12811=CARTESIAN_POINT('Control Point',(-13.6636019095,15.5734743951,3.41059409585)) ;
#12812=CARTESIAN_POINT('Control Point',(-14.2398416187,15.5734743951,3.47943076567)) ;
#12813=CARTESIAN_POINT('Control Point',(-14.8207919946,15.5734743951,3.46952013683)) ;
#12814=CARTESIAN_POINT('Control Point',(-15.5566702496,15.5734743951,3.35954401585)) ;
#12815=CARTESIAN_POINT('Control Point',(-16.2811888904,15.5734743951,3.13754560283)) ;
#12816=CARTESIAN_POINT('Control Point',(-16.4346940614,15.5734743951,3.08539673756)) ;
#12817=CARTESIAN_POINT('Control Point',(-16.5872567884,15.5734743951,3.02857043499)) ;
#12818=CARTESIAN_POINT('Control Point',(-16.7390567511,15.5734743951,2.96714998782)) ;
#12819=CARTESIAN_POINT('Vertex',(-13.0984213096,15.5734743951,3.26823487466)) ;
#12822=CARTESIAN_POINT('Axis2P3D Location',(-2.49614856471E-008,15.5734743951,1.18590544359E-008)) ;
#12826=CARTESIAN_POINT('Vertex',(-11.9548353424,15.5734743951,6.27151592005)) ;
#12830=CARTESIAN_POINT('Control Point',(-14.4718536437,15.5734743951,8.91994686797)) ;
#12831=CARTESIAN_POINT('Control Point',(-14.1838106729,15.5734743951,8.35786009024)) ;
#12832=CARTESIAN_POINT('Control Point',(-13.8437827555,15.5734743951,7.83795186807)) ;
#12833=CARTESIAN_POINT('Control Point',(-13.4493164188,15.5734743951,7.3694129181)) ;
#12834=CARTESIAN_POINT('Control Point',(-12.9051681271,15.5734743951,6.87276102294)) ;
#12835=CARTESIAN_POINT('Control Point',(-12.2916479299,15.5734743951,6.46815723082)) ;
#12836=CARTESIAN_POINT('Control Point',(-12.1812915875,15.5734743951,6.39965347938)) ;
#12837=CARTESIAN_POINT('Control Point',(-12.069040827,15.5734743951,6.33413366168)) ;
#12838=CARTESIAN_POINT('Control Point',(-11.9548353422,15.5734743951,6.27151592076)) ;
#12839=CARTESIAN_POINT('Vertex',(-14.4718536437,15.5734743951,8.91994686731)) ;
#12842=CARTESIAN_POINT('Axis2P3D Location',(-2.05105834863E-007,15.5734743951,1.33485398987E-007)) ;
#12846=CARTESIAN_POINT('Vertex',(-13.4427953103,15.5734743951,10.406308387)) ;
#12850=CARTESIAN_POINT('Control Point',(-10.0792515967,15.5734743951,8.98101816326)) ;
#12851=CARTESIAN_POINT('Control Point',(-10.5135365342,15.5734743951,9.36972351268)) ;
#12852=CARTESIAN_POINT('Control Point',(-10.9917814589,15.5734743951,9.69846730099)) ;
#12853=CARTESIAN_POINT('Control Point',(-11.5107931779,15.5734743951,9.95967298209)) ;
#12854=CARTESIAN_POINT('Control Point',(-12.2134894624,15.5734743951,10.2042736387)) ;
#12855=CARTESIAN_POINT('Control Point',(-12.9581866625,15.5734743951,10.3444044067)) ;
#12856=CARTESIAN_POINT('Control Point',(-13.1183435278,15.5734743951,10.3695662889)) ;
#12857=CARTESIAN_POINT('Control Point',(-13.2798396134,15.5734743951,10.3901485313)) ;
#12858=CARTESIAN_POINT('Control Point',(-13.4427953102,15.5734743951,10.4063083865)) ;
#12859=CARTESIAN_POINT('Vertex',(-10.0792515972,15.5734743951,8.98101816279)) ;
#12862=CARTESIAN_POINT('Axis2P3D Location',(-1.44507733466E-008,15.5734743951,1.52595734134E-008)) ;
#12866=CARTESIAN_POINT('Vertex',(-7.67096221776,15.5734743951,11.108840563)) ;
#12870=CARTESIAN_POINT('Control Point',(-8.66888400912,15.5734743951,14.6236264333)) ;
#12871=CARTESIAN_POINT('Control Point',(-8.67504937533,15.5734743951,13.9920630682)) ;
#12872=CARTESIAN_POINT('Control Point',(-8.61558300555,15.5734743951,13.3736883498)) ;
#12873=CARTESIAN_POINT('Control Point',(-8.48404131471,15.5734743951,12.7755000566)) ;
#12874=CARTESIAN_POINT('Control Point',(-8.23302757548,15.5734743951,12.0828583253)) ;
#12875=CARTESIAN_POINT('Control Point',(-7.87781117877,15.5734743951,11.4394824093)) ;
#12876=CARTESIAN_POINT('Control Point',(-7.81193077235,15.5734743951,11.3275402003)) ;
#12877=CARTESIAN_POINT('Control Point',(-7.74298623761,15.5734743951,11.2173597535)) ;
#12878=CARTESIAN_POINT('Control Point',(-7.6709622182,15.5734743951,11.1088405624)) ;
#12879=CARTESIAN_POINT('Vertex',(-8.66888400854,15.5734743951,14.6236264328)) ;
#12882=CARTESIAN_POINT('Axis2P3D Location',(-4.71253599385E-008,15.5734743951,8.55114097617E-008)) ;
#12886=CARTESIAN_POINT('Vertex',(-7.06695146631,15.5734743951,15.4615069438)) ;
#12890=CARTESIAN_POINT('Control Point',(-4.75104681216,15.5734743951,12.6363584232)) ;
#12891=CARTESIAN_POINT('Control Point',(-4.95494664408,15.5734743951,13.1823621911)) ;
#12892=CARTESIAN_POINT('Control Point',(-5.22563663854,15.5734743951,13.6957018581)) ;
#12893=CARTESIAN_POINT('Control Point',(-5.56381035759,15.5734743951,14.1681847732)) ;
#12894=CARTESIAN_POINT('Control Point',(-6.07234542415,15.5734743951,14.7113271452)) ;
#12895=CARTESIAN_POINT('Control Point',(-6.66662003281,15.5734743951,15.1814848235)) ;
#12896=CARTESIAN_POINT('Control Point',(-6.79673858493,15.5734743951,15.2781931709)) ;
#12897=CARTESIAN_POINT('Control Point',(-6.93017122214,15.5734743951,15.3714688147)) ;
#12898=CARTESIAN_POINT('Control Point',(-7.06695146672,15.5734743951,15.4615069441)) ;
#12899=CARTESIAN_POINT('Vertex',(-4.75104681203,15.5734743951,12.6363584228)) ;
#12902=CARTESIAN_POINT('Axis2P3D Location',(5.3999170782E-009,15.5734743951,-3.94708423416E-008)) ;
#12906=CARTESIAN_POINT('Vertex',(-1.62976409411,15.5734743951,13.401263709)) ;
#12910=CARTESIAN_POINT('Control Point',(-0.879977518693,15.5734743951,16.9772094171)) ;
#12911=CARTESIAN_POINT('Control Point',(-1.1789388107,15.5734743951,16.4208530167)) ;
#12912=CARTESIAN_POINT('Control Point',(-1.41365701645,15.5734743951,15.8456739943)) ;
#12913=CARTESIAN_POINT('Control Point',(-1.57517459178,15.5734743951,15.2548741015)) ;
#12914=CARTESIAN_POINT('Control Point',(-1.67479962686,15.5734743951,14.5249184039)) ;
#12915=CARTESIAN_POINT('Control Point',(-1.65926282443,15.5734743951,13.7901600297)) ;
#12916=CARTESIAN_POINT('Control Point',(-1.65295076122,15.5734743951,13.6604239742)) ;
#12917=CARTESIAN_POINT('Control Point',(-1.64310681423,15.5734743951,13.5308239107)) ;
#12918=CARTESIAN_POINT('Control Point',(-1.62976409495,15.5734743951,13.4012637082)) ;
#12919=CARTESIAN_POINT('Vertex',(-0.879977518407,15.5734743951,16.9772094164)) ;
#12922=CARTESIAN_POINT('Axis2P3D Location',(-1.5490128393E-008,15.5734743951,5.21055841004E-008)) ;
#12926=CARTESIAN_POINT('Vertex',(-2.31110846001E-014,15.5734743951,17.)) ;
#12929=CARTESIAN_POINT('Axis2P3D Location',(-1.5490128393E-008,15.5734743951,5.21055841004E-008)) ;
#12933=CARTESIAN_POINT('Vertex',(0.92784579265,15.5734743951,16.9746605912)) ;
#12937=CARTESIAN_POINT('Control Point',(1.66556554101,15.5734743951,13.3968612533)) ;
#12938=CARTESIAN_POINT('Control Point',(1.73876180966,15.5734743951,13.97508056)) ;
#12939=CARTESIAN_POINT('Control Point',(1.73763856091,15.5734743951,14.5554161779)) ;
#12940=CARTESIAN_POINT('Control Point',(1.65777436381,15.5734743951,15.1309361707)) ;
#12941=CARTESIAN_POINT('Control Point',(1.45989977048,15.5734743951,15.8481928895)) ;
#12942=CARTESIAN_POINT('Control Point',(1.15218890354,15.5734743951,16.5406700232)) ;
#12943=CARTESIAN_POINT('Control Point',(1.08191725887,15.5734743951,16.6867701179)) ;
#12944=CARTESIAN_POINT('Control Point',(1.00711587938,15.5734743951,16.831370837)) ;
#12945=CARTESIAN_POINT('Control Point',(0.927845792845,15.5734743951,16.9746605903)) ;
#12946=CARTESIAN_POINT('Vertex',(1.66556554147,15.5734743951,13.3968612528)) ;
#12949=CARTESIAN_POINT('Axis2P3D Location',(-1.95139907475E-008,15.5734743951,-6.21770099544E-008)) ;
#12953=CARTESIAN_POINT('Vertex',(4.78479334271,15.5734743951,12.623618842)) ;
#12957=CARTESIAN_POINT('Control Point',(7.11052121595,15.5734743951,15.4415183198)) ;
#12958=CARTESIAN_POINT('Control Point',(6.58725242772,15.5734743951,15.0878234328)) ;
#12959=CARTESIAN_POINT('Control Point',(6.11212075868,15.5734743951,14.6876066911)) ;
#12960=CARTESIAN_POINT('Control Point',(5.69454564745,15.5734743951,14.239540327)) ;
#12961=CARTESIAN_POINT('Control Point',(5.26710473288,15.5734743951,13.6394947187)) ;
#12962=CARTESIAN_POINT('Control Point',(4.93940264606,15.5734743951,12.9816781771)) ;
#12963=CARTESIAN_POINT('Control Point',(4.88470035097,15.5734743951,12.8638692415)) ;
#12964=CARTESIAN_POINT('Control Point',(4.83318858051,15.5734743951,12.7445393741)) ;
#12965=CARTESIAN_POINT('Control Point',(4.78479334339,15.5734743951,12.6236188412)) ;
#12966=CARTESIAN_POINT('Vertex',(7.11052121631,15.5734743951,15.4415183202)) ;
#12969=CARTESIAN_POINT('Axis2P3D Location',(-2.17070178156E-007,15.5734743951,-4.37101050213E-007)) ;
#12973=CARTESIAN_POINT('Vertex',(8.71008476227,15.5734743951,14.5991240639)) ;
#12977=CARTESIAN_POINT('Control Point',(7.70061690174,15.5734743951,11.0883046202)) ;
#12978=CARTESIAN_POINT('Control Point',(8.03414088906,15.5734743951,11.5662763871)) ;
#12979=CARTESIAN_POINT('Control Point',(8.3028417108,15.5734743951,12.0806600564)) ;
#12980=CARTESIAN_POINT('Control Point',(8.49958295272,15.5734743951,12.6273724454)) ;
#12981=CARTESIAN_POINT('Control Point',(8.65769951923,15.5734743951,13.3544286376)) ;
#12982=CARTESIAN_POINT('Control Point',(8.70704524805,15.5734743951,14.1105870584)) ;
#12983=CARTESIAN_POINT('Control Point',(8.71271889688,15.5734743951,14.2726091304)) ;
#12984=CARTESIAN_POINT('Control Point',(8.71368486954,15.5734743951,14.435408643)) ;
#12985=CARTESIAN_POINT('Control Point',(8.71008476242,15.5734743951,14.5991240647)) ;
#12986=CARTESIAN_POINT('Vertex',(7.70061690165,15.5734743951,11.0883046195)) ;
#12989=CARTESIAN_POINT('Axis2P3D Location',(-1.35869493758E-007,15.5734743951,-1.50433949489E-007)) ;
#12993=CARTESIAN_POINT('Vertex',(10.1032122877,15.5734743951,8.95405502938)) ;
#12997=CARTESIAN_POINT('Control Point',(13.4720852319,15.5734743951,10.3683614675)) ;
#12998=CARTESIAN_POINT('Control Point',(12.8443835199,15.5734743951,10.2983553296)) ;
#12999=CARTESIAN_POINT('Control Point',(12.2376853262,15.5734743951,10.1647857002)) ;
#13000=CARTESIAN_POINT('Control Point',(11.6597141058,15.5734743951,9.96209946803)) ;
#13001=CARTESIAN_POINT('Control Point',(11.0023788735,15.5734743951,9.62942716605)) ;
#13002=CARTESIAN_POINT('Control Point',(10.4065104959,15.5734743951,9.19925029859)) ;
#13003=CARTESIAN_POINT('Control Point',(10.3033254773,15.5734743951,9.12035709281)) ;
#13004=CARTESIAN_POINT('Control Point',(10.2022587154,15.5734743951,9.03863445611)) ;
#13005=CARTESIAN_POINT('Control Point',(10.1032122876,15.5734743951,8.9540550299)) ;
#13006=CARTESIAN_POINT('Vertex',(13.4720852314,15.5734743951,10.3683614673)) ;
#13009=CARTESIAN_POINT('Axis2P3D Location',(-2.54762596483E-008,15.5734743951,-1.81771910549E-008)) ;
#13013=CARTESIAN_POINT('Vertex',(14.4969482808,15.5734743951,8.87910415218)) ;
#13017=CARTESIAN_POINT('Control Point',(11.9715497326,15.5734743951,6.23955102637)) ;
#13018=CARTESIAN_POINT('Control Point',(12.4889951091,15.5734743951,6.50777768035)) ;
#13019=CARTESIAN_POINT('Control Point',(12.9659638784,15.5734743951,6.838370299)) ;
#13020=CARTESIAN_POINT('Control Point',(13.3942395245,15.5734743951,7.23102987405)) ;
#13021=CARTESIAN_POINT('Control Point',(13.8721246481,15.5734743951,7.80132572557)) ;
#13022=CARTESIAN_POINT('Control Point',(14.2672224588,15.5734743951,8.44793864863)) ;
#13023=CARTESIAN_POINT('Control Point',(14.3475416355,15.5734743951,8.58876539297)) ;
#13024=CARTESIAN_POINT('Control Point',(14.4240536678,15.5734743951,8.73246829248)) ;
#13025=CARTESIAN_POINT('Control Point',(14.4969482813,15.5734743951,8.87910415232)) ;
#13026=CARTESIAN_POINT('Vertex',(11.9715497322,15.5734743951,6.23955102636)) ;
#13029=CARTESIAN_POINT('Axis2P3D Location',(-8.96025994421E-008,15.5734743951,-3.24419004686E-008)) ;
#13033=CARTESIAN_POINT('Vertex',(13.1071070545,15.5734743951,3.23322511762)) ;
#13037=CARTESIAN_POINT('Control Point',(16.7473568767,15.5734743951,2.91993795522)) ;
#13038=CARTESIAN_POINT('Control Point',(16.1590211409,15.5734743951,3.14965812858)) ;
#13039=CARTESIAN_POINT('Control Point',(15.5597436696,15.5734743951,3.31333480414)) ;
#13040=CARTESIAN_POINT('Control Point',(14.9537825751,15.5734743951,3.4024616781)) ;
#13041=CARTESIAN_POINT('Control Point',(14.2171406071,15.5734743951,3.41337389768)) ;
#13042=CARTESIAN_POINT('Control Point',(13.489612205,15.5734743951,3.30938504105)) ;
#13043=CARTESIAN_POINT('Control Point',(13.3615829065,15.5734743951,3.28748104586)) ;
#13044=CARTESIAN_POINT('Control Point',(13.2341143301,15.5734743951,3.26208731091)) ;
#13045=CARTESIAN_POINT('Control Point',(13.1071070544,15.5734743951,3.23322511837)) ;
#13046=CARTESIAN_POINT('Vertex',(16.7473568763,15.5734743951,2.91993795458)) ;
#13049=CARTESIAN_POINT('Axis2P3D Location',(-4.42733228181E-007,15.5734743951,-4.27451098653E-008)) ;
#13053=CARTESIAN_POINT('Vertex',(16.9627356553,15.5734743951,1.12498848396)) ;
#13057=CARTESIAN_POINT('Control Point',(13.4999447912,15.5734743951,-0.0386085119098)) ;
#13058=CARTESIAN_POINT('Control Point',(14.0827710625,15.5734743951,-0.04157446166)) ;
#13059=CARTESIAN_POINT('Control Point',(14.6587399868,15.5734743951,0.0294923259452)) ;
#13060=CARTESIAN_POINT('Control Point',(15.2204372303,15.5734743951,0.178145493295)) ;
#13061=CARTESIAN_POINT('Control Point',(15.9086131927,15.5734743951,0.461033101628)) ;
#13062=CARTESIAN_POINT('Control Point',(16.5589509413,15.5734743951,0.849969304299)) ;
#13063=CARTESIAN_POINT('Control Point',(16.6955154911,15.5734743951,0.937339009873)) ;
#13064=CARTESIAN_POINT('Control Point',(16.8300455982,15.5734743951,1.02902469374)) ;
#13065=CARTESIAN_POINT('Control Point',(16.9627356548,15.5734743951,1.12498848327)) ;
#13066=CARTESIAN_POINT('Vertex',(13.4999447918,15.5734743951,-0.0386085121493)) ;
#13069=CARTESIAN_POINT('Axis2P3D Location',(1.04457219439E-007,15.5734743951,-1.71830186438E-008)) ;
#13073=CARTESIAN_POINT('Vertex',(13.1083215529,15.5734743951,-3.22829770401)) ;
#13077=CARTESIAN_POINT('Control Point',(16.1860108878,15.5734743951,-5.19740815461)) ;
#13078=CARTESIAN_POINT('Control Point',(15.7718217523,15.5734743951,-4.72058779258)) ;
#13079=CARTESIAN_POINT('Control Point',(15.3172522472,15.5734743951,-4.29716116586)) ;
#13080=CARTESIAN_POINT('Control Point',(14.8221196732,15.5734743951,-3.93663907809)) ;
#13081=CARTESIAN_POINT('Control Point',(14.1749267643,15.5734743951,-3.5846421948)) ;
#13082=CARTESIAN_POINT('Control Point',(13.4824063245,15.5734743951,-3.33862044735)) ;
#13083=CARTESIAN_POINT('Control Point',(13.3588627163,15.5734743951,-3.29851729207)) ;
#13084=CARTESIAN_POINT('Control Point',(13.2341938403,15.5734743951,-3.26176472654)) ;
#13085=CARTESIAN_POINT('Control Point',(13.1083215531,15.5734743951,-3.22829770483)) ;
#13086=CARTESIAN_POINT('Vertex',(16.1860108883,15.5734743951,-5.19740815448)) ;
#13089=CARTESIAN_POINT('Axis2P3D Location',(-5.68122338831E-007,15.5734743951,2.10457783009E-007)) ;
#13093=CARTESIAN_POINT('Vertex',(15.5425647143,15.5734743951,-6.88684848835)) ;
#13097=CARTESIAN_POINT('Control Point',(11.9356651921,15.5734743951,-6.30792330578)) ;
#13098=CARTESIAN_POINT('Control Point',(12.4503538797,15.5734743951,-6.58140239705)) ;
#13099=CARTESIAN_POINT('Control Point',(12.9933754165,15.5734743951,-6.78614198707)) ;
#13100=CARTESIAN_POINT('Control Point',(13.5598161989,15.5734743951,-6.91554986941)) ;
#13101=CARTESIAN_POINT('Control Point',(14.3006301775,15.5734743951,-6.984876648)) ;
#13102=CARTESIAN_POINT('Control Point',(15.0572233209,15.5734743951,-6.94271776522)) ;
#13103=CARTESIAN_POINT('Control Point',(15.2187479516,15.5734743951,-6.92882044368)) ;
#13104=CARTESIAN_POINT('Control Point',(15.3804769075,15.5734743951,-6.91015606053)) ;
#13105=CARTESIAN_POINT('Control Point',(15.5425647143,15.5734743951,-6.88684848882)) ;
#13106=CARTESIAN_POINT('Vertex',(11.9356651917,15.5734743951,-6.3079233058)) ;
#13109=CARTESIAN_POINT('Axis2P3D Location',(-1.96515369728E-009,15.5734743951,-2.53086770685E-009)) ;
#13113=CARTESIAN_POINT('Vertex',(10.1065775559,15.5734743951,-8.95025642685)) ;
#13117=CARTESIAN_POINT('Control Point',(11.9166448675,15.5734743951,-12.1240906902)) ;
#13118=CARTESIAN_POINT('Control Point',(11.771488073,15.5734743951,-11.5094039394)) ;
#13119=CARTESIAN_POINT('Control Point',(11.5657629312,15.5734743951,-10.9232292999)) ;
#13120=CARTESIAN_POINT('Control Point',(11.2948877773,15.5734743951,-10.3739032617)) ;
#13121=CARTESIAN_POINT('Control Point',(10.8854080249,15.5734743951,-9.76145995972)) ;
#13122=CARTESIAN_POINT('Control Point',(10.3865436361,15.5734743951,-9.2217882262)) ;
#13123=CARTESIAN_POINT('Control Point',(10.2957880698,15.5734743951,-9.12886506841)) ;
#13124=CARTESIAN_POINT('Control Point',(10.2024790312,15.5734743951,-9.0383857723)) ;
#13125=CARTESIAN_POINT('Control Point',(10.1065775566,15.5734743951,-8.95025642775)) ;
#13126=CARTESIAN_POINT('Vertex',(11.9166448684,15.5734743951,-12.1240906909)) ;
#13129=CARTESIAN_POINT('Axis2P3D Location',(8.65267922765E-007,15.5734743951,-9.89945476451E-007)) ;
#13133=CARTESIAN_POINT('Vertex',(10.5617795055,15.5734743951,-13.3209914675)) ;
#13137=CARTESIAN_POINT('Control Point',(7.63706853613,15.5734743951,-11.132168889)) ;
#13138=CARTESIAN_POINT('Control Point',(7.96571066355,15.5734743951,-11.6135103555)) ;
#13139=CARTESIAN_POINT('Control Point',(8.35138512162,15.5734743951,-12.0471529485)) ;
#13140=CARTESIAN_POINT('Control Point',(8.79280469231,15.5734743951,-12.4249761024)) ;
#13141=CARTESIAN_POINT('Control Point',(9.416545131,15.5734743951,-12.8306353364)) ;
#13142=CARTESIAN_POINT('Control Point',(10.1060672959,15.5734743951,-13.144911864)) ;
#13143=CARTESIAN_POINT('Control Point',(10.2555486609,15.5734743951,-13.2076706349)) ;
#13144=CARTESIAN_POINT('Control Point',(10.4074263107,15.5734743951,-13.2663033377)) ;
#13145=CARTESIAN_POINT('Control Point',(10.5617795046,15.5734743951,-13.3209914677)) ;
#13146=CARTESIAN_POINT('Vertex',(7.63706853648,15.5734743951,-11.1321688888)) ;
#13149=CARTESIAN_POINT('Axis2P3D Location',(-1.0857813639E-008,15.5734743951,1.82335908902E-008)) ;
#13153=CARTESIAN_POINT('Vertex',(4.78953843832,15.5734743951,-12.6218192646)) ;
#13157=CARTESIAN_POINT('Control Point',(4.91731912084,15.5734743951,-16.273290161)) ;
#13158=CARTESIAN_POINT('Control Point',(5.07444833912,15.5734743951,-15.6615543476)) ;
#13159=CARTESIAN_POINT('Control Point',(5.16469671051,15.5734743951,-15.0469172403)) ;
#13160=CARTESIAN_POINT('Control Point',(5.18013321013,15.5734743951,-14.4346312275)) ;
#13161=CARTESIAN_POINT('Control Point',(5.10217349003,15.5734743951,-13.7020448859)) ;
#13162=CARTESIAN_POINT('Control Point',(4.91124897085,15.5734743951,-12.9923554564)) ;
#13163=CARTESIAN_POINT('Control Point',(4.8740724525,15.5734743951,-12.8678998721)) ;
#13164=CARTESIAN_POINT('Control Point',(4.83349922748,15.5734743951,-12.7444215618)) ;
#13165=CARTESIAN_POINT('Control Point',(4.7895384375,15.5734743951,-12.6218192652)) ;
#13166=CARTESIAN_POINT('Vertex',(4.91731912024,15.5734743951,-16.2732901612)) ;
#13169=CARTESIAN_POINT('Axis2P3D Location',(9.50209034594E-009,15.5734743951,-6.71887467577E-008)) ;
#13230=CARTESIAN_POINT('Axis2P3D Location',(-2.45267815868E-014,15.5734743951,3.64460743808E-014)) ;
#13234=CARTESIAN_POINT('Vertex',(-2.59276792139E-014,15.5734743951,-3.)) ;
#13236=CARTESIAN_POINT('Vertex',(-2.34932658659E-014,15.5734743951,3.)) ;
#13239=CARTESIAN_POINT('Axis2P3D Location',(-2.58590492164E-014,15.5734743951,3.51138067512E-014)) ;
#13250=CARTESIAN_POINT('Control Point',(1.58891151621,15.5734743951,-13.4061687366)) ;
#13251=CARTESIAN_POINT('Control Point',(1.58891151621,-2.42652560489,-13.4061687366)) ;
#13252=CARTESIAN_POINT('Control Point',(1.73064383074,15.5734743951,-14.6252536135)) ;
#13253=CARTESIAN_POINT('Control Point',(1.73064383074,-2.42652560489,-14.6252536135)) ;
#13254=CARTESIAN_POINT('Control Point',(2.25481262375,15.5734743951,-15.7243493136)) ;
#13255=CARTESIAN_POINT('Control Point',(2.25481262375,-2.42652560489,-15.7243493136)) ;
#13256=CARTESIAN_POINT('Control Point',(3.16141789522,15.5734743951,-16.7034558368)) ;
#13257=CARTESIAN_POINT('Control Point',(3.16141789522,-2.42652560489,-16.7034558368)) ;
#13259=CARTESIAN_POINT('Control Point',(1.58891151621,15.5734743951,-13.4061687366)) ;
#13260=CARTESIAN_POINT('Control Point',(1.58891151621,9.57347439511,-13.4061687366)) ;
#13261=CARTESIAN_POINT('Vertex',(1.58891151621,9.57347439511,-13.4061687366)) ;
#13265=CARTESIAN_POINT('Control Point',(3.16141789522,15.5734743951,-16.7034558368)) ;
#13266=CARTESIAN_POINT('Control Point',(3.16141789522,9.57347439511,-16.7034558368)) ;
#13267=CARTESIAN_POINT('Vertex',(3.16141789522,9.57347439511,-16.7034558368)) ;
#13271=CARTESIAN_POINT('Control Point',(1.58891151621,9.57347439511,-13.4061687366)) ;
#13272=CARTESIAN_POINT('Control Point',(1.6957281099,9.57347439511,-14.3249323537)) ;
#13273=CARTESIAN_POINT('Control Point',(1.99871430543,9.57347439511,-15.2018302803)) ;
#13274=CARTESIAN_POINT('Control Point',(2.50657475613,9.57347439511,-15.9962448715)) ;
#13275=CARTESIAN_POINT('Control Point',(3.16141789522,9.57347439511,-16.7034558368)) ;
#13284=CARTESIAN_POINT('Axis2P3D Location',(-2.51929154016E-014,15.5734743951,3.5779940566E-014)) ;
#13289=CARTESIAN_POINT('Line Origine',(-2.51929154016E-014,15.573474396,-13.5)) ;
#13293=CARTESIAN_POINT('Vertex',(-2.51929154016E-014,9.57347439511,-13.5)) ;
#13296=CARTESIAN_POINT('Axis2P3D Location',(-2.51929154016E-014,9.57347439511,3.5779940566E-014)) ;
#13308=CARTESIAN_POINT('Axis2P3D Location',(-2.51929154016E-014,15.5734743951,3.5779940566E-014)) ;
#13313=CARTESIAN_POINT('Line Origine',(-1.62472621529,15.573474396,-13.4018754182)) ;
#13317=CARTESIAN_POINT('Vertex',(-1.62472621529,9.57347439511,-13.4018754182)) ;
#13320=CARTESIAN_POINT('Axis2P3D Location',(-2.51929154016E-014,9.57347439511,3.5779940566E-014)) ;
#13333=CARTESIAN_POINT('Control Point',(-3.20850517821,15.5734743951,-16.6944749699)) ;
#13334=CARTESIAN_POINT('Control Point',(-3.20850517821,-2.42652560489,-16.6944749699)) ;
#13335=CARTESIAN_POINT('Control Point',(-2.3226192836,15.5734743951,-15.7139688827)) ;
#13336=CARTESIAN_POINT('Control Point',(-2.3226192836,-2.42652560489,-15.7139688827)) ;
#13337=CARTESIAN_POINT('Control Point',(-1.79469296263,15.5734743951,-14.6164356988)) ;
#13338=CARTESIAN_POINT('Control Point',(-1.79469296263,-2.42652560489,-14.6164356988)) ;
#13339=CARTESIAN_POINT('Control Point',(-1.62472621529,15.5734743951,-13.4018754182)) ;
#13340=CARTESIAN_POINT('Control Point',(-1.62472621529,-2.42652560489,-13.4018754182)) ;
#13342=CARTESIAN_POINT('Control Point',(-3.20850517821,15.5734743951,-16.6944749699)) ;
#13343=CARTESIAN_POINT('Control Point',(-3.20850517821,9.57347439511,-16.6944749699)) ;
#13344=CARTESIAN_POINT('Vertex',(-3.20850517821,9.57347439511,-16.6944749699)) ;
#13348=CARTESIAN_POINT('Control Point',(-3.20850517821,9.57347439511,-16.6944749699)) ;
#13349=CARTESIAN_POINT('Control Point',(-2.56601925292,9.57347439511,-15.9833660511)) ;
#13350=CARTESIAN_POINT('Control Point',(-2.06465836489,9.57347439511,-15.1898789983)) ;
#13351=CARTESIAN_POINT('Control Point',(-1.75274835427,9.57347439511,-14.3167049803)) ;
#13352=CARTESIAN_POINT('Control Point',(-1.62472621529,9.57347439511,-13.4018754182)) ;
#13361=CARTESIAN_POINT('Axis2P3D Location',(-2.51929154016E-014,15.5734743951,3.5779940566E-014)) ;
#13366=CARTESIAN_POINT('Line Origine',(-4.96318645564,15.573474396,-16.2593597723)) ;
#13370=CARTESIAN_POINT('Vertex',(-4.96318645564,9.57347439511,-16.2593597723)) ;
#13373=CARTESIAN_POINT('Axis2P3D Location',(-2.51929154016E-014,9.57347439511,3.5779940566E-014)) ;
#13386=CARTESIAN_POINT('Control Point',(-4.82324598396,15.5734743951,-12.6089768886)) ;
#13387=CARTESIAN_POINT('Control Point',(-4.82324598396,-2.42652560489,-12.6089768886)) ;
#13388=CARTESIAN_POINT('Control Point',(-5.26428524301,15.5734743951,-13.7542892295)) ;
#13389=CARTESIAN_POINT('Control Point',(-5.26428524301,-2.42652560489,-13.7542892295)) ;
#13390=CARTESIAN_POINT('Control Point',(-5.3109320669,15.5734743951,-14.971083524)) ;
#13391=CARTESIAN_POINT('Control Point',(-5.3109320669,-2.42652560489,-14.971083524)) ;
#13392=CARTESIAN_POINT('Control Point',(-4.96318645564,15.5734743951,-16.2593597723)) ;
#13393=CARTESIAN_POINT('Control Point',(-4.96318645564,-2.42652560489,-16.2593597723)) ;
#13395=CARTESIAN_POINT('Control Point',(-4.82324598396,15.5734743951,-12.6089768886)) ;
#13396=CARTESIAN_POINT('Control Point',(-4.82324598396,9.57347439511,-12.6089768886)) ;
#13397=CARTESIAN_POINT('Vertex',(-4.82324598396,9.57347439511,-12.6089768886)) ;
#13401=CARTESIAN_POINT('Control Point',(-4.82324598396,9.57347439511,-12.6089768886)) ;
#13402=CARTESIAN_POINT('Control Point',(-5.15563532996,9.57347439511,-13.4721418158)) ;
#13403=CARTESIAN_POINT('Control Point',(-5.29486916345,9.57347439511,-14.3894010747)) ;
#13404=CARTESIAN_POINT('Control Point',(-5.2143639359,9.57347439511,-15.3288347809)) ;
#13405=CARTESIAN_POINT('Control Point',(-4.96318645564,9.57347439511,-16.2593597723)) ;
#13414=CARTESIAN_POINT('Axis2P3D Location',(-2.51929154016E-014,15.5734743951,3.5779940566E-014)) ;
#13419=CARTESIAN_POINT('Line Origine',(-7.66678567306,15.573474396,-11.1117234236)) ;
#13423=CARTESIAN_POINT('Vertex',(-7.66678567306,9.57347439511,-11.1117234236)) ;
#13426=CARTESIAN_POINT('Axis2P3D Location',(-2.51929154016E-014,9.57347439511,3.5779940566E-014)) ;
#13439=CARTESIAN_POINT('Control Point',(-10.599299607,15.5734743951,-13.2911567533)) ;
#13440=CARTESIAN_POINT('Control Point',(-10.599299607,-2.42652560489,-13.2911567533)) ;
#13441=CARTESIAN_POINT('Control Point',(-9.35922270453,15.5734743951,-12.8346534332)) ;
#13442=CARTESIAN_POINT('Control Point',(-9.35922270453,-2.42652560489,-12.8346534332)) ;
#13443=CARTESIAN_POINT('Control Point',(-8.38171805988,15.5734743951,-12.1081756566)) ;
#13444=CARTESIAN_POINT('Control Point',(-8.38171805988,-2.42652560489,-12.1081756566)) ;
#13445=CARTESIAN_POINT('Control Point',(-7.66678567306,15.5734743951,-11.1117234236)) ;
#13446=CARTESIAN_POINT('Control Point',(-7.66678567306,-2.42652560489,-11.1117234236)) ;
#13448=CARTESIAN_POINT('Control Point',(-10.599299607,15.5734743951,-13.2911567533)) ;
#13449=CARTESIAN_POINT('Control Point',(-10.599299607,9.57347439511,-13.2911567533)) ;
#13450=CARTESIAN_POINT('Vertex',(-10.599299607,9.57347439511,-13.2911567533)) ;
#13454=CARTESIAN_POINT('Control Point',(-10.599299607,9.57347439511,-13.2911567533)) ;
#13455=CARTESIAN_POINT('Control Point',(-9.69993778064,9.57347439511,-12.9600791734)) ;
#13456=CARTESIAN_POINT('Control Point',(-8.88725294117,9.57347439511,-12.4904753035)) ;
#13457=CARTESIAN_POINT('Control Point',(-8.20528614342,9.57347439511,-11.8622699173)) ;
#13458=CARTESIAN_POINT('Control Point',(-7.66678567306,9.57347439511,-11.1117234236)) ;
#13467=CARTESIAN_POINT('Axis2P3D Location',(-2.51929154016E-014,15.5734743951,3.5779940566E-014)) ;
#13472=CARTESIAN_POINT('Line Origine',(-11.9507846024,15.573474396,-12.0904403306)) ;
#13476=CARTESIAN_POINT('Vertex',(-11.9507846024,9.57347439511,-12.0904403306)) ;
#13479=CARTESIAN_POINT('Axis2P3D Location',(-2.51929154016E-014,9.57347439511,3.5779940566E-014)) ;
#13492=CARTESIAN_POINT('Control Point',(-10.1304559556,15.5734743951,-8.92322039016)) ;
#13493=CARTESIAN_POINT('Control Point',(-10.1304559556,-2.42652560489,-8.92322039016)) ;
#13494=CARTESIAN_POINT('Control Point',(-11.0532300091,15.5734743951,-9.73238294013)) ;
#13495=CARTESIAN_POINT('Control Point',(-11.0532300091,-2.42652560489,-9.73238294013)) ;
#13496=CARTESIAN_POINT('Control Point',(-11.6600062247,15.5734743951,-10.7881229203)) ;
#13497=CARTESIAN_POINT('Control Point',(-11.6600062247,-2.42652560489,-10.7881229203)) ;
#13498=CARTESIAN_POINT('Control Point',(-11.9507846024,15.5734743951,-12.0904403306)) ;
#13499=CARTESIAN_POINT('Control Point',(-11.9507846024,-2.42652560489,-12.0904403306)) ;
#13501=CARTESIAN_POINT('Control Point',(-10.1304559556,15.5734743951,-8.92322039016)) ;
#13502=CARTESIAN_POINT('Control Point',(-10.1304559556,9.57347439511,-8.92322039016)) ;
#13503=CARTESIAN_POINT('Vertex',(-10.1304559556,9.57347439511,-8.92322039016)) ;
#13507=CARTESIAN_POINT('Control Point',(-10.1304559556,9.57347439511,-8.92322039016)) ;
#13508=CARTESIAN_POINT('Control Point',(-10.8259048479,9.57347439511,-9.53304594485)) ;
#13509=CARTESIAN_POINT('Control Point',(-11.3754619171,9.57347439511,-10.2805334939)) ;
#13510=CARTESIAN_POINT('Control Point',(-11.7407546901,9.57347439511,-11.1497733745)) ;
#13511=CARTESIAN_POINT('Control Point',(-11.9507846024,9.57347439511,-12.0904403306)) ;
#13520=CARTESIAN_POINT('Axis2P3D Location',(-2.51929154016E-014,15.5734743951,3.5779940566E-014)) ;
#13525=CARTESIAN_POINT('Line Origine',(-11.9524769279,15.573474396,-6.27600950349)) ;
#13529=CARTESIAN_POINT('Vertex',(-11.9524769279,9.57347439511,-6.27600950349)) ;
#13532=CARTESIAN_POINT('Axis2P3D Location',(-2.51929154016E-014,9.57347439511,3.5779940566E-014)) ;
#13545=CARTESIAN_POINT('Control Point',(-15.5619222313,15.5734743951,-6.8429947003)) ;
#13546=CARTESIAN_POINT('Control Point',(-15.5619222313,-2.42652560489,-6.8429947003)) ;
#13547=CARTESIAN_POINT('Control Point',(-14.2517409947,15.5734743951,-7.01507355648)) ;
#13548=CARTESIAN_POINT('Control Point',(-14.2517409947,-2.42652560489,-7.01507355648)) ;
#13549=CARTESIAN_POINT('Control Point',(-13.0485925603,15.5734743951,-6.82607849087)) ;
#13550=CARTESIAN_POINT('Control Point',(-13.0485925603,-2.42652560489,-6.82607849087)) ;
#13551=CARTESIAN_POINT('Control Point',(-11.9524769279,15.5734743951,-6.27600950349)) ;
#13552=CARTESIAN_POINT('Control Point',(-11.9524769279,-2.42652560489,-6.27600950349)) ;
#13554=CARTESIAN_POINT('Control Point',(-15.5619222313,15.5734743951,-6.8429947003)) ;
#13555=CARTESIAN_POINT('Control Point',(-15.5619222313,9.57347439511,-6.8429947003)) ;
#13556=CARTESIAN_POINT('Vertex',(-15.5619222313,9.57347439511,-6.8429947003)) ;
#13560=CARTESIAN_POINT('Control Point',(-15.5619222313,9.57347439511,-6.8429947003)) ;
#13561=CARTESIAN_POINT('Control Point',(-14.6117174598,9.57347439511,-6.96779434301)) ;
#13562=CARTESIAN_POINT('Control Point',(-13.6738849716,9.57347439511,-6.92965424315)) ;
#13563=CARTESIAN_POINT('Control Point',(-12.7780917615,9.57347439511,-6.69033177214)) ;
#13564=CARTESIAN_POINT('Control Point',(-11.9524769279,9.57347439511,-6.27600950349)) ;
#13573=CARTESIAN_POINT('Axis2P3D Location',(-2.51929154016E-014,15.5734743951,3.5779940566E-014)) ;
#13578=CARTESIAN_POINT('Line Origine',(-16.2006020193,15.573474396,-5.15174671468)) ;
#13582=CARTESIAN_POINT('Vertex',(-16.2006020193,9.57347439511,-5.15174671468)) ;
#13585=CARTESIAN_POINT('Axis2P3D Location',(-2.51929154016E-014,9.57347439511,3.5779940566E-014)) ;
#13598=CARTESIAN_POINT('Control Point',(-13.1169005531,15.5734743951,-3.19326163675)) ;
#13599=CARTESIAN_POINT('Control Point',(-13.1169005531,-2.42652560489,-3.19326163675)) ;
#13600=CARTESIAN_POINT('Control Point',(-14.310012986,15.5734743951,-3.48090500714)) ;
#13601=CARTESIAN_POINT('Control Point',(-14.310012986,-2.42652560489,-3.48090500714)) ;
#13602=CARTESIAN_POINT('Control Point',(-15.3379134747,15.5734743951,-4.13373336646)) ;
#13603=CARTESIAN_POINT('Control Point',(-15.3379134747,-2.42652560489,-4.13373336646)) ;
#13604=CARTESIAN_POINT('Control Point',(-16.2006020193,15.5734743951,-5.15174671468)) ;
#13605=CARTESIAN_POINT('Control Point',(-16.2006020193,-2.42652560489,-5.15174671468)) ;
#13607=CARTESIAN_POINT('Control Point',(-13.1169005531,15.5734743951,-3.19326163675)) ;
#13608=CARTESIAN_POINT('Control Point',(-13.1169005531,9.57347439511,-3.19326163675)) ;
#13609=CARTESIAN_POINT('Vertex',(-13.1169005531,9.57347439511,-3.19326163675)) ;
#13613=CARTESIAN_POINT('Control Point',(-13.1169005531,9.57347439511,-3.19326163675)) ;
#13614=CARTESIAN_POINT('Control Point',(-14.0160900314,9.57347439511,-3.41004413355)) ;
#13615=CARTESIAN_POINT('Control Point',(-14.8500734347,9.57347439511,-3.81651958359)) ;
#13616=CARTESIAN_POINT('Control Point',(-15.5774800363,9.57347439511,-4.41643325737)) ;
#13617=CARTESIAN_POINT('Control Point',(-16.2006020193,9.57347439511,-5.15174671468)) ;
#13626=CARTESIAN_POINT('Axis2P3D Location',(-2.51929154016E-014,15.5734743951,3.5779940566E-014)) ;
#13631=CARTESIAN_POINT('Line Origine',(-13.4999997615,15.573474396,-0.00253744020537)) ;
#13635=CARTESIAN_POINT('Vertex',(-13.4999997615,9.57347439511,-0.00253744020537)) ;
#13638=CARTESIAN_POINT('Axis2P3D Location',(-2.51929154016E-014,9.57347439511,3.5779940566E-014)) ;
#13651=CARTESIAN_POINT('Control Point',(-16.9594960138,15.5734743951,1.17281497152)) ;
#13652=CARTESIAN_POINT('Control Point',(-16.9594960138,-2.42652560489,1.17281497152)) ;
#13653=CARTESIAN_POINT('Control Point',(-15.8793571751,15.5734743951,0.411575131227)) ;
#13654=CARTESIAN_POINT('Control Point',(-15.8793571751,-2.42652560489,0.411575131227)) ;
#13655=CARTESIAN_POINT('Control Point',(-14.7261917577,15.5734743951,0.0197909939852)) ;
#13656=CARTESIAN_POINT('Control Point',(-14.7261917577,-2.42652560489,0.0197909939852)) ;
#13657=CARTESIAN_POINT('Control Point',(-13.4999997615,15.5734743951,-0.00253744020537)) ;
#13658=CARTESIAN_POINT('Control Point',(-13.4999997615,-2.42652560489,-0.00253744020537)) ;
#13660=CARTESIAN_POINT('Control Point',(-16.9594960138,15.5734743951,1.17281497152)) ;
#13661=CARTESIAN_POINT('Control Point',(-16.9594960138,9.57347439511,1.17281497152)) ;
#13662=CARTESIAN_POINT('Vertex',(-16.9594960138,9.57347439511,1.17281497152)) ;
#13666=CARTESIAN_POINT('Control Point',(-16.9594960138,9.57347439511,1.17281497152)) ;
#13667=CARTESIAN_POINT('Control Point',(-16.1761287591,9.57347439511,0.620728200375)) ;
#13668=CARTESIAN_POINT('Control Point',(-15.3279947432,9.57347439511,0.218667092873)) ;
#13669=CARTESIAN_POINT('Control Point',(-14.4235905498,9.57347439511,0.0142807548236)) ;
#13670=CARTESIAN_POINT('Control Point',(-13.4999997615,9.57347439511,-0.00253744020537)) ;
#13679=CARTESIAN_POINT('Axis2P3D Location',(-2.51929154016E-014,15.5734743951,3.5779940566E-014)) ;
#13684=CARTESIAN_POINT('Line Origine',(-16.739056752,15.573474396,2.96714998828)) ;
#13688=CARTESIAN_POINT('Vertex',(-16.739056752,9.57347439511,2.96714998828)) ;
#13691=CARTESIAN_POINT('Axis2P3D Location',(-2.51929154016E-014,9.57347439511,3.5779940566E-014)) ;
#13704=CARTESIAN_POINT('Control Point',(-13.0984213096,15.5734743951,3.26823487466)) ;
#13705=CARTESIAN_POINT('Control Point',(-13.0984213096,-2.42652560489,3.26823487466)) ;
#13706=CARTESIAN_POINT('Control Point',(-14.2885444421,15.5734743951,3.56800631353)) ;
#13707=CARTESIAN_POINT('Control Point',(-14.2885444421,-2.42652560489,3.56800631353)) ;
#13708=CARTESIAN_POINT('Control Point',(-15.5020895896,15.5734743951,3.46764468473)) ;
#13709=CARTESIAN_POINT('Control Point',(-15.5020895896,-2.42652560489,3.46764468473)) ;
#13710=CARTESIAN_POINT('Control Point',(-16.739056752,15.5734743951,2.96714998828)) ;
#13711=CARTESIAN_POINT('Control Point',(-16.739056752,-2.42652560489,2.96714998828)) ;
#13713=CARTESIAN_POINT('Control Point',(-13.0984213096,15.5734743951,3.26823487466)) ;
#13714=CARTESIAN_POINT('Control Point',(-13.0984213096,9.57347439511,3.26823487466)) ;
#13715=CARTESIAN_POINT('Vertex',(-13.0984213096,9.57347439511,3.26823487466)) ;
#13719=CARTESIAN_POINT('Control Point',(-13.0984213096,9.57347439511,3.26823487466)) ;
#13720=CARTESIAN_POINT('Control Point',(-13.995357901,9.57347439511,3.49415769325)) ;
#13721=CARTESIAN_POINT('Control Point',(-14.9227120912,9.57347439511,3.52181296934)) ;
#13722=CARTESIAN_POINT('Control Point',(-15.8455924351,9.57347439511,3.32865849527)) ;
#13723=CARTESIAN_POINT('Control Point',(-16.739056752,9.57347439511,2.96714998828)) ;
#13732=CARTESIAN_POINT('Axis2P3D Location',(-2.51929154016E-014,15.5734743951,3.5779940566E-014)) ;
#13737=CARTESIAN_POINT('Line Origine',(-11.9548353424,15.573474396,6.27151592005)) ;
#13741=CARTESIAN_POINT('Vertex',(-11.9548353424,9.57347439511,6.27151592005)) ;
#13744=CARTESIAN_POINT('Axis2P3D Location',(-2.51929154016E-014,9.57347439511,3.5779940566E-014)) ;
#13757=CARTESIAN_POINT('Control Point',(-14.4718536437,15.5734743951,8.91994686731)) ;
#13758=CARTESIAN_POINT('Control Point',(-14.4718536437,-2.42652560489,8.91994686731)) ;
#13759=CARTESIAN_POINT('Control Point',(-13.8692039937,15.5734743951,7.74393691638)) ;
#13760=CARTESIAN_POINT('Control Point',(-13.8692039937,-2.42652560489,7.74393691638)) ;
#13761=CARTESIAN_POINT('Control Point',(-13.0301978933,15.5734743951,6.86112660063)) ;
#13762=CARTESIAN_POINT('Control Point',(-13.0301978933,-2.42652560489,6.86112660063)) ;
#13763=CARTESIAN_POINT('Control Point',(-11.9548353424,15.5734743951,6.27151592005)) ;
#13764=CARTESIAN_POINT('Control Point',(-11.9548353424,-2.42652560489,6.27151592005)) ;
#13766=CARTESIAN_POINT('Control Point',(-14.4718536437,15.5734743951,8.91994686731)) ;
#13767=CARTESIAN_POINT('Control Point',(-14.4718536437,9.57347439511,8.91994686731)) ;
#13768=CARTESIAN_POINT('Vertex',(-14.4718536437,9.57347439511,8.91994686731)) ;
#13772=CARTESIAN_POINT('Control Point',(-14.4718536437,9.57347439511,8.91994686731)) ;
#13773=CARTESIAN_POINT('Control Point',(-14.0347839032,9.57347439511,8.06704939363)) ;
#13774=CARTESIAN_POINT('Control Point',(-13.4706456416,9.57347439511,7.31689443317)) ;
#13775=CARTESIAN_POINT('Control Point',(-12.7648185662,9.57347439511,6.71562173296)) ;
#13776=CARTESIAN_POINT('Control Point',(-11.9548353424,9.57347439511,6.27151592005)) ;
#13785=CARTESIAN_POINT('Axis2P3D Location',(-2.51929154016E-014,15.5734743951,3.5779940566E-014)) ;
#13790=CARTESIAN_POINT('Line Origine',(-13.4427953103,15.573474396,10.406308387)) ;
#13794=CARTESIAN_POINT('Vertex',(-13.4427953103,9.57347439511,10.406308387)) ;
#13797=CARTESIAN_POINT('Axis2P3D Location',(-2.51929154016E-014,9.57347439511,3.5779940566E-014)) ;
#13810=CARTESIAN_POINT('Control Point',(-10.0792515972,15.5734743951,8.98101816279)) ;
#13811=CARTESIAN_POINT('Control Point',(-10.0792515972,-2.42652560489,8.98101816279)) ;
#13812=CARTESIAN_POINT('Control Point',(-10.9937425622,15.5734743951,9.79953038691)) ;
#13813=CARTESIAN_POINT('Control Point',(-10.9937425622,-2.42652560489,9.79953038691)) ;
#13814=CARTESIAN_POINT('Control Point',(-12.1149237999,15.5734743951,10.2746271283)) ;
#13815=CARTESIAN_POINT('Control Point',(-12.1149237999,-2.42652560489,10.2746271283)) ;
#13816=CARTESIAN_POINT('Control Point',(-13.4427953103,15.5734743951,10.406308387)) ;
#13817=CARTESIAN_POINT('Control Point',(-13.4427953103,-2.42652560489,10.406308387)) ;
#13819=CARTESIAN_POINT('Control Point',(-10.0792515972,15.5734743951,8.98101816279)) ;
#13820=CARTESIAN_POINT('Control Point',(-10.0792515972,9.57347439511,8.98101816279)) ;
#13821=CARTESIAN_POINT('Vertex',(-10.0792515972,9.57347439511,8.98101816279)) ;
#13825=CARTESIAN_POINT('Control Point',(-10.0792515972,9.57347439511,8.98101816279)) ;
#13826=CARTESIAN_POINT('Control Point',(-10.7684579377,9.57347439511,9.59789010169)) ;
#13827=CARTESIAN_POINT('Control Point',(-11.5767372458,9.57347439511,10.0533406134)) ;
#13828=CARTESIAN_POINT('Control Point',(-12.4836705671,9.57347439511,10.3111947013)) ;
#13829=CARTESIAN_POINT('Control Point',(-13.4427953103,9.57347439511,10.406308387)) ;
#13838=CARTESIAN_POINT('Axis2P3D Location',(-2.51929154016E-014,15.5734743951,3.5779940566E-014)) ;
#13843=CARTESIAN_POINT('Line Origine',(-7.67096221776,15.573474396,11.108840563)) ;
#13847=CARTESIAN_POINT('Vertex',(-7.67096221776,9.57347439511,11.108840563)) ;
#13850=CARTESIAN_POINT('Axis2P3D Location',(-2.51929154016E-014,9.57347439511,3.5779940566E-014)) ;
#13863=CARTESIAN_POINT('Control Point',(-8.66888400854,15.5734743951,14.6236264328)) ;
#13864=CARTESIAN_POINT('Control Point',(-8.66888400854,-2.42652560489,14.6236264328)) ;
#13865=CARTESIAN_POINT('Control Point',(-8.68178331932,15.5734743951,13.3022560786)) ;
#13866=CARTESIAN_POINT('Control Point',(-8.68178331932,-2.42652560489,13.3022560786)) ;
#13867=CARTESIAN_POINT('Control Point',(-8.3491427224,15.5734743951,12.1306607886)) ;
#13868=CARTESIAN_POINT('Control Point',(-8.3491427224,-2.42652560489,12.1306607886)) ;
#13869=CARTESIAN_POINT('Control Point',(-7.67096221776,15.5734743951,11.108840563)) ;
#13870=CARTESIAN_POINT('Control Point',(-7.67096221776,-2.42652560489,11.108840563)) ;
#13872=CARTESIAN_POINT('Control Point',(-8.66888400854,15.5734743951,14.6236264328)) ;
#13873=CARTESIAN_POINT('Control Point',(-8.66888400854,9.57347439511,14.6236264328)) ;
#13874=CARTESIAN_POINT('Vertex',(-8.66888400854,9.57347439511,14.6236264328)) ;
#13878=CARTESIAN_POINT('Control Point',(-8.66888400854,9.57347439511,14.6236264328)) ;
#13879=CARTESIAN_POINT('Control Point',(-8.67823919263,9.57347439511,13.6653067893)) ;
#13880=CARTESIAN_POINT('Control Point',(-8.52733396228,9.57347439511,12.7389094369)) ;
#13881=CARTESIAN_POINT('Control Point',(-8.1817804818,9.57347439511,11.8784947041)) ;
#13882=CARTESIAN_POINT('Control Point',(-7.67096221776,9.57347439511,11.108840563)) ;
#13891=CARTESIAN_POINT('Axis2P3D Location',(-2.51929154016E-014,15.5734743951,3.5779940566E-014)) ;
#13896=CARTESIAN_POINT('Line Origine',(-7.06695146631,15.573474396,15.4615069438)) ;
#13900=CARTESIAN_POINT('Vertex',(-7.06695146631,9.57347439511,15.4615069438)) ;
#13903=CARTESIAN_POINT('Axis2P3D Location',(-2.51929154016E-014,9.57347439511,3.5779940566E-014)) ;
#13916=CARTESIAN_POINT('Control Point',(-4.75104681203,15.5734743951,12.6363584228)) ;
#13917=CARTESIAN_POINT('Control Point',(-4.75104681203,-2.42652560489,12.6363584228)) ;
#13918=CARTESIAN_POINT('Control Point',(-5.18040675022,15.5734743951,13.7861001458)) ;
#13919=CARTESIAN_POINT('Control Point',(-5.18040675022,-2.42652560489,13.7861001458)) ;
#13920=CARTESIAN_POINT('Control Point',(-5.95237496832,15.5734743951,14.7278163194)) ;
#13921=CARTESIAN_POINT('Control Point',(-5.95237496832,-2.42652560489,14.7278163194)) ;
#13922=CARTESIAN_POINT('Control Point',(-7.06695146631,15.5734743951,15.4615069438)) ;
#13923=CARTESIAN_POINT('Control Point',(-7.06695146631,-2.42652560489,15.4615069438)) ;
#13925=CARTESIAN_POINT('Control Point',(-4.75104681203,15.5734743951,12.6363584228)) ;
#13926=CARTESIAN_POINT('Control Point',(-4.75104681203,9.57347439511,12.6363584228)) ;
#13927=CARTESIAN_POINT('Vertex',(-4.75104681203,9.57347439511,12.6363584228)) ;
#13931=CARTESIAN_POINT('Control Point',(-4.75104681203,9.57347439511,12.6363584228)) ;
#13932=CARTESIAN_POINT('Control Point',(-5.07463403499,9.57347439511,13.502861555)) ;
#13933=CARTESIAN_POINT('Control Point',(-5.57867141215,9.57347439511,14.2817690789)) ;
#13934=CARTESIAN_POINT('Control Point',(-6.26189021676,9.57347439511,14.9315604647)) ;
#13935=CARTESIAN_POINT('Control Point',(-7.06695146631,9.57347439511,15.4615069438)) ;
#13944=CARTESIAN_POINT('Axis2P3D Location',(-2.51929154016E-014,15.5734743951,3.5779940566E-014)) ;
#13949=CARTESIAN_POINT('Line Origine',(-1.62976409411,15.573474396,13.401263709)) ;
#13953=CARTESIAN_POINT('Vertex',(-1.62976409411,9.57347439511,13.401263709)) ;
#13956=CARTESIAN_POINT('Axis2P3D Location',(-2.51929154016E-014,9.57347439511,3.5779940566E-014)) ;
#13969=CARTESIAN_POINT('Control Point',(-0.879977518407,15.5734743951,16.9772094164)) ;
#13970=CARTESIAN_POINT('Control Point',(-0.879977518407,-2.42652560489,16.9772094164)) ;
#13971=CARTESIAN_POINT('Control Point',(-1.50547071335,15.5734743951,15.8131886827)) ;
#13972=CARTESIAN_POINT('Control Point',(-1.50547071335,-2.42652560489,15.8131886827)) ;
#13973=CARTESIAN_POINT('Control Point',(-1.75539957192,15.5734743951,14.6212067802)) ;
#13974=CARTESIAN_POINT('Control Point',(-1.75539957192,-2.42652560489,14.6212067802)) ;
#13975=CARTESIAN_POINT('Control Point',(-1.62976409411,15.5734743951,13.401263709)) ;
#13976=CARTESIAN_POINT('Control Point',(-1.62976409411,-2.42652560489,13.401263709)) ;
#13978=CARTESIAN_POINT('Control Point',(-0.879977518407,15.5734743951,16.9772094164)) ;
#13979=CARTESIAN_POINT('Control Point',(-0.879977518407,9.57347439511,16.9772094164)) ;
#13980=CARTESIAN_POINT('Vertex',(-0.879977518407,9.57347439511,16.9772094164)) ;
#13984=CARTESIAN_POINT('Control Point',(-0.879977518407,9.57347439511,16.9772094164)) ;
#13985=CARTESIAN_POINT('Control Point',(-1.3336144671,9.57347439511,16.1330070843)) ;
#13986=CARTESIAN_POINT('Control Point',(-1.63051283775,9.57347439511,15.2425938092)) ;
#13987=CARTESIAN_POINT('Control Point',(-1.72439509019,9.57347439511,14.3201476899)) ;
#13988=CARTESIAN_POINT('Control Point',(-1.62976409411,9.57347439511,13.401263709)) ;
#13997=CARTESIAN_POINT('Axis2P3D Location',(-2.51929154016E-014,15.5734743951,3.5779940566E-014)) ;
#14002=CARTESIAN_POINT('Line Origine',(-2.31110846001E-014,15.573474396,17.)) ;
#14006=CARTESIAN_POINT('Vertex',(-2.31110846001E-014,9.57347439511,17.)) ;
#14009=CARTESIAN_POINT('Axis2P3D Location',(-2.51929154016E-014,9.57347439511,3.5779940566E-014)) ;
#14021=CARTESIAN_POINT('Axis2P3D Location',(-2.51929154016E-014,15.5734743951,3.5779940566E-014)) ;
#14026=CARTESIAN_POINT('Line Origine',(0.92784579265,15.573474396,16.9746605912)) ;
#14030=CARTESIAN_POINT('Vertex',(0.92784579265,9.57347439511,16.9746605912)) ;
#14033=CARTESIAN_POINT('Axis2P3D Location',(-2.51929154016E-014,9.57347439511,3.5779940566E-014)) ;
#14046=CARTESIAN_POINT('Control Point',(1.66556554147,15.5734743951,13.3968612528)) ;
#14047=CARTESIAN_POINT('Control Point',(1.66556554147,-2.42652560489,13.3968612528)) ;
#14048=CARTESIAN_POINT('Control Point',(1.81969781755,15.5734743951,14.6144405018)) ;
#14049=CARTESIAN_POINT('Control Point',(1.81969781755,-2.42652560489,14.6144405018)) ;
#14050=CARTESIAN_POINT('Control Point',(1.5737912346,15.5734743951,15.8070402812)) ;
#14051=CARTESIAN_POINT('Control Point',(1.5737912346,-2.42652560489,15.8070402812)) ;
#14052=CARTESIAN_POINT('Control Point',(0.92784579265,15.5734743951,16.9746605912)) ;
#14053=CARTESIAN_POINT('Control Point',(0.92784579265,-2.42652560489,16.9746605912)) ;
#14055=CARTESIAN_POINT('Control Point',(1.66556554147,15.5734743951,13.3968612528)) ;
#14056=CARTESIAN_POINT('Control Point',(1.66556554147,9.57347439511,13.3968612528)) ;
#14057=CARTESIAN_POINT('Vertex',(1.66556554147,9.57347439511,13.3968612528)) ;
#14061=CARTESIAN_POINT('Control Point',(1.66556554147,9.57347439511,13.3968612528)) ;
#14062=CARTESIAN_POINT('Control Point',(1.78172736922,9.57347439511,14.3144901531)) ;
#14063=CARTESIAN_POINT('Control Point',(1.6974008117,9.57347439511,15.2384163623)) ;
#14064=CARTESIAN_POINT('Control Point',(1.3944137183,9.57347439511,16.1312856704)) ;
#14065=CARTESIAN_POINT('Control Point',(0.92784579265,9.57347439511,16.9746605912)) ;
#14074=CARTESIAN_POINT('Axis2P3D Location',(-2.51929154016E-014,15.5734743951,3.5779940566E-014)) ;
#14079=CARTESIAN_POINT('Line Origine',(4.78479334271,15.573474396,12.623618842)) ;
#14083=CARTESIAN_POINT('Vertex',(4.78479334271,9.57347439511,12.623618842)) ;
#14086=CARTESIAN_POINT('Axis2P3D Location',(-2.51929154016E-014,9.57347439511,3.5779940566E-014)) ;
#14099=CARTESIAN_POINT('Control Point',(7.11052121631,15.5734743951,15.4415183202)) ;
#14100=CARTESIAN_POINT('Control Point',(7.11052121631,-2.42652560489,15.4415183202)) ;
#14101=CARTESIAN_POINT('Control Point',(6.01572709017,15.5734743951,14.7015103292)) ;
#14102=CARTESIAN_POINT('Control Point',(6.01572709017,-2.42652560489,14.7015103292)) ;
#14103=CARTESIAN_POINT('Control Point',(5.24048446563,15.5734743951,13.7622105031)) ;
#14104=CARTESIAN_POINT('Control Point',(5.24048446563,-2.42652560489,13.7622105031)) ;
#14105=CARTESIAN_POINT('Control Point',(4.78479334271,15.5734743951,12.623618842)) ;
#14106=CARTESIAN_POINT('Control Point',(4.78479334271,-2.42652560489,12.623618842)) ;
#14108=CARTESIAN_POINT('Control Point',(7.11052121631,15.5734743951,15.4415183202)) ;
#14109=CARTESIAN_POINT('Control Point',(7.11052121631,9.57347439511,15.4415183202)) ;
#14110=CARTESIAN_POINT('Vertex',(7.11052121631,9.57347439511,15.4415183202)) ;
#14114=CARTESIAN_POINT('Control Point',(7.11052121631,9.57347439511,15.4415183202)) ;
#14115=CARTESIAN_POINT('Control Point',(6.31652526106,9.57347439511,14.9048298802)) ;
#14116=CARTESIAN_POINT('Control Point',(5.63983912809,9.57347439511,14.254383633)) ;
#14117=CARTESIAN_POINT('Control Point',(5.12802843536,9.57347439511,13.4812274164)) ;
#14118=CARTESIAN_POINT('Control Point',(4.78479334271,9.57347439511,12.623618842)) ;
#14127=CARTESIAN_POINT('Axis2P3D Location',(-2.51929154016E-014,15.5734743951,3.5779940566E-014)) ;
#14132=CARTESIAN_POINT('Line Origine',(8.71008476227,15.573474396,14.5991240639)) ;
#14136=CARTESIAN_POINT('Vertex',(8.71008476227,9.57347439511,14.5991240639)) ;
#14139=CARTESIAN_POINT('Axis2P3D Location',(-2.51929154016E-014,9.57347439511,3.5779940566E-014)) ;
#14152=CARTESIAN_POINT('Control Point',(7.70061690165,15.5734743951,11.0883046195)) ;
#14153=CARTESIAN_POINT('Control Point',(7.70061690165,-2.42652560489,11.0883046195)) ;
#14154=CARTESIAN_POINT('Control Point',(8.40293154505,15.5734743951,12.0947886619)) ;
#14155=CARTESIAN_POINT('Control Point',(8.40293154505,-2.42652560489,12.0947886619)) ;
#14156=CARTESIAN_POINT('Control Point',(8.73942083192,15.5734743951,13.2650618101)) ;
#14157=CARTESIAN_POINT('Control Point',(8.73942083192,-2.42652560489,13.2650618101)) ;
#14158=CARTESIAN_POINT('Control Point',(8.71008476227,15.5734743951,14.5991240639)) ;
#14159=CARTESIAN_POINT('Control Point',(8.71008476227,-2.42652560489,14.5991240639)) ;
#14161=CARTESIAN_POINT('Control Point',(7.70061690165,15.5734743951,11.0883046195)) ;
#14162=CARTESIAN_POINT('Control Point',(7.70061690165,9.57347439511,11.0883046195)) ;
#14163=CARTESIAN_POINT('Vertex',(7.70061690165,9.57347439511,11.0883046195)) ;
#14167=CARTESIAN_POINT('Control Point',(7.70061690165,9.57347439511,11.0883046195)) ;
#14168=CARTESIAN_POINT('Control Point',(8.22991650529,9.57347439511,11.8468415655)) ;
#14169=CARTESIAN_POINT('Control Point',(8.58461896548,9.57347439511,12.7041261)) ;
#14170=CARTESIAN_POINT('Control Point',(8.731274275,9.57347439511,13.6355277321)) ;
#14171=CARTESIAN_POINT('Control Point',(8.71008476227,9.57347439511,14.5991240639)) ;
#14180=CARTESIAN_POINT('Axis2P3D Location',(-2.51929154016E-014,15.5734743951,3.5779940566E-014)) ;
#14185=CARTESIAN_POINT('Line Origine',(10.1032122877,15.573474396,8.95405502938)) ;
#14189=CARTESIAN_POINT('Vertex',(10.1032122877,9.57347439511,8.95405502938)) ;
#14192=CARTESIAN_POINT('Axis2P3D Location',(-2.51929154016E-014,9.57347439511,3.5779940566E-014)) ;
#14205=CARTESIAN_POINT('Control Point',(13.4720852314,15.5734743951,10.3683614673)) ;
#14206=CARTESIAN_POINT('Control Point',(13.4720852314,-2.42652560489,10.3683614673)) ;
#14207=CARTESIAN_POINT('Control Point',(12.1587943147,15.5734743951,10.2218931317)) ;
#14208=CARTESIAN_POINT('Control Point',(12.1587943147,-2.42652560489,10.2218931317)) ;
#14209=CARTESIAN_POINT('Control Point',(11.0358366668,15.5734743951,9.7504576524)) ;
#14210=CARTESIAN_POINT('Control Point',(11.0358366668,-2.42652560489,9.7504576524)) ;
#14211=CARTESIAN_POINT('Control Point',(10.1032122877,15.5734743951,8.95405502938)) ;
#14212=CARTESIAN_POINT('Control Point',(10.1032122877,-2.42652560489,8.95405502938)) ;
#14214=CARTESIAN_POINT('Control Point',(13.4720852314,15.5734743951,10.3683614673)) ;
#14215=CARTESIAN_POINT('Control Point',(13.4720852314,9.57347439511,10.3683614673)) ;
#14216=CARTESIAN_POINT('Vertex',(13.4720852314,9.57347439511,10.3683614673)) ;
#14220=CARTESIAN_POINT('Control Point',(13.4720852314,9.57347439511,10.3683614673)) ;
#14221=CARTESIAN_POINT('Control Point',(12.5196251743,9.57347439511,10.2621357731)) ;
#14222=CARTESIAN_POINT('Control Point',(11.6181719172,9.57347439511,10.0006659504)) ;
#14223=CARTESIAN_POINT('Control Point',(10.8056824458,9.57347439511,9.55392040828)) ;
#14224=CARTESIAN_POINT('Control Point',(10.1032122877,9.57347439511,8.95405502938)) ;
#14233=CARTESIAN_POINT('Axis2P3D Location',(-2.51929154016E-014,15.5734743951,3.5779940566E-014)) ;
#14238=CARTESIAN_POINT('Line Origine',(14.4969482808,15.573474396,8.87910415218)) ;
#14242=CARTESIAN_POINT('Vertex',(14.4969482808,9.57347439511,8.87910415218)) ;
#14245=CARTESIAN_POINT('Axis2P3D Location',(-2.51929154016E-014,9.57347439511,3.5779940566E-014)) ;
#14258=CARTESIAN_POINT('Control Point',(11.9715497322,15.5734743951,6.23955102636)) ;
#14259=CARTESIAN_POINT('Control Point',(11.9715497322,-2.42652560489,6.23955102636)) ;
#14260=CARTESIAN_POINT('Control Point',(13.0611549219,15.5734743951,6.80436649762)) ;
#14261=CARTESIAN_POINT('Control Point',(13.0611549219,-2.42652560489,6.80436649762)) ;
#14262=CARTESIAN_POINT('Control Point',(13.9029544381,15.5734743951,7.68421753957)) ;
#14263=CARTESIAN_POINT('Control Point',(13.9029544381,-2.42652560489,7.68421753957)) ;
#14264=CARTESIAN_POINT('Control Point',(14.4969482808,15.5734743951,8.87910415218)) ;
#14265=CARTESIAN_POINT('Control Point',(14.4969482808,-2.42652560489,8.87910415218)) ;
#14267=CARTESIAN_POINT('Control Point',(11.9715497322,15.5734743951,6.23955102636)) ;
#14268=CARTESIAN_POINT('Control Point',(11.9715497322,9.57347439511,6.23955102636)) ;
#14269=CARTESIAN_POINT('Vertex',(11.9715497322,9.57347439511,6.23955102636)) ;
#14273=CARTESIAN_POINT('Control Point',(11.9715497322,9.57347439511,6.23955102636)) ;
#14274=CARTESIAN_POINT('Control Point',(12.7927309512,9.57347439511,6.66522434511)) ;
#14275=CARTESIAN_POINT('Control Point',(13.5052043702,9.57347439511,7.25947364947)) ;
#14276=CARTESIAN_POINT('Control Point',(14.0679051186,9.57347439511,8.01603471625)) ;
#14277=CARTESIAN_POINT('Control Point',(14.4969482808,9.57347439511,8.87910415218)) ;
#14286=CARTESIAN_POINT('Axis2P3D Location',(-2.51929154016E-014,15.5734743951,3.5779940566E-014)) ;
#14291=CARTESIAN_POINT('Line Origine',(13.1071070545,15.573474396,3.23322511762)) ;
#14295=CARTESIAN_POINT('Vertex',(13.1071070545,9.57347439511,3.23322511762)) ;
#14298=CARTESIAN_POINT('Axis2P3D Location',(-2.51929154016E-014,9.57347439511,3.5779940566E-014)) ;
#14311=CARTESIAN_POINT('Control Point',(16.7473568763,15.5734743951,2.91993795458)) ;
#14312=CARTESIAN_POINT('Control Point',(16.7473568763,-2.42652560489,2.91993795458)) ;
#14313=CARTESIAN_POINT('Control Point',(15.5164282911,15.5734743951,3.4005634049)) ;
#14314=CARTESIAN_POINT('Control Point',(15.5164282911,-2.42652560489,3.4005634049)) ;
#14315=CARTESIAN_POINT('Control Point',(14.3030116838,15.5734743951,3.50499245925)) ;
#14316=CARTESIAN_POINT('Control Point',(14.3030116838,-2.42652560489,3.50499245925)) ;
#14317=CARTESIAN_POINT('Control Point',(13.1071070545,15.5734743951,3.23322511762)) ;
#14318=CARTESIAN_POINT('Control Point',(13.1071070545,-2.42652560489,3.23322511762)) ;
#14320=CARTESIAN_POINT('Control Point',(16.7473568763,15.5734743951,2.91993795458)) ;
#14321=CARTESIAN_POINT('Control Point',(16.7473568763,9.57347439511,2.91993795458)) ;
#14322=CARTESIAN_POINT('Vertex',(16.7473568763,9.57347439511,2.91993795458)) ;
#14326=CARTESIAN_POINT('Control Point',(16.7473568763,9.57347439511,2.91993795458)) ;
#14327=CARTESIAN_POINT('Control Point',(15.8546298379,9.57347439511,3.26851003259)) ;
#14328=CARTESIAN_POINT('Control Point',(14.9349215341,9.57347439511,3.4559162196)) ;
#14329=CARTESIAN_POINT('Control Point',(14.0078848305,9.57347439511,3.43792537179)) ;
#14330=CARTESIAN_POINT('Control Point',(13.1071070545,9.57347439511,3.23322511762)) ;
#14339=CARTESIAN_POINT('Axis2P3D Location',(-2.51929154016E-014,15.5734743951,3.5779940566E-014)) ;
#14344=CARTESIAN_POINT('Line Origine',(16.9627356553,15.573474396,1.12498848396)) ;
#14348=CARTESIAN_POINT('Vertex',(16.9627356553,9.57347439511,1.12498848396)) ;
#14351=CARTESIAN_POINT('Axis2P3D Location',(-2.51929154016E-014,9.57347439511,3.5779940566E-014)) ;
#14364=CARTESIAN_POINT('Control Point',(13.4999447918,15.5734743951,-0.0386085121493)) ;
#14365=CARTESIAN_POINT('Control Point',(13.4999447918,-2.42652560489,-0.0386085121493)) ;
#14366=CARTESIAN_POINT('Control Point',(14.7272251101,15.5734743951,-0.0448540297808)) ;
#14367=CARTESIAN_POINT('Control Point',(14.7272251101,-2.42652560489,-0.0448540297808)) ;
#14368=CARTESIAN_POINT('Control Point',(15.8814887312,15.5734743951,0.343011635594)) ;
#14369=CARTESIAN_POINT('Control Point',(15.8814887312,-2.42652560489,0.343011635594)) ;
#14370=CARTESIAN_POINT('Control Point',(16.9627356553,15.5734743951,1.12498848396)) ;
#14371=CARTESIAN_POINT('Control Point',(16.9627356553,-2.42652560489,1.12498848396)) ;
#14373=CARTESIAN_POINT('Control Point',(13.4999447918,15.5734743951,-0.0386085121493)) ;
#14374=CARTESIAN_POINT('Control Point',(13.4999447918,9.57347439511,-0.0386085121493)) ;
#14375=CARTESIAN_POINT('Vertex',(13.4999447918,9.57347439511,-0.0386085121493)) ;
#14379=CARTESIAN_POINT('Control Point',(13.4999447918,9.57347439511,-0.0386085121493)) ;
#14380=CARTESIAN_POINT('Control Point',(14.4248849054,9.57347439511,-0.0433154480475)) ;
#14381=CARTESIAN_POINT('Control Point',(15.331910209,9.57347439511,0.151763271992)) ;
#14382=CARTESIAN_POINT('Control Point',(16.1817484361,9.57347439511,0.560164750642)) ;
#14383=CARTESIAN_POINT('Control Point',(16.9627356553,9.57347439511,1.12498848396)) ;
#14392=CARTESIAN_POINT('Axis2P3D Location',(-2.51929154016E-014,15.5734743951,3.5779940566E-014)) ;
#14397=CARTESIAN_POINT('Line Origine',(13.1083215529,15.573474396,-3.22829770401)) ;
#14401=CARTESIAN_POINT('Vertex',(13.1083215529,9.57347439511,-3.22829770401)) ;
#14404=CARTESIAN_POINT('Axis2P3D Location',(-2.51929154016E-014,9.57347439511,3.5779940566E-014)) ;
#14417=CARTESIAN_POINT('Control Point',(16.1860108883,15.5734743951,-5.19740815448)) ;
#14418=CARTESIAN_POINT('Control Point',(16.1860108883,-2.42652560489,-5.19740815448)) ;
#14419=CARTESIAN_POINT('Control Point',(15.3194355392,15.5734743951,-4.19979441674)) ;
#14420=CARTESIAN_POINT('Control Point',(15.3194355392,-2.42652560489,-4.19979441674)) ;
#14421=CARTESIAN_POINT('Control Point',(14.2935390941,15.5734743951,-3.54342426658)) ;
#14422=CARTESIAN_POINT('Control Point',(14.2935390941,-2.42652560489,-3.54342426658)) ;
#14423=CARTESIAN_POINT('Control Point',(13.1083215529,15.5734743951,-3.22829770401)) ;
#14424=CARTESIAN_POINT('Control Point',(13.1083215529,-2.42652560489,-3.22829770401)) ;
#14426=CARTESIAN_POINT('Control Point',(16.1860108883,15.5734743951,-5.19740815448)) ;
#14427=CARTESIAN_POINT('Control Point',(16.1860108883,9.57347439511,-5.19740815448)) ;
#14428=CARTESIAN_POINT('Vertex',(16.1860108883,9.57347439511,-5.19740815448)) ;
#14432=CARTESIAN_POINT('Control Point',(16.1860108883,9.57347439511,-5.19740815448)) ;
#14433=CARTESIAN_POINT('Control Point',(15.5575298747,9.57347439511,-4.47389196659)) ;
#14434=CARTESIAN_POINT('Control Point',(14.8302606129,9.57347439511,-3.88054226874)) ;
#14435=CARTESIAN_POINT('Control Point',(14.0010496139,9.57347439511,-3.46565693587)) ;
#14436=CARTESIAN_POINT('Control Point',(13.1083215529,9.57347439511,-3.22829770401)) ;
#14445=CARTESIAN_POINT('Axis2P3D Location',(-2.51929154016E-014,15.5734743951,3.5779940566E-014)) ;
#14450=CARTESIAN_POINT('Line Origine',(15.5425647143,15.573474396,-6.88684848835)) ;
#14454=CARTESIAN_POINT('Vertex',(15.5425647143,9.57347439511,-6.88684848835)) ;
#14457=CARTESIAN_POINT('Axis2P3D Location',(-2.51929154016E-014,9.57347439511,3.5779940566E-014)) ;
#14470=CARTESIAN_POINT('Control Point',(11.9356651917,15.5734743951,-6.3079233058)) ;
#14471=CARTESIAN_POINT('Control Point',(11.9356651917,-2.42652560489,-6.3079233058)) ;
#14472=CARTESIAN_POINT('Control Point',(13.0194655079,15.5734743951,-6.88379903951)) ;
#14473=CARTESIAN_POINT('Control Point',(13.0194655079,-2.42652560489,-6.88379903951)) ;
#14474=CARTESIAN_POINT('Control Point',(14.2217653488,15.5734743951,-7.07677410036)) ;
#14475=CARTESIAN_POINT('Control Point',(14.2217653488,-2.42652560489,-7.07677410036)) ;
#14476=CARTESIAN_POINT('Control Point',(15.5425647143,15.5734743951,-6.88684848835)) ;
#14477=CARTESIAN_POINT('Control Point',(15.5425647143,-2.42652560489,-6.88684848835)) ;
#14479=CARTESIAN_POINT('Control Point',(11.9356651917,15.5734743951,-6.3079233058)) ;
#14480=CARTESIAN_POINT('Control Point',(11.9356651917,9.57347439511,-6.3079233058)) ;
#14481=CARTESIAN_POINT('Vertex',(11.9356651917,9.57347439511,-6.3079233058)) ;
#14485=CARTESIAN_POINT('Control Point',(11.9356651917,9.57347439511,-6.3079233058)) ;
#14486=CARTESIAN_POINT('Control Point',(12.7524715664,9.57347439511,-6.74193219407)) ;
#14487=CARTESIAN_POINT('Control Point',(13.6462601885,9.57347439511,-6.99071424215)) ;
#14488=CARTESIAN_POINT('Control Point',(14.5885481981,9.57347439511,-7.02403220862)) ;
#14489=CARTESIAN_POINT('Control Point',(15.5425647143,9.57347439511,-6.88684848835)) ;
#14498=CARTESIAN_POINT('Axis2P3D Location',(-2.51929154016E-014,15.5734743951,3.5779940566E-014)) ;
#14503=CARTESIAN_POINT('Line Origine',(10.1065775559,15.573474396,-8.95025642685)) ;
#14507=CARTESIAN_POINT('Vertex',(10.1065775559,9.57347439511,-8.95025642685)) ;
#14510=CARTESIAN_POINT('Axis2P3D Location',(-2.51929154016E-014,9.57347439511,3.5779940566E-014)) ;
#14523=CARTESIAN_POINT('Control Point',(11.9166448684,15.5734743951,-12.1240906909)) ;
#14524=CARTESIAN_POINT('Control Point',(11.9166448684,-2.42652560489,-12.1240906909)) ;
#14525=CARTESIAN_POINT('Control Point',(11.6129447245,15.5734743951,-10.8380299505)) ;
#14526=CARTESIAN_POINT('Control Point',(11.6129447245,-2.42652560489,-10.8380299505)) ;
#14527=CARTESIAN_POINT('Control Point',(11.0095889537,15.5734743951,-9.78008519583)) ;
#14528=CARTESIAN_POINT('Control Point',(11.0095889537,-2.42652560489,-9.78008519583)) ;
#14529=CARTESIAN_POINT('Control Point',(10.1065775559,15.5734743951,-8.95025642685)) ;
#14530=CARTESIAN_POINT('Control Point',(10.1065775559,-2.42652560489,-8.95025642685)) ;
#14532=CARTESIAN_POINT('Control Point',(11.9166448684,15.5734743951,-12.1240906909)) ;
#14533=CARTESIAN_POINT('Control Point',(11.9166448684,9.57347439511,-12.1240906909)) ;
#14534=CARTESIAN_POINT('Vertex',(11.9166448684,9.57347439511,-12.1240906909)) ;
#14538=CARTESIAN_POINT('Control Point',(11.9166448684,9.57347439511,-12.1240906909)) ;
#14539=CARTESIAN_POINT('Control Point',(11.6963873057,9.57347439511,-11.1913792325)) ;
#14540=CARTESIAN_POINT('Control Point',(11.3281657093,9.57347439511,-10.3280152889)) ;
#14541=CARTESIAN_POINT('Control Point',(10.7867426616,9.57347439511,-9.57529900522)) ;
#14542=CARTESIAN_POINT('Control Point',(10.1065775559,9.57347439511,-8.95025642685)) ;
#14551=CARTESIAN_POINT('Axis2P3D Location',(-2.51929154016E-014,15.5734743951,3.5779940566E-014)) ;
#14556=CARTESIAN_POINT('Line Origine',(10.5617795055,15.573474396,-13.3209914675)) ;
#14560=CARTESIAN_POINT('Vertex',(10.5617795055,9.57347439511,-13.3209914675)) ;
#14563=CARTESIAN_POINT('Axis2P3D Location',(-2.51929154016E-014,9.57347439511,3.5779940566E-014)) ;
#14576=CARTESIAN_POINT('Control Point',(7.63706853648,15.5734743951,-11.1321688888)) ;
#14577=CARTESIAN_POINT('Control Point',(7.63706853648,-2.42652560489,-11.1321688888)) ;
#14578=CARTESIAN_POINT('Control Point',(8.32910325939,15.5734743951,-12.1457486481)) ;
#14579=CARTESIAN_POINT('Control Point',(8.32910325939,-2.42652560489,-12.1457486481)) ;
#14580=CARTESIAN_POINT('Control Point',(9.30400691574,15.5734743951,-12.8753561743)) ;
#14581=CARTESIAN_POINT('Control Point',(9.30400691574,-2.42652560489,-12.8753561743)) ;
#14582=CARTESIAN_POINT('Control Point',(10.5617795055,15.5734743951,-13.3209914675)) ;
#14583=CARTESIAN_POINT('Control Point',(10.5617795055,-2.42652560489,-13.3209914675)) ;
#14585=CARTESIAN_POINT('Control Point',(7.63706853648,15.5734743951,-11.1321688888)) ;
#14586=CARTESIAN_POINT('Control Point',(7.63706853648,9.57347439511,-11.1321688888)) ;
#14587=CARTESIAN_POINT('Vertex',(7.63706853648,9.57347439511,-11.1321688888)) ;
#14591=CARTESIAN_POINT('Control Point',(7.63706853648,9.57347439511,-11.1321688888)) ;
#14592=CARTESIAN_POINT('Control Point',(8.15862067551,9.57347439511,-11.8960535235)) ;
#14593=CARTESIAN_POINT('Control Point',(8.83441641405,9.57347439511,-12.5317033707)) ;
#14594=CARTESIAN_POINT('Control Point',(9.65328737904,9.57347439511,-12.9991080377)) ;
#14595=CARTESIAN_POINT('Control Point',(10.5617795055,9.57347439511,-13.3209914675)) ;
#14604=CARTESIAN_POINT('Axis2P3D Location',(-2.51929154016E-014,15.5734743951,3.5779940566E-014)) ;
#14609=CARTESIAN_POINT('Line Origine',(4.78953843832,15.573474396,-12.6218192646)) ;
#14613=CARTESIAN_POINT('Vertex',(4.78953843832,9.57347439511,-12.6218192646)) ;
#14616=CARTESIAN_POINT('Axis2P3D Location',(-2.51929154016E-014,9.57347439511,3.5779940566E-014)) ;
#14629=CARTESIAN_POINT('Control Point',(4.91731912024,15.5734743951,-16.2732901612)) ;
#14630=CARTESIAN_POINT('Control Point',(4.91731912024,-2.42652560489,-16.2732901612)) ;
#14631=CARTESIAN_POINT('Control Point',(5.2460682246,15.5734743951,-14.993403435)) ;
#14632=CARTESIAN_POINT('Control Point',(5.2460682246,-2.42652560489,-14.993403435)) ;
#14633=CARTESIAN_POINT('Control Point',(5.20347466396,15.5734743951,-13.7762464695)) ;
#14634=CARTESIAN_POINT('Control Point',(5.20347466396,-2.42652560489,-13.7762464695)) ;
#14635=CARTESIAN_POINT('Control Point',(4.78953843832,15.5734743951,-12.6218192646)) ;
#14636=CARTESIAN_POINT('Control Point',(4.78953843832,-2.42652560489,-12.6218192646)) ;
#14638=CARTESIAN_POINT('Control Point',(4.91731912024,15.5734743951,-16.2732901612)) ;
#14639=CARTESIAN_POINT('Control Point',(4.91731912024,9.57347439511,-16.2732901612)) ;
#14640=CARTESIAN_POINT('Vertex',(4.91731912024,9.57347439511,-16.2732901612)) ;
#14644=CARTESIAN_POINT('Control Point',(4.91731912024,9.57347439511,-16.2732901612)) ;
#14645=CARTESIAN_POINT('Control Point',(5.15574336177,9.57347439511,-15.3450563869)) ;
#14646=CARTESIAN_POINT('Control Point',(5.23092456093,9.57347439511,-14.4094644725)) ;
#14647=CARTESIAN_POINT('Control Point',(5.10132295993,9.57347439511,-13.4913554673)) ;
#14648=CARTESIAN_POINT('Control Point',(4.78953843832,9.57347439511,-12.6218192646)) ;
#14657=CARTESIAN_POINT('Axis2P3D Location',(-2.51929154016E-014,15.5734743951,3.5779940566E-014)) ;
#14662=CARTESIAN_POINT('Axis2P3D Location',(-2.51929154016E-014,9.57347439511,3.5779940566E-014)) ;
#14674=CARTESIAN_POINT('Axis2P3D Location',(-2.51929154016E-014,15.5734743951,3.5779940566E-014)) ;
#14679=CARTESIAN_POINT('Axis2P3D Location',(-2.51929154016E-014,9.57347439511,3.5779940566E-014)) ;
#14683=CARTESIAN_POINT('Vertex',(-2.48255334955E-014,9.57347439511,3.)) ;
#14685=CARTESIAN_POINT('Vertex',(-2.51929154016E-014,9.57347439511,-3.)) ;
#14688=CARTESIAN_POINT('Line Origine',(-2.59276792139E-014,15.573474396,-3.)) ;
#14693=CARTESIAN_POINT('Line Origine',(-2.48255334955E-014,15.573474396,3.)) ;
#14705=CARTESIAN_POINT('Axis2P3D Location',(-2.51929154016E-014,15.5734743951,3.5779940566E-014)) ;
#14710=CARTESIAN_POINT('Axis2P3D Location',(-2.51929154016E-014,9.57347439511,3.5779940566E-014)) ;
#14722=CARTESIAN_POINT('Axis2P3D Location',(0.,9.57347439511,-22.359249115)) ;
#14798=CARTESIAN_POINT('NONE',(0.,0.,0.)) ;
#14799=CARTESIAN_POINT('NONE',(21.2631197932,-6.83298329275,23.6093733043)) ;
#64=DIRECTION('Axis2P3D Direction',(0.,1.,-0.)) ;
#65=DIRECTION('Axis2P3D XDirection',(0.,0.,1.)) ;
#69=DIRECTION('Axis2P3D Direction',(0.,1.,-0.)) ;
#78=DIRECTION('Axis2P3D Direction',(1.,0.,1.22464679915E-016)) ;
#85=DIRECTION('Axis2P3D Direction',(0.,1.,-0.)) ;
#92=DIRECTION('Axis2P3D Direction',(-1.,0.,0.)) ;
#104=DIRECTION('Axis2P3D Direction',(0.,1.,-0.)) ;
#105=DIRECTION('Axis2P3D XDirection',(0.,0.,1.)) ;
#109=DIRECTION('Axis2P3D Direction',(0.,1.,-0.)) ;
#118=DIRECTION('Axis2P3D Direction',(0.,1.,-0.)) ;
#125=DIRECTION('Axis2P3D Direction',(0.,1.,-0.)) ;
#145=DIRECTION('Vector Direction',(-1.,0.,0.)) ;
#165=DIRECTION('Axis2P3D Direction',(0.,1.,-0.)) ;
#172=DIRECTION('Axis2P3D Direction',(0.,1.,-0.)) ;
#179=DIRECTION('Axis2P3D Direction',(0.,1.,-0.)) ;
#199=DIRECTION('Vector Direction',(1.,0.,0.)) ;
#313=DIRECTION('Axis2P3D Direction',(0.,1.,-0.)) ;
#314=DIRECTION('Axis2P3D XDirection',(0.,0.,-1.)) ;
#318=DIRECTION('Axis2P3D Direction',(0.,1.,-0.)) ;
#330=DIRECTION('Axis2P3D Direction',(0.,-1.,-0.)) ;
#331=DIRECTION('Axis2P3D XDirection',(0.,0.,-1.)) ;
#335=DIRECTION('Vector Direction',(0.,-1.,0.)) ;
#342=DIRECTION('Vector Direction',(0.,-1.,0.)) ;
#367=DIRECTION('Axis2P3D Direction',(0.,1.,-0.)) ;
#368=DIRECTION('Axis2P3D XDirection',(0.,0.,-1.)) ;
#372=DIRECTION('Axis2P3D Direction',(0.,1.,-0.)) ;
#381=DIRECTION('Axis2P3D Direction',(-1.,0.,-2.44929359829E-016)) ;
#386=DIRECTION('Axis2P3D Direction',(-0.692307692308,0.,-0.721602424588)) ;
#398=DIRECTION('Axis2P3D Direction',(0.,1.,-0.)) ;
#399=DIRECTION('Axis2P3D XDirection',(0.,0.,1.)) ;
#403=DIRECTION('Axis2P3D Direction',(0.,1.,-0.)) ;
#410=DIRECTION('Axis2P3D Direction',(1.,0.,1.22464679915E-016)) ;
#422=DIRECTION('Axis2P3D Direction',(0.,1.,-0.)) ;
#423=DIRECTION('Axis2P3D XDirection',(0.,0.,-1.)) ;
#427=DIRECTION('Axis2P3D Direction',(0.,1.,-0.)) ;
#434=DIRECTION('Axis2P3D Direction',(0.692307692308,-0.,-0.721602424588)) ;
#446=DIRECTION('Axis2P3D Direction',(0.,1.,-0.)) ;
#447=DIRECTION('Axis2P3D XDirection',(0.,0.,1.)) ;
#451=DIRECTION('Axis2P3D Direction',(-1.,0.,0.)) ;
#458=DIRECTION('Axis2P3D Direction',(0.,1.,-0.)) ;
#470=DIRECTION('Axis2P3D Direction',(1.,0.,0.)) ;
#471=DIRECTION('Axis2P3D XDirection',(0.,0.,-1.)) ;
#475=DIRECTION('Axis2P3D Direction',(1.,0.,0.)) ;
#482=DIRECTION('Vector Direction',(1.,0.,0.)) ;
#494=DIRECTION('Axis2P3D Direction',(0.,1.,-0.)) ;
#495=DIRECTION('Axis2P3D XDirection',(1.38777878078E-016,0.,-1.)) ;
#499=DIRECTION('Axis2P3D Direction',(-0.692307692308,0.,-0.721602424588)) ;
#506=DIRECTION('Axis2P3D Direction',(0.,1.,-0.)) ;
#518=DIRECTION('Axis2P3D Direction',(0.,1.,-0.)) ;
#519=DIRECTION('Axis2P3D XDirection',(0.,0.,1.)) ;
#523=DIRECTION('Axis2P3D Direction',(0.,1.,-0.)) ;
#530=DIRECTION('Axis2P3D Direction',(1.,0.,1.22464679915E-016)) ;
#542=DIRECTION('Axis2P3D Direction',(0.,1.,-0.)) ;
#543=DIRECTION('Axis2P3D XDirection',(0.,0.,-1.)) ;
#547=DIRECTION('Axis2P3D Direction',(0.,1.,-0.)) ;
#554=DIRECTION('Axis2P3D Direction',(-1.,0.,-2.44929359829E-016)) ;
#566=DIRECTION('Axis2P3D Direction',(0.,1.,-0.)) ;
#567=DIRECTION('Axis2P3D XDirection',(0.,0.,1.)) ;
#571=DIRECTION('Axis2P3D Direction',(0.,1.,-0.)) ;
#578=DIRECTION('Axis2P3D Direction',(-0.692307692308,0.,0.721602424588)) ;
#590=DIRECTION('Axis2P3D Direction',(0.,1.,-0.)) ;
#591=DIRECTION('Axis2P3D XDirection',(1.38777878078E-016,0.,-1.)) ;
#595=DIRECTION('Axis2P3D Direction',(1.,0.,1.22464679915E-016)) ;
#602=DIRECTION('Axis2P3D Direction',(0.,1.,-0.)) ;
#614=DIRECTION('Axis2P3D Direction',(-1.,0.,0.)) ;
#615=DIRECTION('Axis2P3D XDirection',(0.,0.,1.)) ;
#619=DIRECTION('Vector Direction',(-1.,0.,0.)) ;
#626=DIRECTION('Axis2P3D Direction',(-1.,0.,0.)) ;
#638=DIRECTION('Axis2P3D Direction',(0.,1.,-0.)) ;
#639=DIRECTION('Axis2P3D XDirection',(0.,0.,1.)) ;
#643=DIRECTION('Axis2P3D Direction',(0.,1.,-0.)) ;
#655=DIRECTION('Axis2P3D Direction',(0.,1.,-0.)) ;
#656=DIRECTION('Axis2P3D XDirection',(0.,0.,-1.)) ;
#660=DIRECTION('Axis2P3D Direction',(1.,0.,1.22464679915E-016)) ;
#667=DIRECTION('Axis2P3D Direction',(-1.,0.,-2.44929359829E-016)) ;
#674=DIRECTION('Axis2P3D Direction',(0.,1.,-0.)) ;
#686=DIRECTION('Axis2P3D Direction',(0.,1.,-0.)) ;
#687=DIRECTION('Axis2P3D XDirection',(0.,0.,1.)) ;
#691=DIRECTION('Axis2P3D Direction',(0.,1.,-0.)) ;
#703=DIRECTION('Axis2P3D Direction',(0.,-1.,-0.)) ;
#704=DIRECTION('Axis2P3D XDirection',(1.22460635382E-016,-0.,1.)) ;
#726=DIRECTION('Axis2P3D Direction',(0.,1.,-0.)) ;
#727=DIRECTION('Axis2P3D XDirection',(0.,0.,1.)) ;
#731=DIRECTION('Axis2P3D Direction',(1.,0.,1.22464679915E-016)) ;
#738=DIRECTION('Axis2P3D Direction',(0.,1.,-0.)) ;
#745=DIRECTION('Axis2P3D Direction',(-1.,0.,0.)) ;
#757=DIRECTION('Axis2P3D Direction',(0.,-1.,-0.)) ;
#758=DIRECTION('Axis2P3D XDirection',(1.22460635382E-016,-0.,1.)) ;
#762=DIRECTION('Vector Direction',(0.,-1.,0.)) ;
#769=DIRECTION('Vector Direction',(0.,-1.,0.)) ;
#790=DIRECTION('Axis2P3D Direction',(0.,-1.,-0.)) ;
#791=DIRECTION('Axis2P3D XDirection',(0.,0.,-1.)) ;
#795=DIRECTION('Axis2P3D Direction',(0.,-1.,-0.)) ;
#802=DIRECTION('Vector Direction',(0.,-1.,0.)) ;
#814=DIRECTION('Axis2P3D Direction',(0.,-1.,-0.)) ;
#815=DIRECTION('Axis2P3D XDirection',(1.22460635382E-016,-0.,1.)) ;
#819=DIRECTION('Axis2P3D Direction',(0.,-1.,-0.)) ;
#826=DIRECTION('Vector Direction',(0.,-1.,0.)) ;
#838=DIRECTION('Axis2P3D Direction',(0.,-1.,-0.)) ;
#839=DIRECTION('Axis2P3D XDirection',(0.,0.,-1.)) ;
#843=DIRECTION('Axis2P3D Direction',(0.,-1.,-0.)) ;
#850=DIRECTION('Vector Direction',(0.,-1.,0.)) ;
#862=DIRECTION('Axis2P3D Direction',(0.,0.,-1.)) ;
#863=DIRECTION('Axis2P3D XDirection',(-1.,0.,-0.)) ;
#867=DIRECTION('Vector Direction',(-1.,0.,0.)) ;
#874=DIRECTION('Vector Direction',(0.,-1.,0.)) ;
#886=DIRECTION('Axis2P3D Direction',(0.,-1.,-0.)) ;
#887=DIRECTION('Axis2P3D XDirection',(-3.21628574468E-016,0.,1.)) ;
#900=DIRECTION('Vector Direction',(0.,-1.,0.)) ;
#912=DIRECTION('Axis2P3D Direction',(0.,-1.,-0.)) ;
#913=DIRECTION('Axis2P3D XDirection',(0.,0.,-1.)) ;
#917=DIRECTION('Vector Direction',(0.,-1.,0.)) ;
#924=DIRECTION('Axis2P3D Direction',(0.,-1.,-0.)) ;
#936=DIRECTION('Axis2P3D Direction',(0.,-1.,-0.)) ;
#937=DIRECTION('Axis2P3D XDirection',(1.22460635382E-016,-0.,1.)) ;
#941=DIRECTION('Vector Direction',(0.,-1.,0.)) ;
#972=DIRECTION('Axis2P3D Direction',(0.,-1.,-0.)) ;
#973=DIRECTION('Axis2P3D XDirection',(0.,0.,-1.)) ;
#977=DIRECTION('Axis2P3D Direction',(0.,-1.,-0.)) ;
#984=DIRECTION('Vector Direction',(0.,-1.,0.)) ;
#996=DIRECTION('Axis2P3D Direction',(0.,-1.,-0.)) ;
#997=DIRECTION('Axis2P3D XDirection',(1.22460635382E-016,-0.,1.)) ;
#1001=DIRECTION('Axis2P3D Direction',(0.,-1.,-0.)) ;
#1008=DIRECTION('Vector Direction',(0.,-1.,0.)) ;
#1020=DIRECTION('Axis2P3D Direction',(0.,0.,-1.)) ;
#1021=DIRECTION('Axis2P3D XDirection',(-1.,0.,-0.)) ;
#1025=DIRECTION('Vector Direction',(1.,0.,0.)) ;
#1032=DIRECTION('Vector Direction',(0.,-1.,0.)) ;
#1044=DIRECTION('Axis2P3D Direction',(0.,-1.,-0.)) ;
#1045=DIRECTION('Axis2P3D XDirection',(0.,0.,-1.)) ;
#1049=DIRECTION('Axis2P3D Direction',(0.,-1.,-0.)) ;
#1061=DIRECTION('Axis2P3D Direction',(0.,-1.,-0.)) ;
#1062=DIRECTION('Axis2P3D XDirection',(1.22460635382E-016,-0.,1.)) ;
#1066=DIRECTION('Vector Direction',(0.,-1.,0.)) ;
#1086=DIRECTION('Vector Direction',(0.,-1.,0.)) ;
#1098=DIRECTION('Axis2P3D Direction',(0.,-1.,-0.)) ;
#1099=DIRECTION('Axis2P3D XDirection',(0.,0.,-1.)) ;
#1121=DIRECTION('Axis2P3D Direction',(0.,1.,-0.)) ;
#1122=DIRECTION('Axis2P3D XDirection',(0.,0.,-1.)) ;
#1126=DIRECTION('Axis2P3D Direction',(0.,1.,-0.)) ;
#1138=DIRECTION('Axis2P3D Direction',(0.,1.,-0.)) ;
#1139=DIRECTION('Axis2P3D XDirection',(0.,0.,1.)) ;
#1199=DIRECTION('Axis2P3D Direction',(0.,1.,-0.)) ;
#1206=DIRECTION('Vector Direction',(1.,0.,0.)) ;
#1213=DIRECTION('Axis2P3D Direction',(0.,1.,-0.)) ;
#1274=DIRECTION('Axis2P3D Direction',(0.,1.,-0.)) ;
#1281=DIRECTION('Vector Direction',(-1.,0.,0.)) ;
#1288=DIRECTION('Axis2P3D Direction',(0.,1.,-0.)) ;
#1307=DIRECTION('Axis2P3D Direction',(0.,1.,-0.)) ;
#1316=DIRECTION('Axis2P3D Direction',(0.,1.,-0.)) ;
#1330=DIRECTION('Axis2P3D Direction',(0.,1.,-0.)) ;
#1331=DIRECTION('Axis2P3D XDirection',(0.,0.,-1.)) ;
#1335=DIRECTION('Axis2P3D Direction',(-1.,0.,-2.44929359829E-016)) ;
#1340=DIRECTION('Axis2P3D Direction',(-0.692307692308,0.,-0.721602424588)) ;
#1352=DIRECTION('Axis2P3D Direction',(0.,1.,-0.)) ;
#1353=DIRECTION('Axis2P3D XDirection',(0.,0.,1.)) ;
#1357=DIRECTION('Axis2P3D Direction',(1.,0.,1.22464679915E-016)) ;
#1369=DIRECTION('Axis2P3D Direction',(0.,1.,-0.)) ;
#1370=DIRECTION('Axis2P3D XDirection',(0.,0.,-1.)) ;
#1374=DIRECTION('Axis2P3D Direction',(0.692307692308,-0.,-0.721602424588)) ;
#1386=DIRECTION('Axis2P3D Direction',(0.,1.,-0.)) ;
#1387=DIRECTION('Axis2P3D XDirection',(0.,0.,1.)) ;
#1391=DIRECTION('Axis2P3D Direction',(-1.,0.,0.)) ;
#1403=DIRECTION('Axis2P3D Direction',(-1.,0.,0.)) ;
#1404=DIRECTION('Axis2P3D XDirection',(0.,1.22460635382E-016,-1.)) ;
#1408=DIRECTION('Axis2P3D Direction',(-1.,0.,0.)) ;
#1420=DIRECTION('Axis2P3D Direction',(0.,1.,-0.)) ;
#1421=DIRECTION('Axis2P3D XDirection',(1.48029736617E-016,0.,-1.)) ;
#1425=DIRECTION('Axis2P3D Direction',(-0.692307692308,0.,-0.721602424588)) ;
#1437=DIRECTION('Axis2P3D Direction',(0.,1.,-0.)) ;
#1438=DIRECTION('Axis2P3D XDirection',(0.,0.,1.)) ;
#1442=DIRECTION('Axis2P3D Direction',(1.,0.,1.22464679915E-016)) ;
#1454=DIRECTION('Axis2P3D Direction',(0.,1.,-0.)) ;
#1455=DIRECTION('Axis2P3D XDirection',(0.,0.,-1.)) ;
#1459=DIRECTION('Axis2P3D Direction',(-1.,0.,-2.44929359829E-016)) ;
#1471=DIRECTION('Axis2P3D Direction',(0.,1.,-0.)) ;
#1472=DIRECTION('Axis2P3D XDirection',(0.,0.,1.)) ;
#1476=DIRECTION('Axis2P3D Direction',(-0.692307692308,0.,0.721602424588)) ;
#1488=DIRECTION('Axis2P3D Direction',(0.,1.,-0.)) ;
#1489=DIRECTION('Axis2P3D XDirection',(1.48029736617E-016,0.,-1.)) ;
#1493=DIRECTION('Axis2P3D Direction',(1.,0.,1.22464679915E-016)) ;
#1505=DIRECTION('Axis2P3D Direction',(1.,0.,0.)) ;
#1506=DIRECTION('Axis2P3D XDirection',(-0.,1.22460635382E-016,1.)) ;
#1524=DIRECTION('Axis2P3D Direction',(0.,1.,-0.)) ;
#1525=DIRECTION('Axis2P3D XDirection',(0.,0.,1.)) ;
#1536=DIRECTION('Axis2P3D Direction',(0.,1.,-0.)) ;
#1537=DIRECTION('Axis2P3D XDirection',(0.,0.,-1.)) ;
#1541=DIRECTION('Axis2P3D Direction',(1.,0.,1.22464679915E-016)) ;
#1546=DIRECTION('Axis2P3D Direction',(-1.,0.,-2.44929359829E-016)) ;
#1558=DIRECTION('Axis2P3D Direction',(0.,1.,-0.)) ;
#1559=DIRECTION('Axis2P3D XDirection',(0.,0.,1.)) ;
#1581=DIRECTION('NONE',(1.,0.,0.)) ;
#1582=DIRECTION('NONE',(0.,0.,1.)) ;
#1583=DIRECTION('NONE',(-0.468755385833,0.,-0.883328018492)) ;
#1584=DIRECTION('NONE',(0.883328018492,0.,-0.468755385833)) ;
#1597=DIRECTION('Axis2P3D Direction',(-1.,3.46944695195E-015,2.60208521397E-016)) ;
#1598=DIRECTION('Axis2P3D XDirection',(3.46944695195E-015,1.,5.66549845232E-016)) ;
#1602=DIRECTION('Axis2P3D Direction',(-1.,3.46944695195E-015,2.60208521397E-016)) ;
#1611=DIRECTION('Vector Direction',(-1.,3.46944695195E-015,2.60208521397E-016)) ;
#1618=DIRECTION('Axis2P3D Direction',(-1.,3.46944695195E-015,2.60208521397E-016)) ;
#1625=DIRECTION('Vector Direction',(-1.,3.46944695195E-015,2.60208521397E-016)) ;
#1637=DIRECTION('Axis2P3D Direction',(-1.,3.46944695195E-015,2.60208521397E-016)) ;
#1638=DIRECTION('Axis2P3D XDirection',(-3.46944695195E-015,-1.,0.)) ;
#1642=DIRECTION('Vector Direction',(2.53765262771E-016,0.,1.)) ;
#1670=DIRECTION('Vector Direction',(-3.94745964311E-015,-1.,0.)) ;
#1677=DIRECTION('Vector Direction',(1.7763568394E-016,0.,1.)) ;
#1684=DIRECTION('Vector Direction',(3.94745964311E-015,1.,0.)) ;
#1716=DIRECTION('Axis2P3D Direction',(-1.,3.46944695195E-015,2.60208521397E-016)) ;
#1726=DIRECTION('Axis2P3D Direction',(-1.,3.46944695195E-015,2.60208521397E-016)) ;
#1727=DIRECTION('Axis2P3D XDirection',(-3.46944695195E-015,-1.,-3.00926553811E-031)) ;
#1731=DIRECTION('Axis2P3D Direction',(-1.,3.46944695195E-015,2.60208521397E-016)) ;
#1743=DIRECTION('Axis2P3D Direction',(-1.,3.46944695195E-015,2.60208521397E-016)) ;
#1744=DIRECTION('Axis2P3D XDirection',(-3.46944695195E-015,-1.,0.)) ;
#1748=DIRECTION('Vector Direction',(-3.5527136788E-015,-1.,0.)) ;
#1757=DIRECTION('Axis2P3D Direction',(-1.,3.46944695195E-015,2.60208521397E-016)) ;
#1764=DIRECTION('Vector Direction',(2.53765262771E-016,0.,1.)) ;
#1771=DIRECTION('Axis2P3D Direction',(-1.,3.46944695195E-015,2.60208521397E-016)) ;
#1778=DIRECTION('Vector Direction',(3.5527136788E-015,1.,0.)) ;
#1785=DIRECTION('Vector Direction',(-2.6645352591E-016,0.,-1.)) ;
#1803=DIRECTION('Axis2P3D Direction',(-3.49148133884E-015,-1.,9.08513196664E-031)) ;
#1804=DIRECTION('Axis2P3D XDirection',(1.,-3.49148133884E-015,0.)) ;
#1808=DIRECTION('Vector Direction',(1.,-3.5527136788E-015,0.)) ;
#1813=DIRECTION('Vector Direction',(-1.,3.5527136788E-015,0.)) ;
#1825=DIRECTION('Axis2P3D Direction',(-1.,3.46944695195E-015,2.60208521397E-016)) ;
#1826=DIRECTION('Axis2P3D XDirection',(-3.46944695195E-015,-1.,0.)) ;
#1830=DIRECTION('Vector Direction',(-1.,3.46944695195E-015,2.60208565805E-016)) ;
#1842=DIRECTION('Axis2P3D Direction',(-2.60208521397E-016,2.89120579329E-016,-1.)) ;
#1843=DIRECTION('Axis2P3D XDirection',(0.,1.,2.89120579329E-016)) ;
#1847=DIRECTION('Vector Direction',(1.,0.,0.)) ;
#1859=DIRECTION('Axis2P3D Direction',(0.,-0.,-1.)) ;
#1860=DIRECTION('Axis2P3D XDirection',(1.,-3.46944695195E-015,0.)) ;
#1864=DIRECTION('Vector Direction',(0.,0.,-1.)) ;
#1873=DIRECTION('Axis2P3D Direction',(0.,-0.,-1.)) ;
#1878=DIRECTION('Axis2P3D Direction',(0.,-0.,-1.)) ;
#1890=DIRECTION('Axis2P3D Direction',(2.60208521397E-016,-2.89120579329E-016,1.)) ;
#1891=DIRECTION('Axis2P3D XDirection',(0.,-1.,-2.89120579329E-016)) ;
#1895=DIRECTION('Vector Direction',(1.,0.,0.)) ;
#1900=DIRECTION('Vector Direction',(1.,0.,0.)) ;
#1912=DIRECTION('Axis2P3D Direction',(-1.,3.46944695195E-015,2.60208521397E-016)) ;
#1913=DIRECTION('Axis2P3D XDirection',(3.46944695195E-015,1.,1.22460635382E-016)) ;
#1924=DIRECTION('Axis2P3D Direction',(0.,-0.,-1.)) ;
#1925=DIRECTION('Axis2P3D XDirection',(1.,-3.46944695195E-015,0.)) ;
#1929=DIRECTION('Vector Direction',(0.,0.,-1.)) ;
#1938=DIRECTION('Axis2P3D Direction',(0.,-0.,-1.)) ;
#1943=DIRECTION('Axis2P3D Direction',(0.,-0.,-1.)) ;
#1955=DIRECTION('Axis2P3D Direction',(0.,0.,1.)) ;
#1956=DIRECTION('Axis2P3D XDirection',(1.,0.,-0.)) ;
#1960=DIRECTION('Vector Direction',(0.,-1.,0.)) ;
#1972=DIRECTION('Axis2P3D Direction',(0.,1.,0.)) ;
#1973=DIRECTION('Axis2P3D XDirection',(0.,-0.,1.)) ;
#1977=DIRECTION('Vector Direction',(1.,0.,0.)) ;
#1984=DIRECTION('Axis2P3D Direction',(0.,1.,0.)) ;
#1991=DIRECTION('Vector Direction',(0.,0.,1.)) ;
#1998=DIRECTION('Axis2P3D Direction',(0.,1.,0.)) ;
#2005=DIRECTION('Vector Direction',(-1.,0.,0.)) ;
#2018=DIRECTION('Axis2P3D Direction',(0.,1.,0.)) ;
#2027=DIRECTION('Axis2P3D Direction',(0.,1.,0.)) ;
#2036=DIRECTION('Axis2P3D Direction',(0.,1.,0.)) ;
#2045=DIRECTION('Axis2P3D Direction',(0.,1.,0.)) ;
#2055=DIRECTION('Axis2P3D Direction',(0.,0.,1.)) ;
#2056=DIRECTION('Axis2P3D XDirection',(1.,0.,-0.)) ;
#2060=DIRECTION('Vector Direction',(0.,-1.,0.)) ;
#2072=DIRECTION('Axis2P3D Direction',(0.,1.,0.)) ;
#2073=DIRECTION('Axis2P3D XDirection',(0.,-0.,1.)) ;
#2077=DIRECTION('Vector Direction',(1.,0.,0.)) ;
#2084=DIRECTION('Vector Direction',(-1.,0.,0.)) ;
#2091=DIRECTION('Axis2P3D Direction',(0.,1.,0.)) ;
#2098=DIRECTION('Vector Direction',(0.,0.,1.)) ;
#2105=DIRECTION('Axis2P3D Direction',(0.,1.,0.)) ;
#2118=DIRECTION('Axis2P3D Direction',(0.,1.,0.)) ;
#2127=DIRECTION('Axis2P3D Direction',(0.,1.,0.)) ;
#2136=DIRECTION('Axis2P3D Direction',(0.,1.,0.)) ;
#2145=DIRECTION('Axis2P3D Direction',(0.,1.,0.)) ;
#2155=DIRECTION('Axis2P3D Direction',(0.,0.,-1.)) ;
#2156=DIRECTION('Axis2P3D XDirection',(-1.,0.,-0.)) ;
#2160=DIRECTION('Vector Direction',(0.,-1.,0.)) ;
#2172=DIRECTION('Axis2P3D Direction',(0.,-1.,-0.)) ;
#2173=DIRECTION('Axis2P3D XDirection',(1.22460635382E-016,-0.,1.)) ;
#2177=DIRECTION('Vector Direction',(0.,-1.,0.)) ;
#2189=DIRECTION('Axis2P3D Direction',(1.,0.,-3.06161699787E-016)) ;
#2190=DIRECTION('Axis2P3D XDirection',(-3.06161699787E-016,0.,-1.)) ;
#2194=DIRECTION('Vector Direction',(0.,-1.,0.)) ;
#2206=DIRECTION('Axis2P3D Direction',(0.,-1.,-0.)) ;
#2207=DIRECTION('Axis2P3D XDirection',(1.22460635382E-016,-0.,1.)) ;
#2211=DIRECTION('Vector Direction',(0.,-1.,0.)) ;
#2223=DIRECTION('Axis2P3D Direction',(-1.92747052886E-016,0.,1.)) ;
#2224=DIRECTION('Axis2P3D XDirection',(1.,0.,1.92747052886E-016)) ;
#2235=DIRECTION('Axis2P3D Direction',(0.,-1.,-0.)) ;
#2236=DIRECTION('Axis2P3D XDirection',(-3.21628574468E-016,0.,1.)) ;
#2240=DIRECTION('Vector Direction',(0.,-1.,0.)) ;
#2245=DIRECTION('Vector Direction',(0.,-1.,0.)) ;
#2257=DIRECTION('Axis2P3D Direction',(0.,-1.,-0.)) ;
#2258=DIRECTION('Axis2P3D XDirection',(0.,0.,-1.)) ;
#2269=DIRECTION('Axis2P3D Direction',(0.,-1.,-0.)) ;
#2270=DIRECTION('Axis2P3D XDirection',(5.66549845232E-016,-0.,1.)) ;
#2274=DIRECTION('Vector Direction',(0.,-1.,0.)) ;
#2279=DIRECTION('Vector Direction',(0.,-1.,0.)) ;
#2291=DIRECTION('Axis2P3D Direction',(0.,-1.,-0.)) ;
#2292=DIRECTION('Axis2P3D XDirection',(0.,0.,-1.)) ;
#2314=DIRECTION('NONE',(1.,0.,0.)) ;
#2315=DIRECTION('NONE',(0.,0.,1.)) ;
#2316=DIRECTION('NONE',(0.026244589394,0.,0.999655551441)) ;
#2317=DIRECTION('NONE',(0.999655551441,0.,-0.026244589394)) ;
#2330=DIRECTION('Axis2P3D Direction',(0.,-1.,-0.)) ;
#2331=DIRECTION('Axis2P3D XDirection',(0.,0.,-1.)) ;
#2335=DIRECTION('Axis2P3D Direction',(0.,-1.,-0.)) ;
#2344=DIRECTION('Vector Direction',(0.,-1.,0.)) ;
#2351=DIRECTION('Axis2P3D Direction',(0.,-1.,-0.)) ;
#2358=DIRECTION('Vector Direction',(0.,-1.,0.)) ;
#2370=DIRECTION('Axis2P3D Direction',(0.,-1.,0.)) ;
#2371=DIRECTION('Axis2P3D XDirection',(0.,-0.,-1.)) ;
#2390=DIRECTION('Vector Direction',(-0.620494823825,0.,0.784210541632)) ;
#2410=DIRECTION('Vector Direction',(0.,0.,1.)) ;
#2430=DIRECTION('Vector Direction',(0.536632268542,0.,0.84381621717)) ;
#2453=DIRECTION('Vector Direction',(1.,0.,0.)) ;
#2476=DIRECTION('Vector Direction',(0.4933917819,0.,-0.869807191022)) ;
#2496=DIRECTION('Vector Direction',(0.,0.,-1.)) ;
#2516=DIRECTION('Vector Direction',(-0.579518762618,0.,-0.814958896985)) ;
#2536=DIRECTION('Vector Direction',(-1.,0.,0.)) ;
#2721=DIRECTION('Axis2P3D Direction',(0.,-1.,0.)) ;
#2768=DIRECTION('Vector Direction',(0.,0.,1.)) ;
#2775=DIRECTION('Axis2P3D Direction',(0.,-1.,0.)) ;
#2782=DIRECTION('Vector Direction',(-1.,0.,0.)) ;
#2789=DIRECTION('Axis2P3D Direction',(0.,-1.,0.)) ;
#2834=DIRECTION('Axis2P3D Direction',(0.,-1.,0.)) ;
#3073=DIRECTION('Axis2P3D Direction',(0.,-1.,0.)) ;
#3080=DIRECTION('Vector Direction',(1.,0.,0.)) ;
#3087=DIRECTION('Axis2P3D Direction',(0.,-1.,0.)) ;
#3116=DIRECTION('Axis2P3D Direction',(0.,-1.,-0.)) ;
#3117=DIRECTION('Axis2P3D XDirection',(1.22460635382E-016,-0.,1.)) ;
#3121=DIRECTION('Vector Direction',(0.,-1.,0.)) ;
#3128=DIRECTION('Axis2P3D Direction',(0.,-1.,-0.)) ;
#3140=DIRECTION('Axis2P3D Direction',(0.,-1.,0.)) ;
#3141=DIRECTION('Axis2P3D XDirection',(0.,-0.,-1.)) ;
#3160=DIRECTION('Vector Direction',(-1.,0.,0.)) ;
#3180=DIRECTION('Vector Direction',(-0.579518762618,0.,-0.814958896985)) ;
#3200=DIRECTION('Vector Direction',(0.,0.,-1.)) ;
#3220=DIRECTION('Vector Direction',(0.4933917819,0.,-0.869807191022)) ;
#3243=DIRECTION('Vector Direction',(1.,0.,0.)) ;
#3266=DIRECTION('Vector Direction',(0.536632268542,0.,0.84381621717)) ;
#3286=DIRECTION('Vector Direction',(0.,0.,1.)) ;
#3306=DIRECTION('Vector Direction',(-0.620494823825,0.,0.784210541632)) ;
#3423=DIRECTION('Axis2P3D Direction',(0.,-1.,0.)) ;
#3430=DIRECTION('Axis2P3D Direction',(0.,-1.,0.)) ;
#3475=DIRECTION('Axis2P3D Direction',(0.,-1.,0.)) ;
#3482=DIRECTION('Vector Direction',(-1.,0.,0.)) ;
#3489=DIRECTION('Axis2P3D Direction',(0.,-1.,0.)) ;
#3496=DIRECTION('Vector Direction',(0.,0.,1.)) ;
#3843=DIRECTION('Axis2P3D Direction',(0.,-1.,0.)) ;
#3850=DIRECTION('Axis2P3D Direction',(0.,-1.,0.)) ;
#3857=DIRECTION('Vector Direction',(1.,0.,0.)) ;
#3870=DIRECTION('Axis2P3D Direction',(0.,-1.,-0.)) ;
#3871=DIRECTION('Axis2P3D XDirection',(5.66549845232E-016,-0.,1.)) ;
#3875=DIRECTION('Vector Direction',(0.,-1.,0.)) ;
#3887=DIRECTION('Axis2P3D Direction',(0.,-1.,-0.)) ;
#3888=DIRECTION('Axis2P3D XDirection',(5.66549845232E-016,-0.,1.)) ;
#3892=DIRECTION('Vector Direction',(0.,-1.,0.)) ;
#3897=DIRECTION('Vector Direction',(0.,-1.,0.)) ;
#3909=DIRECTION('Axis2P3D Direction',(0.784210541622,-0.,0.620494823838)) ;
#3910=DIRECTION('Axis2P3D XDirection',(0.620494823838,0.,-0.784210541622)) ;
#3914=DIRECTION('Vector Direction',(0.,-1.,0.)) ;
#3926=DIRECTION('Axis2P3D Direction',(0.,-1.,-0.)) ;
#3927=DIRECTION('Axis2P3D XDirection',(1.22460635382E-016,-0.,1.)) ;
#3931=DIRECTION('Vector Direction',(0.,-1.,0.)) ;
#3943=DIRECTION('Axis2P3D Direction',(1.,0.,-1.26913802688E-016)) ;
#3944=DIRECTION('Axis2P3D XDirection',(-1.26913802688E-016,0.,-1.)) ;
#3948=DIRECTION('Vector Direction',(0.,-1.,0.)) ;
#3960=DIRECTION('Axis2P3D Direction',(0.,-1.,-0.)) ;
#3961=DIRECTION('Axis2P3D XDirection',(1.22460635382E-016,-0.,1.)) ;
#3965=DIRECTION('Vector Direction',(0.,-1.,0.)) ;
#3977=DIRECTION('Axis2P3D Direction',(0.843816217173,0.,-0.536632268538)) ;
#3978=DIRECTION('Axis2P3D XDirection',(-0.536632268538,0.,-0.843816217173)) ;
#3982=DIRECTION('Vector Direction',(0.,-1.,0.)) ;
#3994=DIRECTION('Axis2P3D Direction',(0.,-1.,-0.)) ;
#3995=DIRECTION('Axis2P3D XDirection',(1.22460635382E-016,-0.,1.)) ;
#3999=DIRECTION('Vector Direction',(0.,-1.,0.)) ;
#4011=DIRECTION('Axis2P3D Direction',(0.,0.,-1.)) ;
#4012=DIRECTION('Axis2P3D XDirection',(-1.,0.,-0.)) ;
#4016=DIRECTION('Vector Direction',(0.,-1.,0.)) ;
#4028=DIRECTION('Axis2P3D Direction',(0.,-1.,-0.)) ;
#4029=DIRECTION('Axis2P3D XDirection',(0.,0.,-1.)) ;
#4033=DIRECTION('Vector Direction',(0.,-1.,0.)) ;
#4045=DIRECTION('Axis2P3D Direction',(-0.86980719102,0.,-0.493391781903)) ;
#4046=DIRECTION('Axis2P3D XDirection',(-0.493391781903,0.,0.86980719102)) ;
#4050=DIRECTION('Vector Direction',(0.,-1.,0.)) ;
#4062=DIRECTION('Axis2P3D Direction',(0.,-1.,-0.)) ;
#4063=DIRECTION('Axis2P3D XDirection',(0.,0.,-1.)) ;
#4067=DIRECTION('Vector Direction',(0.,-1.,0.)) ;
#4079=DIRECTION('Axis2P3D Direction',(-1.,0.,1.26143571111E-016)) ;
#4080=DIRECTION('Axis2P3D XDirection',(1.26143571111E-016,0.,1.)) ;
#4084=DIRECTION('Vector Direction',(0.,-1.,0.)) ;
#4096=DIRECTION('Axis2P3D Direction',(0.,-1.,-0.)) ;
#4097=DIRECTION('Axis2P3D XDirection',(0.,0.,-1.)) ;
#4101=DIRECTION('Vector Direction',(0.,-1.,0.)) ;
#4113=DIRECTION('Axis2P3D Direction',(-0.814958896977,0.,0.579518762628)) ;
#4114=DIRECTION('Axis2P3D XDirection',(0.579518762628,0.,0.814958896977)) ;
#4118=DIRECTION('Vector Direction',(0.,-1.,0.)) ;
#4130=DIRECTION('Axis2P3D Direction',(0.,-1.,-0.)) ;
#4131=DIRECTION('Axis2P3D XDirection',(0.,0.,-1.)) ;
#4135=DIRECTION('Vector Direction',(0.,-1.,0.)) ;
#4147=DIRECTION('Axis2P3D Direction',(0.,0.,1.)) ;
#4148=DIRECTION('Axis2P3D XDirection',(1.,0.,-0.)) ;
#4159=DIRECTION('Axis2P3D Direction',(0.,-1.,-0.)) ;
#4160=DIRECTION('Axis2P3D XDirection',(5.66549845232E-016,-0.,1.)) ;
#4164=DIRECTION('Vector Direction',(0.,-1.,0.)) ;
#4169=DIRECTION('Vector Direction',(0.,-1.,0.)) ;
#4181=DIRECTION('Axis2P3D Direction',(0.,-1.,-0.)) ;
#4182=DIRECTION('Axis2P3D XDirection',(0.,0.,-1.)) ;
#4193=DIRECTION('Axis2P3D Direction',(0.,-1.,-0.)) ;
#4194=DIRECTION('Axis2P3D XDirection',(1.22460635382E-016,-0.,1.)) ;
#4198=DIRECTION('Vector Direction',(0.,-1.,0.)) ;
#4203=DIRECTION('Vector Direction',(0.,-1.,0.)) ;
#4215=DIRECTION('Axis2P3D Direction',(0.,-1.,-0.)) ;
#4216=DIRECTION('Axis2P3D XDirection',(0.,0.,-1.)) ;
#4227=DIRECTION('Axis2P3D Direction',(0.,-1.,-0.)) ;
#4228=DIRECTION('Axis2P3D XDirection',(1.22460635382E-016,-0.,1.)) ;
#4232=DIRECTION('Vector Direction',(0.,-1.,0.)) ;
#4237=DIRECTION('Vector Direction',(0.,-1.,0.)) ;
#4249=DIRECTION('Axis2P3D Direction',(0.,-1.,-0.)) ;
#4250=DIRECTION('Axis2P3D XDirection',(0.,0.,-1.)) ;
#4261=DIRECTION('Axis2P3D Direction',(0.,-1.,-0.)) ;
#4262=DIRECTION('Axis2P3D XDirection',(1.22460635382E-016,-0.,1.)) ;
#4266=DIRECTION('Vector Direction',(0.,-1.,0.)) ;
#4271=DIRECTION('Vector Direction',(0.,-1.,0.)) ;
#4283=DIRECTION('Axis2P3D Direction',(0.,-1.,-0.)) ;
#4284=DIRECTION('Axis2P3D XDirection',(0.,0.,-1.)) ;
#4288=DIRECTION('Vector Direction',(0.,-1.,0.)) ;
#4300=DIRECTION('Axis2P3D Direction',(0.,-1.,-0.)) ;
#4301=DIRECTION('Axis2P3D XDirection',(1.22460635382E-016,-0.,1.)) ;
#4305=DIRECTION('Vector Direction',(0.,-1.,0.)) ;
#4317=DIRECTION('Axis2P3D Direction',(1.,-0.,0.)) ;
#4318=DIRECTION('Axis2P3D XDirection',(0.,0.,-1.)) ;
#4322=DIRECTION('Vector Direction',(0.,-1.,0.)) ;
#4334=DIRECTION('Axis2P3D Direction',(0.,-1.,-0.)) ;
#4335=DIRECTION('Axis2P3D XDirection',(0.,0.,-1.)) ;
#4339=DIRECTION('Vector Direction',(0.,-1.,0.)) ;
#4351=DIRECTION('Axis2P3D Direction',(1.05575245094E-016,-0.,1.)) ;
#4352=DIRECTION('Axis2P3D XDirection',(1.,0.,-1.05575245094E-016)) ;
#4356=DIRECTION('Vector Direction',(0.,-1.,0.)) ;
#4368=DIRECTION('Axis2P3D Direction',(0.,-1.,-0.)) ;
#4369=DIRECTION('Axis2P3D XDirection',(5.66549845232E-016,-0.,1.)) ;
#4373=DIRECTION('Vector Direction',(0.,-1.,0.)) ;
#4385=DIRECTION('Axis2P3D Direction',(0.,-1.,-0.)) ;
#4386=DIRECTION('Axis2P3D XDirection',(0.,0.,-1.)) ;
#4390=DIRECTION('Vector Direction',(0.,-1.,0.)) ;
#4402=DIRECTION('Axis2P3D Direction',(0.,-1.,-0.)) ;
#4403=DIRECTION('Axis2P3D XDirection',(1.22460635382E-016,-0.,1.)) ;
#4407=DIRECTION('Vector Direction',(0.,-1.,0.)) ;
#4419=DIRECTION('Axis2P3D Direction',(0.,-1.,-0.)) ;
#4420=DIRECTION('Axis2P3D XDirection',(0.,0.,-1.)) ;
#4431=DIRECTION('Axis2P3D Direction',(0.,-1.,-0.)) ;
#4432=DIRECTION('Axis2P3D XDirection',(1.22460635382E-016,-0.,1.)) ;
#4436=DIRECTION('Vector Direction',(0.,-1.,0.)) ;
#4441=DIRECTION('Vector Direction',(0.,-1.,0.)) ;
#4453=DIRECTION('Axis2P3D Direction',(0.,-1.,-0.)) ;
#4454=DIRECTION('Axis2P3D XDirection',(0.,0.,-1.)) ;
#4465=DIRECTION('Axis2P3D Direction',(0.,-1.,-0.)) ;
#4466=DIRECTION('Axis2P3D XDirection',(1.22460635382E-016,-0.,1.)) ;
#4470=DIRECTION('Vector Direction',(0.,-1.,0.)) ;
#4475=DIRECTION('Vector Direction',(0.,-1.,0.)) ;
#4487=DIRECTION('Axis2P3D Direction',(0.,-1.,-0.)) ;
#4488=DIRECTION('Axis2P3D XDirection',(0.,0.,-1.)) ;
#4499=DIRECTION('Axis2P3D Direction',(0.,-1.,-0.)) ;
#4500=DIRECTION('Axis2P3D XDirection',(1.22460635382E-016,-0.,1.)) ;
#4504=DIRECTION('Vector Direction',(0.,-1.,0.)) ;
#4509=DIRECTION('Vector Direction',(0.,-1.,0.)) ;
#4521=DIRECTION('Axis2P3D Direction',(0.,-1.,-0.)) ;
#4522=DIRECTION('Axis2P3D XDirection',(0.,0.,-1.)) ;
#4533=DIRECTION('Axis2P3D Direction',(0.,-1.,-0.)) ;
#4534=DIRECTION('Axis2P3D XDirection',(1.22460635382E-016,-0.,1.)) ;
#4538=DIRECTION('Vector Direction',(0.,-1.,0.)) ;
#4543=DIRECTION('Vector Direction',(0.,-1.,0.)) ;
#4555=DIRECTION('Axis2P3D Direction',(0.,-1.,-0.)) ;
#4556=DIRECTION('Axis2P3D XDirection',(0.,0.,-1.)) ;
#4567=DIRECTION('Axis2P3D Direction',(0.,0.,-1.)) ;
#4568=DIRECTION('Axis2P3D XDirection',(-1.,0.,-0.)) ;
#4572=DIRECTION('Vector Direction',(0.,-1.,0.)) ;
#4584=DIRECTION('Axis2P3D Direction',(0.,-1.,-0.)) ;
#4585=DIRECTION('Axis2P3D XDirection',(0.,0.,-1.)) ;
#4607=DIRECTION('NONE',(1.,0.,0.)) ;
#4608=DIRECTION('NONE',(0.,0.,1.)) ;
#4609=DIRECTION('NONE',(0.999655551441,0.,-0.026244589394)) ;
#4610=DIRECTION('NONE',(0.026244589394,0.,0.999655551441)) ;
#4623=DIRECTION('Axis2P3D Direction',(0.,-1.,-0.)) ;
#4624=DIRECTION('Axis2P3D XDirection',(1.22460635382E-016,-0.,1.)) ;
#4628=DIRECTION('Axis2P3D Direction',(0.,-1.,-0.)) ;
#4637=DIRECTION('Vector Direction',(0.,-1.,0.)) ;
#4644=DIRECTION('Axis2P3D Direction',(0.,-1.,-0.)) ;
#4651=DIRECTION('Vector Direction',(0.,-1.,0.)) ;
#4663=DIRECTION('Axis2P3D Direction',(0.,1.,0.)) ;
#4664=DIRECTION('Axis2P3D XDirection',(0.,-0.,1.)) ;
#4668=DIRECTION('Axis2P3D Direction',(0.,1.,0.)) ;
#4687=DIRECTION('Axis2P3D Direction',(0.,1.,0.)) ;
#4704=DIRECTION('Axis2P3D Direction',(0.,1.,0.)) ;
#4721=DIRECTION('Axis2P3D Direction',(0.,1.,0.)) ;
#4738=DIRECTION('Axis2P3D Direction',(0.,1.,0.)) ;
#4755=DIRECTION('Axis2P3D Direction',(0.,1.,0.)) ;
#4772=DIRECTION('Axis2P3D Direction',(0.,1.,0.)) ;
#4789=DIRECTION('Axis2P3D Direction',(0.,1.,0.)) ;
#4806=DIRECTION('Axis2P3D Direction',(0.,1.,0.)) ;
#4823=DIRECTION('Axis2P3D Direction',(0.,1.,0.)) ;
#4840=DIRECTION('Axis2P3D Direction',(0.,1.,0.)) ;
#4857=DIRECTION('Axis2P3D Direction',(0.,1.,0.)) ;
#4874=DIRECTION('Axis2P3D Direction',(0.,1.,0.)) ;
#4891=DIRECTION('Axis2P3D Direction',(0.,1.,0.)) ;
#4908=DIRECTION('Axis2P3D Direction',(0.,1.,0.)) ;
#4925=DIRECTION('Axis2P3D Direction',(0.,1.,0.)) ;
#4942=DIRECTION('Axis2P3D Direction',(0.,1.,0.)) ;
#4959=DIRECTION('Axis2P3D Direction',(0.,1.,0.)) ;
#4976=DIRECTION('Axis2P3D Direction',(0.,1.,0.)) ;
#4993=DIRECTION('Axis2P3D Direction',(0.,1.,0.)) ;
#5010=DIRECTION('Axis2P3D Direction',(0.,1.,0.)) ;
#5027=DIRECTION('Axis2P3D Direction',(0.,1.,0.)) ;
#5044=DIRECTION('Axis2P3D Direction',(0.,1.,0.)) ;
#5051=DIRECTION('Axis2P3D Direction',(0.,1.,0.)) ;
#5068=DIRECTION('Axis2P3D Direction',(0.,1.,0.)) ;
#5085=DIRECTION('Axis2P3D Direction',(0.,1.,0.)) ;
#5102=DIRECTION('Axis2P3D Direction',(0.,1.,0.)) ;
#5119=DIRECTION('Axis2P3D Direction',(0.,1.,0.)) ;
#5136=DIRECTION('Axis2P3D Direction',(0.,1.,0.)) ;
#5153=DIRECTION('Axis2P3D Direction',(0.,1.,0.)) ;
#5170=DIRECTION('Axis2P3D Direction',(0.,1.,0.)) ;
#5187=DIRECTION('Axis2P3D Direction',(0.,1.,0.)) ;
#5204=DIRECTION('Axis2P3D Direction',(0.,1.,0.)) ;
#5221=DIRECTION('Vector Direction',(1.,0.,0.)) ;
#5228=DIRECTION('Axis2P3D Direction',(0.,1.,0.)) ;
#5235=DIRECTION('Vector Direction',(-1.,0.,0.)) ;
#5252=DIRECTION('Axis2P3D Direction',(0.,1.,0.)) ;
#5269=DIRECTION('Axis2P3D Direction',(0.,1.,0.)) ;
#5286=DIRECTION('Axis2P3D Direction',(0.,1.,0.)) ;
#5303=DIRECTION('Axis2P3D Direction',(0.,1.,0.)) ;
#5320=DIRECTION('Axis2P3D Direction',(0.,1.,0.)) ;
#5337=DIRECTION('Axis2P3D Direction',(0.,1.,0.)) ;
#5354=DIRECTION('Axis2P3D Direction',(0.,1.,0.)) ;
#5371=DIRECTION('Axis2P3D Direction',(0.,1.,0.)) ;
#5388=DIRECTION('Axis2P3D Direction',(0.,1.,0.)) ;
#5405=DIRECTION('Axis2P3D Direction',(0.,1.,0.)) ;
#5412=DIRECTION('Axis2P3D Direction',(0.,1.,0.)) ;
#5429=DIRECTION('Axis2P3D Direction',(0.,1.,0.)) ;
#5538=DIRECTION('Axis2P3D Direction',(0.,1.,0.)) ;
#5547=DIRECTION('Axis2P3D Direction',(0.,1.,0.)) ;
#5556=DIRECTION('Axis2P3D Direction',(0.,1.,0.)) ;
#5566=DIRECTION('Axis2P3D Direction',(0.,-1.,-0.)) ;
#5567=DIRECTION('Axis2P3D XDirection',(0.,0.,-1.)) ;
#5571=DIRECTION('Axis2P3D Direction',(0.,-1.,-0.)) ;
#5583=DIRECTION('Axis2P3D Direction',(0.,1.,0.)) ;
#5584=DIRECTION('Axis2P3D XDirection',(0.,-0.,1.)) ;
#5588=DIRECTION('Axis2P3D Direction',(0.,1.,0.)) ;
#5607=DIRECTION('Axis2P3D Direction',(0.,1.,0.)) ;
#5624=DIRECTION('Axis2P3D Direction',(0.,1.,0.)) ;
#5631=DIRECTION('Axis2P3D Direction',(0.,1.,0.)) ;
#5648=DIRECTION('Axis2P3D Direction',(0.,1.,0.)) ;
#5665=DIRECTION('Axis2P3D Direction',(0.,1.,0.)) ;
#5682=DIRECTION('Axis2P3D Direction',(0.,1.,0.)) ;
#5699=DIRECTION('Axis2P3D Direction',(0.,1.,0.)) ;
#5716=DIRECTION('Axis2P3D Direction',(0.,1.,0.)) ;
#5733=DIRECTION('Axis2P3D Direction',(0.,1.,0.)) ;
#5750=DIRECTION('Axis2P3D Direction',(0.,1.,0.)) ;
#5767=DIRECTION('Axis2P3D Direction',(0.,1.,0.)) ;
#5784=DIRECTION('Axis2P3D Direction',(0.,1.,0.)) ;
#5801=DIRECTION('Vector Direction',(-1.,0.,0.)) ;
#5808=DIRECTION('Axis2P3D Direction',(0.,1.,0.)) ;
#5815=DIRECTION('Vector Direction',(1.,0.,0.)) ;
#5832=DIRECTION('Axis2P3D Direction',(0.,1.,0.)) ;
#5849=DIRECTION('Axis2P3D Direction',(0.,1.,0.)) ;
#5866=DIRECTION('Axis2P3D Direction',(0.,1.,0.)) ;
#5883=DIRECTION('Axis2P3D Direction',(0.,1.,0.)) ;
#5900=DIRECTION('Axis2P3D Direction',(0.,1.,0.)) ;
#5917=DIRECTION('Axis2P3D Direction',(0.,1.,0.)) ;
#5934=DIRECTION('Axis2P3D Direction',(0.,1.,0.)) ;
#5951=DIRECTION('Axis2P3D Direction',(0.,1.,0.)) ;
#5968=DIRECTION('Axis2P3D Direction',(0.,1.,0.)) ;
#5985=DIRECTION('Axis2P3D Direction',(0.,1.,0.)) ;
#5992=DIRECTION('Axis2P3D Direction',(0.,1.,0.)) ;
#6009=DIRECTION('Axis2P3D Direction',(0.,1.,0.)) ;
#6026=DIRECTION('Axis2P3D Direction',(0.,1.,0.)) ;
#6043=DIRECTION('Axis2P3D Direction',(0.,1.,0.)) ;
#6060=DIRECTION('Axis2P3D Direction',(0.,1.,0.)) ;
#6077=DIRECTION('Axis2P3D Direction',(0.,1.,0.)) ;
#6094=DIRECTION('Axis2P3D Direction',(0.,1.,0.)) ;
#6111=DIRECTION('Axis2P3D Direction',(0.,1.,0.)) ;
#6128=DIRECTION('Axis2P3D Direction',(0.,1.,0.)) ;
#6145=DIRECTION('Axis2P3D Direction',(0.,1.,0.)) ;
#6162=DIRECTION('Axis2P3D Direction',(0.,1.,0.)) ;
#6179=DIRECTION('Axis2P3D Direction',(0.,1.,0.)) ;
#6196=DIRECTION('Axis2P3D Direction',(0.,1.,0.)) ;
#6213=DIRECTION('Axis2P3D Direction',(0.,1.,0.)) ;
#6230=DIRECTION('Axis2P3D Direction',(0.,1.,0.)) ;
#6247=DIRECTION('Axis2P3D Direction',(0.,1.,0.)) ;
#6264=DIRECTION('Axis2P3D Direction',(0.,1.,0.)) ;
#6281=DIRECTION('Axis2P3D Direction',(0.,1.,0.)) ;
#6298=DIRECTION('Axis2P3D Direction',(0.,1.,0.)) ;
#6315=DIRECTION('Axis2P3D Direction',(0.,1.,0.)) ;
#6332=DIRECTION('Axis2P3D Direction',(0.,1.,0.)) ;
#6349=DIRECTION('Axis2P3D Direction',(0.,1.,0.)) ;
#6458=DIRECTION('Axis2P3D Direction',(0.,1.,0.)) ;
#6467=DIRECTION('Axis2P3D Direction',(0.,1.,0.)) ;
#6481=DIRECTION('Axis2P3D Direction',(0.,-1.,-0.)) ;
#6482=DIRECTION('Axis2P3D XDirection',(1.22460635382E-016,-0.,1.)) ;
#6486=DIRECTION('Vector Direction',(0.,-1.,0.)) ;
#6491=DIRECTION('Vector Direction',(0.,-1.,0.)) ;
#6523=DIRECTION('Axis2P3D Direction',(0.,-1.,-0.)) ;
#6524=DIRECTION('Axis2P3D XDirection',(1.22460635382E-016,-0.,1.)) ;
#6528=DIRECTION('Vector Direction',(0.,-1.,0.)) ;
#6560=DIRECTION('Axis2P3D Direction',(0.,-1.,-0.)) ;
#6561=DIRECTION('Axis2P3D XDirection',(1.22460635382E-016,-0.,1.)) ;
#6565=DIRECTION('Vector Direction',(0.,-1.,0.)) ;
#6597=DIRECTION('Axis2P3D Direction',(0.,-1.,-0.)) ;
#6598=DIRECTION('Axis2P3D XDirection',(1.22460635382E-016,-0.,1.)) ;
#6602=DIRECTION('Vector Direction',(0.,-1.,0.)) ;
#6634=DIRECTION('Axis2P3D Direction',(0.,-1.,-0.)) ;
#6635=DIRECTION('Axis2P3D XDirection',(1.22460635382E-016,-0.,1.)) ;
#6639=DIRECTION('Vector Direction',(0.,-1.,0.)) ;
#6671=DIRECTION('Axis2P3D Direction',(0.,-1.,-0.)) ;
#6672=DIRECTION('Axis2P3D XDirection',(1.22460635382E-016,-0.,1.)) ;
#6676=DIRECTION('Vector Direction',(0.,-1.,0.)) ;
#6708=DIRECTION('Axis2P3D Direction',(0.,-1.,-0.)) ;
#6709=DIRECTION('Axis2P3D XDirection',(1.22460635382E-016,-0.,1.)) ;
#6713=DIRECTION('Vector Direction',(0.,-1.,0.)) ;
#6745=DIRECTION('Axis2P3D Direction',(0.,-1.,-0.)) ;
#6746=DIRECTION('Axis2P3D XDirection',(1.22460635382E-016,-0.,1.)) ;
#6750=DIRECTION('Vector Direction',(0.,-1.,0.)) ;
#6782=DIRECTION('Axis2P3D Direction',(0.,-1.,-0.)) ;
#6783=DIRECTION('Axis2P3D XDirection',(1.22460635382E-016,-0.,1.)) ;
#6787=DIRECTION('Vector Direction',(0.,-1.,0.)) ;
#6819=DIRECTION('Axis2P3D Direction',(0.,-1.,-0.)) ;
#6820=DIRECTION('Axis2P3D XDirection',(1.22460635382E-016,-0.,1.)) ;
#6824=DIRECTION('Vector Direction',(0.,-1.,0.)) ;
#6856=DIRECTION('Axis2P3D Direction',(0.,-1.,-0.)) ;
#6857=DIRECTION('Axis2P3D XDirection',(1.22460635382E-016,-0.,1.)) ;
#6861=DIRECTION('Vector Direction',(0.,-1.,0.)) ;
#6893=DIRECTION('Axis2P3D Direction',(0.,-1.,-0.)) ;
#6894=DIRECTION('Axis2P3D XDirection',(1.22460635382E-016,-0.,1.)) ;
#6898=DIRECTION('Vector Direction',(0.,-1.,0.)) ;
#6930=DIRECTION('Axis2P3D Direction',(0.,-1.,-0.)) ;
#6931=DIRECTION('Axis2P3D XDirection',(1.22460635382E-016,-0.,1.)) ;
#6935=DIRECTION('Vector Direction',(0.,-1.,0.)) ;
#6967=DIRECTION('Axis2P3D Direction',(0.,-1.,-0.)) ;
#6968=DIRECTION('Axis2P3D XDirection',(1.22460635382E-016,-0.,1.)) ;
#6972=DIRECTION('Vector Direction',(0.,-1.,0.)) ;
#7004=DIRECTION('Axis2P3D Direction',(0.,-1.,-0.)) ;
#7005=DIRECTION('Axis2P3D XDirection',(1.22460635382E-016,-0.,1.)) ;
#7009=DIRECTION('Vector Direction',(0.,-1.,0.)) ;
#7041=DIRECTION('Axis2P3D Direction',(0.,-1.,-0.)) ;
#7042=DIRECTION('Axis2P3D XDirection',(1.22460635382E-016,-0.,1.)) ;
#7046=DIRECTION('Vector Direction',(0.,-1.,0.)) ;
#7078=DIRECTION('Axis2P3D Direction',(0.,-1.,-0.)) ;
#7079=DIRECTION('Axis2P3D XDirection',(1.22460635382E-016,-0.,1.)) ;
#7083=DIRECTION('Vector Direction',(0.,-1.,0.)) ;
#7115=DIRECTION('Axis2P3D Direction',(0.,-1.,-0.)) ;
#7116=DIRECTION('Axis2P3D XDirection',(1.22460635382E-016,-0.,1.)) ;
#7120=DIRECTION('Vector Direction',(0.,-1.,0.)) ;
#7152=DIRECTION('Axis2P3D Direction',(0.,-1.,-0.)) ;
#7153=DIRECTION('Axis2P3D XDirection',(1.22460635382E-016,-0.,1.)) ;
#7157=DIRECTION('Vector Direction',(0.,-1.,0.)) ;
#7189=DIRECTION('Axis2P3D Direction',(0.,-1.,-0.)) ;
#7190=DIRECTION('Axis2P3D XDirection',(1.22460635382E-016,-0.,1.)) ;
#7194=DIRECTION('Vector Direction',(0.,-1.,0.)) ;
#7226=DIRECTION('Axis2P3D Direction',(0.,-1.,-0.)) ;
#7227=DIRECTION('Axis2P3D XDirection',(1.22460635382E-016,-0.,1.)) ;
#7231=DIRECTION('Vector Direction',(0.,-1.,0.)) ;
#7263=DIRECTION('Axis2P3D Direction',(0.,-1.,-0.)) ;
#7264=DIRECTION('Axis2P3D XDirection',(1.22460635382E-016,-0.,1.)) ;
#7268=DIRECTION('Vector Direction',(0.,-1.,0.)) ;
#7300=DIRECTION('Axis2P3D Direction',(0.,-1.,-0.)) ;
#7301=DIRECTION('Axis2P3D XDirection',(1.22460635382E-016,-0.,1.)) ;
#7305=DIRECTION('Vector Direction',(0.,-1.,0.)) ;
#7317=DIRECTION('Axis2P3D Direction',(0.,-1.,-0.)) ;
#7318=DIRECTION('Axis2P3D XDirection',(0.,0.,-1.)) ;
#7322=DIRECTION('Vector Direction',(0.,-1.,0.)) ;
#7354=DIRECTION('Axis2P3D Direction',(0.,-1.,-0.)) ;
#7355=DIRECTION('Axis2P3D XDirection',(0.,0.,-1.)) ;
#7359=DIRECTION('Vector Direction',(0.,-1.,0.)) ;
#7391=DIRECTION('Axis2P3D Direction',(0.,-1.,-0.)) ;
#7392=DIRECTION('Axis2P3D XDirection',(0.,0.,-1.)) ;
#7396=DIRECTION('Vector Direction',(0.,-1.,0.)) ;
#7428=DIRECTION('Axis2P3D Direction',(0.,-1.,-0.)) ;
#7429=DIRECTION('Axis2P3D XDirection',(0.,0.,-1.)) ;
#7433=DIRECTION('Vector Direction',(0.,-1.,0.)) ;
#7465=DIRECTION('Axis2P3D Direction',(0.,-1.,-0.)) ;
#7466=DIRECTION('Axis2P3D XDirection',(0.,0.,-1.)) ;
#7470=DIRECTION('Vector Direction',(0.,-1.,0.)) ;
#7502=DIRECTION('Axis2P3D Direction',(0.,-1.,-0.)) ;
#7503=DIRECTION('Axis2P3D XDirection',(0.,0.,-1.)) ;
#7507=DIRECTION('Vector Direction',(0.,-1.,0.)) ;
#7539=DIRECTION('Axis2P3D Direction',(0.,-1.,-0.)) ;
#7540=DIRECTION('Axis2P3D XDirection',(0.,0.,-1.)) ;
#7544=DIRECTION('Vector Direction',(0.,-1.,0.)) ;
#7576=DIRECTION('Axis2P3D Direction',(0.,-1.,-0.)) ;
#7577=DIRECTION('Axis2P3D XDirection',(0.,0.,-1.)) ;
#7581=DIRECTION('Vector Direction',(0.,-1.,0.)) ;
#7613=DIRECTION('Axis2P3D Direction',(0.,-1.,-0.)) ;
#7614=DIRECTION('Axis2P3D XDirection',(0.,0.,-1.)) ;
#7618=DIRECTION('Vector Direction',(0.,-1.,0.)) ;
#7650=DIRECTION('Axis2P3D Direction',(0.,-1.,-0.)) ;
#7651=DIRECTION('Axis2P3D XDirection',(0.,0.,-1.)) ;
#7655=DIRECTION('Vector Direction',(0.,-1.,0.)) ;
#7687=DIRECTION('Axis2P3D Direction',(-9.14577286937E-017,0.,-1.)) ;
#7688=DIRECTION('Axis2P3D XDirection',(-1.,0.,9.14577286937E-017)) ;
#7692=DIRECTION('Vector Direction',(0.,-1.,0.)) ;
#7704=DIRECTION('Axis2P3D Direction',(0.,-1.,-0.)) ;
#7705=DIRECTION('Axis2P3D XDirection',(0.,0.,-1.)) ;
#7709=DIRECTION('Vector Direction',(0.,-1.,0.)) ;
#7721=DIRECTION('Axis2P3D Direction',(1.37044604812E-016,-0.,1.)) ;
#7722=DIRECTION('Axis2P3D XDirection',(1.,0.,-1.37044604812E-016)) ;
#7726=DIRECTION('Vector Direction',(0.,-1.,0.)) ;
#7758=DIRECTION('Axis2P3D Direction',(0.,-1.,-0.)) ;
#7759=DIRECTION('Axis2P3D XDirection',(0.,0.,-1.)) ;
#7763=DIRECTION('Vector Direction',(0.,-1.,0.)) ;
#7795=DIRECTION('Axis2P3D Direction',(0.,-1.,-0.)) ;
#7796=DIRECTION('Axis2P3D XDirection',(0.,0.,-1.)) ;
#7800=DIRECTION('Vector Direction',(0.,-1.,0.)) ;
#7832=DIRECTION('Axis2P3D Direction',(0.,-1.,-0.)) ;
#7833=DIRECTION('Axis2P3D XDirection',(0.,0.,-1.)) ;
#7837=DIRECTION('Vector Direction',(0.,-1.,0.)) ;
#7869=DIRECTION('Axis2P3D Direction',(0.,-1.,-0.)) ;
#7870=DIRECTION('Axis2P3D XDirection',(0.,0.,-1.)) ;
#7874=DIRECTION('Vector Direction',(0.,-1.,0.)) ;
#7906=DIRECTION('Axis2P3D Direction',(0.,-1.,-0.)) ;
#7907=DIRECTION('Axis2P3D XDirection',(0.,0.,-1.)) ;
#7911=DIRECTION('Vector Direction',(0.,-1.,0.)) ;
#7943=DIRECTION('Axis2P3D Direction',(0.,-1.,-0.)) ;
#7944=DIRECTION('Axis2P3D XDirection',(0.,0.,-1.)) ;
#7948=DIRECTION('Vector Direction',(0.,-1.,0.)) ;
#7980=DIRECTION('Axis2P3D Direction',(0.,-1.,-0.)) ;
#7981=DIRECTION('Axis2P3D XDirection',(0.,0.,-1.)) ;
#7985=DIRECTION('Vector Direction',(0.,-1.,0.)) ;
#8017=DIRECTION('Axis2P3D Direction',(0.,-1.,-0.)) ;
#8018=DIRECTION('Axis2P3D XDirection',(0.,0.,-1.)) ;
#8022=DIRECTION('Vector Direction',(0.,-1.,0.)) ;
#8054=DIRECTION('Axis2P3D Direction',(0.,-1.,-0.)) ;
#8055=DIRECTION('Axis2P3D XDirection',(0.,0.,-1.)) ;
#8059=DIRECTION('Vector Direction',(0.,-1.,0.)) ;
#8091=DIRECTION('Axis2P3D Direction',(0.,-1.,-0.)) ;
#8092=DIRECTION('Axis2P3D XDirection',(0.,0.,-1.)) ;
#8096=DIRECTION('Vector Direction',(0.,-1.,0.)) ;
#8108=DIRECTION('Axis2P3D Direction',(0.,-1.,-0.)) ;
#8109=DIRECTION('Axis2P3D XDirection',(1.22460635382E-016,-0.,1.)) ;
#8113=DIRECTION('Vector Direction',(0.,-1.,0.)) ;
#8145=DIRECTION('Axis2P3D Direction',(0.,-1.,-0.)) ;
#8146=DIRECTION('Axis2P3D XDirection',(1.22460635382E-016,-0.,1.)) ;
#8150=DIRECTION('Vector Direction',(0.,-1.,0.)) ;
#8178=DIRECTION('Axis2P3D Direction',(0.,-1.,-0.)) ;
#8179=DIRECTION('Axis2P3D XDirection',(1.22460635382E-016,-0.,1.)) ;
#8183=DIRECTION('Vector Direction',(0.,-1.,0.)) ;
#8188=DIRECTION('Vector Direction',(0.,-1.,0.)) ;
#8200=DIRECTION('Axis2P3D Direction',(0.,-1.,-0.)) ;
#8201=DIRECTION('Axis2P3D XDirection',(0.,0.,-1.)) ;
#8223=DIRECTION('NONE',(1.,0.,0.)) ;
#8224=DIRECTION('NONE',(0.,0.,1.)) ;
#8225=DIRECTION('NONE',(0.984775235884,0.,0.173832490606)) ;
#8226=DIRECTION('NONE',(-0.173832490606,0.,0.984775235884)) ;
#8239=DIRECTION('Axis2P3D Direction',(0.,-1.,-0.)) ;
#8240=DIRECTION('Axis2P3D XDirection',(1.22460635382E-016,-0.,1.)) ;
#8244=DIRECTION('Axis2P3D Direction',(0.,-1.,-0.)) ;
#8253=DIRECTION('Vector Direction',(0.,-1.,0.)) ;
#8260=DIRECTION('Axis2P3D Direction',(0.,-1.,-0.)) ;
#8267=DIRECTION('Vector Direction',(0.,-1.,0.)) ;
#8279=DIRECTION('Axis2P3D Direction',(0.,-1.,0.)) ;
#8280=DIRECTION('Axis2P3D XDirection',(0.,-0.,-1.)) ;
#8284=DIRECTION('Axis2P3D Direction',(0.,-1.,0.)) ;
#8338=DIRECTION('Vector Direction',(-0.989373778569,0.,0.145394381872)) ;
#8345=DIRECTION('Axis2P3D Direction',(0.,-1.,0.)) ;
#8352=DIRECTION('Axis2P3D Direction',(0.,-1.,0.)) ;
#8910=DIRECTION('Axis2P3D Direction',(0.,-1.,0.)) ;
#8917=DIRECTION('Vector Direction',(0.989373778566,0.,-0.145394381891)) ;
#9170=DIRECTION('Axis2P3D Direction',(0.,-1.,-0.)) ;
#9171=DIRECTION('Axis2P3D XDirection',(0.,0.,-1.)) ;
#9175=DIRECTION('Axis2P3D Direction',(0.,-1.,-0.)) ;
#9187=DIRECTION('Axis2P3D Direction',(0.,-1.,0.)) ;
#9188=DIRECTION('Axis2P3D XDirection',(0.,-0.,-1.)) ;
#9192=DIRECTION('Axis2P3D Direction',(0.,-1.,0.)) ;
#9201=DIRECTION('Vector Direction',(0.989373778566,0.,-0.145394381891)) ;
#9208=DIRECTION('Axis2P3D Direction',(0.,-1.,0.)) ;
#9766=DIRECTION('Axis2P3D Direction',(0.,-1.,0.)) ;
#9773=DIRECTION('Axis2P3D Direction',(0.,-1.,0.)) ;
#9780=DIRECTION('Vector Direction',(-0.989373778569,0.,0.145394381872)) ;
#10055=DIRECTION('Axis2P3D Direction',(0.,-1.,-0.)) ;
#10056=DIRECTION('Axis2P3D XDirection',(1.22460635382E-016,-0.,1.)) ;
#10060=DIRECTION('Vector Direction',(0.,-1.,0.)) ;
#10065=DIRECTION('Vector Direction',(0.,-1.,0.)) ;
#10077=DIRECTION('Axis2P3D Direction',(0.,-1.,-0.)) ;
#10078=DIRECTION('Axis2P3D XDirection',(0.,0.,-1.)) ;
#10082=DIRECTION('Vector Direction',(0.,-1.,0.)) ;
#10094=DIRECTION('Axis2P3D Direction',(0.,-1.,-0.)) ;
#10095=DIRECTION('Axis2P3D XDirection',(0.,0.,-1.)) ;
#10099=DIRECTION('Vector Direction',(0.,-1.,0.)) ;
#10111=DIRECTION('Axis2P3D Direction',(0.,-1.,-0.)) ;
#10112=DIRECTION('Axis2P3D XDirection',(1.22460635382E-016,-0.,1.)) ;
#10116=DIRECTION('Vector Direction',(0.,-1.,0.)) ;
#10128=DIRECTION('Axis2P3D Direction',(0.145394381858,-0.,0.989373778571)) ;
#10129=DIRECTION('Axis2P3D XDirection',(0.989373778571,0.,-0.145394381858)) ;
#10133=DIRECTION('Vector Direction',(0.,-1.,0.)) ;
#10145=DIRECTION('Axis2P3D Direction',(0.,-1.,-0.)) ;
#10146=DIRECTION('Axis2P3D XDirection',(0.,0.,-1.)) ;
#10150=DIRECTION('Vector Direction',(0.,-1.,0.)) ;
#10162=DIRECTION('Axis2P3D Direction',(0.,-1.,-0.)) ;
#10163=DIRECTION('Axis2P3D XDirection',(1.22460635382E-016,-0.,1.)) ;
#10167=DIRECTION('Vector Direction',(0.,-1.,0.)) ;
#10179=DIRECTION('Axis2P3D Direction',(0.,-1.,-0.)) ;
#10180=DIRECTION('Axis2P3D XDirection',(0.,0.,-1.)) ;
#10184=DIRECTION('Vector Direction',(0.,-1.,0.)) ;
#11052=DIRECTION('Axis2P3D Direction',(0.,-1.,-0.)) ;
#11053=DIRECTION('Axis2P3D XDirection',(1.22460635382E-016,-0.,1.)) ;
#11057=DIRECTION('Vector Direction',(0.,-1.,0.)) ;
#11069=DIRECTION('Axis2P3D Direction',(0.,-1.,-0.)) ;
#11070=DIRECTION('Axis2P3D XDirection',(0.,0.,-1.)) ;
#11074=DIRECTION('Vector Direction',(0.,-1.,0.)) ;
#11086=DIRECTION('Axis2P3D Direction',(0.,-1.,-0.)) ;
#11087=DIRECTION('Axis2P3D XDirection',(1.22460635382E-016,-0.,1.)) ;
#11091=DIRECTION('Vector Direction',(0.,-1.,0.)) ;
#11103=DIRECTION('Axis2P3D Direction',(-0.145394381858,0.,-0.989373778571)) ;
#11104=DIRECTION('Axis2P3D XDirection',(-0.989373778571,0.,0.145394381858)) ;
#11115=DIRECTION('Axis2P3D Direction',(0.,-1.,-0.)) ;
#11116=DIRECTION('Axis2P3D XDirection',(1.22460635382E-016,-0.,1.)) ;
#11120=DIRECTION('Vector Direction',(0.,-1.,0.)) ;
#11125=DIRECTION('Vector Direction',(0.,-1.,0.)) ;
#11137=DIRECTION('Axis2P3D Direction',(0.,-1.,-0.)) ;
#11138=DIRECTION('Axis2P3D XDirection',(0.,0.,-1.)) ;
#11149=DIRECTION('Axis2P3D Direction',(0.,-1.,-0.)) ;
#11150=DIRECTION('Axis2P3D XDirection',(1.22460635382E-016,-0.,1.)) ;
#11154=DIRECTION('Vector Direction',(0.,-1.,0.)) ;
#11159=DIRECTION('Vector Direction',(0.,-1.,0.)) ;
#11171=DIRECTION('Axis2P3D Direction',(0.,-1.,-0.)) ;
#11172=DIRECTION('Axis2P3D XDirection',(0.,0.,-1.)) ;
#11183=DIRECTION('Axis2P3D Direction',(0.,-1.,-0.)) ;
#11184=DIRECTION('Axis2P3D XDirection',(1.22460635382E-016,-0.,1.)) ;
#11188=DIRECTION('Vector Direction',(0.,-1.,0.)) ;
#11193=DIRECTION('Vector Direction',(0.,-1.,0.)) ;
#11205=DIRECTION('Axis2P3D Direction',(0.,-1.,-0.)) ;
#11206=DIRECTION('Axis2P3D XDirection',(0.,0.,-1.)) ;
#11228=DIRECTION('NONE',(1.,0.,0.)) ;
#11229=DIRECTION('NONE',(0.,0.,1.)) ;
#11230=DIRECTION('NONE',(-0.561841297044,0.,-0.827245040442)) ;
#11231=DIRECTION('NONE',(-0.827245040442,0.,0.561841297044)) ;
#11243=DIRECTION('NONE',(1.,0.,0.)) ;
#11244=DIRECTION('NONE',(0.,0.,1.)) ;
#11245=DIRECTION('NONE',(0.999655551441,0.,-0.026244589394)) ;
#11246=DIRECTION('NONE',(0.026244589394,0.,0.999655551441)) ;
#11259=DIRECTION('Axis2P3D Direction',(0.,-1.,-0.)) ;
#11260=DIRECTION('Axis2P3D XDirection',(1.22460635382E-016,-0.,1.)) ;
#11264=DIRECTION('Axis2P3D Direction',(0.,-1.,-0.)) ;
#11273=DIRECTION('Vector Direction',(0.,-1.,0.)) ;
#11280=DIRECTION('Axis2P3D Direction',(0.,-1.,-0.)) ;
#11287=DIRECTION('Vector Direction',(0.,-1.,0.)) ;
#11299=DIRECTION('Axis2P3D Direction',(0.,-1.,0.)) ;
#11300=DIRECTION('Axis2P3D XDirection',(0.,-0.,-1.)) ;
#11304=DIRECTION('Axis2P3D Direction',(0.,-1.,0.)) ;
#11313=DIRECTION('Vector Direction',(0.928874213192,0.,-0.370395324035)) ;
#11320=DIRECTION('Axis2P3D Direction',(0.,-1.,0.)) ;
#11327=DIRECTION('Axis2P3D Direction',(0.,-1.,0.)) ;
#11334=DIRECTION('Vector Direction',(0.925474403261,0.,0.378810148898)) ;
#11341=DIRECTION('Vector Direction',(0.777249081498,0.,0.629193027067)) ;
#11348=DIRECTION('Vector Direction',(0.629193027453,0.,-0.777249081186)) ;
#11355=DIRECTION('Vector Direction',(0.777249081186,0.,0.629193027453)) ;
#11362=DIRECTION('Vector Direction',(0.62919302793,0.,-0.7772490808)) ;
#11369=DIRECTION('Vector Direction',(0.777249081186,0.,0.629193027453)) ;
#11376=DIRECTION('Vector Direction',(0.629193027067,0.,-0.777249081498)) ;
#11383=DIRECTION('Vector Direction',(0.777249081113,0.,0.629193027544)) ;
#11390=DIRECTION('Vector Direction',(0.629193027067,0.,-0.777249081498)) ;
#11397=DIRECTION('Vector Direction',(0.777249081498,0.,0.629193027067)) ;
#11404=DIRECTION('Vector Direction',(0.629193027453,0.,-0.777249081186)) ;
#11411=DIRECTION('Vector Direction',(-0.380263412794,0.,-0.924878228142)) ;
#11431=DIRECTION('Vector Direction',(-0.910033634639,0.,-0.414534418143)) ;
#11458=DIRECTION('Vector Direction',(-0.924878228159,0.,0.380263412751)) ;
#11465=DIRECTION('Axis2P3D Direction',(0.,-1.,0.)) ;
#11472=DIRECTION('Vector Direction',(-1.,0.,0.)) ;
#11507=DIRECTION('Vector Direction',(1.,0.,0.)) ;
#11527=DIRECTION('Vector Direction',(0.561072489122,0.,-0.827766671201)) ;
#11643=DIRECTION('Axis2P3D Direction',(0.,-1.,-0.)) ;
#11644=DIRECTION('Axis2P3D XDirection',(0.,0.,-1.)) ;
#11648=DIRECTION('Axis2P3D Direction',(0.,-1.,-0.)) ;
#11660=DIRECTION('Axis2P3D Direction',(0.,-1.,0.)) ;
#11661=DIRECTION('Axis2P3D XDirection',(0.,-0.,-1.)) ;
#11665=DIRECTION('Axis2P3D Direction',(0.,-1.,0.)) ;
#11674=DIRECTION('Vector Direction',(0.561072489122,0.,-0.827766671201)) ;
#11694=DIRECTION('Vector Direction',(1.,0.,0.)) ;
#11729=DIRECTION('Vector Direction',(-1.,0.,0.)) ;
#11736=DIRECTION('Axis2P3D Direction',(0.,-1.,0.)) ;
#11743=DIRECTION('Vector Direction',(-0.924878228159,0.,0.380263412751)) ;
#11770=DIRECTION('Vector Direction',(-0.910033634639,0.,-0.414534418143)) ;
#11790=DIRECTION('Vector Direction',(-0.380263412794,0.,-0.924878228142)) ;
#11797=DIRECTION('Vector Direction',(0.629193027453,0.,-0.777249081186)) ;
#11804=DIRECTION('Vector Direction',(0.777249081498,0.,0.629193027067)) ;
#11811=DIRECTION('Vector Direction',(0.629193027067,0.,-0.777249081498)) ;
#11818=DIRECTION('Vector Direction',(0.777249081113,0.,0.629193027544)) ;
#11825=DIRECTION('Vector Direction',(0.629193027067,0.,-0.777249081498)) ;
#11832=DIRECTION('Vector Direction',(0.777249081186,0.,0.629193027453)) ;
#11839=DIRECTION('Vector Direction',(0.62919302793,0.,-0.7772490808)) ;
#11846=DIRECTION('Vector Direction',(0.777249081186,0.,0.629193027453)) ;
#11853=DIRECTION('Vector Direction',(0.629193027453,0.,-0.777249081186)) ;
#11860=DIRECTION('Vector Direction',(0.777249081498,0.,0.629193027067)) ;
#11867=DIRECTION('Vector Direction',(0.925474403261,0.,0.378810148898)) ;
#11874=DIRECTION('Axis2P3D Direction',(0.,-1.,0.)) ;
#11881=DIRECTION('Axis2P3D Direction',(0.,-1.,0.)) ;
#11888=DIRECTION('Vector Direction',(0.928874213192,0.,-0.370395324035)) ;
#11981=DIRECTION('Axis2P3D Direction',(0.,-1.,-0.)) ;
#11982=DIRECTION('Axis2P3D XDirection',(1.22460635382E-016,-0.,1.)) ;
#11986=DIRECTION('Vector Direction',(0.,-1.,0.)) ;
#11991=DIRECTION('Vector Direction',(0.,-1.,0.)) ;
#12003=DIRECTION('Axis2P3D Direction',(-0.370395324019,0.,-0.928874213199)) ;
#12004=DIRECTION('Axis2P3D XDirection',(-0.928874213199,0.,0.370395324019)) ;
#12008=DIRECTION('Vector Direction',(0.,-1.,0.)) ;
#12020=DIRECTION('Axis2P3D Direction',(0.,-1.,-0.)) ;
#12021=DIRECTION('Axis2P3D XDirection',(1.22460635382E-016,-0.,1.)) ;
#12025=DIRECTION('Vector Direction',(0.,-1.,0.)) ;
#12037=DIRECTION('Axis2P3D Direction',(0.,-1.,-0.)) ;
#12038=DIRECTION('Axis2P3D XDirection',(0.,0.,-1.)) ;
#12042=DIRECTION('Vector Direction',(0.,-1.,0.)) ;
#12054=DIRECTION('Axis2P3D Direction',(0.378810148876,0.,-0.92547440327)) ;
#12055=DIRECTION('Axis2P3D XDirection',(-0.92547440327,0.,-0.378810148876)) ;
#12059=DIRECTION('Vector Direction',(0.,-1.,0.)) ;
#12071=DIRECTION('Axis2P3D Direction',(0.629193027368,0.,-0.777249081255)) ;
#12072=DIRECTION('Axis2P3D XDirection',(-0.777249081255,0.,-0.629193027368)) ;
#12076=DIRECTION('Vector Direction',(0.,-1.,0.)) ;
#12088=DIRECTION('Axis2P3D Direction',(-0.777249081255,0.,-0.629193027368)) ;
#12089=DIRECTION('Axis2P3D XDirection',(-0.629193027368,0.,0.777249081255)) ;
#12093=DIRECTION('Vector Direction',(0.,-1.,0.)) ;
#12105=DIRECTION('Axis2P3D Direction',(0.629193027368,0.,-0.777249081255)) ;
#12106=DIRECTION('Axis2P3D XDirection',(-0.777249081255,0.,-0.629193027368)) ;
#12110=DIRECTION('Vector Direction',(0.,-1.,0.)) ;
#12122=DIRECTION('Axis2P3D Direction',(-0.777249081255,0.,-0.629193027368)) ;
#12123=DIRECTION('Axis2P3D XDirection',(-0.629193027368,0.,0.777249081255)) ;
#12127=DIRECTION('Vector Direction',(0.,-1.,0.)) ;
#12139=DIRECTION('Axis2P3D Direction',(0.629193027368,0.,-0.777249081255)) ;
#12140=DIRECTION('Axis2P3D XDirection',(-0.777249081255,0.,-0.629193027368)) ;
#12144=DIRECTION('Vector Direction',(0.,-1.,0.)) ;
#12156=DIRECTION('Axis2P3D Direction',(-0.777249081255,0.,-0.629193027368)) ;
#12157=DIRECTION('Axis2P3D XDirection',(-0.629193027368,0.,0.777249081255)) ;
#12161=DIRECTION('Vector Direction',(0.,-1.,0.)) ;
#12173=DIRECTION('Axis2P3D Direction',(0.629193027368,0.,-0.777249081255)) ;
#12174=DIRECTION('Axis2P3D XDirection',(-0.777249081255,0.,-0.629193027368)) ;
#12178=DIRECTION('Vector Direction',(0.,-1.,0.)) ;
#12190=DIRECTION('Axis2P3D Direction',(-0.777249081255,0.,-0.629193027368)) ;
#12191=DIRECTION('Axis2P3D XDirection',(-0.629193027368,0.,0.777249081255)) ;
#12195=DIRECTION('Vector Direction',(0.,-1.,0.)) ;
#12207=DIRECTION('Axis2P3D Direction',(0.629193027368,0.,-0.777249081255)) ;
#12208=DIRECTION('Axis2P3D XDirection',(-0.777249081255,0.,-0.629193027368)) ;
#12212=DIRECTION('Vector Direction',(0.,-1.,0.)) ;
#12224=DIRECTION('Axis2P3D Direction',(-0.777249081255,0.,-0.629193027368)) ;
#12225=DIRECTION('Axis2P3D XDirection',(-0.629193027368,0.,0.777249081255)) ;
#12229=DIRECTION('Vector Direction',(0.,-1.,0.)) ;
#12241=DIRECTION('Axis2P3D Direction',(-0.924878228167,0.,0.380263412733)) ;
#12242=DIRECTION('Axis2P3D XDirection',(0.380263412733,0.,0.924878228167)) ;
#12246=DIRECTION('Vector Direction',(0.,-1.,0.)) ;
#12258=DIRECTION('Axis2P3D Direction',(0.,-1.,-0.)) ;
#12259=DIRECTION('Axis2P3D XDirection',(0.,0.,-1.)) ;
#12263=DIRECTION('Vector Direction',(0.,-1.,0.)) ;
#12275=DIRECTION('Axis2P3D Direction',(-0.414534418138,0.,0.910033634641)) ;
#12276=DIRECTION('Axis2P3D XDirection',(0.910033634641,0.,0.414534418138)) ;
#12280=DIRECTION('Vector Direction',(0.,-1.,0.)) ;
#12292=DIRECTION('Axis2P3D Direction',(0.,-1.,-0.)) ;
#12293=DIRECTION('Axis2P3D XDirection',(0.,0.,-1.)) ;
#12297=DIRECTION('Vector Direction',(0.,-1.,0.)) ;
#12309=DIRECTION('Axis2P3D Direction',(0.,-1.,-0.)) ;
#12310=DIRECTION('Axis2P3D XDirection',(1.22460635382E-016,-0.,1.)) ;
#12314=DIRECTION('Vector Direction',(0.,-1.,0.)) ;
#12326=DIRECTION('Axis2P3D Direction',(0.380263412733,-0.,0.924878228167)) ;
#12327=DIRECTION('Axis2P3D XDirection',(0.924878228167,0.,-0.380263412733)) ;
#12331=DIRECTION('Vector Direction',(0.,-1.,0.)) ;
#12343=DIRECTION('Axis2P3D Direction',(0.,-1.,-0.)) ;
#12344=DIRECTION('Axis2P3D XDirection',(0.,0.,-1.)) ;
#12348=DIRECTION('Vector Direction',(0.,-1.,0.)) ;
#12360=DIRECTION('Axis2P3D Direction',(0.,0.,1.)) ;
#12361=DIRECTION('Axis2P3D XDirection',(1.,0.,-0.)) ;
#12365=DIRECTION('Vector Direction',(0.,-1.,0.)) ;
#12377=DIRECTION('Axis2P3D Direction',(0.,-1.,-0.)) ;
#12378=DIRECTION('Axis2P3D XDirection',(1.22460635382E-016,-0.,1.)) ;
#12382=DIRECTION('Vector Direction',(0.,-1.,0.)) ;
#12394=DIRECTION('Axis2P3D Direction',(0.,0.,-1.)) ;
#12395=DIRECTION('Axis2P3D XDirection',(-1.,0.,-0.)) ;
#12399=DIRECTION('Vector Direction',(0.,-1.,0.)) ;
#12411=DIRECTION('Axis2P3D Direction',(0.,-1.,-0.)) ;
#12412=DIRECTION('Axis2P3D XDirection',(0.,0.,-1.)) ;
#12416=DIRECTION('Vector Direction',(0.,-1.,0.)) ;
#12428=DIRECTION('Axis2P3D Direction',(-0.827766671236,0.,-0.56107248907)) ;
#12429=DIRECTION('Axis2P3D XDirection',(-0.56107248907,0.,0.827766671236)) ;
#12440=DIRECTION('Axis2P3D Direction',(0.,-1.,-0.)) ;
#12441=DIRECTION('Axis2P3D XDirection',(1.22460635382E-016,-0.,1.)) ;
#12445=DIRECTION('Vector Direction',(0.,-1.,0.)) ;
#12450=DIRECTION('Vector Direction',(0.,-1.,0.)) ;
#12462=DIRECTION('Axis2P3D Direction',(0.,-1.,-0.)) ;
#12463=DIRECTION('Axis2P3D XDirection',(0.,0.,-1.)) ;
#12485=DIRECTION('NONE',(1.,0.,0.)) ;
#12486=DIRECTION('NONE',(0.,0.,1.)) ;
#12487=DIRECTION('NONE',(0.3238124643,0.,-0.946121286075)) ;
#12488=DIRECTION('NONE',(0.946121286075,0.,0.3238124643)) ;
#12500=DIRECTION('NONE',(1.,0.,0.)) ;
#12501=DIRECTION('NONE',(0.,0.,1.)) ;
#12502=DIRECTION('NONE',(-0.404405480886,0.,-0.914579798065)) ;
#12503=DIRECTION('NONE',(-0.914579798065,0.,0.404405480886)) ;
#12515=DIRECTION('NONE',(1.,0.,0.)) ;
#12516=DIRECTION('NONE',(0.,0.,1.)) ;
#12517=DIRECTION('NONE',(-0.404405480886,0.,-0.914579798065)) ;
#12518=DIRECTION('NONE',(-0.914579798065,0.,0.404405480886)) ;
#12530=DIRECTION('NONE',(1.,0.,0.)) ;
#12531=DIRECTION('NONE',(0.,0.,1.)) ;
#12532=DIRECTION('NONE',(0.3238124643,0.,-0.946121286075)) ;
#12533=DIRECTION('NONE',(0.946121286075,0.,0.3238124643)) ;
#12545=DIRECTION('NONE',(1.,0.,0.)) ;
#12546=DIRECTION('NONE',(0.,0.,1.)) ;
#12547=DIRECTION('NONE',(0.026244589394,0.,0.999655551441)) ;
#12548=DIRECTION('NONE',(-0.999655551441,0.,0.026244589394)) ;
#12560=DIRECTION('NONE',(1.,0.,0.)) ;
#12561=DIRECTION('NONE',(0.,0.,1.)) ;
#12562=DIRECTION('NONE',(1.,0.,0.)) ;
#12563=DIRECTION('NONE',(0.,0.,1.)) ;
#12575=DIRECTION('NONE',(1.,0.,0.)) ;
#12576=DIRECTION('NONE',(0.,0.,1.)) ;
#12577=DIRECTION('NONE',(-0.468755385833,0.,-0.883328018492)) ;
#12578=DIRECTION('NONE',(0.883328018492,0.,-0.468755385833)) ;
#12590=DIRECTION('NONE',(1.,0.,0.)) ;
#12591=DIRECTION('NONE',(0.,0.,1.)) ;
#12592=DIRECTION('NONE',(0.98477523589,0.,0.173832490572)) ;
#12593=DIRECTION('NONE',(-0.173832490572,0.,0.98477523589)) ;
#12605=DIRECTION('NONE',(1.,0.,0.)) ;
#12606=DIRECTION('NONE',(0.,0.,1.)) ;
#12607=DIRECTION('NONE',(0.433135122918,0.,0.901328999475)) ;
#12608=DIRECTION('NONE',(-0.901328999475,0.,0.433135122918)) ;
#12620=DIRECTION('NONE',(1.,0.,0.)) ;
#12621=DIRECTION('NONE',(0.,0.,1.)) ;
#12622=DIRECTION('NONE',(0.981501292026,0.,0.191455513763)) ;
#12623=DIRECTION('NONE',(-0.191455513763,0.,0.981501292026)) ;
#12636=DIRECTION('Axis2P3D Direction',(0.,1.,-0.)) ;
#12637=DIRECTION('Axis2P3D XDirection',(0.,0.,1.)) ;
#12656=DIRECTION('Axis2P3D Direction',(0.,1.,-0.)) ;
#12663=DIRECTION('Axis2P3D Direction',(0.,1.,-0.)) ;
#12683=DIRECTION('Axis2P3D Direction',(0.,1.,-0.)) ;
#12703=DIRECTION('Axis2P3D Direction',(0.,1.,-0.)) ;
#12723=DIRECTION('Axis2P3D Direction',(0.,1.,-0.)) ;
#12743=DIRECTION('Axis2P3D Direction',(0.,1.,-0.)) ;
#12763=DIRECTION('Axis2P3D Direction',(0.,1.,-0.)) ;
#12783=DIRECTION('Axis2P3D Direction',(0.,1.,-0.)) ;
#12803=DIRECTION('Axis2P3D Direction',(0.,1.,-0.)) ;
#12823=DIRECTION('Axis2P3D Direction',(0.,1.,-0.)) ;
#12843=DIRECTION('Axis2P3D Direction',(0.,1.,-0.)) ;
#12863=DIRECTION('Axis2P3D Direction',(0.,1.,-0.)) ;
#12883=DIRECTION('Axis2P3D Direction',(0.,1.,-0.)) ;
#12903=DIRECTION('Axis2P3D Direction',(0.,1.,-0.)) ;
#12923=DIRECTION('Axis2P3D Direction',(0.,1.,-0.)) ;
#12930=DIRECTION('Axis2P3D Direction',(0.,1.,-0.)) ;
#12950=DIRECTION('Axis2P3D Direction',(0.,1.,-0.)) ;
#12970=DIRECTION('Axis2P3D Direction',(0.,1.,-0.)) ;
#12990=DIRECTION('Axis2P3D Direction',(0.,1.,-0.)) ;
#13010=DIRECTION('Axis2P3D Direction',(0.,1.,-0.)) ;
#13030=DIRECTION('Axis2P3D Direction',(0.,1.,-0.)) ;
#13050=DIRECTION('Axis2P3D Direction',(0.,1.,-0.)) ;
#13070=DIRECTION('Axis2P3D Direction',(0.,1.,-0.)) ;
#13090=DIRECTION('Axis2P3D Direction',(0.,1.,-0.)) ;
#13110=DIRECTION('Axis2P3D Direction',(0.,1.,-0.)) ;
#13130=DIRECTION('Axis2P3D Direction',(0.,1.,-0.)) ;
#13150=DIRECTION('Axis2P3D Direction',(0.,1.,-0.)) ;
#13170=DIRECTION('Axis2P3D Direction',(0.,1.,-0.)) ;
#13231=DIRECTION('Axis2P3D Direction',(0.,1.,-0.)) ;
#13240=DIRECTION('Axis2P3D Direction',(0.,1.,-0.)) ;
#13285=DIRECTION('Axis2P3D Direction',(0.,-1.,-0.)) ;
#13286=DIRECTION('Axis2P3D XDirection',(0.,0.,-1.)) ;
#13290=DIRECTION('Vector Direction',(0.,-1.,0.)) ;
#13297=DIRECTION('Axis2P3D Direction',(0.,-1.,-0.)) ;
#13309=DIRECTION('Axis2P3D Direction',(0.,-1.,-0.)) ;
#13310=DIRECTION('Axis2P3D XDirection',(1.22460635382E-016,-0.,1.)) ;
#13314=DIRECTION('Vector Direction',(0.,-1.,0.)) ;
#13321=DIRECTION('Axis2P3D Direction',(0.,-1.,-0.)) ;
#13362=DIRECTION('Axis2P3D Direction',(0.,-1.,-0.)) ;
#13363=DIRECTION('Axis2P3D XDirection',(1.22460635382E-016,-0.,1.)) ;
#13367=DIRECTION('Vector Direction',(0.,-1.,0.)) ;
#13374=DIRECTION('Axis2P3D Direction',(0.,-1.,-0.)) ;
#13415=DIRECTION('Axis2P3D Direction',(0.,-1.,-0.)) ;
#13416=DIRECTION('Axis2P3D XDirection',(1.22460635382E-016,-0.,1.)) ;
#13420=DIRECTION('Vector Direction',(0.,-1.,0.)) ;
#13427=DIRECTION('Axis2P3D Direction',(0.,-1.,-0.)) ;
#13468=DIRECTION('Axis2P3D Direction',(0.,-1.,-0.)) ;
#13469=DIRECTION('Axis2P3D XDirection',(1.22460635382E-016,-0.,1.)) ;
#13473=DIRECTION('Vector Direction',(0.,-1.,0.)) ;
#13480=DIRECTION('Axis2P3D Direction',(0.,-1.,-0.)) ;
#13521=DIRECTION('Axis2P3D Direction',(0.,-1.,-0.)) ;
#13522=DIRECTION('Axis2P3D XDirection',(1.22460635382E-016,-0.,1.)) ;
#13526=DIRECTION('Vector Direction',(0.,-1.,0.)) ;
#13533=DIRECTION('Axis2P3D Direction',(0.,-1.,-0.)) ;
#13574=DIRECTION('Axis2P3D Direction',(0.,-1.,-0.)) ;
#13575=DIRECTION('Axis2P3D XDirection',(1.22460635382E-016,-0.,1.)) ;
#13579=DIRECTION('Vector Direction',(0.,-1.,0.)) ;
#13586=DIRECTION('Axis2P3D Direction',(0.,-1.,-0.)) ;
#13627=DIRECTION('Axis2P3D Direction',(0.,-1.,-0.)) ;
#13628=DIRECTION('Axis2P3D XDirection',(1.22460635382E-016,-0.,1.)) ;
#13632=DIRECTION('Vector Direction',(0.,-1.,0.)) ;
#13639=DIRECTION('Axis2P3D Direction',(0.,-1.,-0.)) ;
#13680=DIRECTION('Axis2P3D Direction',(0.,-1.,-0.)) ;
#13681=DIRECTION('Axis2P3D XDirection',(1.22460635382E-016,-0.,1.)) ;
#13685=DIRECTION('Vector Direction',(0.,-1.,0.)) ;
#13692=DIRECTION('Axis2P3D Direction',(0.,-1.,-0.)) ;
#13733=DIRECTION('Axis2P3D Direction',(0.,-1.,-0.)) ;
#13734=DIRECTION('Axis2P3D XDirection',(5.66549845232E-016,-0.,1.)) ;
#13738=DIRECTION('Vector Direction',(0.,-1.,0.)) ;
#13745=DIRECTION('Axis2P3D Direction',(0.,-1.,-0.)) ;
#13786=DIRECTION('Axis2P3D Direction',(0.,-1.,-0.)) ;
#13787=DIRECTION('Axis2P3D XDirection',(1.22460635382E-016,-0.,1.)) ;
#13791=DIRECTION('Vector Direction',(0.,-1.,0.)) ;
#13798=DIRECTION('Axis2P3D Direction',(0.,-1.,-0.)) ;
#13839=DIRECTION('Axis2P3D Direction',(0.,-1.,-0.)) ;
#13840=DIRECTION('Axis2P3D XDirection',(5.66549845232E-016,-0.,1.)) ;
#13844=DIRECTION('Vector Direction',(0.,-1.,0.)) ;
#13851=DIRECTION('Axis2P3D Direction',(0.,-1.,-0.)) ;
#13892=DIRECTION('Axis2P3D Direction',(0.,-1.,-0.)) ;
#13893=DIRECTION('Axis2P3D XDirection',(1.22460635382E-016,-0.,1.)) ;
#13897=DIRECTION('Vector Direction',(0.,-1.,0.)) ;
#13904=DIRECTION('Axis2P3D Direction',(0.,-1.,-0.)) ;
#13945=DIRECTION('Axis2P3D Direction',(0.,-1.,-0.)) ;
#13946=DIRECTION('Axis2P3D XDirection',(1.22460635382E-016,-0.,1.)) ;
#13950=DIRECTION('Vector Direction',(0.,-1.,0.)) ;
#13957=DIRECTION('Axis2P3D Direction',(0.,-1.,-0.)) ;
#13998=DIRECTION('Axis2P3D Direction',(0.,-1.,-0.)) ;
#13999=DIRECTION('Axis2P3D XDirection',(1.22460635382E-016,-0.,1.)) ;
#14003=DIRECTION('Vector Direction',(0.,-1.,0.)) ;
#14010=DIRECTION('Axis2P3D Direction',(0.,-1.,-0.)) ;
#14022=DIRECTION('Axis2P3D Direction',(0.,-1.,-0.)) ;
#14023=DIRECTION('Axis2P3D XDirection',(0.,0.,-1.)) ;
#14027=DIRECTION('Vector Direction',(0.,-1.,0.)) ;
#14034=DIRECTION('Axis2P3D Direction',(0.,-1.,-0.)) ;
#14075=DIRECTION('Axis2P3D Direction',(0.,-1.,-0.)) ;
#14076=DIRECTION('Axis2P3D XDirection',(0.,0.,-1.)) ;
#14080=DIRECTION('Vector Direction',(0.,-1.,0.)) ;
#14087=DIRECTION('Axis2P3D Direction',(0.,-1.,-0.)) ;
#14128=DIRECTION('Axis2P3D Direction',(0.,-1.,-0.)) ;
#14129=DIRECTION('Axis2P3D XDirection',(0.,0.,-1.)) ;
#14133=DIRECTION('Vector Direction',(0.,-1.,0.)) ;
#14140=DIRECTION('Axis2P3D Direction',(0.,-1.,-0.)) ;
#14181=DIRECTION('Axis2P3D Direction',(0.,-1.,-0.)) ;
#14182=DIRECTION('Axis2P3D XDirection',(0.,0.,-1.)) ;
#14186=DIRECTION('Vector Direction',(0.,-1.,0.)) ;
#14193=DIRECTION('Axis2P3D Direction',(0.,-1.,-0.)) ;
#14234=DIRECTION('Axis2P3D Direction',(0.,-1.,-0.)) ;
#14235=DIRECTION('Axis2P3D XDirection',(0.,0.,-1.)) ;
#14239=DIRECTION('Vector Direction',(0.,-1.,0.)) ;
#14246=DIRECTION('Axis2P3D Direction',(0.,-1.,-0.)) ;
#14287=DIRECTION('Axis2P3D Direction',(0.,-1.,-0.)) ;
#14288=DIRECTION('Axis2P3D XDirection',(0.,0.,-1.)) ;
#14292=DIRECTION('Vector Direction',(0.,-1.,0.)) ;
#14299=DIRECTION('Axis2P3D Direction',(0.,-1.,-0.)) ;
#14340=DIRECTION('Axis2P3D Direction',(0.,-1.,-0.)) ;
#14341=DIRECTION('Axis2P3D XDirection',(0.,0.,-1.)) ;
#14345=DIRECTION('Vector Direction',(0.,-1.,0.)) ;
#14352=DIRECTION('Axis2P3D Direction',(0.,-1.,-0.)) ;
#14393=DIRECTION('Axis2P3D Direction',(0.,-1.,-0.)) ;
#14394=DIRECTION('Axis2P3D XDirection',(0.,0.,-1.)) ;
#14398=DIRECTION('Vector Direction',(0.,-1.,0.)) ;
#14405=DIRECTION('Axis2P3D Direction',(0.,-1.,-0.)) ;
#14446=DIRECTION('Axis2P3D Direction',(0.,-1.,-0.)) ;
#14447=DIRECTION('Axis2P3D XDirection',(0.,0.,-1.)) ;
#14451=DIRECTION('Vector Direction',(0.,-1.,0.)) ;
#14458=DIRECTION('Axis2P3D Direction',(0.,-1.,-0.)) ;
#14499=DIRECTION('Axis2P3D Direction',(0.,-1.,-0.)) ;
#14500=DIRECTION('Axis2P3D XDirection',(0.,0.,-1.)) ;
#14504=DIRECTION('Vector Direction',(0.,-1.,0.)) ;
#14511=DIRECTION('Axis2P3D Direction',(0.,-1.,-0.)) ;
#14552=DIRECTION('Axis2P3D Direction',(0.,-1.,-0.)) ;
#14553=DIRECTION('Axis2P3D XDirection',(0.,0.,-1.)) ;
#14557=DIRECTION('Vector Direction',(0.,-1.,0.)) ;
#14564=DIRECTION('Axis2P3D Direction',(0.,-1.,-0.)) ;
#14605=DIRECTION('Axis2P3D Direction',(0.,-1.,-0.)) ;
#14606=DIRECTION('Axis2P3D XDirection',(0.,0.,-1.)) ;
#14610=DIRECTION('Vector Direction',(0.,-1.,0.)) ;
#14617=DIRECTION('Axis2P3D Direction',(0.,-1.,-0.)) ;
#14658=DIRECTION('Axis2P3D Direction',(0.,-1.,-0.)) ;
#14659=DIRECTION('Axis2P3D XDirection',(0.,0.,-1.)) ;
#14663=DIRECTION('Axis2P3D Direction',(0.,-1.,-0.)) ;
#14675=DIRECTION('Axis2P3D Direction',(0.,-1.,-0.)) ;
#14676=DIRECTION('Axis2P3D XDirection',(1.22460635382E-016,-0.,1.)) ;
#14680=DIRECTION('Axis2P3D Direction',(0.,-1.,-0.)) ;
#14689=DIRECTION('Vector Direction',(0.,-1.,0.)) ;
#14694=DIRECTION('Vector Direction',(0.,-1.,0.)) ;
#14706=DIRECTION('Axis2P3D Direction',(0.,-1.,-0.)) ;
#14707=DIRECTION('Axis2P3D XDirection',(0.,0.,-1.)) ;
#14711=DIRECTION('Axis2P3D Direction',(0.,-1.,-0.)) ;
#14723=DIRECTION('Axis2P3D Direction',(0.,-1.,0.)) ;
#14724=DIRECTION('Axis2P3D XDirection',(0.,0.,1.)) ;
#14800=DIRECTION('NONE',(1.,0.,0.)) ;
#14801=DIRECTION('NONE',(0.,0.,1.)) ;
#14802=DIRECTION('NONE',(1.,0.,0.)) ;
#14803=DIRECTION('NONE',(0.,0.,1.)) ;
#66=AXIS2_PLACEMENT_3D('Torus Axis2P3D',#63,#64,#65) ;
#70=AXIS2_PLACEMENT_3D('Circle Axis2P3D',#68,#69,$) ;
#79=AXIS2_PLACEMENT_3D('Circle Axis2P3D',#77,#78,$) ;
#86=AXIS2_PLACEMENT_3D('Circle Axis2P3D',#84,#85,$) ;
#93=AXIS2_PLACEMENT_3D('Circle Axis2P3D',#91,#92,$) ;
#106=AXIS2_PLACEMENT_3D('Plane Axis2P3D',#103,#104,#105) ;
#110=AXIS2_PLACEMENT_3D('Circle Axis2P3D',#108,#109,$) ;
#119=AXIS2_PLACEMENT_3D('Circle Axis2P3D',#117,#118,$) ;
#126=AXIS2_PLACEMENT_3D('Circle Axis2P3D',#124,#125,$) ;
#166=AXIS2_PLACEMENT_3D('Circle Axis2P3D',#164,#165,$) ;
#173=AXIS2_PLACEMENT_3D('Circle Axis2P3D',#171,#172,$) ;
#180=AXIS2_PLACEMENT_3D('Circle Axis2P3D',#178,#179,$) ;
#315=AXIS2_PLACEMENT_3D('Torus Axis2P3D',#312,#313,#314) ;
#319=AXIS2_PLACEMENT_3D('Circle Axis2P3D',#317,#318,$) ;
#332=AXIS2_PLACEMENT_3D('Cylinder Axis2P3D',#329,#330,#331) ;
#369=AXIS2_PLACEMENT_3D('Torus Axis2P3D',#366,#367,#368) ;
#373=AXIS2_PLACEMENT_3D('Circle Axis2P3D',#371,#372,$) ;
#382=AXIS2_PLACEMENT_3D('Circle Axis2P3D',#380,#381,$) ;
#387=AXIS2_PLACEMENT_3D('Circle Axis2P3D',#385,#386,$) ;
#400=AXIS2_PLACEMENT_3D('Torus Axis2P3D',#397,#398,#399) ;
#404=AXIS2_PLACEMENT_3D('Circle Axis2P3D',#402,#403,$) ;
#411=AXIS2_PLACEMENT_3D('Circle Axis2P3D',#409,#410,$) ;
#424=AXIS2_PLACEMENT_3D('Torus Axis2P3D',#421,#422,#423) ;
#428=AXIS2_PLACEMENT_3D('Circle Axis2P3D',#426,#427,$) ;
#435=AXIS2_PLACEMENT_3D('Circle Axis2P3D',#433,#434,$) ;
#448=AXIS2_PLACEMENT_3D('Torus Axis2P3D',#445,#446,#447) ;
#452=AXIS2_PLACEMENT_3D('Circle Axis2P3D',#450,#451,$) ;
#459=AXIS2_PLACEMENT_3D('Circle Axis2P3D',#457,#458,$) ;
#472=AXIS2_PLACEMENT_3D('Cylinder Axis2P3D',#469,#470,#471) ;
#476=AXIS2_PLACEMENT_3D('Circle Axis2P3D',#474,#475,$) ;
#496=AXIS2_PLACEMENT_3D('Torus Axis2P3D',#493,#494,#495) ;
#500=AXIS2_PLACEMENT_3D('Circle Axis2P3D',#498,#499,$) ;
#507=AXIS2_PLACEMENT_3D('Circle Axis2P3D',#505,#506,$) ;
#520=AXIS2_PLACEMENT_3D('Torus Axis2P3D',#517,#518,#519) ;
#524=AXIS2_PLACEMENT_3D('Circle Axis2P3D',#522,#523,$) ;
#531=AXIS2_PLACEMENT_3D('Circle Axis2P3D',#529,#530,$) ;
#544=AXIS2_PLACEMENT_3D('Torus Axis2P3D',#541,#542,#543) ;
#548=AXIS2_PLACEMENT_3D('Circle Axis2P3D',#546,#547,$) ;
#555=AXIS2_PLACEMENT_3D('Circle Axis2P3D',#553,#554,$) ;
#568=AXIS2_PLACEMENT_3D('Torus Axis2P3D',#565,#566,#567) ;
#572=AXIS2_PLACEMENT_3D('Circle Axis2P3D',#570,#571,$) ;
#579=AXIS2_PLACEMENT_3D('Circle Axis2P3D',#577,#578,$) ;
#592=AXIS2_PLACEMENT_3D('Torus Axis2P3D',#589,#590,#591) ;
#596=AXIS2_PLACEMENT_3D('Circle Axis2P3D',#594,#595,$) ;
#603=AXIS2_PLACEMENT_3D('Circle Axis2P3D',#601,#602,$) ;
#616=AXIS2_PLACEMENT_3D('Cylinder Axis2P3D',#613,#614,#615) ;
#627=AXIS2_PLACEMENT_3D('Circle Axis2P3D',#625,#626,$) ;
#640=AXIS2_PLACEMENT_3D('Torus Axis2P3D',#637,#638,#639) ;
#644=AXIS2_PLACEMENT_3D('Circle Axis2P3D',#642,#643,$) ;
#657=AXIS2_PLACEMENT_3D('Torus Axis2P3D',#654,#655,#656) ;
#661=AXIS2_PLACEMENT_3D('Circle Axis2P3D',#659,#660,$) ;
#668=AXIS2_PLACEMENT_3D('Circle Axis2P3D',#666,#667,$) ;
#675=AXIS2_PLACEMENT_3D('Circle Axis2P3D',#673,#674,$) ;
#688=AXIS2_PLACEMENT_3D('Torus Axis2P3D',#685,#686,#687) ;
#692=AXIS2_PLACEMENT_3D('Circle Axis2P3D',#690,#691,$) ;
#705=AXIS2_PLACEMENT_3D('Cylinder Axis2P3D',#702,#703,#704) ;
#728=AXIS2_PLACEMENT_3D('Torus Axis2P3D',#725,#726,#727) ;
#732=AXIS2_PLACEMENT_3D('Circle Axis2P3D',#730,#731,$) ;
#739=AXIS2_PLACEMENT_3D('Circle Axis2P3D',#737,#738,$) ;
#746=AXIS2_PLACEMENT_3D('Circle Axis2P3D',#744,#745,$) ;
#759=AXIS2_PLACEMENT_3D('Cylinder Axis2P3D',#756,#757,#758) ;
#792=AXIS2_PLACEMENT_3D('Cylinder Axis2P3D',#789,#790,#791) ;
#796=AXIS2_PLACEMENT_3D('Circle Axis2P3D',#794,#795,$) ;
#816=AXIS2_PLACEMENT_3D('Cylinder Axis2P3D',#813,#814,#815) ;
#820=AXIS2_PLACEMENT_3D('Circle Axis2P3D',#818,#819,$) ;
#840=AXIS2_PLACEMENT_3D('Cylinder Axis2P3D',#837,#838,#839) ;
#844=AXIS2_PLACEMENT_3D('Circle Axis2P3D',#842,#843,$) ;
#864=AXIS2_PLACEMENT_3D('Plane Axis2P3D',#861,#862,#863) ;
#888=AXIS2_PLACEMENT_3D('Cylinder Axis2P3D',#885,#886,#887) ;
#914=AXIS2_PLACEMENT_3D('Cylinder Axis2P3D',#911,#912,#913) ;
#925=AXIS2_PLACEMENT_3D('Circle Axis2P3D',#923,#924,$) ;
#938=AXIS2_PLACEMENT_3D('Cylinder Axis2P3D',#935,#936,#937) ;
#974=AXIS2_PLACEMENT_3D('Cylinder Axis2P3D',#971,#972,#973) ;
#978=AXIS2_PLACEMENT_3D('Circle Axis2P3D',#976,#977,$) ;
#998=AXIS2_PLACEMENT_3D('Cylinder Axis2P3D',#995,#996,#997) ;
#1002=AXIS2_PLACEMENT_3D('Circle Axis2P3D',#1000,#1001,$) ;
#1022=AXIS2_PLACEMENT_3D('Plane Axis2P3D',#1019,#1020,#1021) ;
#1046=AXIS2_PLACEMENT_3D('Cylinder Axis2P3D',#1043,#1044,#1045) ;
#1050=AXIS2_PLACEMENT_3D('Circle Axis2P3D',#1048,#1049,$) ;
#1063=AXIS2_PLACEMENT_3D('Cylinder Axis2P3D',#1060,#1061,#1062) ;
#1100=AXIS2_PLACEMENT_3D('Cylinder Axis2P3D',#1097,#1098,#1099) ;
#1123=AXIS2_PLACEMENT_3D('Torus Axis2P3D',#1120,#1121,#1122) ;
#1127=AXIS2_PLACEMENT_3D('Circle Axis2P3D',#1125,#1126,$) ;
#1140=AXIS2_PLACEMENT_3D('Plane Axis2P3D',#1137,#1138,#1139) ;
#1200=AXIS2_PLACEMENT_3D('Circle Axis2P3D',#1198,#1199,$) ;
#1214=AXIS2_PLACEMENT_3D('Circle Axis2P3D',#1212,#1213,$) ;
#1275=AXIS2_PLACEMENT_3D('Circle Axis2P3D',#1273,#1274,$) ;
#1289=AXIS2_PLACEMENT_3D('Circle Axis2P3D',#1287,#1288,$) ;
#1308=AXIS2_PLACEMENT_3D('Circle Axis2P3D',#1306,#1307,$) ;
#1317=AXIS2_PLACEMENT_3D('Circle Axis2P3D',#1315,#1316,$) ;
#1332=AXIS2_PLACEMENT_3D('Torus Axis2P3D',#1329,#1330,#1331) ;
#1336=AXIS2_PLACEMENT_3D('Circle Axis2P3D',#1334,#1335,$) ;
#1341=AXIS2_PLACEMENT_3D('Circle Axis2P3D',#1339,#1340,$) ;
#1354=AXIS2_PLACEMENT_3D('Torus Axis2P3D',#1351,#1352,#1353) ;
#1358=AXIS2_PLACEMENT_3D('Circle Axis2P3D',#1356,#1357,$) ;
#1371=AXIS2_PLACEMENT_3D('Torus Axis2P3D',#1368,#1369,#1370) ;
#1375=AXIS2_PLACEMENT_3D('Circle Axis2P3D',#1373,#1374,$) ;
#1388=AXIS2_PLACEMENT_3D('Torus Axis2P3D',#1385,#1386,#1387) ;
#1392=AXIS2_PLACEMENT_3D('Circle Axis2P3D',#1390,#1391,$) ;
#1405=AXIS2_PLACEMENT_3D('Cylinder Axis2P3D',#1402,#1403,#1404) ;
#1409=AXIS2_PLACEMENT_3D('Circle Axis2P3D',#1407,#1408,$) ;
#1422=AXIS2_PLACEMENT_3D('Torus Axis2P3D',#1419,#1420,#1421) ;
#1426=AXIS2_PLACEMENT_3D('Circle Axis2P3D',#1424,#1425,$) ;
#1439=AXIS2_PLACEMENT_3D('Torus Axis2P3D',#1436,#1437,#1438) ;
#1443=AXIS2_PLACEMENT_3D('Circle Axis2P3D',#1441,#1442,$) ;
#1456=AXIS2_PLACEMENT_3D('Torus Axis2P3D',#1453,#1454,#1455) ;
#1460=AXIS2_PLACEMENT_3D('Circle Axis2P3D',#1458,#1459,$) ;
#1473=AXIS2_PLACEMENT_3D('Torus Axis2P3D',#1470,#1471,#1472) ;
#1477=AXIS2_PLACEMENT_3D('Circle Axis2P3D',#1475,#1476,$) ;
#1490=AXIS2_PLACEMENT_3D('Torus Axis2P3D',#1487,#1488,#1489) ;
#1494=AXIS2_PLACEMENT_3D('Circle Axis2P3D',#1492,#1493,$) ;
#1507=AXIS2_PLACEMENT_3D('Cylinder Axis2P3D',#1504,#1505,#1506) ;
#1526=AXIS2_PLACEMENT_3D('Torus Axis2P3D',#1523,#1524,#1525) ;
#1538=AXIS2_PLACEMENT_3D('Torus Axis2P3D',#1535,#1536,#1537) ;
#1542=AXIS2_PLACEMENT_3D('Circle Axis2P3D',#1540,#1541,$) ;
#1547=AXIS2_PLACEMENT_3D('Circle Axis2P3D',#1545,#1546,$) ;
#1560=AXIS2_PLACEMENT_3D('Torus Axis2P3D',#1557,#1558,#1559) ;
#1577=AXIS2_PLACEMENT_3D(' ',#1580,#1584,#1583) ;
#1578=AXIS2_PLACEMENT_3D(' ',#1579,#1582,#1581) ;
#1599=AXIS2_PLACEMENT_3D('Cylinder Axis2P3D',#1596,#1597,#1598) ;
#1603=AXIS2_PLACEMENT_3D('Circle Axis2P3D',#1601,#1602,$) ;
#1619=AXIS2_PLACEMENT_3D('Circle Axis2P3D',#1617,#1618,$) ;
#1639=AXIS2_PLACEMENT_3D('Plane Axis2P3D',#1636,#1637,#1638) ;
#1717=AXIS2_PLACEMENT_3D('Circle Axis2P3D',#1715,#1716,$) ;
#1728=AXIS2_PLACEMENT_3D('Cylinder Axis2P3D',#1725,#1726,#1727) ;
#1732=AXIS2_PLACEMENT_3D('Circle Axis2P3D',#1730,#1731,$) ;
#1745=AXIS2_PLACEMENT_3D('Plane Axis2P3D',#1742,#1743,#1744) ;
#1758=AXIS2_PLACEMENT_3D('Circle Axis2P3D',#1756,#1757,$) ;
#1772=AXIS2_PLACEMENT_3D('Circle Axis2P3D',#1770,#1771,$) ;
#1805=AXIS2_PLACEMENT_3D('Plane Axis2P3D',#1802,#1803,#1804) ;
#1827=AXIS2_PLACEMENT_3D('Cylinder Axis2P3D',#1824,#1825,#1826) ;
#1844=AXIS2_PLACEMENT_3D('Plane Axis2P3D',#1841,#1842,#1843) ;
#1861=AXIS2_PLACEMENT_3D('Cylinder Axis2P3D',#1858,#1859,#1860) ;
#1874=AXIS2_PLACEMENT_3D('Circle Axis2P3D',#1872,#1873,$) ;
#1879=AXIS2_PLACEMENT_3D('Circle Axis2P3D',#1877,#1878,$) ;
#1892=AXIS2_PLACEMENT_3D('Plane Axis2P3D',#1889,#1890,#1891) ;
#1914=AXIS2_PLACEMENT_3D('Cylinder Axis2P3D',#1911,#1912,#1913) ;
#1926=AXIS2_PLACEMENT_3D('Cylinder Axis2P3D',#1923,#1924,#1925) ;
#1939=AXIS2_PLACEMENT_3D('Circle Axis2P3D',#1937,#1938,$) ;
#1944=AXIS2_PLACEMENT_3D('Circle Axis2P3D',#1942,#1943,$) ;
#1957=AXIS2_PLACEMENT_3D('Plane Axis2P3D',#1954,#1955,#1956) ;
#1974=AXIS2_PLACEMENT_3D('Plane Axis2P3D',#1971,#1972,#1973) ;
#1985=AXIS2_PLACEMENT_3D('Circle Axis2P3D',#1983,#1984,$) ;
#1999=AXIS2_PLACEMENT_3D('Circle Axis2P3D',#1997,#1998,$) ;
#2019=AXIS2_PLACEMENT_3D('Circle Axis2P3D',#2017,#2018,$) ;
#2028=AXIS2_PLACEMENT_3D('Circle Axis2P3D',#2026,#2027,$) ;
#2037=AXIS2_PLACEMENT_3D('Circle Axis2P3D',#2035,#2036,$) ;
#2046=AXIS2_PLACEMENT_3D('Circle Axis2P3D',#2044,#2045,$) ;
#2057=AXIS2_PLACEMENT_3D('Plane Axis2P3D',#2054,#2055,#2056) ;
#2074=AXIS2_PLACEMENT_3D('Plane Axis2P3D',#2071,#2072,#2073) ;
#2092=AXIS2_PLACEMENT_3D('Circle Axis2P3D',#2090,#2091,$) ;
#2106=AXIS2_PLACEMENT_3D('Circle Axis2P3D',#2104,#2105,$) ;
#2119=AXIS2_PLACEMENT_3D('Circle Axis2P3D',#2117,#2118,$) ;
#2128=AXIS2_PLACEMENT_3D('Circle Axis2P3D',#2126,#2127,$) ;
#2137=AXIS2_PLACEMENT_3D('Circle Axis2P3D',#2135,#2136,$) ;
#2146=AXIS2_PLACEMENT_3D('Circle Axis2P3D',#2144,#2145,$) ;
#2157=AXIS2_PLACEMENT_3D('Plane Axis2P3D',#2154,#2155,#2156) ;
#2174=AXIS2_PLACEMENT_3D('Cylinder Axis2P3D',#2171,#2172,#2173) ;
#2191=AXIS2_PLACEMENT_3D('Plane Axis2P3D',#2188,#2189,#2190) ;
#2208=AXIS2_PLACEMENT_3D('Cylinder Axis2P3D',#2205,#2206,#2207) ;
#2225=AXIS2_PLACEMENT_3D('Plane Axis2P3D',#2222,#2223,#2224) ;
#2237=AXIS2_PLACEMENT_3D('Cylinder Axis2P3D',#2234,#2235,#2236) ;
#2259=AXIS2_PLACEMENT_3D('Cylinder Axis2P3D',#2256,#2257,#2258) ;
#2271=AXIS2_PLACEMENT_3D('Cylinder Axis2P3D',#2268,#2269,#2270) ;
#2293=AXIS2_PLACEMENT_3D('Cylinder Axis2P3D',#2290,#2291,#2292) ;
#2310=AXIS2_PLACEMENT_3D(' ',#2313,#2317,#2316) ;
#2311=AXIS2_PLACEMENT_3D(' ',#2312,#2315,#2314) ;
#2332=AXIS2_PLACEMENT_3D('Cylinder Axis2P3D',#2329,#2330,#2331) ;
#2336=AXIS2_PLACEMENT_3D('Circle Axis2P3D',#2334,#2335,$) ;
#2352=AXIS2_PLACEMENT_3D('Circle Axis2P3D',#2350,#2351,$) ;
#2372=AXIS2_PLACEMENT_3D('Plane Axis2P3D',#2369,#2370,#2371) ;
#2722=AXIS2_PLACEMENT_3D('Circle Axis2P3D',#2720,#2721,$) ;
#2776=AXIS2_PLACEMENT_3D('Circle Axis2P3D',#2774,#2775,$) ;
#2790=AXIS2_PLACEMENT_3D('Circle Axis2P3D',#2788,#2789,$) ;
#2835=AXIS2_PLACEMENT_3D('Circle Axis2P3D',#2833,#2834,$) ;
#3074=AXIS2_PLACEMENT_3D('Circle Axis2P3D',#3072,#3073,$) ;
#3088=AXIS2_PLACEMENT_3D('Circle Axis2P3D',#3086,#3087,$) ;
#3118=AXIS2_PLACEMENT_3D('Cylinder Axis2P3D',#3115,#3116,#3117) ;
#3129=AXIS2_PLACEMENT_3D('Circle Axis2P3D',#3127,#3128,$) ;
#3142=AXIS2_PLACEMENT_3D('Plane Axis2P3D',#3139,#3140,#3141) ;
#3424=AXIS2_PLACEMENT_3D('Circle Axis2P3D',#3422,#3423,$) ;
#3431=AXIS2_PLACEMENT_3D('Circle Axis2P3D',#3429,#3430,$) ;
#3476=AXIS2_PLACEMENT_3D('Circle Axis2P3D',#3474,#3475,$) ;
#3490=AXIS2_PLACEMENT_3D('Circle Axis2P3D',#3488,#3489,$) ;
#3844=AXIS2_PLACEMENT_3D('Circle Axis2P3D',#3842,#3843,$) ;
#3851=AXIS2_PLACEMENT_3D('Circle Axis2P3D',#3849,#3850,$) ;
#3872=AXIS2_PLACEMENT_3D('Cylinder Axis2P3D',#3869,#3870,#3871) ;
#3889=AXIS2_PLACEMENT_3D('Cylinder Axis2P3D',#3886,#3887,#3888) ;
#3911=AXIS2_PLACEMENT_3D('Plane Axis2P3D',#3908,#3909,#3910) ;
#3928=AXIS2_PLACEMENT_3D('Cylinder Axis2P3D',#3925,#3926,#3927) ;
#3945=AXIS2_PLACEMENT_3D('Plane Axis2P3D',#3942,#3943,#3944) ;
#3962=AXIS2_PLACEMENT_3D('Cylinder Axis2P3D',#3959,#3960,#3961) ;
#3979=AXIS2_PLACEMENT_3D('Plane Axis2P3D',#3976,#3977,#3978) ;
#3996=AXIS2_PLACEMENT_3D('Cylinder Axis2P3D',#3993,#3994,#3995) ;
#4013=AXIS2_PLACEMENT_3D('Plane Axis2P3D',#4010,#4011,#4012) ;
#4030=AXIS2_PLACEMENT_3D('Cylinder Axis2P3D',#4027,#4028,#4029) ;
#4047=AXIS2_PLACEMENT_3D('Plane Axis2P3D',#4044,#4045,#4046) ;
#4064=AXIS2_PLACEMENT_3D('Cylinder Axis2P3D',#4061,#4062,#4063) ;
#4081=AXIS2_PLACEMENT_3D('Plane Axis2P3D',#4078,#4079,#4080) ;
#4098=AXIS2_PLACEMENT_3D('Cylinder Axis2P3D',#4095,#4096,#4097) ;
#4115=AXIS2_PLACEMENT_3D('Plane Axis2P3D',#4112,#4113,#4114) ;
#4132=AXIS2_PLACEMENT_3D('Cylinder Axis2P3D',#4129,#4130,#4131) ;
#4149=AXIS2_PLACEMENT_3D('Plane Axis2P3D',#4146,#4147,#4148) ;
#4161=AXIS2_PLACEMENT_3D('Cylinder Axis2P3D',#4158,#4159,#4160) ;
#4183=AXIS2_PLACEMENT_3D('Cylinder Axis2P3D',#4180,#4181,#4182) ;
#4195=AXIS2_PLACEMENT_3D('Cylinder Axis2P3D',#4192,#4193,#4194) ;
#4217=AXIS2_PLACEMENT_3D('Cylinder Axis2P3D',#4214,#4215,#4216) ;
#4229=AXIS2_PLACEMENT_3D('Cylinder Axis2P3D',#4226,#4227,#4228) ;
#4251=AXIS2_PLACEMENT_3D('Cylinder Axis2P3D',#4248,#4249,#4250) ;
#4263=AXIS2_PLACEMENT_3D('Cylinder Axis2P3D',#4260,#4261,#4262) ;
#4285=AXIS2_PLACEMENT_3D('Cylinder Axis2P3D',#4282,#4283,#4284) ;
#4302=AXIS2_PLACEMENT_3D('Cylinder Axis2P3D',#4299,#4300,#4301) ;
#4319=AXIS2_PLACEMENT_3D('Plane Axis2P3D',#4316,#4317,#4318) ;
#4336=AXIS2_PLACEMENT_3D('Cylinder Axis2P3D',#4333,#4334,#4335) ;
#4353=AXIS2_PLACEMENT_3D('Plane Axis2P3D',#4350,#4351,#4352) ;
#4370=AXIS2_PLACEMENT_3D('Cylinder Axis2P3D',#4367,#4368,#4369) ;
#4387=AXIS2_PLACEMENT_3D('Cylinder Axis2P3D',#4384,#4385,#4386) ;
#4404=AXIS2_PLACEMENT_3D('Cylinder Axis2P3D',#4401,#4402,#4403) ;
#4421=AXIS2_PLACEMENT_3D('Cylinder Axis2P3D',#4418,#4419,#4420) ;
#4433=AXIS2_PLACEMENT_3D('Cylinder Axis2P3D',#4430,#4431,#4432) ;
#4455=AXIS2_PLACEMENT_3D('Cylinder Axis2P3D',#4452,#4453,#4454) ;
#4467=AXIS2_PLACEMENT_3D('Cylinder Axis2P3D',#4464,#4465,#4466) ;
#4489=AXIS2_PLACEMENT_3D('Cylinder Axis2P3D',#4486,#4487,#4488) ;
#4501=AXIS2_PLACEMENT_3D('Cylinder Axis2P3D',#4498,#4499,#4500) ;
#4523=AXIS2_PLACEMENT_3D('Cylinder Axis2P3D',#4520,#4521,#4522) ;
#4535=AXIS2_PLACEMENT_3D('Cylinder Axis2P3D',#4532,#4533,#4534) ;
#4557=AXIS2_PLACEMENT_3D('Cylinder Axis2P3D',#4554,#4555,#4556) ;
#4569=AXIS2_PLACEMENT_3D('Plane Axis2P3D',#4566,#4567,#4568) ;
#4586=AXIS2_PLACEMENT_3D('Cylinder Axis2P3D',#4583,#4584,#4585) ;
#4603=AXIS2_PLACEMENT_3D(' ',#4606,#4610,#4609) ;
#4604=AXIS2_PLACEMENT_3D(' ',#4605,#4608,#4607) ;
#4625=AXIS2_PLACEMENT_3D('Cylinder Axis2P3D',#4622,#4623,#4624) ;
#4629=AXIS2_PLACEMENT_3D('Circle Axis2P3D',#4627,#4628,$) ;
#4645=AXIS2_PLACEMENT_3D('Circle Axis2P3D',#4643,#4644,$) ;
#4665=AXIS2_PLACEMENT_3D('Plane Axis2P3D',#4662,#4663,#4664) ;
#4669=AXIS2_PLACEMENT_3D('Circle Axis2P3D',#4667,#4668,$) ;
#4688=AXIS2_PLACEMENT_3D('Circle Axis2P3D',#4686,#4687,$) ;
#4705=AXIS2_PLACEMENT_3D('Circle Axis2P3D',#4703,#4704,$) ;
#4722=AXIS2_PLACEMENT_3D('Circle Axis2P3D',#4720,#4721,$) ;
#4739=AXIS2_PLACEMENT_3D('Circle Axis2P3D',#4737,#4738,$) ;
#4756=AXIS2_PLACEMENT_3D('Circle Axis2P3D',#4754,#4755,$) ;
#4773=AXIS2_PLACEMENT_3D('Circle Axis2P3D',#4771,#4772,$) ;
#4790=AXIS2_PLACEMENT_3D('Circle Axis2P3D',#4788,#4789,$) ;
#4807=AXIS2_PLACEMENT_3D('Circle Axis2P3D',#4805,#4806,$) ;
#4824=AXIS2_PLACEMENT_3D('Circle Axis2P3D',#4822,#4823,$) ;
#4841=AXIS2_PLACEMENT_3D('Circle Axis2P3D',#4839,#4840,$) ;
#4858=AXIS2_PLACEMENT_3D('Circle Axis2P3D',#4856,#4857,$) ;
#4875=AXIS2_PLACEMENT_3D('Circle Axis2P3D',#4873,#4874,$) ;
#4892=AXIS2_PLACEMENT_3D('Circle Axis2P3D',#4890,#4891,$) ;
#4909=AXIS2_PLACEMENT_3D('Circle Axis2P3D',#4907,#4908,$) ;
#4926=AXIS2_PLACEMENT_3D('Circle Axis2P3D',#4924,#4925,$) ;
#4943=AXIS2_PLACEMENT_3D('Circle Axis2P3D',#4941,#4942,$) ;
#4960=AXIS2_PLACEMENT_3D('Circle Axis2P3D',#4958,#4959,$) ;
#4977=AXIS2_PLACEMENT_3D('Circle Axis2P3D',#4975,#4976,$) ;
#4994=AXIS2_PLACEMENT_3D('Circle Axis2P3D',#4992,#4993,$) ;
#5011=AXIS2_PLACEMENT_3D('Circle Axis2P3D',#5009,#5010,$) ;
#5028=AXIS2_PLACEMENT_3D('Circle Axis2P3D',#5026,#5027,$) ;
#5045=AXIS2_PLACEMENT_3D('Circle Axis2P3D',#5043,#5044,$) ;
#5052=AXIS2_PLACEMENT_3D('Circle Axis2P3D',#5050,#5051,$) ;
#5069=AXIS2_PLACEMENT_3D('Circle Axis2P3D',#5067,#5068,$) ;
#5086=AXIS2_PLACEMENT_3D('Circle Axis2P3D',#5084,#5085,$) ;
#5103=AXIS2_PLACEMENT_3D('Circle Axis2P3D',#5101,#5102,$) ;
#5120=AXIS2_PLACEMENT_3D('Circle Axis2P3D',#5118,#5119,$) ;
#5137=AXIS2_PLACEMENT_3D('Circle Axis2P3D',#5135,#5136,$) ;
#5154=AXIS2_PLACEMENT_3D('Circle Axis2P3D',#5152,#5153,$) ;
#5171=AXIS2_PLACEMENT_3D('Circle Axis2P3D',#5169,#5170,$) ;
#5188=AXIS2_PLACEMENT_3D('Circle Axis2P3D',#5186,#5187,$) ;
#5205=AXIS2_PLACEMENT_3D('Circle Axis2P3D',#5203,#5204,$) ;
#5229=AXIS2_PLACEMENT_3D('Circle Axis2P3D',#5227,#5228,$) ;
#5253=AXIS2_PLACEMENT_3D('Circle Axis2P3D',#5251,#5252,$) ;
#5270=AXIS2_PLACEMENT_3D('Circle Axis2P3D',#5268,#5269,$) ;
#5287=AXIS2_PLACEMENT_3D('Circle Axis2P3D',#5285,#5286,$) ;
#5304=AXIS2_PLACEMENT_3D('Circle Axis2P3D',#5302,#5303,$) ;
#5321=AXIS2_PLACEMENT_3D('Circle Axis2P3D',#5319,#5320,$) ;
#5338=AXIS2_PLACEMENT_3D('Circle Axis2P3D',#5336,#5337,$) ;
#5355=AXIS2_PLACEMENT_3D('Circle Axis2P3D',#5353,#5354,$) ;
#5372=AXIS2_PLACEMENT_3D('Circle Axis2P3D',#5370,#5371,$) ;
#5389=AXIS2_PLACEMENT_3D('Circle Axis2P3D',#5387,#5388,$) ;
#5406=AXIS2_PLACEMENT_3D('Circle Axis2P3D',#5404,#5405,$) ;
#5413=AXIS2_PLACEMENT_3D('Circle Axis2P3D',#5411,#5412,$) ;
#5430=AXIS2_PLACEMENT_3D('Circle Axis2P3D',#5428,#5429,$) ;
#5539=AXIS2_PLACEMENT_3D('Circle Axis2P3D',#5537,#5538,$) ;
#5548=AXIS2_PLACEMENT_3D('Circle Axis2P3D',#5546,#5547,$) ;
#5557=AXIS2_PLACEMENT_3D('Circle Axis2P3D',#5555,#5556,$) ;
#5568=AXIS2_PLACEMENT_3D('Cylinder Axis2P3D',#5565,#5566,#5567) ;
#5572=AXIS2_PLACEMENT_3D('Circle Axis2P3D',#5570,#5571,$) ;
#5585=AXIS2_PLACEMENT_3D('Plane Axis2P3D',#5582,#5583,#5584) ;
#5589=AXIS2_PLACEMENT_3D('Circle Axis2P3D',#5587,#5588,$) ;
#5608=AXIS2_PLACEMENT_3D('Circle Axis2P3D',#5606,#5607,$) ;
#5625=AXIS2_PLACEMENT_3D('Circle Axis2P3D',#5623,#5624,$) ;
#5632=AXIS2_PLACEMENT_3D('Circle Axis2P3D',#5630,#5631,$) ;
#5649=AXIS2_PLACEMENT_3D('Circle Axis2P3D',#5647,#5648,$) ;
#5666=AXIS2_PLACEMENT_3D('Circle Axis2P3D',#5664,#5665,$) ;
#5683=AXIS2_PLACEMENT_3D('Circle Axis2P3D',#5681,#5682,$) ;
#5700=AXIS2_PLACEMENT_3D('Circle Axis2P3D',#5698,#5699,$) ;
#5717=AXIS2_PLACEMENT_3D('Circle Axis2P3D',#5715,#5716,$) ;
#5734=AXIS2_PLACEMENT_3D('Circle Axis2P3D',#5732,#5733,$) ;
#5751=AXIS2_PLACEMENT_3D('Circle Axis2P3D',#5749,#5750,$) ;
#5768=AXIS2_PLACEMENT_3D('Circle Axis2P3D',#5766,#5767,$) ;
#5785=AXIS2_PLACEMENT_3D('Circle Axis2P3D',#5783,#5784,$) ;
#5809=AXIS2_PLACEMENT_3D('Circle Axis2P3D',#5807,#5808,$) ;
#5833=AXIS2_PLACEMENT_3D('Circle Axis2P3D',#5831,#5832,$) ;
#5850=AXIS2_PLACEMENT_3D('Circle Axis2P3D',#5848,#5849,$) ;
#5867=AXIS2_PLACEMENT_3D('Circle Axis2P3D',#5865,#5866,$) ;
#5884=AXIS2_PLACEMENT_3D('Circle Axis2P3D',#5882,#5883,$) ;
#5901=AXIS2_PLACEMENT_3D('Circle Axis2P3D',#5899,#5900,$) ;
#5918=AXIS2_PLACEMENT_3D('Circle Axis2P3D',#5916,#5917,$) ;
#5935=AXIS2_PLACEMENT_3D('Circle Axis2P3D',#5933,#5934,$) ;
#5952=AXIS2_PLACEMENT_3D('Circle Axis2P3D',#5950,#5951,$) ;
#5969=AXIS2_PLACEMENT_3D('Circle Axis2P3D',#5967,#5968,$) ;
#5986=AXIS2_PLACEMENT_3D('Circle Axis2P3D',#5984,#5985,$) ;
#5993=AXIS2_PLACEMENT_3D('Circle Axis2P3D',#5991,#5992,$) ;
#6010=AXIS2_PLACEMENT_3D('Circle Axis2P3D',#6008,#6009,$) ;
#6027=AXIS2_PLACEMENT_3D('Circle Axis2P3D',#6025,#6026,$) ;
#6044=AXIS2_PLACEMENT_3D('Circle Axis2P3D',#6042,#6043,$) ;
#6061=AXIS2_PLACEMENT_3D('Circle Axis2P3D',#6059,#6060,$) ;
#6078=AXIS2_PLACEMENT_3D('Circle Axis2P3D',#6076,#6077,$) ;
#6095=AXIS2_PLACEMENT_3D('Circle Axis2P3D',#6093,#6094,$) ;
#6112=AXIS2_PLACEMENT_3D('Circle Axis2P3D',#6110,#6111,$) ;
#6129=AXIS2_PLACEMENT_3D('Circle Axis2P3D',#6127,#6128,$) ;
#6146=AXIS2_PLACEMENT_3D('Circle Axis2P3D',#6144,#6145,$) ;
#6163=AXIS2_PLACEMENT_3D('Circle Axis2P3D',#6161,#6162,$) ;
#6180=AXIS2_PLACEMENT_3D('Circle Axis2P3D',#6178,#6179,$) ;
#6197=AXIS2_PLACEMENT_3D('Circle Axis2P3D',#6195,#6196,$) ;
#6214=AXIS2_PLACEMENT_3D('Circle Axis2P3D',#6212,#6213,$) ;
#6231=AXIS2_PLACEMENT_3D('Circle Axis2P3D',#6229,#6230,$) ;
#6248=AXIS2_PLACEMENT_3D('Circle Axis2P3D',#6246,#6247,$) ;
#6265=AXIS2_PLACEMENT_3D('Circle Axis2P3D',#6263,#6264,$) ;
#6282=AXIS2_PLACEMENT_3D('Circle Axis2P3D',#6280,#6281,$) ;
#6299=AXIS2_PLACEMENT_3D('Circle Axis2P3D',#6297,#6298,$) ;
#6316=AXIS2_PLACEMENT_3D('Circle Axis2P3D',#6314,#6315,$) ;
#6333=AXIS2_PLACEMENT_3D('Circle Axis2P3D',#6331,#6332,$) ;
#6350=AXIS2_PLACEMENT_3D('Circle Axis2P3D',#6348,#6349,$) ;
#6459=AXIS2_PLACEMENT_3D('Circle Axis2P3D',#6457,#6458,$) ;
#6468=AXIS2_PLACEMENT_3D('Circle Axis2P3D',#6466,#6467,$) ;
#6483=AXIS2_PLACEMENT_3D('Cylinder Axis2P3D',#6480,#6481,#6482) ;
#6525=AXIS2_PLACEMENT_3D('Cylinder Axis2P3D',#6522,#6523,#6524) ;
#6562=AXIS2_PLACEMENT_3D('Cylinder Axis2P3D',#6559,#6560,#6561) ;
#6599=AXIS2_PLACEMENT_3D('Cylinder Axis2P3D',#6596,#6597,#6598) ;
#6636=AXIS2_PLACEMENT_3D('Cylinder Axis2P3D',#6633,#6634,#6635) ;
#6673=AXIS2_PLACEMENT_3D('Cylinder Axis2P3D',#6670,#6671,#6672) ;
#6710=AXIS2_PLACEMENT_3D('Cylinder Axis2P3D',#6707,#6708,#6709) ;
#6747=AXIS2_PLACEMENT_3D('Cylinder Axis2P3D',#6744,#6745,#6746) ;
#6784=AXIS2_PLACEMENT_3D('Cylinder Axis2P3D',#6781,#6782,#6783) ;
#6821=AXIS2_PLACEMENT_3D('Cylinder Axis2P3D',#6818,#6819,#6820) ;
#6858=AXIS2_PLACEMENT_3D('Cylinder Axis2P3D',#6855,#6856,#6857) ;
#6895=AXIS2_PLACEMENT_3D('Cylinder Axis2P3D',#6892,#6893,#6894) ;
#6932=AXIS2_PLACEMENT_3D('Cylinder Axis2P3D',#6929,#6930,#6931) ;
#6969=AXIS2_PLACEMENT_3D('Cylinder Axis2P3D',#6966,#6967,#6968) ;
#7006=AXIS2_PLACEMENT_3D('Cylinder Axis2P3D',#7003,#7004,#7005) ;
#7043=AXIS2_PLACEMENT_3D('Cylinder Axis2P3D',#7040,#7041,#7042) ;
#7080=AXIS2_PLACEMENT_3D('Cylinder Axis2P3D',#7077,#7078,#7079) ;
#7117=AXIS2_PLACEMENT_3D('Cylinder Axis2P3D',#7114,#7115,#7116) ;
#7154=AXIS2_PLACEMENT_3D('Cylinder Axis2P3D',#7151,#7152,#7153) ;
#7191=AXIS2_PLACEMENT_3D('Cylinder Axis2P3D',#7188,#7189,#7190) ;
#7228=AXIS2_PLACEMENT_3D('Cylinder Axis2P3D',#7225,#7226,#7227) ;
#7265=AXIS2_PLACEMENT_3D('Cylinder Axis2P3D',#7262,#7263,#7264) ;
#7302=AXIS2_PLACEMENT_3D('Cylinder Axis2P3D',#7299,#7300,#7301) ;
#7319=AXIS2_PLACEMENT_3D('Cylinder Axis2P3D',#7316,#7317,#7318) ;
#7356=AXIS2_PLACEMENT_3D('Cylinder Axis2P3D',#7353,#7354,#7355) ;
#7393=AXIS2_PLACEMENT_3D('Cylinder Axis2P3D',#7390,#7391,#7392) ;
#7430=AXIS2_PLACEMENT_3D('Cylinder Axis2P3D',#7427,#7428,#7429) ;
#7467=AXIS2_PLACEMENT_3D('Cylinder Axis2P3D',#7464,#7465,#7466) ;
#7504=AXIS2_PLACEMENT_3D('Cylinder Axis2P3D',#7501,#7502,#7503) ;
#7541=AXIS2_PLACEMENT_3D('Cylinder Axis2P3D',#7538,#7539,#7540) ;
#7578=AXIS2_PLACEMENT_3D('Cylinder Axis2P3D',#7575,#7576,#7577) ;
#7615=AXIS2_PLACEMENT_3D('Cylinder Axis2P3D',#7612,#7613,#7614) ;
#7652=AXIS2_PLACEMENT_3D('Cylinder Axis2P3D',#7649,#7650,#7651) ;
#7689=AXIS2_PLACEMENT_3D('Plane Axis2P3D',#7686,#7687,#7688) ;
#7706=AXIS2_PLACEMENT_3D('Cylinder Axis2P3D',#7703,#7704,#7705) ;
#7723=AXIS2_PLACEMENT_3D('Plane Axis2P3D',#7720,#7721,#7722) ;
#7760=AXIS2_PLACEMENT_3D('Cylinder Axis2P3D',#7757,#7758,#7759) ;
#7797=AXIS2_PLACEMENT_3D('Cylinder Axis2P3D',#7794,#7795,#7796) ;
#7834=AXIS2_PLACEMENT_3D('Cylinder Axis2P3D',#7831,#7832,#7833) ;
#7871=AXIS2_PLACEMENT_3D('Cylinder Axis2P3D',#7868,#7869,#7870) ;
#7908=AXIS2_PLACEMENT_3D('Cylinder Axis2P3D',#7905,#7906,#7907) ;
#7945=AXIS2_PLACEMENT_3D('Cylinder Axis2P3D',#7942,#7943,#7944) ;
#7982=AXIS2_PLACEMENT_3D('Cylinder Axis2P3D',#7979,#7980,#7981) ;
#8019=AXIS2_PLACEMENT_3D('Cylinder Axis2P3D',#8016,#8017,#8018) ;
#8056=AXIS2_PLACEMENT_3D('Cylinder Axis2P3D',#8053,#8054,#8055) ;
#8093=AXIS2_PLACEMENT_3D('Cylinder Axis2P3D',#8090,#8091,#8092) ;
#8110=AXIS2_PLACEMENT_3D('Cylinder Axis2P3D',#8107,#8108,#8109) ;
#8147=AXIS2_PLACEMENT_3D('Cylinder Axis2P3D',#8144,#8145,#8146) ;
#8180=AXIS2_PLACEMENT_3D('Cylinder Axis2P3D',#8177,#8178,#8179) ;
#8202=AXIS2_PLACEMENT_3D('Cylinder Axis2P3D',#8199,#8200,#8201) ;
#8219=AXIS2_PLACEMENT_3D(' ',#8222,#8226,#8225) ;
#8220=AXIS2_PLACEMENT_3D(' ',#8221,#8224,#8223) ;
#8241=AXIS2_PLACEMENT_3D('Cylinder Axis2P3D',#8238,#8239,#8240) ;
#8245=AXIS2_PLACEMENT_3D('Circle Axis2P3D',#8243,#8244,$) ;
#8261=AXIS2_PLACEMENT_3D('Circle Axis2P3D',#8259,#8260,$) ;
#8281=AXIS2_PLACEMENT_3D('Plane Axis2P3D',#8278,#8279,#8280) ;
#8285=AXIS2_PLACEMENT_3D('Circle Axis2P3D',#8283,#8284,$) ;
#8346=AXIS2_PLACEMENT_3D('Circle Axis2P3D',#8344,#8345,$) ;
#8353=AXIS2_PLACEMENT_3D('Circle Axis2P3D',#8351,#8352,$) ;
#8911=AXIS2_PLACEMENT_3D('Circle Axis2P3D',#8909,#8910,$) ;
#9172=AXIS2_PLACEMENT_3D('Cylinder Axis2P3D',#9169,#9170,#9171) ;
#9176=AXIS2_PLACEMENT_3D('Circle Axis2P3D',#9174,#9175,$) ;
#9189=AXIS2_PLACEMENT_3D('Plane Axis2P3D',#9186,#9187,#9188) ;
#9193=AXIS2_PLACEMENT_3D('Circle Axis2P3D',#9191,#9192,$) ;
#9209=AXIS2_PLACEMENT_3D('Circle Axis2P3D',#9207,#9208,$) ;
#9767=AXIS2_PLACEMENT_3D('Circle Axis2P3D',#9765,#9766,$) ;
#9774=AXIS2_PLACEMENT_3D('Circle Axis2P3D',#9772,#9773,$) ;
#10057=AXIS2_PLACEMENT_3D('Cylinder Axis2P3D',#10054,#10055,#10056) ;
#10079=AXIS2_PLACEMENT_3D('Cylinder Axis2P3D',#10076,#10077,#10078) ;
#10096=AXIS2_PLACEMENT_3D('Cylinder Axis2P3D',#10093,#10094,#10095) ;
#10113=AXIS2_PLACEMENT_3D('Cylinder Axis2P3D',#10110,#10111,#10112) ;
#10130=AXIS2_PLACEMENT_3D('Plane Axis2P3D',#10127,#10128,#10129) ;
#10147=AXIS2_PLACEMENT_3D('Cylinder Axis2P3D',#10144,#10145,#10146) ;
#10164=AXIS2_PLACEMENT_3D('Cylinder Axis2P3D',#10161,#10162,#10163) ;
#10181=AXIS2_PLACEMENT_3D('Cylinder Axis2P3D',#10178,#10179,#10180) ;
#11054=AXIS2_PLACEMENT_3D('Cylinder Axis2P3D',#11051,#11052,#11053) ;
#11071=AXIS2_PLACEMENT_3D('Cylinder Axis2P3D',#11068,#11069,#11070) ;
#11088=AXIS2_PLACEMENT_3D('Cylinder Axis2P3D',#11085,#11086,#11087) ;
#11105=AXIS2_PLACEMENT_3D('Plane Axis2P3D',#11102,#11103,#11104) ;
#11117=AXIS2_PLACEMENT_3D('Cylinder Axis2P3D',#11114,#11115,#11116) ;
#11139=AXIS2_PLACEMENT_3D('Cylinder Axis2P3D',#11136,#11137,#11138) ;
#11151=AXIS2_PLACEMENT_3D('Cylinder Axis2P3D',#11148,#11149,#11150) ;
#11173=AXIS2_PLACEMENT_3D('Cylinder Axis2P3D',#11170,#11171,#11172) ;
#11185=AXIS2_PLACEMENT_3D('Cylinder Axis2P3D',#11182,#11183,#11184) ;
#11207=AXIS2_PLACEMENT_3D('Cylinder Axis2P3D',#11204,#11205,#11206) ;
#11224=AXIS2_PLACEMENT_3D(' ',#11227,#11231,#11230) ;
#11225=AXIS2_PLACEMENT_3D(' ',#11226,#11229,#11228) ;
#11239=AXIS2_PLACEMENT_3D(' ',#11242,#11246,#11245) ;
#11240=AXIS2_PLACEMENT_3D(' ',#11241,#11244,#11243) ;
#11261=AXIS2_PLACEMENT_3D('Cylinder Axis2P3D',#11258,#11259,#11260) ;
#11265=AXIS2_PLACEMENT_3D('Circle Axis2P3D',#11263,#11264,$) ;
#11281=AXIS2_PLACEMENT_3D('Circle Axis2P3D',#11279,#11280,$) ;
#11301=AXIS2_PLACEMENT_3D('Plane Axis2P3D',#11298,#11299,#11300) ;
#11305=AXIS2_PLACEMENT_3D('Circle Axis2P3D',#11303,#11304,$) ;
#11321=AXIS2_PLACEMENT_3D('Circle Axis2P3D',#11319,#11320,$) ;
#11328=AXIS2_PLACEMENT_3D('Circle Axis2P3D',#11326,#11327,$) ;
#11466=AXIS2_PLACEMENT_3D('Circle Axis2P3D',#11464,#11465,$) ;
#11645=AXIS2_PLACEMENT_3D('Cylinder Axis2P3D',#11642,#11643,#11644) ;
#11649=AXIS2_PLACEMENT_3D('Circle Axis2P3D',#11647,#11648,$) ;
#11662=AXIS2_PLACEMENT_3D('Plane Axis2P3D',#11659,#11660,#11661) ;
#11666=AXIS2_PLACEMENT_3D('Circle Axis2P3D',#11664,#11665,$) ;
#11737=AXIS2_PLACEMENT_3D('Circle Axis2P3D',#11735,#11736,$) ;
#11875=AXIS2_PLACEMENT_3D('Circle Axis2P3D',#11873,#11874,$) ;
#11882=AXIS2_PLACEMENT_3D('Circle Axis2P3D',#11880,#11881,$) ;
#11983=AXIS2_PLACEMENT_3D('Cylinder Axis2P3D',#11980,#11981,#11982) ;
#12005=AXIS2_PLACEMENT_3D('Plane Axis2P3D',#12002,#12003,#12004) ;
#12022=AXIS2_PLACEMENT_3D('Cylinder Axis2P3D',#12019,#12020,#12021) ;
#12039=AXIS2_PLACEMENT_3D('Cylinder Axis2P3D',#12036,#12037,#12038) ;
#12056=AXIS2_PLACEMENT_3D('Plane Axis2P3D',#12053,#12054,#12055) ;
#12073=AXIS2_PLACEMENT_3D('Plane Axis2P3D',#12070,#12071,#12072) ;
#12090=AXIS2_PLACEMENT_3D('Plane Axis2P3D',#12087,#12088,#12089) ;
#12107=AXIS2_PLACEMENT_3D('Plane Axis2P3D',#12104,#12105,#12106) ;
#12124=AXIS2_PLACEMENT_3D('Plane Axis2P3D',#12121,#12122,#12123) ;
#12141=AXIS2_PLACEMENT_3D('Plane Axis2P3D',#12138,#12139,#12140) ;
#12158=AXIS2_PLACEMENT_3D('Plane Axis2P3D',#12155,#12156,#12157) ;
#12175=AXIS2_PLACEMENT_3D('Plane Axis2P3D',#12172,#12173,#12174) ;
#12192=AXIS2_PLACEMENT_3D('Plane Axis2P3D',#12189,#12190,#12191) ;
#12209=AXIS2_PLACEMENT_3D('Plane Axis2P3D',#12206,#12207,#12208) ;
#12226=AXIS2_PLACEMENT_3D('Plane Axis2P3D',#12223,#12224,#12225) ;
#12243=AXIS2_PLACEMENT_3D('Plane Axis2P3D',#12240,#12241,#12242) ;
#12260=AXIS2_PLACEMENT_3D('Cylinder Axis2P3D',#12257,#12258,#12259) ;
#12277=AXIS2_PLACEMENT_3D('Plane Axis2P3D',#12274,#12275,#12276) ;
#12294=AXIS2_PLACEMENT_3D('Cylinder Axis2P3D',#12291,#12292,#12293) ;
#12311=AXIS2_PLACEMENT_3D('Cylinder Axis2P3D',#12308,#12309,#12310) ;
#12328=AXIS2_PLACEMENT_3D('Plane Axis2P3D',#12325,#12326,#12327) ;
#12345=AXIS2_PLACEMENT_3D('Cylinder Axis2P3D',#12342,#12343,#12344) ;
#12362=AXIS2_PLACEMENT_3D('Plane Axis2P3D',#12359,#12360,#12361) ;
#12379=AXIS2_PLACEMENT_3D('Cylinder Axis2P3D',#12376,#12377,#12378) ;
#12396=AXIS2_PLACEMENT_3D('Plane Axis2P3D',#12393,#12394,#12395) ;
#12413=AXIS2_PLACEMENT_3D('Cylinder Axis2P3D',#12410,#12411,#12412) ;
#12430=AXIS2_PLACEMENT_3D('Plane Axis2P3D',#12427,#12428,#12429) ;
#12442=AXIS2_PLACEMENT_3D('Cylinder Axis2P3D',#12439,#12440,#12441) ;
#12464=AXIS2_PLACEMENT_3D('Cylinder Axis2P3D',#12461,#12462,#12463) ;
#12481=AXIS2_PLACEMENT_3D(' ',#12484,#12488,#12487) ;
#12482=AXIS2_PLACEMENT_3D(' ',#12483,#12486,#12485) ;
#12496=AXIS2_PLACEMENT_3D(' ',#12499,#12503,#12502) ;
#12497=AXIS2_PLACEMENT_3D(' ',#12498,#12501,#12500) ;
#12511=AXIS2_PLACEMENT_3D(' ',#12514,#12518,#12517) ;
#12512=AXIS2_PLACEMENT_3D(' ',#12513,#12516,#12515) ;
#12526=AXIS2_PLACEMENT_3D(' ',#12529,#12533,#12532) ;
#12527=AXIS2_PLACEMENT_3D(' ',#12528,#12531,#12530) ;
#12541=AXIS2_PLACEMENT_3D(' ',#12544,#12548,#12547) ;
#12542=AXIS2_PLACEMENT_3D(' ',#12543,#12546,#12545) ;
#12556=AXIS2_PLACEMENT_3D(' ',#12559,#12563,#12562) ;
#12557=AXIS2_PLACEMENT_3D(' ',#12558,#12561,#12560) ;
#12571=AXIS2_PLACEMENT_3D(' ',#12574,#12578,#12577) ;
#12572=AXIS2_PLACEMENT_3D(' ',#12573,#12576,#12575) ;
#12586=AXIS2_PLACEMENT_3D(' ',#12589,#12593,#12592) ;
#12587=AXIS2_PLACEMENT_3D(' ',#12588,#12591,#12590) ;
#12601=AXIS2_PLACEMENT_3D(' ',#12604,#12608,#12607) ;
#12602=AXIS2_PLACEMENT_3D(' ',#12603,#12606,#12605) ;
#12616=AXIS2_PLACEMENT_3D(' ',#12619,#12623,#12622) ;
#12617=AXIS2_PLACEMENT_3D(' ',#12618,#12621,#12620) ;
#12638=AXIS2_PLACEMENT_3D('Plane Axis2P3D',#12635,#12636,#12637) ;
#12657=AXIS2_PLACEMENT_3D('Circle Axis2P3D',#12655,#12656,$) ;
#12664=AXIS2_PLACEMENT_3D('Circle Axis2P3D',#12662,#12663,$) ;
#12684=AXIS2_PLACEMENT_3D('Circle Axis2P3D',#12682,#12683,$) ;
#12704=AXIS2_PLACEMENT_3D('Circle Axis2P3D',#12702,#12703,$) ;
#12724=AXIS2_PLACEMENT_3D('Circle Axis2P3D',#12722,#12723,$) ;
#12744=AXIS2_PLACEMENT_3D('Circle Axis2P3D',#12742,#12743,$) ;
#12764=AXIS2_PLACEMENT_3D('Circle Axis2P3D',#12762,#12763,$) ;
#12784=AXIS2_PLACEMENT_3D('Circle Axis2P3D',#12782,#12783,$) ;
#12804=AXIS2_PLACEMENT_3D('Circle Axis2P3D',#12802,#12803,$) ;
#12824=AXIS2_PLACEMENT_3D('Circle Axis2P3D',#12822,#12823,$) ;
#12844=AXIS2_PLACEMENT_3D('Circle Axis2P3D',#12842,#12843,$) ;
#12864=AXIS2_PLACEMENT_3D('Circle Axis2P3D',#12862,#12863,$) ;
#12884=AXIS2_PLACEMENT_3D('Circle Axis2P3D',#12882,#12883,$) ;
#12904=AXIS2_PLACEMENT_3D('Circle Axis2P3D',#12902,#12903,$) ;
#12924=AXIS2_PLACEMENT_3D('Circle Axis2P3D',#12922,#12923,$) ;
#12931=AXIS2_PLACEMENT_3D('Circle Axis2P3D',#12929,#12930,$) ;
#12951=AXIS2_PLACEMENT_3D('Circle Axis2P3D',#12949,#12950,$) ;
#12971=AXIS2_PLACEMENT_3D('Circle Axis2P3D',#12969,#12970,$) ;
#12991=AXIS2_PLACEMENT_3D('Circle Axis2P3D',#12989,#12990,$) ;
#13011=AXIS2_PLACEMENT_3D('Circle Axis2P3D',#13009,#13010,$) ;
#13031=AXIS2_PLACEMENT_3D('Circle Axis2P3D',#13029,#13030,$) ;
#13051=AXIS2_PLACEMENT_3D('Circle Axis2P3D',#13049,#13050,$) ;
#13071=AXIS2_PLACEMENT_3D('Circle Axis2P3D',#13069,#13070,$) ;
#13091=AXIS2_PLACEMENT_3D('Circle Axis2P3D',#13089,#13090,$) ;
#13111=AXIS2_PLACEMENT_3D('Circle Axis2P3D',#13109,#13110,$) ;
#13131=AXIS2_PLACEMENT_3D('Circle Axis2P3D',#13129,#13130,$) ;
#13151=AXIS2_PLACEMENT_3D('Circle Axis2P3D',#13149,#13150,$) ;
#13171=AXIS2_PLACEMENT_3D('Circle Axis2P3D',#13169,#13170,$) ;
#13232=AXIS2_PLACEMENT_3D('Circle Axis2P3D',#13230,#13231,$) ;
#13241=AXIS2_PLACEMENT_3D('Circle Axis2P3D',#13239,#13240,$) ;
#13287=AXIS2_PLACEMENT_3D('Cylinder Axis2P3D',#13284,#13285,#13286) ;
#13298=AXIS2_PLACEMENT_3D('Circle Axis2P3D',#13296,#13297,$) ;
#13311=AXIS2_PLACEMENT_3D('Cylinder Axis2P3D',#13308,#13309,#13310) ;
#13322=AXIS2_PLACEMENT_3D('Circle Axis2P3D',#13320,#13321,$) ;
#13364=AXIS2_PLACEMENT_3D('Cylinder Axis2P3D',#13361,#13362,#13363) ;
#13375=AXIS2_PLACEMENT_3D('Circle Axis2P3D',#13373,#13374,$) ;
#13417=AXIS2_PLACEMENT_3D('Cylinder Axis2P3D',#13414,#13415,#13416) ;
#13428=AXIS2_PLACEMENT_3D('Circle Axis2P3D',#13426,#13427,$) ;
#13470=AXIS2_PLACEMENT_3D('Cylinder Axis2P3D',#13467,#13468,#13469) ;
#13481=AXIS2_PLACEMENT_3D('Circle Axis2P3D',#13479,#13480,$) ;
#13523=AXIS2_PLACEMENT_3D('Cylinder Axis2P3D',#13520,#13521,#13522) ;
#13534=AXIS2_PLACEMENT_3D('Circle Axis2P3D',#13532,#13533,$) ;
#13576=AXIS2_PLACEMENT_3D('Cylinder Axis2P3D',#13573,#13574,#13575) ;
#13587=AXIS2_PLACEMENT_3D('Circle Axis2P3D',#13585,#13586,$) ;
#13629=AXIS2_PLACEMENT_3D('Cylinder Axis2P3D',#13626,#13627,#13628) ;
#13640=AXIS2_PLACEMENT_3D('Circle Axis2P3D',#13638,#13639,$) ;
#13682=AXIS2_PLACEMENT_3D('Cylinder Axis2P3D',#13679,#13680,#13681) ;
#13693=AXIS2_PLACEMENT_3D('Circle Axis2P3D',#13691,#13692,$) ;
#13735=AXIS2_PLACEMENT_3D('Cylinder Axis2P3D',#13732,#13733,#13734) ;
#13746=AXIS2_PLACEMENT_3D('Circle Axis2P3D',#13744,#13745,$) ;
#13788=AXIS2_PLACEMENT_3D('Cylinder Axis2P3D',#13785,#13786,#13787) ;
#13799=AXIS2_PLACEMENT_3D('Circle Axis2P3D',#13797,#13798,$) ;
#13841=AXIS2_PLACEMENT_3D('Cylinder Axis2P3D',#13838,#13839,#13840) ;
#13852=AXIS2_PLACEMENT_3D('Circle Axis2P3D',#13850,#13851,$) ;
#13894=AXIS2_PLACEMENT_3D('Cylinder Axis2P3D',#13891,#13892,#13893) ;
#13905=AXIS2_PLACEMENT_3D('Circle Axis2P3D',#13903,#13904,$) ;
#13947=AXIS2_PLACEMENT_3D('Cylinder Axis2P3D',#13944,#13945,#13946) ;
#13958=AXIS2_PLACEMENT_3D('Circle Axis2P3D',#13956,#13957,$) ;
#14000=AXIS2_PLACEMENT_3D('Cylinder Axis2P3D',#13997,#13998,#13999) ;
#14011=AXIS2_PLACEMENT_3D('Circle Axis2P3D',#14009,#14010,$) ;
#14024=AXIS2_PLACEMENT_3D('Cylinder Axis2P3D',#14021,#14022,#14023) ;
#14035=AXIS2_PLACEMENT_3D('Circle Axis2P3D',#14033,#14034,$) ;
#14077=AXIS2_PLACEMENT_3D('Cylinder Axis2P3D',#14074,#14075,#14076) ;
#14088=AXIS2_PLACEMENT_3D('Circle Axis2P3D',#14086,#14087,$) ;
#14130=AXIS2_PLACEMENT_3D('Cylinder Axis2P3D',#14127,#14128,#14129) ;
#14141=AXIS2_PLACEMENT_3D('Circle Axis2P3D',#14139,#14140,$) ;
#14183=AXIS2_PLACEMENT_3D('Cylinder Axis2P3D',#14180,#14181,#14182) ;
#14194=AXIS2_PLACEMENT_3D('Circle Axis2P3D',#14192,#14193,$) ;
#14236=AXIS2_PLACEMENT_3D('Cylinder Axis2P3D',#14233,#14234,#14235) ;
#14247=AXIS2_PLACEMENT_3D('Circle Axis2P3D',#14245,#14246,$) ;
#14289=AXIS2_PLACEMENT_3D('Cylinder Axis2P3D',#14286,#14287,#14288) ;
#14300=AXIS2_PLACEMENT_3D('Circle Axis2P3D',#14298,#14299,$) ;
#14342=AXIS2_PLACEMENT_3D('Cylinder Axis2P3D',#14339,#14340,#14341) ;
#14353=AXIS2_PLACEMENT_3D('Circle Axis2P3D',#14351,#14352,$) ;
#14395=AXIS2_PLACEMENT_3D('Cylinder Axis2P3D',#14392,#14393,#14394) ;
#14406=AXIS2_PLACEMENT_3D('Circle Axis2P3D',#14404,#14405,$) ;
#14448=AXIS2_PLACEMENT_3D('Cylinder Axis2P3D',#14445,#14446,#14447) ;
#14459=AXIS2_PLACEMENT_3D('Circle Axis2P3D',#14457,#14458,$) ;
#14501=AXIS2_PLACEMENT_3D('Cylinder Axis2P3D',#14498,#14499,#14500) ;
#14512=AXIS2_PLACEMENT_3D('Circle Axis2P3D',#14510,#14511,$) ;
#14554=AXIS2_PLACEMENT_3D('Cylinder Axis2P3D',#14551,#14552,#14553) ;
#14565=AXIS2_PLACEMENT_3D('Circle Axis2P3D',#14563,#14564,$) ;
#14607=AXIS2_PLACEMENT_3D('Cylinder Axis2P3D',#14604,#14605,#14606) ;
#14618=AXIS2_PLACEMENT_3D('Circle Axis2P3D',#14616,#14617,$) ;
#14660=AXIS2_PLACEMENT_3D('Cylinder Axis2P3D',#14657,#14658,#14659) ;
#14664=AXIS2_PLACEMENT_3D('Circle Axis2P3D',#14662,#14663,$) ;
#14677=AXIS2_PLACEMENT_3D('Cylinder Axis2P3D',#14674,#14675,#14676) ;
#14681=AXIS2_PLACEMENT_3D('Circle Axis2P3D',#14679,#14680,$) ;
#14708=AXIS2_PLACEMENT_3D('Cylinder Axis2P3D',#14705,#14706,#14707) ;
#14712=AXIS2_PLACEMENT_3D('Circle Axis2P3D',#14710,#14711,$) ;
#14725=AXIS2_PLACEMENT_3D('Plane Axis2P3D',#14722,#14723,#14724) ;
#14796=AXIS2_PLACEMENT_3D(' ',#14799,#14803,#14802) ;
#14797=AXIS2_PLACEMENT_3D(' ',#14798,#14801,#14800) ;
#45=PRODUCT_DEFINITION_SHAPE(' ',' ',#17) ;
#61=PRODUCT_DEFINITION_SHAPE(' ',' ',#58) ;
#1573=PRODUCT_DEFINITION_SHAPE(' ',' ',#1572) ;
#1594=PRODUCT_DEFINITION_SHAPE(' ',' ',#1591) ;
#2306=PRODUCT_DEFINITION_SHAPE(' ',' ',#2305) ;
#2327=PRODUCT_DEFINITION_SHAPE(' ',' ',#2324) ;
#4599=PRODUCT_DEFINITION_SHAPE(' ',' ',#4598) ;
#4620=PRODUCT_DEFINITION_SHAPE(' ',' ',#4617) ;
#8215=PRODUCT_DEFINITION_SHAPE(' ',' ',#8214) ;
#8236=PRODUCT_DEFINITION_SHAPE(' ',' ',#8233) ;
#11220=PRODUCT_DEFINITION_SHAPE(' ',' ',#11219) ;
#11235=PRODUCT_DEFINITION_SHAPE(' ',' ',#11234) ;
#11256=PRODUCT_DEFINITION_SHAPE(' ',' ',#11253) ;
#12477=PRODUCT_DEFINITION_SHAPE(' ',' ',#12476) ;
#12492=PRODUCT_DEFINITION_SHAPE(' ',' ',#12491) ;
#12507=PRODUCT_DEFINITION_SHAPE(' ',' ',#12506) ;
#12522=PRODUCT_DEFINITION_SHAPE(' ',' ',#12521) ;
#12537=PRODUCT_DEFINITION_SHAPE(' ',' ',#12536) ;
#12552=PRODUCT_DEFINITION_SHAPE(' ',' ',#12551) ;
#12567=PRODUCT_DEFINITION_SHAPE(' ',' ',#12566) ;
#12582=PRODUCT_DEFINITION_SHAPE(' ',' ',#12581) ;
#12597=PRODUCT_DEFINITION_SHAPE(' ',' ',#12596) ;
#12612=PRODUCT_DEFINITION_SHAPE(' ',' ',#12611) ;
#12633=PRODUCT_DEFINITION_SHAPE(' ',' ',#12630) ;
#14792=PRODUCT_DEFINITION_SHAPE(' ',' ',#14791) ;
#34=APPROVAL_PERSON_ORGANIZATION(#28,#24,#22) ;
#28=PERSON_AND_ORGANIZATION(#25,#26) ;
#25=PERSON(' ',' ',' ',$,$,$) ;
#26=ORGANIZATION(' ',' ',' ') ;
#24=APPROVAL(#23,' ') ;
#23=APPROVAL_STATUS('not_yet_approved') ;
#22=APPROVAL_ROLE('APPROVER') ;
#13=DATE_AND_TIME(#11,#12) ;
#12=LOCAL_TIME(13,59,18.,#10) ;
#10=COORDINATED_UNIVERSAL_TIME_OFFSET(0,0,.AHEAD.) ;
#97=ORIENTED_EDGE('',*,*,#76,.F.) ;
#98=ORIENTED_EDGE('',*,*,#83,.T.) ;
#99=ORIENTED_EDGE('',*,*,#90,.F.) ;
#100=ORIENTED_EDGE('',*,*,#95,.F.) ;
#217=ORIENTED_EDGE('',*,*,#116,.T.) ;
#218=ORIENTED_EDGE('',*,*,#123,.T.) ;
#219=ORIENTED_EDGE('',*,*,#130,.T.) ;
#220=ORIENTED_EDGE('',*,*,#143,.T.) ;
#221=ORIENTED_EDGE('',*,*,#150,.T.) ;
#222=ORIENTED_EDGE('',*,*,#163,.T.) ;
#223=ORIENTED_EDGE('',*,*,#170,.T.) ;
#224=ORIENTED_EDGE('',*,*,#177,.T.) ;
#225=ORIENTED_EDGE('',*,*,#184,.T.) ;
#226=ORIENTED_EDGE('',*,*,#197,.T.) ;
#227=ORIENTED_EDGE('',*,*,#204,.T.) ;
#228=ORIENTED_EDGE('',*,*,#215,.T.) ;
#281=ORIENTED_EDGE('',*,*,#256,.T.) ;
#282=ORIENTED_EDGE('',*,*,#279,.T.) ;
#308=ORIENTED_EDGE('',*,*,#306,.T.) ;
#309=ORIENTED_EDGE('',*,*,#76,.T.) ;
#323=ORIENTED_EDGE('',*,*,#83,.F.) ;
#324=ORIENTED_EDGE('',*,*,#306,.F.) ;
#325=ORIENTED_EDGE('',*,*,#95,.T.) ;
#326=ORIENTED_EDGE('',*,*,#321,.F.) ;
#360=ORIENTED_EDGE('',*,*,#340,.F.) ;
#361=ORIENTED_EDGE('',*,*,#90,.T.) ;
#362=ORIENTED_EDGE('',*,*,#347,.T.) ;
#363=ORIENTED_EDGE('',*,*,#358,.T.) ;
#391=ORIENTED_EDGE('',*,*,#379,.F.) ;
#392=ORIENTED_EDGE('',*,*,#384,.T.) ;
#393=ORIENTED_EDGE('',*,*,#116,.F.) ;
#394=ORIENTED_EDGE('',*,*,#389,.T.) ;
#415=ORIENTED_EDGE('',*,*,#408,.F.) ;
#416=ORIENTED_EDGE('',*,*,#413,.T.) ;
#417=ORIENTED_EDGE('',*,*,#123,.F.) ;
#418=ORIENTED_EDGE('',*,*,#384,.F.) ;
#439=ORIENTED_EDGE('',*,*,#413,.F.) ;
#440=ORIENTED_EDGE('',*,*,#432,.F.) ;
#441=ORIENTED_EDGE('',*,*,#437,.F.) ;
#442=ORIENTED_EDGE('',*,*,#130,.F.) ;
#463=ORIENTED_EDGE('',*,*,#456,.T.) ;
#464=ORIENTED_EDGE('',*,*,#143,.F.) ;
#465=ORIENTED_EDGE('',*,*,#437,.T.) ;
#466=ORIENTED_EDGE('',*,*,#461,.F.) ;
#487=ORIENTED_EDGE('',*,*,#480,.T.) ;
#488=ORIENTED_EDGE('',*,*,#150,.F.) ;
#489=ORIENTED_EDGE('',*,*,#456,.F.) ;
#490=ORIENTED_EDGE('',*,*,#485,.F.) ;
#511=ORIENTED_EDGE('',*,*,#504,.T.) ;
#512=ORIENTED_EDGE('',*,*,#163,.F.) ;
#513=ORIENTED_EDGE('',*,*,#480,.F.) ;
#514=ORIENTED_EDGE('',*,*,#509,.F.) ;
#535=ORIENTED_EDGE('',*,*,#528,.F.) ;
#536=ORIENTED_EDGE('',*,*,#533,.T.) ;
#537=ORIENTED_EDGE('',*,*,#170,.F.) ;
#538=ORIENTED_EDGE('',*,*,#504,.F.) ;
#559=ORIENTED_EDGE('',*,*,#533,.F.) ;
#560=ORIENTED_EDGE('',*,*,#552,.F.) ;
#561=ORIENTED_EDGE('',*,*,#557,.T.) ;
#562=ORIENTED_EDGE('',*,*,#177,.F.) ;
#583=ORIENTED_EDGE('',*,*,#557,.F.) ;
#584=ORIENTED_EDGE('',*,*,#576,.F.) ;
#585=ORIENTED_EDGE('',*,*,#581,.T.) ;
#586=ORIENTED_EDGE('',*,*,#184,.F.) ;
#607=ORIENTED_EDGE('',*,*,#600,.F.) ;
#608=ORIENTED_EDGE('',*,*,#197,.F.) ;
#609=ORIENTED_EDGE('',*,*,#581,.F.) ;
#610=ORIENTED_EDGE('',*,*,#605,.F.) ;
#631=ORIENTED_EDGE('',*,*,#600,.T.) ;
#632=ORIENTED_EDGE('',*,*,#624,.F.) ;
#633=ORIENTED_EDGE('',*,*,#629,.F.) ;
#634=ORIENTED_EDGE('',*,*,#204,.F.) ;
#648=ORIENTED_EDGE('',*,*,#629,.T.) ;
#649=ORIENTED_EDGE('',*,*,#646,.F.) ;
#650=ORIENTED_EDGE('',*,*,#389,.F.) ;
#651=ORIENTED_EDGE('',*,*,#215,.F.) ;
#679=ORIENTED_EDGE('',*,*,#665,.F.) ;
#680=ORIENTED_EDGE('',*,*,#256,.F.) ;
#681=ORIENTED_EDGE('',*,*,#672,.T.) ;
#682=ORIENTED_EDGE('',*,*,#677,.F.) ;
#696=ORIENTED_EDGE('',*,*,#279,.F.) ;
#697=ORIENTED_EDGE('',*,*,#665,.T.) ;
#698=ORIENTED_EDGE('',*,*,#694,.F.) ;
#699=ORIENTED_EDGE('',*,*,#672,.F.) ;
#719=ORIENTED_EDGE('',*,*,#321,.T.) ;
#720=ORIENTED_EDGE('',*,*,#340,.T.) ;
#721=ORIENTED_EDGE('',*,*,#717,.T.) ;
#722=ORIENTED_EDGE('',*,*,#347,.F.) ;
#750=ORIENTED_EDGE('',*,*,#358,.F.) ;
#751=ORIENTED_EDGE('',*,*,#736,.T.) ;
#752=ORIENTED_EDGE('',*,*,#743,.F.) ;
#753=ORIENTED_EDGE('',*,*,#748,.F.) ;
#783=ORIENTED_EDGE('',*,*,#767,.F.) ;
#784=ORIENTED_EDGE('',*,*,#379,.T.) ;
#785=ORIENTED_EDGE('',*,*,#774,.T.) ;
#786=ORIENTED_EDGE('',*,*,#781,.T.) ;
#807=ORIENTED_EDGE('',*,*,#408,.T.) ;
#808=ORIENTED_EDGE('',*,*,#767,.T.) ;
#809=ORIENTED_EDGE('',*,*,#800,.T.) ;
#810=ORIENTED_EDGE('',*,*,#805,.F.) ;
#831=ORIENTED_EDGE('',*,*,#432,.T.) ;
#832=ORIENTED_EDGE('',*,*,#805,.T.) ;
#833=ORIENTED_EDGE('',*,*,#824,.T.) ;
#834=ORIENTED_EDGE('',*,*,#829,.F.) ;
#855=ORIENTED_EDGE('',*,*,#829,.T.) ;
#856=ORIENTED_EDGE('',*,*,#848,.T.) ;
#857=ORIENTED_EDGE('',*,*,#853,.F.) ;
#858=ORIENTED_EDGE('',*,*,#461,.T.) ;
#879=ORIENTED_EDGE('',*,*,#853,.T.) ;
#880=ORIENTED_EDGE('',*,*,#872,.T.) ;
#881=ORIENTED_EDGE('',*,*,#877,.F.) ;
#882=ORIENTED_EDGE('',*,*,#485,.T.) ;
#905=ORIENTED_EDGE('',*,*,#877,.T.) ;
#906=ORIENTED_EDGE('',*,*,#898,.T.) ;
#907=ORIENTED_EDGE('',*,*,#903,.F.) ;
#908=ORIENTED_EDGE('',*,*,#509,.T.) ;
#929=ORIENTED_EDGE('',*,*,#922,.F.) ;
#930=ORIENTED_EDGE('',*,*,#528,.T.) ;
#931=ORIENTED_EDGE('',*,*,#903,.T.) ;
#932=ORIENTED_EDGE('',*,*,#927,.T.) ;
#965=ORIENTED_EDGE('',*,*,#946,.F.) ;
#966=ORIENTED_EDGE('',*,*,#552,.T.) ;
#967=ORIENTED_EDGE('',*,*,#922,.T.) ;
#968=ORIENTED_EDGE('',*,*,#963,.T.) ;
#989=ORIENTED_EDGE('',*,*,#576,.T.) ;
#990=ORIENTED_EDGE('',*,*,#946,.T.) ;
#991=ORIENTED_EDGE('',*,*,#982,.T.) ;
#992=ORIENTED_EDGE('',*,*,#987,.F.) ;
#1013=ORIENTED_EDGE('',*,*,#987,.T.) ;
#1014=ORIENTED_EDGE('',*,*,#1006,.T.) ;
#1015=ORIENTED_EDGE('',*,*,#1011,.F.) ;
#1016=ORIENTED_EDGE('',*,*,#605,.T.) ;
#1037=ORIENTED_EDGE('',*,*,#1011,.T.) ;
#1038=ORIENTED_EDGE('',*,*,#1030,.T.) ;
#1039=ORIENTED_EDGE('',*,*,#1035,.F.) ;
#1040=ORIENTED_EDGE('',*,*,#624,.T.) ;
#1054=ORIENTED_EDGE('',*,*,#1035,.T.) ;
#1055=ORIENTED_EDGE('',*,*,#1052,.T.) ;
#1056=ORIENTED_EDGE('',*,*,#774,.F.) ;
#1057=ORIENTED_EDGE('',*,*,#646,.T.) ;
#1091=ORIENTED_EDGE('',*,*,#677,.T.) ;
#1092=ORIENTED_EDGE('',*,*,#1071,.T.) ;
#1093=ORIENTED_EDGE('',*,*,#1084,.T.) ;
#1094=ORIENTED_EDGE('',*,*,#1089,.F.) ;
#1114=ORIENTED_EDGE('',*,*,#1071,.F.) ;
#1115=ORIENTED_EDGE('',*,*,#694,.T.) ;
#1116=ORIENTED_EDGE('',*,*,#1089,.T.) ;
#1117=ORIENTED_EDGE('',*,*,#1112,.T.) ;
#1131=ORIENTED_EDGE('',*,*,#736,.F.) ;
#1132=ORIENTED_EDGE('',*,*,#717,.F.) ;
#1133=ORIENTED_EDGE('',*,*,#748,.T.) ;
#1134=ORIENTED_EDGE('',*,*,#1129,.F.) ;
#1293=ORIENTED_EDGE('',*,*,#1156,.T.) ;
#1294=ORIENTED_EDGE('',*,*,#1184,.T.) ;
#1295=ORIENTED_EDGE('',*,*,#1197,.T.) ;
#1296=ORIENTED_EDGE('',*,*,#1204,.T.) ;
#1297=ORIENTED_EDGE('',*,*,#1211,.T.) ;
#1298=ORIENTED_EDGE('',*,*,#1218,.T.) ;
#1299=ORIENTED_EDGE('',*,*,#1231,.T.) ;
#1300=ORIENTED_EDGE('',*,*,#1259,.T.) ;
#1301=ORIENTED_EDGE('',*,*,#1272,.T.) ;
#1302=ORIENTED_EDGE('',*,*,#1279,.T.) ;
#1303=ORIENTED_EDGE('',*,*,#1286,.T.) ;
#1304=ORIENTED_EDGE('',*,*,#1291,.T.) ;
#1321=ORIENTED_EDGE('',*,*,#1314,.T.) ;
#1322=ORIENTED_EDGE('',*,*,#1319,.T.) ;
#1325=ORIENTED_EDGE('',*,*,#743,.T.) ;
#1326=ORIENTED_EDGE('',*,*,#1129,.T.) ;
#1345=ORIENTED_EDGE('',*,*,#1272,.F.) ;
#1346=ORIENTED_EDGE('',*,*,#1338,.T.) ;
#1347=ORIENTED_EDGE('',*,*,#781,.F.) ;
#1348=ORIENTED_EDGE('',*,*,#1343,.T.) ;
#1362=ORIENTED_EDGE('',*,*,#1259,.F.) ;
#1363=ORIENTED_EDGE('',*,*,#1360,.T.) ;
#1364=ORIENTED_EDGE('',*,*,#800,.F.) ;
#1365=ORIENTED_EDGE('',*,*,#1338,.F.) ;
#1379=ORIENTED_EDGE('',*,*,#1360,.F.) ;
#1380=ORIENTED_EDGE('',*,*,#1231,.F.) ;
#1381=ORIENTED_EDGE('',*,*,#1377,.F.) ;
#1382=ORIENTED_EDGE('',*,*,#824,.F.) ;
#1396=ORIENTED_EDGE('',*,*,#1377,.T.) ;
#1397=ORIENTED_EDGE('',*,*,#1218,.F.) ;
#1398=ORIENTED_EDGE('',*,*,#1394,.F.) ;
#1399=ORIENTED_EDGE('',*,*,#848,.F.) ;
#1413=ORIENTED_EDGE('',*,*,#1394,.T.) ;
#1414=ORIENTED_EDGE('',*,*,#1211,.F.) ;
#1415=ORIENTED_EDGE('',*,*,#1411,.F.) ;
#1416=ORIENTED_EDGE('',*,*,#872,.F.) ;
#1430=ORIENTED_EDGE('',*,*,#1411,.T.) ;
#1431=ORIENTED_EDGE('',*,*,#1204,.F.) ;
#1432=ORIENTED_EDGE('',*,*,#1428,.T.) ;
#1433=ORIENTED_EDGE('',*,*,#898,.F.) ;
#1447=ORIENTED_EDGE('',*,*,#1197,.F.) ;
#1448=ORIENTED_EDGE('',*,*,#1445,.T.) ;
#1449=ORIENTED_EDGE('',*,*,#927,.F.) ;
#1450=ORIENTED_EDGE('',*,*,#1428,.F.) ;
#1464=ORIENTED_EDGE('',*,*,#1445,.F.) ;
#1465=ORIENTED_EDGE('',*,*,#1184,.F.) ;
#1466=ORIENTED_EDGE('',*,*,#1462,.T.) ;
#1467=ORIENTED_EDGE('',*,*,#963,.F.) ;
#1481=ORIENTED_EDGE('',*,*,#1462,.F.) ;
#1482=ORIENTED_EDGE('',*,*,#1156,.F.) ;
#1483=ORIENTED_EDGE('',*,*,#1479,.T.) ;
#1484=ORIENTED_EDGE('',*,*,#982,.F.) ;
#1498=ORIENTED_EDGE('',*,*,#1496,.T.) ;
#1499=ORIENTED_EDGE('',*,*,#1006,.F.) ;
#1500=ORIENTED_EDGE('',*,*,#1479,.F.) ;
#1501=ORIENTED_EDGE('',*,*,#1291,.F.) ;
#1517=ORIENTED_EDGE('',*,*,#1515,.T.) ;
#1518=ORIENTED_EDGE('',*,*,#1030,.F.) ;
#1519=ORIENTED_EDGE('',*,*,#1496,.F.) ;
#1520=ORIENTED_EDGE('',*,*,#1286,.F.) ;
#1529=ORIENTED_EDGE('',*,*,#1515,.F.) ;
#1530=ORIENTED_EDGE('',*,*,#1279,.F.) ;
#1531=ORIENTED_EDGE('',*,*,#1343,.F.) ;
#1532=ORIENTED_EDGE('',*,*,#1052,.F.) ;
#1551=ORIENTED_EDGE('',*,*,#1544,.F.) ;
#1552=ORIENTED_EDGE('',*,*,#1084,.F.) ;
#1553=ORIENTED_EDGE('',*,*,#1549,.T.) ;
#1554=ORIENTED_EDGE('',*,*,#1319,.F.) ;
#1563=ORIENTED_EDGE('',*,*,#1112,.F.) ;
#1564=ORIENTED_EDGE('',*,*,#1544,.T.) ;
#1565=ORIENTED_EDGE('',*,*,#1314,.F.) ;
#1566=ORIENTED_EDGE('',*,*,#1549,.F.) ;
#1630=ORIENTED_EDGE('',*,*,#1609,.F.) ;
#1631=ORIENTED_EDGE('',*,*,#1616,.T.) ;
#1632=ORIENTED_EDGE('',*,*,#1623,.T.) ;
#1633=ORIENTED_EDGE('',*,*,#1628,.F.) ;
#1708=ORIENTED_EDGE('',*,*,#1649,.T.) ;
#1709=ORIENTED_EDGE('',*,*,#1668,.T.) ;
#1710=ORIENTED_EDGE('',*,*,#1675,.T.) ;
#1711=ORIENTED_EDGE('',*,*,#1682,.F.) ;
#1712=ORIENTED_EDGE('',*,*,#1689,.T.) ;
#1713=ORIENTED_EDGE('',*,*,#1706,.T.) ;
#1721=ORIENTED_EDGE('',*,*,#1719,.T.) ;
#1722=ORIENTED_EDGE('',*,*,#1609,.T.) ;
#1736=ORIENTED_EDGE('',*,*,#1616,.F.) ;
#1737=ORIENTED_EDGE('',*,*,#1719,.F.) ;
#1738=ORIENTED_EDGE('',*,*,#1628,.T.) ;
#1739=ORIENTED_EDGE('',*,*,#1734,.T.) ;
#1790=ORIENTED_EDGE('',*,*,#1755,.F.) ;
#1791=ORIENTED_EDGE('',*,*,#1762,.T.) ;
#1792=ORIENTED_EDGE('',*,*,#1769,.F.) ;
#1793=ORIENTED_EDGE('',*,*,#1776,.T.) ;
#1794=ORIENTED_EDGE('',*,*,#1783,.F.) ;
#1795=ORIENTED_EDGE('',*,*,#1788,.F.) ;
#1798=ORIENTED_EDGE('',*,*,#1734,.F.) ;
#1799=ORIENTED_EDGE('',*,*,#1623,.F.) ;
#1818=ORIENTED_EDGE('',*,*,#1769,.T.) ;
#1819=ORIENTED_EDGE('',*,*,#1811,.T.) ;
#1820=ORIENTED_EDGE('',*,*,#1649,.F.) ;
#1821=ORIENTED_EDGE('',*,*,#1816,.T.) ;
#1835=ORIENTED_EDGE('',*,*,#1668,.F.) ;
#1836=ORIENTED_EDGE('',*,*,#1811,.F.) ;
#1837=ORIENTED_EDGE('',*,*,#1762,.F.) ;
#1838=ORIENTED_EDGE('',*,*,#1833,.F.) ;
#1852=ORIENTED_EDGE('',*,*,#1675,.F.) ;
#1853=ORIENTED_EDGE('',*,*,#1833,.T.) ;
#1854=ORIENTED_EDGE('',*,*,#1755,.T.) ;
#1855=ORIENTED_EDGE('',*,*,#1850,.T.) ;
#1883=ORIENTED_EDGE('',*,*,#1871,.F.) ;
#1884=ORIENTED_EDGE('',*,*,#1876,.F.) ;
#1885=ORIENTED_EDGE('',*,*,#1682,.T.) ;
#1886=ORIENTED_EDGE('',*,*,#1881,.F.) ;
#1905=ORIENTED_EDGE('',*,*,#1783,.T.) ;
#1906=ORIENTED_EDGE('',*,*,#1898,.T.) ;
#1907=ORIENTED_EDGE('',*,*,#1689,.F.) ;
#1908=ORIENTED_EDGE('',*,*,#1903,.F.) ;
#1917=ORIENTED_EDGE('',*,*,#1706,.F.) ;
#1918=ORIENTED_EDGE('',*,*,#1898,.F.) ;
#1919=ORIENTED_EDGE('',*,*,#1776,.F.) ;
#1920=ORIENTED_EDGE('',*,*,#1816,.F.) ;
#1948=ORIENTED_EDGE('',*,*,#1936,.T.) ;
#1949=ORIENTED_EDGE('',*,*,#1941,.T.) ;
#1950=ORIENTED_EDGE('',*,*,#1788,.T.) ;
#1951=ORIENTED_EDGE('',*,*,#1946,.T.) ;
#1965=ORIENTED_EDGE('',*,*,#1850,.F.) ;
#1966=ORIENTED_EDGE('',*,*,#1941,.F.) ;
#1967=ORIENTED_EDGE('',*,*,#1963,.T.) ;
#1968=ORIENTED_EDGE('',*,*,#1881,.T.) ;
#2010=ORIENTED_EDGE('',*,*,#1871,.T.) ;
#2011=ORIENTED_EDGE('',*,*,#1982,.F.) ;
#2012=ORIENTED_EDGE('',*,*,#1989,.F.) ;
#2013=ORIENTED_EDGE('',*,*,#1996,.F.) ;
#2014=ORIENTED_EDGE('',*,*,#2003,.F.) ;
#2015=ORIENTED_EDGE('',*,*,#2008,.F.) ;
#2032=ORIENTED_EDGE('',*,*,#2025,.T.) ;
#2033=ORIENTED_EDGE('',*,*,#2030,.T.) ;
#2050=ORIENTED_EDGE('',*,*,#2043,.T.) ;
#2051=ORIENTED_EDGE('',*,*,#2048,.T.) ;
#2065=ORIENTED_EDGE('',*,*,#1946,.F.) ;
#2066=ORIENTED_EDGE('',*,*,#1903,.T.) ;
#2067=ORIENTED_EDGE('',*,*,#1876,.T.) ;
#2068=ORIENTED_EDGE('',*,*,#2063,.F.) ;
#2110=ORIENTED_EDGE('',*,*,#2082,.T.) ;
#2111=ORIENTED_EDGE('',*,*,#1936,.F.) ;
#2112=ORIENTED_EDGE('',*,*,#2089,.T.) ;
#2113=ORIENTED_EDGE('',*,*,#2096,.T.) ;
#2114=ORIENTED_EDGE('',*,*,#2103,.T.) ;
#2115=ORIENTED_EDGE('',*,*,#2108,.T.) ;
#2132=ORIENTED_EDGE('',*,*,#2125,.F.) ;
#2133=ORIENTED_EDGE('',*,*,#2130,.F.) ;
#2150=ORIENTED_EDGE('',*,*,#2143,.F.) ;
#2151=ORIENTED_EDGE('',*,*,#2148,.F.) ;
#2165=ORIENTED_EDGE('',*,*,#1963,.F.) ;
#2166=ORIENTED_EDGE('',*,*,#2082,.F.) ;
#2167=ORIENTED_EDGE('',*,*,#2163,.T.) ;
#2168=ORIENTED_EDGE('',*,*,#1982,.T.) ;
#2182=ORIENTED_EDGE('',*,*,#1989,.T.) ;
#2183=ORIENTED_EDGE('',*,*,#2163,.F.) ;
#2184=ORIENTED_EDGE('',*,*,#2108,.F.) ;
#2185=ORIENTED_EDGE('',*,*,#2180,.T.) ;
#2199=ORIENTED_EDGE('',*,*,#1996,.T.) ;
#2200=ORIENTED_EDGE('',*,*,#2180,.F.) ;
#2201=ORIENTED_EDGE('',*,*,#2103,.F.) ;
#2202=ORIENTED_EDGE('',*,*,#2197,.T.) ;
#2216=ORIENTED_EDGE('',*,*,#2003,.T.) ;
#2217=ORIENTED_EDGE('',*,*,#2197,.F.) ;
#2218=ORIENTED_EDGE('',*,*,#2096,.F.) ;
#2219=ORIENTED_EDGE('',*,*,#2214,.T.) ;
#2228=ORIENTED_EDGE('',*,*,#2063,.T.) ;
#2229=ORIENTED_EDGE('',*,*,#2008,.T.) ;
#2230=ORIENTED_EDGE('',*,*,#2214,.F.) ;
#2231=ORIENTED_EDGE('',*,*,#2089,.F.) ;
#2250=ORIENTED_EDGE('',*,*,#2143,.T.) ;
#2251=ORIENTED_EDGE('',*,*,#2243,.T.) ;
#2252=ORIENTED_EDGE('',*,*,#2025,.F.) ;
#2253=ORIENTED_EDGE('',*,*,#2248,.F.) ;
#2262=ORIENTED_EDGE('',*,*,#2243,.F.) ;
#2263=ORIENTED_EDGE('',*,*,#2148,.T.) ;
#2264=ORIENTED_EDGE('',*,*,#2248,.T.) ;
#2265=ORIENTED_EDGE('',*,*,#2030,.F.) ;
#2284=ORIENTED_EDGE('',*,*,#2125,.T.) ;
#2285=ORIENTED_EDGE('',*,*,#2277,.T.) ;
#2286=ORIENTED_EDGE('',*,*,#2043,.F.) ;
#2287=ORIENTED_EDGE('',*,*,#2282,.F.) ;
#2296=ORIENTED_EDGE('',*,*,#2277,.F.) ;
#2297=ORIENTED_EDGE('',*,*,#2130,.T.) ;
#2298=ORIENTED_EDGE('',*,*,#2282,.T.) ;
#2299=ORIENTED_EDGE('',*,*,#2048,.F.) ;
#2363=ORIENTED_EDGE('',*,*,#2342,.T.) ;
#2364=ORIENTED_EDGE('',*,*,#2349,.T.) ;
#2365=ORIENTED_EDGE('',*,*,#2356,.F.) ;
#2366=ORIENTED_EDGE('',*,*,#2361,.F.) ;
#2541=ORIENTED_EDGE('',*,*,#2388,.T.) ;
#2542=ORIENTED_EDGE('',*,*,#2395,.T.) ;
#2543=ORIENTED_EDGE('',*,*,#2408,.T.) ;
#2544=ORIENTED_EDGE('',*,*,#2415,.T.) ;
#2545=ORIENTED_EDGE('',*,*,#2428,.T.) ;
#2546=ORIENTED_EDGE('',*,*,#2435,.T.) ;
#2547=ORIENTED_EDGE('',*,*,#2451,.T.) ;
#2548=ORIENTED_EDGE('',*,*,#2458,.T.) ;
#2549=ORIENTED_EDGE('',*,*,#2474,.T.) ;
#2550=ORIENTED_EDGE('',*,*,#2481,.T.) ;
#2551=ORIENTED_EDGE('',*,*,#2494,.T.) ;
#2552=ORIENTED_EDGE('',*,*,#2501,.T.) ;
#2553=ORIENTED_EDGE('',*,*,#2514,.T.) ;
#2554=ORIENTED_EDGE('',*,*,#2521,.T.) ;
#2555=ORIENTED_EDGE('',*,*,#2534,.T.) ;
#2556=ORIENTED_EDGE('',*,*,#2539,.T.) ;
#2609=ORIENTED_EDGE('',*,*,#2584,.F.) ;
#2610=ORIENTED_EDGE('',*,*,#2607,.F.) ;
#2663=ORIENTED_EDGE('',*,*,#2638,.F.) ;
#2664=ORIENTED_EDGE('',*,*,#2661,.F.) ;
#2717=ORIENTED_EDGE('',*,*,#2692,.F.) ;
#2718=ORIENTED_EDGE('',*,*,#2715,.F.) ;
#2839=ORIENTED_EDGE('',*,*,#2728,.F.) ;
#2840=ORIENTED_EDGE('',*,*,#2747,.F.) ;
#2841=ORIENTED_EDGE('',*,*,#2766,.F.) ;
#2842=ORIENTED_EDGE('',*,*,#2773,.F.) ;
#2843=ORIENTED_EDGE('',*,*,#2780,.F.) ;
#2844=ORIENTED_EDGE('',*,*,#2787,.F.) ;
#2845=ORIENTED_EDGE('',*,*,#2794,.F.) ;
#2846=ORIENTED_EDGE('',*,*,#2822,.F.) ;
#2847=ORIENTED_EDGE('',*,*,#2832,.F.) ;
#2848=ORIENTED_EDGE('',*,*,#2837,.F.) ;
#2901=ORIENTED_EDGE('',*,*,#2876,.F.) ;
#2902=ORIENTED_EDGE('',*,*,#2899,.F.) ;
#2961=ORIENTED_EDGE('',*,*,#2933,.F.) ;
#2962=ORIENTED_EDGE('',*,*,#2959,.F.) ;
#3015=ORIENTED_EDGE('',*,*,#2990,.F.) ;
#3016=ORIENTED_EDGE('',*,*,#3013,.F.) ;
#3069=ORIENTED_EDGE('',*,*,#3044,.F.) ;
#3070=ORIENTED_EDGE('',*,*,#3067,.F.) ;
#3108=ORIENTED_EDGE('',*,*,#2342,.F.) ;
#3109=ORIENTED_EDGE('',*,*,#3078,.F.) ;
#3110=ORIENTED_EDGE('',*,*,#3085,.F.) ;
#3111=ORIENTED_EDGE('',*,*,#3092,.F.) ;
#3112=ORIENTED_EDGE('',*,*,#3106,.F.) ;
#3133=ORIENTED_EDGE('',*,*,#2349,.F.) ;
#3134=ORIENTED_EDGE('',*,*,#3106,.T.) ;
#3135=ORIENTED_EDGE('',*,*,#3126,.T.) ;
#3136=ORIENTED_EDGE('',*,*,#3131,.F.) ;
#3311=ORIENTED_EDGE('',*,*,#3158,.F.) ;
#3312=ORIENTED_EDGE('',*,*,#3165,.F.) ;
#3313=ORIENTED_EDGE('',*,*,#3178,.F.) ;
#3314=ORIENTED_EDGE('',*,*,#3185,.F.) ;
#3315=ORIENTED_EDGE('',*,*,#3198,.F.) ;
#3316=ORIENTED_EDGE('',*,*,#3205,.F.) ;
#3317=ORIENTED_EDGE('',*,*,#3218,.F.) ;
#3318=ORIENTED_EDGE('',*,*,#3225,.F.) ;
#3319=ORIENTED_EDGE('',*,*,#3241,.F.) ;
#3320=ORIENTED_EDGE('',*,*,#3248,.F.) ;
#3321=ORIENTED_EDGE('',*,*,#3264,.F.) ;
#3322=ORIENTED_EDGE('',*,*,#3271,.F.) ;
#3323=ORIENTED_EDGE('',*,*,#3284,.F.) ;
#3324=ORIENTED_EDGE('',*,*,#3291,.F.) ;
#3325=ORIENTED_EDGE('',*,*,#3304,.F.) ;
#3326=ORIENTED_EDGE('',*,*,#3309,.F.) ;
#3379=ORIENTED_EDGE('',*,*,#3354,.T.) ;
#3380=ORIENTED_EDGE('',*,*,#3377,.T.) ;
#3501=ORIENTED_EDGE('',*,*,#3402,.T.) ;
#3502=ORIENTED_EDGE('',*,*,#3421,.T.) ;
#3503=ORIENTED_EDGE('',*,*,#3428,.T.) ;
#3504=ORIENTED_EDGE('',*,*,#3435,.T.) ;
#3505=ORIENTED_EDGE('',*,*,#3445,.T.) ;
#3506=ORIENTED_EDGE('',*,*,#3473,.T.) ;
#3507=ORIENTED_EDGE('',*,*,#3480,.T.) ;
#3508=ORIENTED_EDGE('',*,*,#3487,.T.) ;
#3509=ORIENTED_EDGE('',*,*,#3494,.T.) ;
#3510=ORIENTED_EDGE('',*,*,#3499,.T.) ;
#3563=ORIENTED_EDGE('',*,*,#3538,.T.) ;
#3564=ORIENTED_EDGE('',*,*,#3561,.T.) ;
#3623=ORIENTED_EDGE('',*,*,#3595,.T.) ;
#3624=ORIENTED_EDGE('',*,*,#3621,.T.) ;
#3677=ORIENTED_EDGE('',*,*,#3652,.T.) ;
#3678=ORIENTED_EDGE('',*,*,#3675,.T.) ;
#3731=ORIENTED_EDGE('',*,*,#3706,.T.) ;
#3732=ORIENTED_EDGE('',*,*,#3729,.T.) ;
#3785=ORIENTED_EDGE('',*,*,#3760,.T.) ;
#3786=ORIENTED_EDGE('',*,*,#3783,.T.) ;
#3839=ORIENTED_EDGE('',*,*,#3814,.T.) ;
#3840=ORIENTED_EDGE('',*,*,#3837,.T.) ;
#3862=ORIENTED_EDGE('',*,*,#3848,.T.) ;
#3863=ORIENTED_EDGE('',*,*,#2356,.T.) ;
#3864=ORIENTED_EDGE('',*,*,#3131,.T.) ;
#3865=ORIENTED_EDGE('',*,*,#3855,.T.) ;
#3866=ORIENTED_EDGE('',*,*,#3860,.T.) ;
#3880=ORIENTED_EDGE('',*,*,#3848,.F.) ;
#3881=ORIENTED_EDGE('',*,*,#3878,.F.) ;
#3882=ORIENTED_EDGE('',*,*,#3078,.T.) ;
#3883=ORIENTED_EDGE('',*,*,#2361,.T.) ;
#3902=ORIENTED_EDGE('',*,*,#3158,.T.) ;
#3903=ORIENTED_EDGE('',*,*,#3895,.F.) ;
#3904=ORIENTED_EDGE('',*,*,#2388,.F.) ;
#3905=ORIENTED_EDGE('',*,*,#3900,.T.) ;
#3919=ORIENTED_EDGE('',*,*,#3309,.T.) ;
#3920=ORIENTED_EDGE('',*,*,#3917,.F.) ;
#3921=ORIENTED_EDGE('',*,*,#2395,.F.) ;
#3922=ORIENTED_EDGE('',*,*,#3895,.T.) ;
#3936=ORIENTED_EDGE('',*,*,#3304,.T.) ;
#3937=ORIENTED_EDGE('',*,*,#3934,.F.) ;
#3938=ORIENTED_EDGE('',*,*,#2408,.F.) ;
#3939=ORIENTED_EDGE('',*,*,#3917,.T.) ;
#3953=ORIENTED_EDGE('',*,*,#3291,.T.) ;
#3954=ORIENTED_EDGE('',*,*,#3951,.F.) ;
#3955=ORIENTED_EDGE('',*,*,#2415,.F.) ;
#3956=ORIENTED_EDGE('',*,*,#3934,.T.) ;
#3970=ORIENTED_EDGE('',*,*,#3284,.T.) ;
#3971=ORIENTED_EDGE('',*,*,#3968,.F.) ;
#3972=ORIENTED_EDGE('',*,*,#2428,.F.) ;
#3973=ORIENTED_EDGE('',*,*,#3951,.T.) ;
#3987=ORIENTED_EDGE('',*,*,#3271,.T.) ;
#3988=ORIENTED_EDGE('',*,*,#3985,.F.) ;
#3989=ORIENTED_EDGE('',*,*,#2435,.F.) ;
#3990=ORIENTED_EDGE('',*,*,#3968,.T.) ;
#4004=ORIENTED_EDGE('',*,*,#3264,.T.) ;
#4005=ORIENTED_EDGE('',*,*,#4002,.F.) ;
#4006=ORIENTED_EDGE('',*,*,#2451,.F.) ;
#4007=ORIENTED_EDGE('',*,*,#3985,.T.) ;
#4021=ORIENTED_EDGE('',*,*,#3248,.T.) ;
#4022=ORIENTED_EDGE('',*,*,#4019,.F.) ;
#4023=ORIENTED_EDGE('',*,*,#2458,.F.) ;
#4024=ORIENTED_EDGE('',*,*,#4002,.T.) ;
#4038=ORIENTED_EDGE('',*,*,#3241,.T.) ;
#4039=ORIENTED_EDGE('',*,*,#4036,.F.) ;
#4040=ORIENTED_EDGE('',*,*,#2474,.F.) ;
#4041=ORIENTED_EDGE('',*,*,#4019,.T.) ;
#4055=ORIENTED_EDGE('',*,*,#3225,.T.) ;
#4056=ORIENTED_EDGE('',*,*,#4053,.F.) ;
#4057=ORIENTED_EDGE('',*,*,#2481,.F.) ;
#4058=ORIENTED_EDGE('',*,*,#4036,.T.) ;
#4072=ORIENTED_EDGE('',*,*,#3218,.T.) ;
#4073=ORIENTED_EDGE('',*,*,#4070,.F.) ;
#4074=ORIENTED_EDGE('',*,*,#2494,.F.) ;
#4075=ORIENTED_EDGE('',*,*,#4053,.T.) ;
#4089=ORIENTED_EDGE('',*,*,#3205,.T.) ;
#4090=ORIENTED_EDGE('',*,*,#4087,.F.) ;
#4091=ORIENTED_EDGE('',*,*,#2501,.F.) ;
#4092=ORIENTED_EDGE('',*,*,#4070,.T.) ;
#4106=ORIENTED_EDGE('',*,*,#3198,.T.) ;
#4107=ORIENTED_EDGE('',*,*,#4104,.F.) ;
#4108=ORIENTED_EDGE('',*,*,#2514,.F.) ;
#4109=ORIENTED_EDGE('',*,*,#4087,.T.) ;
#4123=ORIENTED_EDGE('',*,*,#3185,.T.) ;
#4124=ORIENTED_EDGE('',*,*,#4121,.F.) ;
#4125=ORIENTED_EDGE('',*,*,#2521,.F.) ;
#4126=ORIENTED_EDGE('',*,*,#4104,.T.) ;
#4140=ORIENTED_EDGE('',*,*,#3178,.T.) ;
#4141=ORIENTED_EDGE('',*,*,#4138,.F.) ;
#4142=ORIENTED_EDGE('',*,*,#2534,.F.) ;
#4143=ORIENTED_EDGE('',*,*,#4121,.T.) ;
#4152=ORIENTED_EDGE('',*,*,#3165,.T.) ;
#4153=ORIENTED_EDGE('',*,*,#3900,.F.) ;
#4154=ORIENTED_EDGE('',*,*,#2539,.F.) ;
#4155=ORIENTED_EDGE('',*,*,#4138,.T.) ;
#4174=ORIENTED_EDGE('',*,*,#2584,.T.) ;
#4175=ORIENTED_EDGE('',*,*,#4167,.T.) ;
#4176=ORIENTED_EDGE('',*,*,#3814,.F.) ;
#4177=ORIENTED_EDGE('',*,*,#4172,.F.) ;
#4186=ORIENTED_EDGE('',*,*,#4167,.F.) ;
#4187=ORIENTED_EDGE('',*,*,#2607,.T.) ;
#4188=ORIENTED_EDGE('',*,*,#4172,.T.) ;
#4189=ORIENTED_EDGE('',*,*,#3837,.F.) ;
#4208=ORIENTED_EDGE('',*,*,#2638,.T.) ;
#4209=ORIENTED_EDGE('',*,*,#4201,.T.) ;
#4210=ORIENTED_EDGE('',*,*,#3354,.F.) ;
#4211=ORIENTED_EDGE('',*,*,#4206,.F.) ;
#4220=ORIENTED_EDGE('',*,*,#4201,.F.) ;
#4221=ORIENTED_EDGE('',*,*,#2661,.T.) ;
#4222=ORIENTED_EDGE('',*,*,#4206,.T.) ;
#4223=ORIENTED_EDGE('',*,*,#3377,.F.) ;
#4242=ORIENTED_EDGE('',*,*,#2692,.T.) ;
#4243=ORIENTED_EDGE('',*,*,#4235,.T.) ;
#4244=ORIENTED_EDGE('',*,*,#3760,.F.) ;
#4245=ORIENTED_EDGE('',*,*,#4240,.F.) ;
#4254=ORIENTED_EDGE('',*,*,#4235,.F.) ;
#4255=ORIENTED_EDGE('',*,*,#2715,.T.) ;
#4256=ORIENTED_EDGE('',*,*,#4240,.T.) ;
#4257=ORIENTED_EDGE('',*,*,#3783,.F.) ;
#4276=ORIENTED_EDGE('',*,*,#2728,.T.) ;
#4277=ORIENTED_EDGE('',*,*,#4269,.T.) ;
#4278=ORIENTED_EDGE('',*,*,#3428,.F.) ;
#4279=ORIENTED_EDGE('',*,*,#4274,.F.) ;
#4293=ORIENTED_EDGE('',*,*,#2747,.T.) ;
#4294=ORIENTED_EDGE('',*,*,#4274,.T.) ;
#4295=ORIENTED_EDGE('',*,*,#3421,.F.) ;
#4296=ORIENTED_EDGE('',*,*,#4291,.F.) ;
#4310=ORIENTED_EDGE('',*,*,#3402,.F.) ;
#4311=ORIENTED_EDGE('',*,*,#4308,.F.) ;
#4312=ORIENTED_EDGE('',*,*,#2766,.T.) ;
#4313=ORIENTED_EDGE('',*,*,#4291,.T.) ;
#4327=ORIENTED_EDGE('',*,*,#3499,.F.) ;
#4328=ORIENTED_EDGE('',*,*,#4325,.F.) ;
#4329=ORIENTED_EDGE('',*,*,#2773,.T.) ;
#4330=ORIENTED_EDGE('',*,*,#4308,.T.) ;
#4344=ORIENTED_EDGE('',*,*,#3494,.F.) ;
#4345=ORIENTED_EDGE('',*,*,#4342,.F.) ;
#4346=ORIENTED_EDGE('',*,*,#2780,.T.) ;
#4347=ORIENTED_EDGE('',*,*,#4325,.T.) ;
#4361=ORIENTED_EDGE('',*,*,#3487,.F.) ;
#4362=ORIENTED_EDGE('',*,*,#4359,.F.) ;
#4363=ORIENTED_EDGE('',*,*,#2787,.T.) ;
#4364=ORIENTED_EDGE('',*,*,#4342,.T.) ;
#4378=ORIENTED_EDGE('',*,*,#3480,.F.) ;
#4379=ORIENTED_EDGE('',*,*,#4376,.F.) ;
#4380=ORIENTED_EDGE('',*,*,#2794,.T.) ;
#4381=ORIENTED_EDGE('',*,*,#4359,.T.) ;
#4395=ORIENTED_EDGE('',*,*,#2822,.T.) ;
#4396=ORIENTED_EDGE('',*,*,#4376,.T.) ;
#4397=ORIENTED_EDGE('',*,*,#3473,.F.) ;
#4398=ORIENTED_EDGE('',*,*,#4393,.F.) ;
#4412=ORIENTED_EDGE('',*,*,#3445,.F.) ;
#4413=ORIENTED_EDGE('',*,*,#4410,.F.) ;
#4414=ORIENTED_EDGE('',*,*,#2832,.T.) ;
#4415=ORIENTED_EDGE('',*,*,#4393,.T.) ;
#4424=ORIENTED_EDGE('',*,*,#4269,.F.) ;
#4425=ORIENTED_EDGE('',*,*,#2837,.T.) ;
#4426=ORIENTED_EDGE('',*,*,#4410,.T.) ;
#4427=ORIENTED_EDGE('',*,*,#3435,.F.) ;
#4446=ORIENTED_EDGE('',*,*,#2876,.T.) ;
#4447=ORIENTED_EDGE('',*,*,#4439,.T.) ;
#4448=ORIENTED_EDGE('',*,*,#3652,.F.) ;
#4449=ORIENTED_EDGE('',*,*,#4444,.F.) ;
#4458=ORIENTED_EDGE('',*,*,#4439,.F.) ;
#4459=ORIENTED_EDGE('',*,*,#2899,.T.) ;
#4460=ORIENTED_EDGE('',*,*,#4444,.T.) ;
#4461=ORIENTED_EDGE('',*,*,#3675,.F.) ;
#4480=ORIENTED_EDGE('',*,*,#2933,.T.) ;
#4481=ORIENTED_EDGE('',*,*,#4473,.T.) ;
#4482=ORIENTED_EDGE('',*,*,#3595,.F.) ;
#4483=ORIENTED_EDGE('',*,*,#4478,.F.) ;
#4492=ORIENTED_EDGE('',*,*,#4473,.F.) ;
#4493=ORIENTED_EDGE('',*,*,#2959,.T.) ;
#4494=ORIENTED_EDGE('',*,*,#4478,.T.) ;
#4495=ORIENTED_EDGE('',*,*,#3621,.F.) ;
#4514=ORIENTED_EDGE('',*,*,#2990,.T.) ;
#4515=ORIENTED_EDGE('',*,*,#4507,.T.) ;
#4516=ORIENTED_EDGE('',*,*,#3706,.F.) ;
#4517=ORIENTED_EDGE('',*,*,#4512,.F.) ;
#4526=ORIENTED_EDGE('',*,*,#4507,.F.) ;
#4527=ORIENTED_EDGE('',*,*,#3013,.T.) ;
#4528=ORIENTED_EDGE('',*,*,#4512,.T.) ;
#4529=ORIENTED_EDGE('',*,*,#3729,.F.) ;
#4548=ORIENTED_EDGE('',*,*,#3044,.T.) ;
#4549=ORIENTED_EDGE('',*,*,#4541,.T.) ;
#4550=ORIENTED_EDGE('',*,*,#3538,.F.) ;
#4551=ORIENTED_EDGE('',*,*,#4546,.F.) ;
#4560=ORIENTED_EDGE('',*,*,#4541,.F.) ;
#4561=ORIENTED_EDGE('',*,*,#3067,.T.) ;
#4562=ORIENTED_EDGE('',*,*,#4546,.T.) ;
#4563=ORIENTED_EDGE('',*,*,#3561,.F.) ;
#4577=ORIENTED_EDGE('',*,*,#3860,.F.) ;
#4578=ORIENTED_EDGE('',*,*,#4575,.F.) ;
#4579=ORIENTED_EDGE('',*,*,#3085,.T.) ;
#4580=ORIENTED_EDGE('',*,*,#3878,.T.) ;
#4589=ORIENTED_EDGE('',*,*,#3855,.F.) ;
#4590=ORIENTED_EDGE('',*,*,#3126,.F.) ;
#4591=ORIENTED_EDGE('',*,*,#3092,.T.) ;
#4592=ORIENTED_EDGE('',*,*,#4575,.T.) ;
#4656=ORIENTED_EDGE('',*,*,#4635,.T.) ;
#4657=ORIENTED_EDGE('',*,*,#4642,.T.) ;
#4658=ORIENTED_EDGE('',*,*,#4649,.F.) ;
#4659=ORIENTED_EDGE('',*,*,#4654,.F.) ;
#5444=ORIENTED_EDGE('',*,*,#4675,.T.) ;
#5445=ORIENTED_EDGE('',*,*,#4685,.T.) ;
#5446=ORIENTED_EDGE('',*,*,#4692,.T.) ;
#5447=ORIENTED_EDGE('',*,*,#4702,.T.) ;
#5448=ORIENTED_EDGE('',*,*,#4709,.T.) ;
#5449=ORIENTED_EDGE('',*,*,#4719,.T.) ;
#5450=ORIENTED_EDGE('',*,*,#4726,.T.) ;
#5451=ORIENTED_EDGE('',*,*,#4736,.T.) ;
#5452=ORIENTED_EDGE('',*,*,#4743,.T.) ;
#5453=ORIENTED_EDGE('',*,*,#4753,.T.) ;
#5454=ORIENTED_EDGE('',*,*,#4760,.T.) ;
#5455=ORIENTED_EDGE('',*,*,#4770,.T.) ;
#5456=ORIENTED_EDGE('',*,*,#4777,.T.) ;
#5457=ORIENTED_EDGE('',*,*,#4787,.T.) ;
#5458=ORIENTED_EDGE('',*,*,#4794,.T.) ;
#5459=ORIENTED_EDGE('',*,*,#4804,.T.) ;
#5460=ORIENTED_EDGE('',*,*,#4811,.T.) ;
#5461=ORIENTED_EDGE('',*,*,#4821,.T.) ;
#5462=ORIENTED_EDGE('',*,*,#4828,.T.) ;
#5463=ORIENTED_EDGE('',*,*,#4838,.T.) ;
#5464=ORIENTED_EDGE('',*,*,#4845,.T.) ;
#5465=ORIENTED_EDGE('',*,*,#4855,.T.) ;
#5466=ORIENTED_EDGE('',*,*,#4862,.T.) ;
#5467=ORIENTED_EDGE('',*,*,#4872,.T.) ;
#5468=ORIENTED_EDGE('',*,*,#4879,.T.) ;
#5469=ORIENTED_EDGE('',*,*,#4889,.T.) ;
#5470=ORIENTED_EDGE('',*,*,#4896,.T.) ;
#5471=ORIENTED_EDGE('',*,*,#4906,.T.) ;
#5472=ORIENTED_EDGE('',*,*,#4913,.T.) ;
#5473=ORIENTED_EDGE('',*,*,#4923,.T.) ;
#5474=ORIENTED_EDGE('',*,*,#4930,.T.) ;
#5475=ORIENTED_EDGE('',*,*,#4940,.T.) ;
#5476=ORIENTED_EDGE('',*,*,#4947,.T.) ;
#5477=ORIENTED_EDGE('',*,*,#4957,.T.) ;
#5478=ORIENTED_EDGE('',*,*,#4964,.T.) ;
#5479=ORIENTED_EDGE('',*,*,#4974,.T.) ;
#5480=ORIENTED_EDGE('',*,*,#4981,.T.) ;
#5481=ORIENTED_EDGE('',*,*,#4991,.T.) ;
#5482=ORIENTED_EDGE('',*,*,#4998,.T.) ;
#5483=ORIENTED_EDGE('',*,*,#5008,.T.) ;
#5484=ORIENTED_EDGE('',*,*,#5015,.T.) ;
#5485=ORIENTED_EDGE('',*,*,#5025,.T.) ;
#5486=ORIENTED_EDGE('',*,*,#5032,.T.) ;
#5487=ORIENTED_EDGE('',*,*,#5042,.T.) ;
#5488=ORIENTED_EDGE('',*,*,#5049,.T.) ;
#5489=ORIENTED_EDGE('',*,*,#5056,.T.) ;
#5490=ORIENTED_EDGE('',*,*,#5066,.T.) ;
#5491=ORIENTED_EDGE('',*,*,#5073,.T.) ;
#5492=ORIENTED_EDGE('',*,*,#5083,.T.) ;
#5493=ORIENTED_EDGE('',*,*,#5090,.T.) ;
#5494=ORIENTED_EDGE('',*,*,#5100,.T.) ;
#5495=ORIENTED_EDGE('',*,*,#5107,.T.) ;
#5496=ORIENTED_EDGE('',*,*,#5117,.T.) ;
#5497=ORIENTED_EDGE('',*,*,#5124,.T.) ;
#5498=ORIENTED_EDGE('',*,*,#5134,.T.) ;
#5499=ORIENTED_EDGE('',*,*,#5141,.T.) ;
#5500=ORIENTED_EDGE('',*,*,#5151,.T.) ;
#5501=ORIENTED_EDGE('',*,*,#5158,.T.) ;
#5502=ORIENTED_EDGE('',*,*,#5168,.T.) ;
#5503=ORIENTED_EDGE('',*,*,#5175,.T.) ;
#5504=ORIENTED_EDGE('',*,*,#5185,.T.) ;
#5505=ORIENTED_EDGE('',*,*,#5192,.T.) ;
#5506=ORIENTED_EDGE('',*,*,#5202,.T.) ;
#5507=ORIENTED_EDGE('',*,*,#5209,.T.) ;
#5508=ORIENTED_EDGE('',*,*,#5219,.T.) ;
#5509=ORIENTED_EDGE('',*,*,#5226,.T.) ;
#5510=ORIENTED_EDGE('',*,*,#5233,.T.) ;
#5511=ORIENTED_EDGE('',*,*,#5240,.T.) ;
#5512=ORIENTED_EDGE('',*,*,#5250,.T.) ;
#5513=ORIENTED_EDGE('',*,*,#5257,.T.) ;
#5514=ORIENTED_EDGE('',*,*,#5267,.T.) ;
#5515=ORIENTED_EDGE('',*,*,#5274,.T.) ;
#5516=ORIENTED_EDGE('',*,*,#5284,.T.) ;
#5517=ORIENTED_EDGE('',*,*,#5291,.T.) ;
#5518=ORIENTED_EDGE('',*,*,#5301,.T.) ;
#5519=ORIENTED_EDGE('',*,*,#5308,.T.) ;
#5520=ORIENTED_EDGE('',*,*,#5318,.T.) ;
#5521=ORIENTED_EDGE('',*,*,#5325,.T.) ;
#5522=ORIENTED_EDGE('',*,*,#5335,.T.) ;
#5523=ORIENTED_EDGE('',*,*,#5342,.T.) ;
#5524=ORIENTED_EDGE('',*,*,#5352,.T.) ;
#5525=ORIENTED_EDGE('',*,*,#5359,.T.) ;
#5526=ORIENTED_EDGE('',*,*,#5369,.T.) ;
#5527=ORIENTED_EDGE('',*,*,#5376,.T.) ;
#5528=ORIENTED_EDGE('',*,*,#5386,.T.) ;
#5529=ORIENTED_EDGE('',*,*,#5393,.T.) ;
#5530=ORIENTED_EDGE('',*,*,#5403,.T.) ;
#5531=ORIENTED_EDGE('',*,*,#5410,.T.) ;
#5532=ORIENTED_EDGE('',*,*,#5417,.T.) ;
#5533=ORIENTED_EDGE('',*,*,#5427,.T.) ;
#5534=ORIENTED_EDGE('',*,*,#5434,.T.) ;
#5535=ORIENTED_EDGE('',*,*,#5442,.T.) ;
#5552=ORIENTED_EDGE('',*,*,#5545,.F.) ;
#5553=ORIENTED_EDGE('',*,*,#5550,.F.) ;
#5561=ORIENTED_EDGE('',*,*,#4635,.F.) ;
#5562=ORIENTED_EDGE('',*,*,#5559,.F.) ;
#5576=ORIENTED_EDGE('',*,*,#4642,.F.) ;
#5577=ORIENTED_EDGE('',*,*,#5559,.T.) ;
#5578=ORIENTED_EDGE('',*,*,#4654,.T.) ;
#5579=ORIENTED_EDGE('',*,*,#5574,.F.) ;
#6364=ORIENTED_EDGE('',*,*,#5595,.F.) ;
#6365=ORIENTED_EDGE('',*,*,#5605,.F.) ;
#6366=ORIENTED_EDGE('',*,*,#5612,.F.) ;
#6367=ORIENTED_EDGE('',*,*,#5622,.F.) ;
#6368=ORIENTED_EDGE('',*,*,#5629,.F.) ;
#6369=ORIENTED_EDGE('',*,*,#5636,.F.) ;
#6370=ORIENTED_EDGE('',*,*,#5646,.F.) ;
#6371=ORIENTED_EDGE('',*,*,#5653,.F.) ;
#6372=ORIENTED_EDGE('',*,*,#5663,.F.) ;
#6373=ORIENTED_EDGE('',*,*,#5670,.F.) ;
#6374=ORIENTED_EDGE('',*,*,#5680,.F.) ;
#6375=ORIENTED_EDGE('',*,*,#5687,.F.) ;
#6376=ORIENTED_EDGE('',*,*,#5697,.F.) ;
#6377=ORIENTED_EDGE('',*,*,#5704,.F.) ;
#6378=ORIENTED_EDGE('',*,*,#5714,.F.) ;
#6379=ORIENTED_EDGE('',*,*,#5721,.F.) ;
#6380=ORIENTED_EDGE('',*,*,#5731,.F.) ;
#6381=ORIENTED_EDGE('',*,*,#5738,.F.) ;
#6382=ORIENTED_EDGE('',*,*,#5748,.F.) ;
#6383=ORIENTED_EDGE('',*,*,#5755,.F.) ;
#6384=ORIENTED_EDGE('',*,*,#5765,.F.) ;
#6385=ORIENTED_EDGE('',*,*,#5772,.F.) ;
#6386=ORIENTED_EDGE('',*,*,#5782,.F.) ;
#6387=ORIENTED_EDGE('',*,*,#5789,.F.) ;
#6388=ORIENTED_EDGE('',*,*,#5799,.F.) ;
#6389=ORIENTED_EDGE('',*,*,#5806,.F.) ;
#6390=ORIENTED_EDGE('',*,*,#5813,.F.) ;
#6391=ORIENTED_EDGE('',*,*,#5820,.F.) ;
#6392=ORIENTED_EDGE('',*,*,#5830,.F.) ;
#6393=ORIENTED_EDGE('',*,*,#5837,.F.) ;
#6394=ORIENTED_EDGE('',*,*,#5847,.F.) ;
#6395=ORIENTED_EDGE('',*,*,#5854,.F.) ;
#6396=ORIENTED_EDGE('',*,*,#5864,.F.) ;
#6397=ORIENTED_EDGE('',*,*,#5871,.F.) ;
#6398=ORIENTED_EDGE('',*,*,#5881,.F.) ;
#6399=ORIENTED_EDGE('',*,*,#5888,.F.) ;
#6400=ORIENTED_EDGE('',*,*,#5898,.F.) ;
#6401=ORIENTED_EDGE('',*,*,#5905,.F.) ;
#6402=ORIENTED_EDGE('',*,*,#5915,.F.) ;
#6403=ORIENTED_EDGE('',*,*,#5922,.F.) ;
#6404=ORIENTED_EDGE('',*,*,#5932,.F.) ;
#6405=ORIENTED_EDGE('',*,*,#5939,.F.) ;
#6406=ORIENTED_EDGE('',*,*,#5949,.F.) ;
#6407=ORIENTED_EDGE('',*,*,#5956,.F.) ;
#6408=ORIENTED_EDGE('',*,*,#5966,.F.) ;
#6409=ORIENTED_EDGE('',*,*,#5973,.F.) ;
#6410=ORIENTED_EDGE('',*,*,#5983,.F.) ;
#6411=ORIENTED_EDGE('',*,*,#5990,.F.) ;
#6412=ORIENTED_EDGE('',*,*,#5997,.F.) ;
#6413=ORIENTED_EDGE('',*,*,#6007,.F.) ;
#6414=ORIENTED_EDGE('',*,*,#6014,.F.) ;
#6415=ORIENTED_EDGE('',*,*,#6024,.F.) ;
#6416=ORIENTED_EDGE('',*,*,#6031,.F.) ;
#6417=ORIENTED_EDGE('',*,*,#6041,.F.) ;
#6418=ORIENTED_EDGE('',*,*,#6048,.F.) ;
#6419=ORIENTED_EDGE('',*,*,#6058,.F.) ;
#6420=ORIENTED_EDGE('',*,*,#6065,.F.) ;
#6421=ORIENTED_EDGE('',*,*,#6075,.F.) ;
#6422=ORIENTED_EDGE('',*,*,#6082,.F.) ;
#6423=ORIENTED_EDGE('',*,*,#6092,.F.) ;
#6424=ORIENTED_EDGE('',*,*,#6099,.F.) ;
#6425=ORIENTED_EDGE('',*,*,#6109,.F.) ;
#6426=ORIENTED_EDGE('',*,*,#6116,.F.) ;
#6427=ORIENTED_EDGE('',*,*,#6126,.F.) ;
#6428=ORIENTED_EDGE('',*,*,#6133,.F.) ;
#6429=ORIENTED_EDGE('',*,*,#6143,.F.) ;
#6430=ORIENTED_EDGE('',*,*,#6150,.F.) ;
#6431=ORIENTED_EDGE('',*,*,#6160,.F.) ;
#6432=ORIENTED_EDGE('',*,*,#6167,.F.) ;
#6433=ORIENTED_EDGE('',*,*,#6177,.F.) ;
#6434=ORIENTED_EDGE('',*,*,#6184,.F.) ;
#6435=ORIENTED_EDGE('',*,*,#6194,.F.) ;
#6436=ORIENTED_EDGE('',*,*,#6201,.F.) ;
#6437=ORIENTED_EDGE('',*,*,#6211,.F.) ;
#6438=ORIENTED_EDGE('',*,*,#6218,.F.) ;
#6439=ORIENTED_EDGE('',*,*,#6228,.F.) ;
#6440=ORIENTED_EDGE('',*,*,#6235,.F.) ;
#6441=ORIENTED_EDGE('',*,*,#6245,.F.) ;
#6442=ORIENTED_EDGE('',*,*,#6252,.F.) ;
#6443=ORIENTED_EDGE('',*,*,#6262,.F.) ;
#6444=ORIENTED_EDGE('',*,*,#6269,.F.) ;
#6445=ORIENTED_EDGE('',*,*,#6279,.F.) ;
#6446=ORIENTED_EDGE('',*,*,#6286,.F.) ;
#6447=ORIENTED_EDGE('',*,*,#6296,.F.) ;
#6448=ORIENTED_EDGE('',*,*,#6303,.F.) ;
#6449=ORIENTED_EDGE('',*,*,#6313,.F.) ;
#6450=ORIENTED_EDGE('',*,*,#6320,.F.) ;
#6451=ORIENTED_EDGE('',*,*,#6330,.F.) ;
#6452=ORIENTED_EDGE('',*,*,#6337,.F.) ;
#6453=ORIENTED_EDGE('',*,*,#6347,.F.) ;
#6454=ORIENTED_EDGE('',*,*,#6354,.F.) ;
#6455=ORIENTED_EDGE('',*,*,#6362,.F.) ;
#6472=ORIENTED_EDGE('',*,*,#6465,.T.) ;
#6473=ORIENTED_EDGE('',*,*,#6470,.T.) ;
#6476=ORIENTED_EDGE('',*,*,#4649,.T.) ;
#6477=ORIENTED_EDGE('',*,*,#5574,.T.) ;
#6496=ORIENTED_EDGE('',*,*,#5595,.T.) ;
#6497=ORIENTED_EDGE('',*,*,#6489,.F.) ;
#6498=ORIENTED_EDGE('',*,*,#4675,.F.) ;
#6499=ORIENTED_EDGE('',*,*,#6494,.T.) ;
#6516=ORIENTED_EDGE('',*,*,#6362,.T.) ;
#6517=ORIENTED_EDGE('',*,*,#6514,.F.) ;
#6518=ORIENTED_EDGE('',*,*,#4685,.F.) ;
#6519=ORIENTED_EDGE('',*,*,#6489,.T.) ;
#6533=ORIENTED_EDGE('',*,*,#6354,.T.) ;
#6534=ORIENTED_EDGE('',*,*,#6531,.F.) ;
#6535=ORIENTED_EDGE('',*,*,#4692,.F.) ;
#6536=ORIENTED_EDGE('',*,*,#6514,.T.) ;
#6553=ORIENTED_EDGE('',*,*,#6347,.T.) ;
#6554=ORIENTED_EDGE('',*,*,#6551,.F.) ;
#6555=ORIENTED_EDGE('',*,*,#4702,.F.) ;
#6556=ORIENTED_EDGE('',*,*,#6531,.T.) ;
#6570=ORIENTED_EDGE('',*,*,#6337,.T.) ;
#6571=ORIENTED_EDGE('',*,*,#6568,.F.) ;
#6572=ORIENTED_EDGE('',*,*,#4709,.F.) ;
#6573=ORIENTED_EDGE('',*,*,#6551,.T.) ;
#6590=ORIENTED_EDGE('',*,*,#6330,.T.) ;
#6591=ORIENTED_EDGE('',*,*,#6588,.F.) ;
#6592=ORIENTED_EDGE('',*,*,#4719,.F.) ;
#6593=ORIENTED_EDGE('',*,*,#6568,.T.) ;
#6607=ORIENTED_EDGE('',*,*,#6320,.T.) ;
#6608=ORIENTED_EDGE('',*,*,#6605,.F.) ;
#6609=ORIENTED_EDGE('',*,*,#4726,.F.) ;
#6610=ORIENTED_EDGE('',*,*,#6588,.T.) ;
#6627=ORIENTED_EDGE('',*,*,#6313,.T.) ;
#6628=ORIENTED_EDGE('',*,*,#6625,.F.) ;
#6629=ORIENTED_EDGE('',*,*,#4736,.F.) ;
#6630=ORIENTED_EDGE('',*,*,#6605,.T.) ;
#6644=ORIENTED_EDGE('',*,*,#6303,.T.) ;
#6645=ORIENTED_EDGE('',*,*,#6642,.F.) ;
#6646=ORIENTED_EDGE('',*,*,#4743,.F.) ;
#6647=ORIENTED_EDGE('',*,*,#6625,.T.) ;
#6664=ORIENTED_EDGE('',*,*,#6296,.T.) ;
#6665=ORIENTED_EDGE('',*,*,#6662,.F.) ;
#6666=ORIENTED_EDGE('',*,*,#4753,.F.) ;
#6667=ORIENTED_EDGE('',*,*,#6642,.T.) ;
#6681=ORIENTED_EDGE('',*,*,#6286,.T.) ;
#6682=ORIENTED_EDGE('',*,*,#6679,.F.) ;
#6683=ORIENTED_EDGE('',*,*,#4760,.F.) ;
#6684=ORIENTED_EDGE('',*,*,#6662,.T.) ;
#6701=ORIENTED_EDGE('',*,*,#6279,.T.) ;
#6702=ORIENTED_EDGE('',*,*,#6699,.F.) ;
#6703=ORIENTED_EDGE('',*,*,#4770,.F.) ;
#6704=ORIENTED_EDGE('',*,*,#6679,.T.) ;
#6718=ORIENTED_EDGE('',*,*,#6269,.T.) ;
#6719=ORIENTED_EDGE('',*,*,#6716,.F.) ;
#6720=ORIENTED_EDGE('',*,*,#4777,.F.) ;
#6721=ORIENTED_EDGE('',*,*,#6699,.T.) ;
#6738=ORIENTED_EDGE('',*,*,#6262,.T.) ;
#6739=ORIENTED_EDGE('',*,*,#6736,.F.) ;
#6740=ORIENTED_EDGE('',*,*,#4787,.F.) ;
#6741=ORIENTED_EDGE('',*,*,#6716,.T.) ;
#6755=ORIENTED_EDGE('',*,*,#6252,.T.) ;
#6756=ORIENTED_EDGE('',*,*,#6753,.F.) ;
#6757=ORIENTED_EDGE('',*,*,#4794,.F.) ;
#6758=ORIENTED_EDGE('',*,*,#6736,.T.) ;
#6775=ORIENTED_EDGE('',*,*,#6245,.T.) ;
#6776=ORIENTED_EDGE('',*,*,#6773,.F.) ;
#6777=ORIENTED_EDGE('',*,*,#4804,.F.) ;
#6778=ORIENTED_EDGE('',*,*,#6753,.T.) ;
#6792=ORIENTED_EDGE('',*,*,#6235,.T.) ;
#6793=ORIENTED_EDGE('',*,*,#6790,.F.) ;
#6794=ORIENTED_EDGE('',*,*,#4811,.F.) ;
#6795=ORIENTED_EDGE('',*,*,#6773,.T.) ;
#6812=ORIENTED_EDGE('',*,*,#6228,.T.) ;
#6813=ORIENTED_EDGE('',*,*,#6810,.F.) ;
#6814=ORIENTED_EDGE('',*,*,#4821,.F.) ;
#6815=ORIENTED_EDGE('',*,*,#6790,.T.) ;
#6829=ORIENTED_EDGE('',*,*,#6218,.T.) ;
#6830=ORIENTED_EDGE('',*,*,#6827,.F.) ;
#6831=ORIENTED_EDGE('',*,*,#4828,.F.) ;
#6832=ORIENTED_EDGE('',*,*,#6810,.T.) ;
#6849=ORIENTED_EDGE('',*,*,#6211,.T.) ;
#6850=ORIENTED_EDGE('',*,*,#6847,.F.) ;
#6851=ORIENTED_EDGE('',*,*,#4838,.F.) ;
#6852=ORIENTED_EDGE('',*,*,#6827,.T.) ;
#6866=ORIENTED_EDGE('',*,*,#6201,.T.) ;
#6867=ORIENTED_EDGE('',*,*,#6864,.F.) ;
#6868=ORIENTED_EDGE('',*,*,#4845,.F.) ;
#6869=ORIENTED_EDGE('',*,*,#6847,.T.) ;
#6886=ORIENTED_EDGE('',*,*,#6194,.T.) ;
#6887=ORIENTED_EDGE('',*,*,#6884,.F.) ;
#6888=ORIENTED_EDGE('',*,*,#4855,.F.) ;
#6889=ORIENTED_EDGE('',*,*,#6864,.T.) ;
#6903=ORIENTED_EDGE('',*,*,#6184,.T.) ;
#6904=ORIENTED_EDGE('',*,*,#6901,.F.) ;
#6905=ORIENTED_EDGE('',*,*,#4862,.F.) ;
#6906=ORIENTED_EDGE('',*,*,#6884,.T.) ;
#6923=ORIENTED_EDGE('',*,*,#6177,.T.) ;
#6924=ORIENTED_EDGE('',*,*,#6921,.F.) ;
#6925=ORIENTED_EDGE('',*,*,#4872,.F.) ;
#6926=ORIENTED_EDGE('',*,*,#6901,.T.) ;
#6940=ORIENTED_EDGE('',*,*,#6167,.T.) ;
#6941=ORIENTED_EDGE('',*,*,#6938,.F.) ;
#6942=ORIENTED_EDGE('',*,*,#4879,.F.) ;
#6943=ORIENTED_EDGE('',*,*,#6921,.T.) ;
#6960=ORIENTED_EDGE('',*,*,#6160,.T.) ;
#6961=ORIENTED_EDGE('',*,*,#6958,.F.) ;
#6962=ORIENTED_EDGE('',*,*,#4889,.F.) ;
#6963=ORIENTED_EDGE('',*,*,#6938,.T.) ;
#6977=ORIENTED_EDGE('',*,*,#6150,.T.) ;
#6978=ORIENTED_EDGE('',*,*,#6975,.F.) ;
#6979=ORIENTED_EDGE('',*,*,#4896,.F.) ;
#6980=ORIENTED_EDGE('',*,*,#6958,.T.) ;
#6997=ORIENTED_EDGE('',*,*,#6143,.T.) ;
#6998=ORIENTED_EDGE('',*,*,#6995,.F.) ;
#6999=ORIENTED_EDGE('',*,*,#4906,.F.) ;
#7000=ORIENTED_EDGE('',*,*,#6975,.T.) ;
#7014=ORIENTED_EDGE('',*,*,#6133,.T.) ;
#7015=ORIENTED_EDGE('',*,*,#7012,.F.) ;
#7016=ORIENTED_EDGE('',*,*,#4913,.F.) ;
#7017=ORIENTED_EDGE('',*,*,#6995,.T.) ;
#7034=ORIENTED_EDGE('',*,*,#6126,.T.) ;
#7035=ORIENTED_EDGE('',*,*,#7032,.F.) ;
#7036=ORIENTED_EDGE('',*,*,#4923,.F.) ;
#7037=ORIENTED_EDGE('',*,*,#7012,.T.) ;
#7051=ORIENTED_EDGE('',*,*,#6116,.T.) ;
#7052=ORIENTED_EDGE('',*,*,#7049,.F.) ;
#7053=ORIENTED_EDGE('',*,*,#4930,.F.) ;
#7054=ORIENTED_EDGE('',*,*,#7032,.T.) ;
#7071=ORIENTED_EDGE('',*,*,#6109,.T.) ;
#7072=ORIENTED_EDGE('',*,*,#7069,.F.) ;
#7073=ORIENTED_EDGE('',*,*,#4940,.F.) ;
#7074=ORIENTED_EDGE('',*,*,#7049,.T.) ;
#7088=ORIENTED_EDGE('',*,*,#6099,.T.) ;
#7089=ORIENTED_EDGE('',*,*,#7086,.F.) ;
#7090=ORIENTED_EDGE('',*,*,#4947,.F.) ;
#7091=ORIENTED_EDGE('',*,*,#7069,.T.) ;
#7108=ORIENTED_EDGE('',*,*,#6092,.T.) ;
#7109=ORIENTED_EDGE('',*,*,#7106,.F.) ;
#7110=ORIENTED_EDGE('',*,*,#4957,.F.) ;
#7111=ORIENTED_EDGE('',*,*,#7086,.T.) ;
#7125=ORIENTED_EDGE('',*,*,#6082,.T.) ;
#7126=ORIENTED_EDGE('',*,*,#7123,.F.) ;
#7127=ORIENTED_EDGE('',*,*,#4964,.F.) ;
#7128=ORIENTED_EDGE('',*,*,#7106,.T.) ;
#7145=ORIENTED_EDGE('',*,*,#6075,.T.) ;
#7146=ORIENTED_EDGE('',*,*,#7143,.F.) ;
#7147=ORIENTED_EDGE('',*,*,#4974,.F.) ;
#7148=ORIENTED_EDGE('',*,*,#7123,.T.) ;
#7162=ORIENTED_EDGE('',*,*,#6065,.T.) ;
#7163=ORIENTED_EDGE('',*,*,#7160,.F.) ;
#7164=ORIENTED_EDGE('',*,*,#4981,.F.) ;
#7165=ORIENTED_EDGE('',*,*,#7143,.T.) ;
#7182=ORIENTED_EDGE('',*,*,#6058,.T.) ;
#7183=ORIENTED_EDGE('',*,*,#7180,.F.) ;
#7184=ORIENTED_EDGE('',*,*,#4991,.F.) ;
#7185=ORIENTED_EDGE('',*,*,#7160,.T.) ;
#7199=ORIENTED_EDGE('',*,*,#6048,.T.) ;
#7200=ORIENTED_EDGE('',*,*,#7197,.F.) ;
#7201=ORIENTED_EDGE('',*,*,#4998,.F.) ;
#7202=ORIENTED_EDGE('',*,*,#7180,.T.) ;
#7219=ORIENTED_EDGE('',*,*,#6041,.T.) ;
#7220=ORIENTED_EDGE('',*,*,#7217,.F.) ;
#7221=ORIENTED_EDGE('',*,*,#5008,.F.) ;
#7222=ORIENTED_EDGE('',*,*,#7197,.T.) ;
#7236=ORIENTED_EDGE('',*,*,#6031,.T.) ;
#7237=ORIENTED_EDGE('',*,*,#7234,.F.) ;
#7238=ORIENTED_EDGE('',*,*,#5015,.F.) ;
#7239=ORIENTED_EDGE('',*,*,#7217,.T.) ;
#7256=ORIENTED_EDGE('',*,*,#6024,.T.) ;
#7257=ORIENTED_EDGE('',*,*,#7254,.F.) ;
#7258=ORIENTED_EDGE('',*,*,#5025,.F.) ;
#7259=ORIENTED_EDGE('',*,*,#7234,.T.) ;
#7273=ORIENTED_EDGE('',*,*,#6014,.T.) ;
#7274=ORIENTED_EDGE('',*,*,#7271,.F.) ;
#7275=ORIENTED_EDGE('',*,*,#5032,.F.) ;
#7276=ORIENTED_EDGE('',*,*,#7254,.T.) ;
#7293=ORIENTED_EDGE('',*,*,#6007,.T.) ;
#7294=ORIENTED_EDGE('',*,*,#7291,.F.) ;
#7295=ORIENTED_EDGE('',*,*,#5042,.F.) ;
#7296=ORIENTED_EDGE('',*,*,#7271,.T.) ;
#7310=ORIENTED_EDGE('',*,*,#7308,.F.) ;
#7311=ORIENTED_EDGE('',*,*,#5049,.F.) ;
#7312=ORIENTED_EDGE('',*,*,#7291,.T.) ;
#7313=ORIENTED_EDGE('',*,*,#5997,.T.) ;
#7327=ORIENTED_EDGE('',*,*,#7308,.T.) ;
#7328=ORIENTED_EDGE('',*,*,#5990,.T.) ;
#7329=ORIENTED_EDGE('',*,*,#7325,.F.) ;
#7330=ORIENTED_EDGE('',*,*,#5056,.F.) ;
#7347=ORIENTED_EDGE('',*,*,#5983,.T.) ;
#7348=ORIENTED_EDGE('',*,*,#7345,.F.) ;
#7349=ORIENTED_EDGE('',*,*,#5066,.F.) ;
#7350=ORIENTED_EDGE('',*,*,#7325,.T.) ;
#7364=ORIENTED_EDGE('',*,*,#5973,.T.) ;
#7365=ORIENTED_EDGE('',*,*,#7362,.F.) ;
#7366=ORIENTED_EDGE('',*,*,#5073,.F.) ;
#7367=ORIENTED_EDGE('',*,*,#7345,.T.) ;
#7384=ORIENTED_EDGE('',*,*,#5966,.T.) ;
#7385=ORIENTED_EDGE('',*,*,#7382,.F.) ;
#7386=ORIENTED_EDGE('',*,*,#5083,.F.) ;
#7387=ORIENTED_EDGE('',*,*,#7362,.T.) ;
#7401=ORIENTED_EDGE('',*,*,#5956,.T.) ;
#7402=ORIENTED_EDGE('',*,*,#7399,.F.) ;
#7403=ORIENTED_EDGE('',*,*,#5090,.F.) ;
#7404=ORIENTED_EDGE('',*,*,#7382,.T.) ;
#7421=ORIENTED_EDGE('',*,*,#5949,.T.) ;
#7422=ORIENTED_EDGE('',*,*,#7419,.F.) ;
#7423=ORIENTED_EDGE('',*,*,#5100,.F.) ;
#7424=ORIENTED_EDGE('',*,*,#7399,.T.) ;
#7438=ORIENTED_EDGE('',*,*,#5939,.T.) ;
#7439=ORIENTED_EDGE('',*,*,#7436,.F.) ;
#7440=ORIENTED_EDGE('',*,*,#5107,.F.) ;
#7441=ORIENTED_EDGE('',*,*,#7419,.T.) ;
#7458=ORIENTED_EDGE('',*,*,#5932,.T.) ;
#7459=ORIENTED_EDGE('',*,*,#7456,.F.) ;
#7460=ORIENTED_EDGE('',*,*,#5117,.F.) ;
#7461=ORIENTED_EDGE('',*,*,#7436,.T.) ;
#7475=ORIENTED_EDGE('',*,*,#5922,.T.) ;
#7476=ORIENTED_EDGE('',*,*,#7473,.F.) ;
#7477=ORIENTED_EDGE('',*,*,#5124,.F.) ;
#7478=ORIENTED_EDGE('',*,*,#7456,.T.) ;
#7495=ORIENTED_EDGE('',*,*,#5915,.T.) ;
#7496=ORIENTED_EDGE('',*,*,#7493,.F.) ;
#7497=ORIENTED_EDGE('',*,*,#5134,.F.) ;
#7498=ORIENTED_EDGE('',*,*,#7473,.T.) ;
#7512=ORIENTED_EDGE('',*,*,#5905,.T.) ;
#7513=ORIENTED_EDGE('',*,*,#7510,.F.) ;
#7514=ORIENTED_EDGE('',*,*,#5141,.F.) ;
#7515=ORIENTED_EDGE('',*,*,#7493,.T.) ;
#7532=ORIENTED_EDGE('',*,*,#5898,.T.) ;
#7533=ORIENTED_EDGE('',*,*,#7530,.F.) ;
#7534=ORIENTED_EDGE('',*,*,#5151,.F.) ;
#7535=ORIENTED_EDGE('',*,*,#7510,.T.) ;
#7549=ORIENTED_EDGE('',*,*,#5888,.T.) ;
#7550=ORIENTED_EDGE('',*,*,#7547,.F.) ;
#7551=ORIENTED_EDGE('',*,*,#5158,.F.) ;
#7552=ORIENTED_EDGE('',*,*,#7530,.T.) ;
#7569=ORIENTED_EDGE('',*,*,#5881,.T.) ;
#7570=ORIENTED_EDGE('',*,*,#7567,.F.) ;
#7571=ORIENTED_EDGE('',*,*,#5168,.F.) ;
#7572=ORIENTED_EDGE('',*,*,#7547,.T.) ;
#7586=ORIENTED_EDGE('',*,*,#5871,.T.) ;
#7587=ORIENTED_EDGE('',*,*,#7584,.F.) ;
#7588=ORIENTED_EDGE('',*,*,#5175,.F.) ;
#7589=ORIENTED_EDGE('',*,*,#7567,.T.) ;
#7606=ORIENTED_EDGE('',*,*,#5864,.T.) ;
#7607=ORIENTED_EDGE('',*,*,#7604,.F.) ;
#7608=ORIENTED_EDGE('',*,*,#5185,.F.) ;
#7609=ORIENTED_EDGE('',*,*,#7584,.T.) ;
#7623=ORIENTED_EDGE('',*,*,#5854,.T.) ;
#7624=ORIENTED_EDGE('',*,*,#7621,.F.) ;
#7625=ORIENTED_EDGE('',*,*,#5192,.F.) ;
#7626=ORIENTED_EDGE('',*,*,#7604,.T.) ;
#7643=ORIENTED_EDGE('',*,*,#5847,.T.) ;
#7644=ORIENTED_EDGE('',*,*,#7641,.F.) ;
#7645=ORIENTED_EDGE('',*,*,#5202,.F.) ;
#7646=ORIENTED_EDGE('',*,*,#7621,.T.) ;
#7660=ORIENTED_EDGE('',*,*,#5837,.T.) ;
#7661=ORIENTED_EDGE('',*,*,#7658,.F.) ;
#7662=ORIENTED_EDGE('',*,*,#5209,.F.) ;
#7663=ORIENTED_EDGE('',*,*,#7641,.T.) ;
#7680=ORIENTED_EDGE('',*,*,#5830,.T.) ;
#7681=ORIENTED_EDGE('',*,*,#7678,.F.) ;
#7682=ORIENTED_EDGE('',*,*,#5219,.F.) ;
#7683=ORIENTED_EDGE('',*,*,#7658,.T.) ;
#7697=ORIENTED_EDGE('',*,*,#5820,.T.) ;
#7698=ORIENTED_EDGE('',*,*,#7695,.F.) ;
#7699=ORIENTED_EDGE('',*,*,#5226,.F.) ;
#7700=ORIENTED_EDGE('',*,*,#7678,.T.) ;
#7714=ORIENTED_EDGE('',*,*,#5813,.T.) ;
#7715=ORIENTED_EDGE('',*,*,#7712,.F.) ;
#7716=ORIENTED_EDGE('',*,*,#5233,.F.) ;
#7717=ORIENTED_EDGE('',*,*,#7695,.T.) ;
#7731=ORIENTED_EDGE('',*,*,#5806,.T.) ;
#7732=ORIENTED_EDGE('',*,*,#7729,.F.) ;
#7733=ORIENTED_EDGE('',*,*,#5240,.F.) ;
#7734=ORIENTED_EDGE('',*,*,#7712,.T.) ;
#7751=ORIENTED_EDGE('',*,*,#5799,.T.) ;
#7752=ORIENTED_EDGE('',*,*,#7749,.F.) ;
#7753=ORIENTED_EDGE('',*,*,#5250,.F.) ;
#7754=ORIENTED_EDGE('',*,*,#7729,.T.) ;
#7768=ORIENTED_EDGE('',*,*,#5789,.T.) ;
#7769=ORIENTED_EDGE('',*,*,#7766,.F.) ;
#7770=ORIENTED_EDGE('',*,*,#5257,.F.) ;
#7771=ORIENTED_EDGE('',*,*,#7749,.T.) ;
#7788=ORIENTED_EDGE('',*,*,#5782,.T.) ;
#7789=ORIENTED_EDGE('',*,*,#7786,.F.) ;
#7790=ORIENTED_EDGE('',*,*,#5267,.F.) ;
#7791=ORIENTED_EDGE('',*,*,#7766,.T.) ;
#7805=ORIENTED_EDGE('',*,*,#5772,.T.) ;
#7806=ORIENTED_EDGE('',*,*,#7803,.F.) ;
#7807=ORIENTED_EDGE('',*,*,#5274,.F.) ;
#7808=ORIENTED_EDGE('',*,*,#7786,.T.) ;
#7825=ORIENTED_EDGE('',*,*,#5765,.T.) ;
#7826=ORIENTED_EDGE('',*,*,#7823,.F.) ;
#7827=ORIENTED_EDGE('',*,*,#5284,.F.) ;
#7828=ORIENTED_EDGE('',*,*,#7803,.T.) ;
#7842=ORIENTED_EDGE('',*,*,#5755,.T.) ;
#7843=ORIENTED_EDGE('',*,*,#7840,.F.) ;
#7844=ORIENTED_EDGE('',*,*,#5291,.F.) ;
#7845=ORIENTED_EDGE('',*,*,#7823,.T.) ;
#7862=ORIENTED_EDGE('',*,*,#5748,.T.) ;
#7863=ORIENTED_EDGE('',*,*,#7860,.F.) ;
#7864=ORIENTED_EDGE('',*,*,#5301,.F.) ;
#7865=ORIENTED_EDGE('',*,*,#7840,.T.) ;
#7879=ORIENTED_EDGE('',*,*,#5738,.T.) ;
#7880=ORIENTED_EDGE('',*,*,#7877,.F.) ;
#7881=ORIENTED_EDGE('',*,*,#5308,.F.) ;
#7882=ORIENTED_EDGE('',*,*,#7860,.T.) ;
#7899=ORIENTED_EDGE('',*,*,#5731,.T.) ;
#7900=ORIENTED_EDGE('',*,*,#7897,.F.) ;
#7901=ORIENTED_EDGE('',*,*,#5318,.F.) ;
#7902=ORIENTED_EDGE('',*,*,#7877,.T.) ;
#7916=ORIENTED_EDGE('',*,*,#5721,.T.) ;
#7917=ORIENTED_EDGE('',*,*,#7914,.F.) ;
#7918=ORIENTED_EDGE('',*,*,#5325,.F.) ;
#7919=ORIENTED_EDGE('',*,*,#7897,.T.) ;
#7936=ORIENTED_EDGE('',*,*,#5714,.T.) ;
#7937=ORIENTED_EDGE('',*,*,#7934,.F.) ;
#7938=ORIENTED_EDGE('',*,*,#5335,.F.) ;
#7939=ORIENTED_EDGE('',*,*,#7914,.T.) ;
#7953=ORIENTED_EDGE('',*,*,#5704,.T.) ;
#7954=ORIENTED_EDGE('',*,*,#7951,.F.) ;
#7955=ORIENTED_EDGE('',*,*,#5342,.F.) ;
#7956=ORIENTED_EDGE('',*,*,#7934,.T.) ;
#7973=ORIENTED_EDGE('',*,*,#5697,.T.) ;
#7974=ORIENTED_EDGE('',*,*,#7971,.F.) ;
#7975=ORIENTED_EDGE('',*,*,#5352,.F.) ;
#7976=ORIENTED_EDGE('',*,*,#7951,.T.) ;
#7990=ORIENTED_EDGE('',*,*,#5687,.T.) ;
#7991=ORIENTED_EDGE('',*,*,#7988,.F.) ;
#7992=ORIENTED_EDGE('',*,*,#5359,.F.) ;
#7993=ORIENTED_EDGE('',*,*,#7971,.T.) ;
#8010=ORIENTED_EDGE('',*,*,#5680,.T.) ;
#8011=ORIENTED_EDGE('',*,*,#8008,.F.) ;
#8012=ORIENTED_EDGE('',*,*,#5369,.F.) ;
#8013=ORIENTED_EDGE('',*,*,#7988,.T.) ;
#8027=ORIENTED_EDGE('',*,*,#5670,.T.) ;
#8028=ORIENTED_EDGE('',*,*,#8025,.F.) ;
#8029=ORIENTED_EDGE('',*,*,#5376,.F.) ;
#8030=ORIENTED_EDGE('',*,*,#8008,.T.) ;
#8047=ORIENTED_EDGE('',*,*,#5663,.T.) ;
#8048=ORIENTED_EDGE('',*,*,#8045,.F.) ;
#8049=ORIENTED_EDGE('',*,*,#5386,.F.) ;
#8050=ORIENTED_EDGE('',*,*,#8025,.T.) ;
#8064=ORIENTED_EDGE('',*,*,#5653,.T.) ;
#8065=ORIENTED_EDGE('',*,*,#8062,.F.) ;
#8066=ORIENTED_EDGE('',*,*,#5393,.F.) ;
#8067=ORIENTED_EDGE('',*,*,#8045,.T.) ;
#8084=ORIENTED_EDGE('',*,*,#5646,.T.) ;
#8085=ORIENTED_EDGE('',*,*,#8082,.F.) ;
#8086=ORIENTED_EDGE('',*,*,#5403,.F.) ;
#8087=ORIENTED_EDGE('',*,*,#8062,.T.) ;
#8101=ORIENTED_EDGE('',*,*,#8099,.F.) ;
#8102=ORIENTED_EDGE('',*,*,#5410,.F.) ;
#8103=ORIENTED_EDGE('',*,*,#8082,.T.) ;
#8104=ORIENTED_EDGE('',*,*,#5636,.T.) ;
#8118=ORIENTED_EDGE('',*,*,#5417,.F.) ;
#8119=ORIENTED_EDGE('',*,*,#8099,.T.) ;
#8120=ORIENTED_EDGE('',*,*,#5629,.T.) ;
#8121=ORIENTED_EDGE('',*,*,#8116,.F.) ;
#8138=ORIENTED_EDGE('',*,*,#5622,.T.) ;
#8139=ORIENTED_EDGE('',*,*,#8136,.F.) ;
#8140=ORIENTED_EDGE('',*,*,#5427,.F.) ;
#8141=ORIENTED_EDGE('',*,*,#8116,.T.) ;
#8155=ORIENTED_EDGE('',*,*,#5612,.T.) ;
#8156=ORIENTED_EDGE('',*,*,#8153,.F.) ;
#8157=ORIENTED_EDGE('',*,*,#5434,.F.) ;
#8158=ORIENTED_EDGE('',*,*,#8136,.T.) ;
#8171=ORIENTED_EDGE('',*,*,#5605,.T.) ;
#8172=ORIENTED_EDGE('',*,*,#6494,.F.) ;
#8173=ORIENTED_EDGE('',*,*,#5442,.F.) ;
#8174=ORIENTED_EDGE('',*,*,#8153,.T.) ;
#8193=ORIENTED_EDGE('',*,*,#5545,.T.) ;
#8194=ORIENTED_EDGE('',*,*,#8186,.T.) ;
#8195=ORIENTED_EDGE('',*,*,#6465,.F.) ;
#8196=ORIENTED_EDGE('',*,*,#8191,.F.) ;
#8205=ORIENTED_EDGE('',*,*,#8186,.F.) ;
#8206=ORIENTED_EDGE('',*,*,#5550,.T.) ;
#8207=ORIENTED_EDGE('',*,*,#8191,.T.) ;
#8208=ORIENTED_EDGE('',*,*,#6470,.F.) ;
#8272=ORIENTED_EDGE('',*,*,#8251,.T.) ;
#8273=ORIENTED_EDGE('',*,*,#8258,.T.) ;
#8274=ORIENTED_EDGE('',*,*,#8265,.F.) ;
#8275=ORIENTED_EDGE('',*,*,#8270,.F.) ;
#8922=ORIENTED_EDGE('',*,*,#8291,.T.) ;
#8923=ORIENTED_EDGE('',*,*,#8316,.T.) ;
#8924=ORIENTED_EDGE('',*,*,#8326,.T.) ;
#8925=ORIENTED_EDGE('',*,*,#8336,.T.) ;
#8926=ORIENTED_EDGE('',*,*,#8343,.T.) ;
#8927=ORIENTED_EDGE('',*,*,#8350,.T.) ;
#8928=ORIENTED_EDGE('',*,*,#8357,.T.) ;
#8929=ORIENTED_EDGE('',*,*,#8367,.T.) ;
#8930=ORIENTED_EDGE('',*,*,#8380,.T.) ;
#8931=ORIENTED_EDGE('',*,*,#8390,.T.) ;
#8932=ORIENTED_EDGE('',*,*,#8403,.T.) ;
#8933=ORIENTED_EDGE('',*,*,#8413,.T.) ;
#8934=ORIENTED_EDGE('',*,*,#8426,.T.) ;
#8935=ORIENTED_EDGE('',*,*,#8436,.T.) ;
#8936=ORIENTED_EDGE('',*,*,#8449,.T.) ;
#8937=ORIENTED_EDGE('',*,*,#8459,.T.) ;
#8938=ORIENTED_EDGE('',*,*,#8472,.T.) ;
#8939=ORIENTED_EDGE('',*,*,#8482,.T.) ;
#8940=ORIENTED_EDGE('',*,*,#8495,.T.) ;
#8941=ORIENTED_EDGE('',*,*,#8505,.T.) ;
#8942=ORIENTED_EDGE('',*,*,#8518,.T.) ;
#8943=ORIENTED_EDGE('',*,*,#8528,.T.) ;
#8944=ORIENTED_EDGE('',*,*,#8541,.T.) ;
#8945=ORIENTED_EDGE('',*,*,#8551,.T.) ;
#8946=ORIENTED_EDGE('',*,*,#8564,.T.) ;
#8947=ORIENTED_EDGE('',*,*,#8574,.T.) ;
#8948=ORIENTED_EDGE('',*,*,#8587,.T.) ;
#8949=ORIENTED_EDGE('',*,*,#8597,.T.) ;
#8950=ORIENTED_EDGE('',*,*,#8610,.T.) ;
#8951=ORIENTED_EDGE('',*,*,#8620,.T.) ;
#8952=ORIENTED_EDGE('',*,*,#8633,.T.) ;
#8953=ORIENTED_EDGE('',*,*,#8643,.T.) ;
#8954=ORIENTED_EDGE('',*,*,#8656,.T.) ;
#8955=ORIENTED_EDGE('',*,*,#8666,.T.) ;
#8956=ORIENTED_EDGE('',*,*,#8679,.T.) ;
#8957=ORIENTED_EDGE('',*,*,#8689,.T.) ;
#8958=ORIENTED_EDGE('',*,*,#8702,.T.) ;
#8959=ORIENTED_EDGE('',*,*,#8712,.T.) ;
#8960=ORIENTED_EDGE('',*,*,#8725,.T.) ;
#8961=ORIENTED_EDGE('',*,*,#8735,.T.) ;
#8962=ORIENTED_EDGE('',*,*,#8748,.T.) ;
#8963=ORIENTED_EDGE('',*,*,#8758,.T.) ;
#8964=ORIENTED_EDGE('',*,*,#8771,.T.) ;
#8965=ORIENTED_EDGE('',*,*,#8781,.T.) ;
#8966=ORIENTED_EDGE('',*,*,#8794,.T.) ;
#8967=ORIENTED_EDGE('',*,*,#8804,.T.) ;
#8968=ORIENTED_EDGE('',*,*,#8817,.T.) ;
#8969=ORIENTED_EDGE('',*,*,#8827,.T.) ;
#8970=ORIENTED_EDGE('',*,*,#8840,.T.) ;
#8971=ORIENTED_EDGE('',*,*,#8850,.T.) ;
#8972=ORIENTED_EDGE('',*,*,#8863,.T.) ;
#8973=ORIENTED_EDGE('',*,*,#8873,.T.) ;
#8974=ORIENTED_EDGE('',*,*,#8889,.T.) ;
#8975=ORIENTED_EDGE('',*,*,#8908,.T.) ;
#8976=ORIENTED_EDGE('',*,*,#8915,.T.) ;
#8977=ORIENTED_EDGE('',*,*,#8920,.T.) ;
#9030=ORIENTED_EDGE('',*,*,#9005,.F.) ;
#9031=ORIENTED_EDGE('',*,*,#9028,.F.) ;
#9084=ORIENTED_EDGE('',*,*,#9059,.F.) ;
#9085=ORIENTED_EDGE('',*,*,#9082,.F.) ;
#9138=ORIENTED_EDGE('',*,*,#9113,.F.) ;
#9139=ORIENTED_EDGE('',*,*,#9136,.F.) ;
#9165=ORIENTED_EDGE('',*,*,#8251,.F.) ;
#9166=ORIENTED_EDGE('',*,*,#9163,.F.) ;
#9180=ORIENTED_EDGE('',*,*,#8258,.F.) ;
#9181=ORIENTED_EDGE('',*,*,#9163,.T.) ;
#9182=ORIENTED_EDGE('',*,*,#8270,.T.) ;
#9183=ORIENTED_EDGE('',*,*,#9178,.F.) ;
#9830=ORIENTED_EDGE('',*,*,#9199,.F.) ;
#9831=ORIENTED_EDGE('',*,*,#9206,.F.) ;
#9832=ORIENTED_EDGE('',*,*,#9213,.F.) ;
#9833=ORIENTED_EDGE('',*,*,#9232,.F.) ;
#9834=ORIENTED_EDGE('',*,*,#9248,.F.) ;
#9835=ORIENTED_EDGE('',*,*,#9258,.F.) ;
#9836=ORIENTED_EDGE('',*,*,#9271,.F.) ;
#9837=ORIENTED_EDGE('',*,*,#9281,.F.) ;
#9838=ORIENTED_EDGE('',*,*,#9294,.F.) ;
#9839=ORIENTED_EDGE('',*,*,#9304,.F.) ;
#9840=ORIENTED_EDGE('',*,*,#9317,.F.) ;
#9841=ORIENTED_EDGE('',*,*,#9327,.F.) ;
#9842=ORIENTED_EDGE('',*,*,#9340,.F.) ;
#9843=ORIENTED_EDGE('',*,*,#9350,.F.) ;
#9844=ORIENTED_EDGE('',*,*,#9363,.F.) ;
#9845=ORIENTED_EDGE('',*,*,#9373,.F.) ;
#9846=ORIENTED_EDGE('',*,*,#9386,.F.) ;
#9847=ORIENTED_EDGE('',*,*,#9396,.F.) ;
#9848=ORIENTED_EDGE('',*,*,#9409,.F.) ;
#9849=ORIENTED_EDGE('',*,*,#9419,.F.) ;
#9850=ORIENTED_EDGE('',*,*,#9432,.F.) ;
#9851=ORIENTED_EDGE('',*,*,#9442,.F.) ;
#9852=ORIENTED_EDGE('',*,*,#9455,.F.) ;
#9853=ORIENTED_EDGE('',*,*,#9465,.F.) ;
#9854=ORIENTED_EDGE('',*,*,#9478,.F.) ;
#9855=ORIENTED_EDGE('',*,*,#9488,.F.) ;
#9856=ORIENTED_EDGE('',*,*,#9501,.F.) ;
#9857=ORIENTED_EDGE('',*,*,#9511,.F.) ;
#9858=ORIENTED_EDGE('',*,*,#9524,.F.) ;
#9859=ORIENTED_EDGE('',*,*,#9534,.F.) ;
#9860=ORIENTED_EDGE('',*,*,#9547,.F.) ;
#9861=ORIENTED_EDGE('',*,*,#9557,.F.) ;
#9862=ORIENTED_EDGE('',*,*,#9570,.F.) ;
#9863=ORIENTED_EDGE('',*,*,#9580,.F.) ;
#9864=ORIENTED_EDGE('',*,*,#9593,.F.) ;
#9865=ORIENTED_EDGE('',*,*,#9603,.F.) ;
#9866=ORIENTED_EDGE('',*,*,#9616,.F.) ;
#9867=ORIENTED_EDGE('',*,*,#9626,.F.) ;
#9868=ORIENTED_EDGE('',*,*,#9639,.F.) ;
#9869=ORIENTED_EDGE('',*,*,#9649,.F.) ;
#9870=ORIENTED_EDGE('',*,*,#9662,.F.) ;
#9871=ORIENTED_EDGE('',*,*,#9672,.F.) ;
#9872=ORIENTED_EDGE('',*,*,#9685,.F.) ;
#9873=ORIENTED_EDGE('',*,*,#9695,.F.) ;
#9874=ORIENTED_EDGE('',*,*,#9708,.F.) ;
#9875=ORIENTED_EDGE('',*,*,#9718,.F.) ;
#9876=ORIENTED_EDGE('',*,*,#9731,.F.) ;
#9877=ORIENTED_EDGE('',*,*,#9741,.F.) ;
#9878=ORIENTED_EDGE('',*,*,#9754,.F.) ;
#9879=ORIENTED_EDGE('',*,*,#9764,.F.) ;
#9880=ORIENTED_EDGE('',*,*,#9771,.F.) ;
#9881=ORIENTED_EDGE('',*,*,#9778,.F.) ;
#9882=ORIENTED_EDGE('',*,*,#9785,.F.) ;
#9883=ORIENTED_EDGE('',*,*,#9795,.F.) ;
#9884=ORIENTED_EDGE('',*,*,#9805,.F.) ;
#9885=ORIENTED_EDGE('',*,*,#9828,.F.) ;
#9938=ORIENTED_EDGE('',*,*,#9913,.T.) ;
#9939=ORIENTED_EDGE('',*,*,#9936,.T.) ;
#9992=ORIENTED_EDGE('',*,*,#9967,.T.) ;
#9993=ORIENTED_EDGE('',*,*,#9990,.T.) ;
#10046=ORIENTED_EDGE('',*,*,#10021,.T.) ;
#10047=ORIENTED_EDGE('',*,*,#10044,.T.) ;
#10050=ORIENTED_EDGE('',*,*,#8265,.T.) ;
#10051=ORIENTED_EDGE('',*,*,#9178,.T.) ;
#10070=ORIENTED_EDGE('',*,*,#9199,.T.) ;
#10071=ORIENTED_EDGE('',*,*,#10063,.F.) ;
#10072=ORIENTED_EDGE('',*,*,#8291,.F.) ;
#10073=ORIENTED_EDGE('',*,*,#10068,.T.) ;
#10087=ORIENTED_EDGE('',*,*,#9828,.T.) ;
#10088=ORIENTED_EDGE('',*,*,#10085,.F.) ;
#10089=ORIENTED_EDGE('',*,*,#8316,.F.) ;
#10090=ORIENTED_EDGE('',*,*,#10063,.T.) ;
#10104=ORIENTED_EDGE('',*,*,#10102,.F.) ;
#10105=ORIENTED_EDGE('',*,*,#8326,.F.) ;
#10106=ORIENTED_EDGE('',*,*,#10085,.T.) ;
#10107=ORIENTED_EDGE('',*,*,#9805,.T.) ;
#10121=ORIENTED_EDGE('',*,*,#8336,.F.) ;
#10122=ORIENTED_EDGE('',*,*,#10102,.T.) ;
#10123=ORIENTED_EDGE('',*,*,#9795,.T.) ;
#10124=ORIENTED_EDGE('',*,*,#10119,.F.) ;
#10138=ORIENTED_EDGE('',*,*,#9785,.T.) ;
#10139=ORIENTED_EDGE('',*,*,#10136,.F.) ;
#10140=ORIENTED_EDGE('',*,*,#8343,.F.) ;
#10141=ORIENTED_EDGE('',*,*,#10119,.T.) ;
#10155=ORIENTED_EDGE('',*,*,#8350,.F.) ;
#10156=ORIENTED_EDGE('',*,*,#10136,.T.) ;
#10157=ORIENTED_EDGE('',*,*,#9778,.T.) ;
#10158=ORIENTED_EDGE('',*,*,#10153,.F.) ;
#10172=ORIENTED_EDGE('',*,*,#9771,.T.) ;
#10173=ORIENTED_EDGE('',*,*,#10170,.F.) ;
#10174=ORIENTED_EDGE('',*,*,#8357,.F.) ;
#10175=ORIENTED_EDGE('',*,*,#10153,.T.) ;
#10189=ORIENTED_EDGE('',*,*,#9764,.T.) ;
#10190=ORIENTED_EDGE('',*,*,#10187,.F.) ;
#10191=ORIENTED_EDGE('',*,*,#8367,.F.) ;
#10192=ORIENTED_EDGE('',*,*,#10170,.T.) ;
#10209=ORIENTED_EDGE('',*,*,#9754,.T.) ;
#10210=ORIENTED_EDGE('',*,*,#10207,.F.) ;
#10211=ORIENTED_EDGE('',*,*,#8380,.F.) ;
#10212=ORIENTED_EDGE('',*,*,#10187,.T.) ;
#10227=ORIENTED_EDGE('',*,*,#9741,.T.) ;
#10228=ORIENTED_EDGE('',*,*,#10225,.F.) ;
#10229=ORIENTED_EDGE('',*,*,#8390,.F.) ;
#10230=ORIENTED_EDGE('',*,*,#10207,.T.) ;
#10247=ORIENTED_EDGE('',*,*,#9731,.T.) ;
#10248=ORIENTED_EDGE('',*,*,#10245,.F.) ;
#10249=ORIENTED_EDGE('',*,*,#8403,.F.) ;
#10250=ORIENTED_EDGE('',*,*,#10225,.T.) ;
#10267=ORIENTED_EDGE('',*,*,#9718,.T.) ;
#10268=ORIENTED_EDGE('',*,*,#10265,.F.) ;
#10269=ORIENTED_EDGE('',*,*,#8413,.F.) ;
#10270=ORIENTED_EDGE('',*,*,#10245,.T.) ;
#10287=ORIENTED_EDGE('',*,*,#9708,.T.) ;
#10288=ORIENTED_EDGE('',*,*,#10285,.F.) ;
#10289=ORIENTED_EDGE('',*,*,#8426,.F.) ;
#10290=ORIENTED_EDGE('',*,*,#10265,.T.) ;
#10305=ORIENTED_EDGE('',*,*,#9695,.T.) ;
#10306=ORIENTED_EDGE('',*,*,#10303,.F.) ;
#10307=ORIENTED_EDGE('',*,*,#8436,.F.) ;
#10308=ORIENTED_EDGE('',*,*,#10285,.T.) ;
#10325=ORIENTED_EDGE('',*,*,#9685,.T.) ;
#10326=ORIENTED_EDGE('',*,*,#10323,.F.) ;
#10327=ORIENTED_EDGE('',*,*,#8449,.F.) ;
#10328=ORIENTED_EDGE('',*,*,#10303,.T.) ;
#10345=ORIENTED_EDGE('',*,*,#9672,.T.) ;
#10346=ORIENTED_EDGE('',*,*,#10343,.F.) ;
#10347=ORIENTED_EDGE('',*,*,#8459,.F.) ;
#10348=ORIENTED_EDGE('',*,*,#10323,.T.) ;
#10365=ORIENTED_EDGE('',*,*,#9662,.T.) ;
#10366=ORIENTED_EDGE('',*,*,#10363,.F.) ;
#10367=ORIENTED_EDGE('',*,*,#8472,.F.) ;
#10368=ORIENTED_EDGE('',*,*,#10343,.T.) ;
#10383=ORIENTED_EDGE('',*,*,#9649,.T.) ;
#10384=ORIENTED_EDGE('',*,*,#10381,.F.) ;
#10385=ORIENTED_EDGE('',*,*,#8482,.F.) ;
#10386=ORIENTED_EDGE('',*,*,#10363,.T.) ;
#10403=ORIENTED_EDGE('',*,*,#9639,.T.) ;
#10404=ORIENTED_EDGE('',*,*,#10401,.F.) ;
#10405=ORIENTED_EDGE('',*,*,#8495,.F.) ;
#10406=ORIENTED_EDGE('',*,*,#10381,.T.) ;
#10423=ORIENTED_EDGE('',*,*,#9626,.T.) ;
#10424=ORIENTED_EDGE('',*,*,#10421,.F.) ;
#10425=ORIENTED_EDGE('',*,*,#8505,.F.) ;
#10426=ORIENTED_EDGE('',*,*,#10401,.T.) ;
#10443=ORIENTED_EDGE('',*,*,#9616,.T.) ;
#10444=ORIENTED_EDGE('',*,*,#10441,.F.) ;
#10445=ORIENTED_EDGE('',*,*,#8518,.F.) ;
#10446=ORIENTED_EDGE('',*,*,#10421,.T.) ;
#10461=ORIENTED_EDGE('',*,*,#9603,.T.) ;
#10462=ORIENTED_EDGE('',*,*,#10459,.F.) ;
#10463=ORIENTED_EDGE('',*,*,#8528,.F.) ;
#10464=ORIENTED_EDGE('',*,*,#10441,.T.) ;
#10481=ORIENTED_EDGE('',*,*,#9593,.T.) ;
#10482=ORIENTED_EDGE('',*,*,#10479,.F.) ;
#10483=ORIENTED_EDGE('',*,*,#8541,.F.) ;
#10484=ORIENTED_EDGE('',*,*,#10459,.T.) ;
#10501=ORIENTED_EDGE('',*,*,#9580,.T.) ;
#10502=ORIENTED_EDGE('',*,*,#10499,.F.) ;
#10503=ORIENTED_EDGE('',*,*,#8551,.F.) ;
#10504=ORIENTED_EDGE('',*,*,#10479,.T.) ;
#10521=ORIENTED_EDGE('',*,*,#9570,.T.) ;
#10522=ORIENTED_EDGE('',*,*,#10519,.F.) ;
#10523=ORIENTED_EDGE('',*,*,#8564,.F.) ;
#10524=ORIENTED_EDGE('',*,*,#10499,.T.) ;
#10539=ORIENTED_EDGE('',*,*,#9557,.T.) ;
#10540=ORIENTED_EDGE('',*,*,#10537,.F.) ;
#10541=ORIENTED_EDGE('',*,*,#8574,.F.) ;
#10542=ORIENTED_EDGE('',*,*,#10519,.T.) ;
#10559=ORIENTED_EDGE('',*,*,#9547,.T.) ;
#10560=ORIENTED_EDGE('',*,*,#10557,.F.) ;
#10561=ORIENTED_EDGE('',*,*,#8587,.F.) ;
#10562=ORIENTED_EDGE('',*,*,#10537,.T.) ;
#10579=ORIENTED_EDGE('',*,*,#9534,.T.) ;
#10580=ORIENTED_EDGE('',*,*,#10577,.F.) ;
#10581=ORIENTED_EDGE('',*,*,#8597,.F.) ;
#10582=ORIENTED_EDGE('',*,*,#10557,.T.) ;
#10599=ORIENTED_EDGE('',*,*,#9524,.T.) ;
#10600=ORIENTED_EDGE('',*,*,#10597,.F.) ;
#10601=ORIENTED_EDGE('',*,*,#8610,.F.) ;
#10602=ORIENTED_EDGE('',*,*,#10577,.T.) ;
#10617=ORIENTED_EDGE('',*,*,#9511,.T.) ;
#10618=ORIENTED_EDGE('',*,*,#10615,.F.) ;
#10619=ORIENTED_EDGE('',*,*,#8620,.F.) ;
#10620=ORIENTED_EDGE('',*,*,#10597,.T.) ;
#10637=ORIENTED_EDGE('',*,*,#9501,.T.) ;
#10638=ORIENTED_EDGE('',*,*,#10635,.F.) ;
#10639=ORIENTED_EDGE('',*,*,#8633,.F.) ;
#10640=ORIENTED_EDGE('',*,*,#10615,.T.) ;
#10657=ORIENTED_EDGE('',*,*,#9488,.T.) ;
#10658=ORIENTED_EDGE('',*,*,#10655,.F.) ;
#10659=ORIENTED_EDGE('',*,*,#8643,.F.) ;
#10660=ORIENTED_EDGE('',*,*,#10635,.T.) ;
#10677=ORIENTED_EDGE('',*,*,#9478,.T.) ;
#10678=ORIENTED_EDGE('',*,*,#10675,.F.) ;
#10679=ORIENTED_EDGE('',*,*,#8656,.F.) ;
#10680=ORIENTED_EDGE('',*,*,#10655,.T.) ;
#10695=ORIENTED_EDGE('',*,*,#9465,.T.) ;
#10696=ORIENTED_EDGE('',*,*,#10693,.F.) ;
#10697=ORIENTED_EDGE('',*,*,#8666,.F.) ;
#10698=ORIENTED_EDGE('',*,*,#10675,.T.) ;
#10715=ORIENTED_EDGE('',*,*,#9455,.T.) ;
#10716=ORIENTED_EDGE('',*,*,#10713,.F.) ;
#10717=ORIENTED_EDGE('',*,*,#8679,.F.) ;
#10718=ORIENTED_EDGE('',*,*,#10693,.T.) ;
#10735=ORIENTED_EDGE('',*,*,#9442,.T.) ;
#10736=ORIENTED_EDGE('',*,*,#10733,.F.) ;
#10737=ORIENTED_EDGE('',*,*,#8689,.F.) ;
#10738=ORIENTED_EDGE('',*,*,#10713,.T.) ;
#10755=ORIENTED_EDGE('',*,*,#9432,.T.) ;
#10756=ORIENTED_EDGE('',*,*,#10753,.F.) ;
#10757=ORIENTED_EDGE('',*,*,#8702,.F.) ;
#10758=ORIENTED_EDGE('',*,*,#10733,.T.) ;
#10773=ORIENTED_EDGE('',*,*,#9419,.T.) ;
#10774=ORIENTED_EDGE('',*,*,#10771,.F.) ;
#10775=ORIENTED_EDGE('',*,*,#8712,.F.) ;
#10776=ORIENTED_EDGE('',*,*,#10753,.T.) ;
#10793=ORIENTED_EDGE('',*,*,#9409,.T.) ;
#10794=ORIENTED_EDGE('',*,*,#10791,.F.) ;
#10795=ORIENTED_EDGE('',*,*,#8725,.F.) ;
#10796=ORIENTED_EDGE('',*,*,#10771,.T.) ;
#10813=ORIENTED_EDGE('',*,*,#9396,.T.) ;
#10814=ORIENTED_EDGE('',*,*,#10811,.F.) ;
#10815=ORIENTED_EDGE('',*,*,#8735,.F.) ;
#10816=ORIENTED_EDGE('',*,*,#10791,.T.) ;
#10833=ORIENTED_EDGE('',*,*,#9386,.T.) ;
#10834=ORIENTED_EDGE('',*,*,#10831,.F.) ;
#10835=ORIENTED_EDGE('',*,*,#8748,.F.) ;
#10836=ORIENTED_EDGE('',*,*,#10811,.T.) ;
#10851=ORIENTED_EDGE('',*,*,#9373,.T.) ;
#10852=ORIENTED_EDGE('',*,*,#10849,.F.) ;
#10853=ORIENTED_EDGE('',*,*,#8758,.F.) ;
#10854=ORIENTED_EDGE('',*,*,#10831,.T.) ;
#10871=ORIENTED_EDGE('',*,*,#9363,.T.) ;
#10872=ORIENTED_EDGE('',*,*,#10869,.F.) ;
#10873=ORIENTED_EDGE('',*,*,#8771,.F.) ;
#10874=ORIENTED_EDGE('',*,*,#10849,.T.) ;
#10891=ORIENTED_EDGE('',*,*,#9350,.T.) ;
#10892=ORIENTED_EDGE('',*,*,#10889,.F.) ;
#10893=ORIENTED_EDGE('',*,*,#8781,.F.) ;
#10894=ORIENTED_EDGE('',*,*,#10869,.T.) ;
#10911=ORIENTED_EDGE('',*,*,#9340,.T.) ;
#10912=ORIENTED_EDGE('',*,*,#10909,.F.) ;
#10913=ORIENTED_EDGE('',*,*,#8794,.F.) ;
#10914=ORIENTED_EDGE('',*,*,#10889,.T.) ;
#10929=ORIENTED_EDGE('',*,*,#9327,.T.) ;
#10930=ORIENTED_EDGE('',*,*,#10927,.F.) ;
#10931=ORIENTED_EDGE('',*,*,#8804,.F.) ;
#10932=ORIENTED_EDGE('',*,*,#10909,.T.) ;
#10949=ORIENTED_EDGE('',*,*,#9317,.T.) ;
#10950=ORIENTED_EDGE('',*,*,#10947,.F.) ;
#10951=ORIENTED_EDGE('',*,*,#8817,.F.) ;
#10952=ORIENTED_EDGE('',*,*,#10927,.T.) ;
#10969=ORIENTED_EDGE('',*,*,#9304,.T.) ;
#10970=ORIENTED_EDGE('',*,*,#10967,.F.) ;
#10971=ORIENTED_EDGE('',*,*,#8827,.F.) ;
#10972=ORIENTED_EDGE('',*,*,#10947,.T.) ;
#10989=ORIENTED_EDGE('',*,*,#9294,.T.) ;
#10990=ORIENTED_EDGE('',*,*,#10987,.F.) ;
#10991=ORIENTED_EDGE('',*,*,#8840,.F.) ;
#10992=ORIENTED_EDGE('',*,*,#10967,.T.) ;
#11007=ORIENTED_EDGE('',*,*,#9281,.T.) ;
#11008=ORIENTED_EDGE('',*,*,#11005,.F.) ;
#11009=ORIENTED_EDGE('',*,*,#8850,.F.) ;
#11010=ORIENTED_EDGE('',*,*,#10987,.T.) ;
#11027=ORIENTED_EDGE('',*,*,#9271,.T.) ;
#11028=ORIENTED_EDGE('',*,*,#11025,.F.) ;
#11029=ORIENTED_EDGE('',*,*,#8863,.F.) ;
#11030=ORIENTED_EDGE('',*,*,#11005,.T.) ;
#11045=ORIENTED_EDGE('',*,*,#9258,.T.) ;
#11046=ORIENTED_EDGE('',*,*,#11043,.F.) ;
#11047=ORIENTED_EDGE('',*,*,#8873,.F.) ;
#11048=ORIENTED_EDGE('',*,*,#11025,.T.) ;
#11062=ORIENTED_EDGE('',*,*,#11060,.F.) ;
#11063=ORIENTED_EDGE('',*,*,#8889,.F.) ;
#11064=ORIENTED_EDGE('',*,*,#11043,.T.) ;
#11065=ORIENTED_EDGE('',*,*,#9248,.T.) ;
#11079=ORIENTED_EDGE('',*,*,#11060,.T.) ;
#11080=ORIENTED_EDGE('',*,*,#9232,.T.) ;
#11081=ORIENTED_EDGE('',*,*,#11077,.F.) ;
#11082=ORIENTED_EDGE('',*,*,#8908,.F.) ;
#11096=ORIENTED_EDGE('',*,*,#9213,.T.) ;
#11097=ORIENTED_EDGE('',*,*,#11094,.F.) ;
#11098=ORIENTED_EDGE('',*,*,#8915,.F.) ;
#11099=ORIENTED_EDGE('',*,*,#11077,.T.) ;
#11108=ORIENTED_EDGE('',*,*,#9206,.T.) ;
#11109=ORIENTED_EDGE('',*,*,#10068,.F.) ;
#11110=ORIENTED_EDGE('',*,*,#8920,.F.) ;
#11111=ORIENTED_EDGE('',*,*,#11094,.T.) ;
#11130=ORIENTED_EDGE('',*,*,#9005,.T.) ;
#11131=ORIENTED_EDGE('',*,*,#11123,.T.) ;
#11132=ORIENTED_EDGE('',*,*,#9967,.F.) ;
#11133=ORIENTED_EDGE('',*,*,#11128,.F.) ;
#11142=ORIENTED_EDGE('',*,*,#11123,.F.) ;
#11143=ORIENTED_EDGE('',*,*,#9028,.T.) ;
#11144=ORIENTED_EDGE('',*,*,#11128,.T.) ;
#11145=ORIENTED_EDGE('',*,*,#9990,.F.) ;
#11164=ORIENTED_EDGE('',*,*,#9059,.T.) ;
#11165=ORIENTED_EDGE('',*,*,#11157,.T.) ;
#11166=ORIENTED_EDGE('',*,*,#10021,.F.) ;
#11167=ORIENTED_EDGE('',*,*,#11162,.F.) ;
#11176=ORIENTED_EDGE('',*,*,#11157,.F.) ;
#11177=ORIENTED_EDGE('',*,*,#9082,.T.) ;
#11178=ORIENTED_EDGE('',*,*,#11162,.T.) ;
#11179=ORIENTED_EDGE('',*,*,#10044,.F.) ;
#11198=ORIENTED_EDGE('',*,*,#9113,.T.) ;
#11199=ORIENTED_EDGE('',*,*,#11191,.T.) ;
#11200=ORIENTED_EDGE('',*,*,#9913,.F.) ;
#11201=ORIENTED_EDGE('',*,*,#11196,.F.) ;
#11210=ORIENTED_EDGE('',*,*,#11191,.F.) ;
#11211=ORIENTED_EDGE('',*,*,#9136,.T.) ;
#11212=ORIENTED_EDGE('',*,*,#11196,.T.) ;
#11213=ORIENTED_EDGE('',*,*,#9936,.F.) ;
#11292=ORIENTED_EDGE('',*,*,#11271,.T.) ;
#11293=ORIENTED_EDGE('',*,*,#11278,.T.) ;
#11294=ORIENTED_EDGE('',*,*,#11285,.F.) ;
#11295=ORIENTED_EDGE('',*,*,#11290,.F.) ;
#11532=ORIENTED_EDGE('',*,*,#11311,.T.) ;
#11533=ORIENTED_EDGE('',*,*,#11318,.T.) ;
#11534=ORIENTED_EDGE('',*,*,#11325,.T.) ;
#11535=ORIENTED_EDGE('',*,*,#11332,.T.) ;
#11536=ORIENTED_EDGE('',*,*,#11339,.T.) ;
#11537=ORIENTED_EDGE('',*,*,#11346,.T.) ;
#11538=ORIENTED_EDGE('',*,*,#11353,.T.) ;
#11539=ORIENTED_EDGE('',*,*,#11360,.T.) ;
#11540=ORIENTED_EDGE('',*,*,#11367,.T.) ;
#11541=ORIENTED_EDGE('',*,*,#11374,.T.) ;
#11542=ORIENTED_EDGE('',*,*,#11381,.T.) ;
#11543=ORIENTED_EDGE('',*,*,#11388,.T.) ;
#11544=ORIENTED_EDGE('',*,*,#11395,.T.) ;
#11545=ORIENTED_EDGE('',*,*,#11402,.T.) ;
#11546=ORIENTED_EDGE('',*,*,#11409,.T.) ;
#11547=ORIENTED_EDGE('',*,*,#11416,.T.) ;
#11548=ORIENTED_EDGE('',*,*,#11429,.T.) ;
#11549=ORIENTED_EDGE('',*,*,#11436,.T.) ;
#11550=ORIENTED_EDGE('',*,*,#11446,.T.) ;
#11551=ORIENTED_EDGE('',*,*,#11456,.T.) ;
#11552=ORIENTED_EDGE('',*,*,#11463,.T.) ;
#11553=ORIENTED_EDGE('',*,*,#11470,.T.) ;
#11554=ORIENTED_EDGE('',*,*,#11477,.T.) ;
#11555=ORIENTED_EDGE('',*,*,#11505,.T.) ;
#11556=ORIENTED_EDGE('',*,*,#11512,.T.) ;
#11557=ORIENTED_EDGE('',*,*,#11525,.T.) ;
#11558=ORIENTED_EDGE('',*,*,#11530,.T.) ;
#11611=ORIENTED_EDGE('',*,*,#11586,.F.) ;
#11612=ORIENTED_EDGE('',*,*,#11609,.F.) ;
#11638=ORIENTED_EDGE('',*,*,#11271,.F.) ;
#11639=ORIENTED_EDGE('',*,*,#11636,.F.) ;
#11653=ORIENTED_EDGE('',*,*,#11278,.F.) ;
#11654=ORIENTED_EDGE('',*,*,#11636,.T.) ;
#11655=ORIENTED_EDGE('',*,*,#11290,.T.) ;
#11656=ORIENTED_EDGE('',*,*,#11651,.F.) ;
#11893=ORIENTED_EDGE('',*,*,#11672,.F.) ;
#11894=ORIENTED_EDGE('',*,*,#11679,.F.) ;
#11895=ORIENTED_EDGE('',*,*,#11692,.F.) ;
#11896=ORIENTED_EDGE('',*,*,#11699,.F.) ;
#11897=ORIENTED_EDGE('',*,*,#11727,.F.) ;
#11898=ORIENTED_EDGE('',*,*,#11734,.F.) ;
#11899=ORIENTED_EDGE('',*,*,#11741,.F.) ;
#11900=ORIENTED_EDGE('',*,*,#11748,.F.) ;
#11901=ORIENTED_EDGE('',*,*,#11758,.F.) ;
#11902=ORIENTED_EDGE('',*,*,#11768,.F.) ;
#11903=ORIENTED_EDGE('',*,*,#11775,.F.) ;
#11904=ORIENTED_EDGE('',*,*,#11788,.F.) ;
#11905=ORIENTED_EDGE('',*,*,#11795,.F.) ;
#11906=ORIENTED_EDGE('',*,*,#11802,.F.) ;
#11907=ORIENTED_EDGE('',*,*,#11809,.F.) ;
#11908=ORIENTED_EDGE('',*,*,#11816,.F.) ;
#11909=ORIENTED_EDGE('',*,*,#11823,.F.) ;
#11910=ORIENTED_EDGE('',*,*,#11830,.F.) ;
#11911=ORIENTED_EDGE('',*,*,#11837,.F.) ;
#11912=ORIENTED_EDGE('',*,*,#11844,.F.) ;
#11913=ORIENTED_EDGE('',*,*,#11851,.F.) ;
#11914=ORIENTED_EDGE('',*,*,#11858,.F.) ;
#11915=ORIENTED_EDGE('',*,*,#11865,.F.) ;
#11916=ORIENTED_EDGE('',*,*,#11872,.F.) ;
#11917=ORIENTED_EDGE('',*,*,#11879,.F.) ;
#11918=ORIENTED_EDGE('',*,*,#11886,.F.) ;
#11919=ORIENTED_EDGE('',*,*,#11891,.F.) ;
#11972=ORIENTED_EDGE('',*,*,#11947,.T.) ;
#11973=ORIENTED_EDGE('',*,*,#11970,.T.) ;
#11976=ORIENTED_EDGE('',*,*,#11285,.T.) ;
#11977=ORIENTED_EDGE('',*,*,#11651,.T.) ;
#11996=ORIENTED_EDGE('',*,*,#11672,.T.) ;
#11997=ORIENTED_EDGE('',*,*,#11989,.F.) ;
#11998=ORIENTED_EDGE('',*,*,#11311,.F.) ;
#11999=ORIENTED_EDGE('',*,*,#11994,.T.) ;
#12013=ORIENTED_EDGE('',*,*,#11891,.T.) ;
#12014=ORIENTED_EDGE('',*,*,#12011,.F.) ;
#12015=ORIENTED_EDGE('',*,*,#11318,.F.) ;
#12016=ORIENTED_EDGE('',*,*,#11989,.T.) ;
#12030=ORIENTED_EDGE('',*,*,#12028,.F.) ;
#12031=ORIENTED_EDGE('',*,*,#11325,.F.) ;
#12032=ORIENTED_EDGE('',*,*,#12011,.T.) ;
#12033=ORIENTED_EDGE('',*,*,#11886,.T.) ;
#12047=ORIENTED_EDGE('',*,*,#11332,.F.) ;
#12048=ORIENTED_EDGE('',*,*,#12028,.T.) ;
#12049=ORIENTED_EDGE('',*,*,#11879,.T.) ;
#12050=ORIENTED_EDGE('',*,*,#12045,.F.) ;
#12064=ORIENTED_EDGE('',*,*,#11872,.T.) ;
#12065=ORIENTED_EDGE('',*,*,#12062,.F.) ;
#12066=ORIENTED_EDGE('',*,*,#11339,.F.) ;
#12067=ORIENTED_EDGE('',*,*,#12045,.T.) ;
#12081=ORIENTED_EDGE('',*,*,#11865,.T.) ;
#12082=ORIENTED_EDGE('',*,*,#12079,.F.) ;
#12083=ORIENTED_EDGE('',*,*,#11346,.F.) ;
#12084=ORIENTED_EDGE('',*,*,#12062,.T.) ;
#12098=ORIENTED_EDGE('',*,*,#11858,.T.) ;
#12099=ORIENTED_EDGE('',*,*,#12096,.F.) ;
#12100=ORIENTED_EDGE('',*,*,#11353,.F.) ;
#12101=ORIENTED_EDGE('',*,*,#12079,.T.) ;
#12115=ORIENTED_EDGE('',*,*,#11851,.T.) ;
#12116=ORIENTED_EDGE('',*,*,#12113,.F.) ;
#12117=ORIENTED_EDGE('',*,*,#11360,.F.) ;
#12118=ORIENTED_EDGE('',*,*,#12096,.T.) ;
#12132=ORIENTED_EDGE('',*,*,#11844,.T.) ;
#12133=ORIENTED_EDGE('',*,*,#12130,.F.) ;
#12134=ORIENTED_EDGE('',*,*,#11367,.F.) ;
#12135=ORIENTED_EDGE('',*,*,#12113,.T.) ;
#12149=ORIENTED_EDGE('',*,*,#11837,.T.) ;
#12150=ORIENTED_EDGE('',*,*,#12147,.F.) ;
#12151=ORIENTED_EDGE('',*,*,#11374,.F.) ;
#12152=ORIENTED_EDGE('',*,*,#12130,.T.) ;
#12166=ORIENTED_EDGE('',*,*,#11830,.T.) ;
#12167=ORIENTED_EDGE('',*,*,#12164,.F.) ;
#12168=ORIENTED_EDGE('',*,*,#11381,.F.) ;
#12169=ORIENTED_EDGE('',*,*,#12147,.T.) ;
#12183=ORIENTED_EDGE('',*,*,#11823,.T.) ;
#12184=ORIENTED_EDGE('',*,*,#12181,.F.) ;
#12185=ORIENTED_EDGE('',*,*,#11388,.F.) ;
#12186=ORIENTED_EDGE('',*,*,#12164,.T.) ;
#12200=ORIENTED_EDGE('',*,*,#11816,.T.) ;
#12201=ORIENTED_EDGE('',*,*,#12198,.F.) ;
#12202=ORIENTED_EDGE('',*,*,#11395,.F.) ;
#12203=ORIENTED_EDGE('',*,*,#12181,.T.) ;
#12217=ORIENTED_EDGE('',*,*,#11809,.T.) ;
#12218=ORIENTED_EDGE('',*,*,#12215,.F.) ;
#12219=ORIENTED_EDGE('',*,*,#11402,.F.) ;
#12220=ORIENTED_EDGE('',*,*,#12198,.T.) ;
#12234=ORIENTED_EDGE('',*,*,#11802,.T.) ;
#12235=ORIENTED_EDGE('',*,*,#12232,.F.) ;
#12236=ORIENTED_EDGE('',*,*,#11409,.F.) ;
#12237=ORIENTED_EDGE('',*,*,#12215,.T.) ;
#12251=ORIENTED_EDGE('',*,*,#11795,.T.) ;
#12252=ORIENTED_EDGE('',*,*,#12249,.F.) ;
#12253=ORIENTED_EDGE('',*,*,#11416,.F.) ;
#12254=ORIENTED_EDGE('',*,*,#12232,.T.) ;
#12268=ORIENTED_EDGE('',*,*,#11788,.T.) ;
#12269=ORIENTED_EDGE('',*,*,#12266,.F.) ;
#12270=ORIENTED_EDGE('',*,*,#11429,.F.) ;
#12271=ORIENTED_EDGE('',*,*,#12249,.T.) ;
#12285=ORIENTED_EDGE('',*,*,#11775,.T.) ;
#12286=ORIENTED_EDGE('',*,*,#12283,.F.) ;
#12287=ORIENTED_EDGE('',*,*,#11436,.F.) ;
#12288=ORIENTED_EDGE('',*,*,#12266,.T.) ;
#12302=ORIENTED_EDGE('',*,*,#12300,.F.) ;
#12303=ORIENTED_EDGE('',*,*,#11446,.F.) ;
#12304=ORIENTED_EDGE('',*,*,#12283,.T.) ;
#12305=ORIENTED_EDGE('',*,*,#11768,.T.) ;
#12319=ORIENTED_EDGE('',*,*,#11456,.F.) ;
#12320=ORIENTED_EDGE('',*,*,#12300,.T.) ;
#12321=ORIENTED_EDGE('',*,*,#11758,.T.) ;
#12322=ORIENTED_EDGE('',*,*,#12317,.F.) ;
#12336=ORIENTED_EDGE('',*,*,#11748,.T.) ;
#12337=ORIENTED_EDGE('',*,*,#12334,.F.) ;
#12338=ORIENTED_EDGE('',*,*,#11463,.F.) ;
#12339=ORIENTED_EDGE('',*,*,#12317,.T.) ;
#12353=ORIENTED_EDGE('',*,*,#11741,.T.) ;
#12354=ORIENTED_EDGE('',*,*,#12351,.F.) ;
#12355=ORIENTED_EDGE('',*,*,#11470,.F.) ;
#12356=ORIENTED_EDGE('',*,*,#12334,.T.) ;
#12370=ORIENTED_EDGE('',*,*,#11734,.T.) ;
#12371=ORIENTED_EDGE('',*,*,#12368,.F.) ;
#12372=ORIENTED_EDGE('',*,*,#11477,.F.) ;
#12373=ORIENTED_EDGE('',*,*,#12351,.T.) ;
#12387=ORIENTED_EDGE('',*,*,#11727,.T.) ;
#12388=ORIENTED_EDGE('',*,*,#12385,.F.) ;
#12389=ORIENTED_EDGE('',*,*,#11505,.F.) ;
#12390=ORIENTED_EDGE('',*,*,#12368,.T.) ;
#12404=ORIENTED_EDGE('',*,*,#11699,.T.) ;
#12405=ORIENTED_EDGE('',*,*,#12402,.F.) ;
#12406=ORIENTED_EDGE('',*,*,#11512,.F.) ;
#12407=ORIENTED_EDGE('',*,*,#12385,.T.) ;
#12421=ORIENTED_EDGE('',*,*,#11692,.T.) ;
#12422=ORIENTED_EDGE('',*,*,#12419,.F.) ;
#12423=ORIENTED_EDGE('',*,*,#11525,.F.) ;
#12424=ORIENTED_EDGE('',*,*,#12402,.T.) ;
#12433=ORIENTED_EDGE('',*,*,#11679,.T.) ;
#12434=ORIENTED_EDGE('',*,*,#11994,.F.) ;
#12435=ORIENTED_EDGE('',*,*,#11530,.F.) ;
#12436=ORIENTED_EDGE('',*,*,#12419,.T.) ;
#12455=ORIENTED_EDGE('',*,*,#11586,.T.) ;
#12456=ORIENTED_EDGE('',*,*,#12448,.T.) ;
#12457=ORIENTED_EDGE('',*,*,#11947,.F.) ;
#12458=ORIENTED_EDGE('',*,*,#12453,.F.) ;
#12467=ORIENTED_EDGE('',*,*,#12448,.F.) ;
#12468=ORIENTED_EDGE('',*,*,#11609,.T.) ;
#12469=ORIENTED_EDGE('',*,*,#12453,.T.) ;
#12470=ORIENTED_EDGE('',*,*,#11970,.F.) ;
#13175=ORIENTED_EDGE('',*,*,#12654,.F.) ;
#13176=ORIENTED_EDGE('',*,*,#12661,.T.) ;
#13177=ORIENTED_EDGE('',*,*,#12668,.T.) ;
#13178=ORIENTED_EDGE('',*,*,#12681,.F.) ;
#13179=ORIENTED_EDGE('',*,*,#12688,.T.) ;
#13180=ORIENTED_EDGE('',*,*,#12701,.F.) ;
#13181=ORIENTED_EDGE('',*,*,#12708,.T.) ;
#13182=ORIENTED_EDGE('',*,*,#12721,.F.) ;
#13183=ORIENTED_EDGE('',*,*,#12728,.T.) ;
#13184=ORIENTED_EDGE('',*,*,#12741,.F.) ;
#13185=ORIENTED_EDGE('',*,*,#12748,.T.) ;
#13186=ORIENTED_EDGE('',*,*,#12761,.F.) ;
#13187=ORIENTED_EDGE('',*,*,#12768,.T.) ;
#13188=ORIENTED_EDGE('',*,*,#12781,.F.) ;
#13189=ORIENTED_EDGE('',*,*,#12788,.T.) ;
#13190=ORIENTED_EDGE('',*,*,#12801,.F.) ;
#13191=ORIENTED_EDGE('',*,*,#12808,.T.) ;
#13192=ORIENTED_EDGE('',*,*,#12821,.F.) ;
#13193=ORIENTED_EDGE('',*,*,#12828,.T.) ;
#13194=ORIENTED_EDGE('',*,*,#12841,.F.) ;
#13195=ORIENTED_EDGE('',*,*,#12848,.T.) ;
#13196=ORIENTED_EDGE('',*,*,#12861,.F.) ;
#13197=ORIENTED_EDGE('',*,*,#12868,.T.) ;
#13198=ORIENTED_EDGE('',*,*,#12881,.F.) ;
#13199=ORIENTED_EDGE('',*,*,#12888,.T.) ;
#13200=ORIENTED_EDGE('',*,*,#12901,.F.) ;
#13201=ORIENTED_EDGE('',*,*,#12908,.T.) ;
#13202=ORIENTED_EDGE('',*,*,#12921,.F.) ;
#13203=ORIENTED_EDGE('',*,*,#12928,.T.) ;
#13204=ORIENTED_EDGE('',*,*,#12935,.T.) ;
#13205=ORIENTED_EDGE('',*,*,#12948,.F.) ;
#13206=ORIENTED_EDGE('',*,*,#12955,.T.) ;
#13207=ORIENTED_EDGE('',*,*,#12968,.F.) ;
#13208=ORIENTED_EDGE('',*,*,#12975,.T.) ;
#13209=ORIENTED_EDGE('',*,*,#12988,.F.) ;
#13210=ORIENTED_EDGE('',*,*,#12995,.T.) ;
#13211=ORIENTED_EDGE('',*,*,#13008,.F.) ;
#13212=ORIENTED_EDGE('',*,*,#13015,.T.) ;
#13213=ORIENTED_EDGE('',*,*,#13028,.F.) ;
#13214=ORIENTED_EDGE('',*,*,#13035,.T.) ;
#13215=ORIENTED_EDGE('',*,*,#13048,.F.) ;
#13216=ORIENTED_EDGE('',*,*,#13055,.T.) ;
#13217=ORIENTED_EDGE('',*,*,#13068,.F.) ;
#13218=ORIENTED_EDGE('',*,*,#13075,.T.) ;
#13219=ORIENTED_EDGE('',*,*,#13088,.F.) ;
#13220=ORIENTED_EDGE('',*,*,#13095,.T.) ;
#13221=ORIENTED_EDGE('',*,*,#13108,.F.) ;
#13222=ORIENTED_EDGE('',*,*,#13115,.T.) ;
#13223=ORIENTED_EDGE('',*,*,#13128,.F.) ;
#13224=ORIENTED_EDGE('',*,*,#13135,.T.) ;
#13225=ORIENTED_EDGE('',*,*,#13148,.F.) ;
#13226=ORIENTED_EDGE('',*,*,#13155,.T.) ;
#13227=ORIENTED_EDGE('',*,*,#13168,.F.) ;
#13228=ORIENTED_EDGE('',*,*,#13173,.T.) ;
#13245=ORIENTED_EDGE('',*,*,#13238,.F.) ;
#13246=ORIENTED_EDGE('',*,*,#13243,.F.) ;
#13278=ORIENTED_EDGE('',*,*,#13263,.F.) ;
#13279=ORIENTED_EDGE('',*,*,#12654,.T.) ;
#13280=ORIENTED_EDGE('',*,*,#13269,.T.) ;
#13281=ORIENTED_EDGE('',*,*,#13276,.F.) ;
#13302=ORIENTED_EDGE('',*,*,#13295,.F.) ;
#13303=ORIENTED_EDGE('',*,*,#12661,.F.) ;
#13304=ORIENTED_EDGE('',*,*,#13263,.T.) ;
#13305=ORIENTED_EDGE('',*,*,#13300,.F.) ;
#13326=ORIENTED_EDGE('',*,*,#13319,.F.) ;
#13327=ORIENTED_EDGE('',*,*,#12668,.F.) ;
#13328=ORIENTED_EDGE('',*,*,#13295,.T.) ;
#13329=ORIENTED_EDGE('',*,*,#13324,.F.) ;
#13355=ORIENTED_EDGE('',*,*,#13346,.F.) ;
#13356=ORIENTED_EDGE('',*,*,#12681,.T.) ;
#13357=ORIENTED_EDGE('',*,*,#13319,.T.) ;
#13358=ORIENTED_EDGE('',*,*,#13353,.F.) ;
#13379=ORIENTED_EDGE('',*,*,#13372,.F.) ;
#13380=ORIENTED_EDGE('',*,*,#12688,.F.) ;
#13381=ORIENTED_EDGE('',*,*,#13346,.T.) ;
#13382=ORIENTED_EDGE('',*,*,#13377,.F.) ;
#13408=ORIENTED_EDGE('',*,*,#13399,.F.) ;
#13409=ORIENTED_EDGE('',*,*,#12701,.T.) ;
#13410=ORIENTED_EDGE('',*,*,#13372,.T.) ;
#13411=ORIENTED_EDGE('',*,*,#13406,.F.) ;
#13432=ORIENTED_EDGE('',*,*,#13425,.F.) ;
#13433=ORIENTED_EDGE('',*,*,#12708,.F.) ;
#13434=ORIENTED_EDGE('',*,*,#13399,.T.) ;
#13435=ORIENTED_EDGE('',*,*,#13430,.F.) ;
#13461=ORIENTED_EDGE('',*,*,#13452,.F.) ;
#13462=ORIENTED_EDGE('',*,*,#12721,.T.) ;
#13463=ORIENTED_EDGE('',*,*,#13425,.T.) ;
#13464=ORIENTED_EDGE('',*,*,#13459,.F.) ;
#13485=ORIENTED_EDGE('',*,*,#13478,.F.) ;
#13486=ORIENTED_EDGE('',*,*,#12728,.F.) ;
#13487=ORIENTED_EDGE('',*,*,#13452,.T.) ;
#13488=ORIENTED_EDGE('',*,*,#13483,.F.) ;
#13514=ORIENTED_EDGE('',*,*,#13505,.F.) ;
#13515=ORIENTED_EDGE('',*,*,#12741,.T.) ;
#13516=ORIENTED_EDGE('',*,*,#13478,.T.) ;
#13517=ORIENTED_EDGE('',*,*,#13512,.F.) ;
#13538=ORIENTED_EDGE('',*,*,#13531,.F.) ;
#13539=ORIENTED_EDGE('',*,*,#12748,.F.) ;
#13540=ORIENTED_EDGE('',*,*,#13505,.T.) ;
#13541=ORIENTED_EDGE('',*,*,#13536,.F.) ;
#13567=ORIENTED_EDGE('',*,*,#13558,.F.) ;
#13568=ORIENTED_EDGE('',*,*,#12761,.T.) ;
#13569=ORIENTED_EDGE('',*,*,#13531,.T.) ;
#13570=ORIENTED_EDGE('',*,*,#13565,.F.) ;
#13591=ORIENTED_EDGE('',*,*,#13584,.F.) ;
#13592=ORIENTED_EDGE('',*,*,#12768,.F.) ;
#13593=ORIENTED_EDGE('',*,*,#13558,.T.) ;
#13594=ORIENTED_EDGE('',*,*,#13589,.F.) ;
#13620=ORIENTED_EDGE('',*,*,#13611,.F.) ;
#13621=ORIENTED_EDGE('',*,*,#12781,.T.) ;
#13622=ORIENTED_EDGE('',*,*,#13584,.T.) ;
#13623=ORIENTED_EDGE('',*,*,#13618,.F.) ;
#13644=ORIENTED_EDGE('',*,*,#13637,.F.) ;
#13645=ORIENTED_EDGE('',*,*,#12788,.F.) ;
#13646=ORIENTED_EDGE('',*,*,#13611,.T.) ;
#13647=ORIENTED_EDGE('',*,*,#13642,.F.) ;
#13673=ORIENTED_EDGE('',*,*,#13664,.F.) ;
#13674=ORIENTED_EDGE('',*,*,#12801,.T.) ;
#13675=ORIENTED_EDGE('',*,*,#13637,.T.) ;
#13676=ORIENTED_EDGE('',*,*,#13671,.F.) ;
#13697=ORIENTED_EDGE('',*,*,#13690,.F.) ;
#13698=ORIENTED_EDGE('',*,*,#12808,.F.) ;
#13699=ORIENTED_EDGE('',*,*,#13664,.T.) ;
#13700=ORIENTED_EDGE('',*,*,#13695,.F.) ;
#13726=ORIENTED_EDGE('',*,*,#13717,.F.) ;
#13727=ORIENTED_EDGE('',*,*,#12821,.T.) ;
#13728=ORIENTED_EDGE('',*,*,#13690,.T.) ;
#13729=ORIENTED_EDGE('',*,*,#13724,.F.) ;
#13750=ORIENTED_EDGE('',*,*,#13743,.F.) ;
#13751=ORIENTED_EDGE('',*,*,#12828,.F.) ;
#13752=ORIENTED_EDGE('',*,*,#13717,.T.) ;
#13753=ORIENTED_EDGE('',*,*,#13748,.F.) ;
#13779=ORIENTED_EDGE('',*,*,#13770,.F.) ;
#13780=ORIENTED_EDGE('',*,*,#12841,.T.) ;
#13781=ORIENTED_EDGE('',*,*,#13743,.T.) ;
#13782=ORIENTED_EDGE('',*,*,#13777,.F.) ;
#13803=ORIENTED_EDGE('',*,*,#13796,.F.) ;
#13804=ORIENTED_EDGE('',*,*,#12848,.F.) ;
#13805=ORIENTED_EDGE('',*,*,#13770,.T.) ;
#13806=ORIENTED_EDGE('',*,*,#13801,.F.) ;
#13832=ORIENTED_EDGE('',*,*,#13823,.F.) ;
#13833=ORIENTED_EDGE('',*,*,#12861,.T.) ;
#13834=ORIENTED_EDGE('',*,*,#13796,.T.) ;
#13835=ORIENTED_EDGE('',*,*,#13830,.F.) ;
#13856=ORIENTED_EDGE('',*,*,#13849,.F.) ;
#13857=ORIENTED_EDGE('',*,*,#12868,.F.) ;
#13858=ORIENTED_EDGE('',*,*,#13823,.T.) ;
#13859=ORIENTED_EDGE('',*,*,#13854,.F.) ;
#13885=ORIENTED_EDGE('',*,*,#13876,.F.) ;
#13886=ORIENTED_EDGE('',*,*,#12881,.T.) ;
#13887=ORIENTED_EDGE('',*,*,#13849,.T.) ;
#13888=ORIENTED_EDGE('',*,*,#13883,.F.) ;
#13909=ORIENTED_EDGE('',*,*,#13902,.F.) ;
#13910=ORIENTED_EDGE('',*,*,#12888,.F.) ;
#13911=ORIENTED_EDGE('',*,*,#13876,.T.) ;
#13912=ORIENTED_EDGE('',*,*,#13907,.F.) ;
#13938=ORIENTED_EDGE('',*,*,#13929,.F.) ;
#13939=ORIENTED_EDGE('',*,*,#12901,.T.) ;
#13940=ORIENTED_EDGE('',*,*,#13902,.T.) ;
#13941=ORIENTED_EDGE('',*,*,#13936,.F.) ;
#13962=ORIENTED_EDGE('',*,*,#13955,.F.) ;
#13963=ORIENTED_EDGE('',*,*,#12908,.F.) ;
#13964=ORIENTED_EDGE('',*,*,#13929,.T.) ;
#13965=ORIENTED_EDGE('',*,*,#13960,.F.) ;
#13991=ORIENTED_EDGE('',*,*,#13982,.F.) ;
#13992=ORIENTED_EDGE('',*,*,#12921,.T.) ;
#13993=ORIENTED_EDGE('',*,*,#13955,.T.) ;
#13994=ORIENTED_EDGE('',*,*,#13989,.F.) ;
#14015=ORIENTED_EDGE('',*,*,#14008,.F.) ;
#14016=ORIENTED_EDGE('',*,*,#12928,.F.) ;
#14017=ORIENTED_EDGE('',*,*,#13982,.T.) ;
#14018=ORIENTED_EDGE('',*,*,#14013,.F.) ;
#14039=ORIENTED_EDGE('',*,*,#14032,.F.) ;
#14040=ORIENTED_EDGE('',*,*,#12935,.F.) ;
#14041=ORIENTED_EDGE('',*,*,#14008,.T.) ;
#14042=ORIENTED_EDGE('',*,*,#14037,.F.) ;
#14068=ORIENTED_EDGE('',*,*,#14059,.F.) ;
#14069=ORIENTED_EDGE('',*,*,#12948,.T.) ;
#14070=ORIENTED_EDGE('',*,*,#14032,.T.) ;
#14071=ORIENTED_EDGE('',*,*,#14066,.F.) ;
#14092=ORIENTED_EDGE('',*,*,#14085,.F.) ;
#14093=ORIENTED_EDGE('',*,*,#12955,.F.) ;
#14094=ORIENTED_EDGE('',*,*,#14059,.T.) ;
#14095=ORIENTED_EDGE('',*,*,#14090,.F.) ;
#14121=ORIENTED_EDGE('',*,*,#14112,.F.) ;
#14122=ORIENTED_EDGE('',*,*,#12968,.T.) ;
#14123=ORIENTED_EDGE('',*,*,#14085,.T.) ;
#14124=ORIENTED_EDGE('',*,*,#14119,.F.) ;
#14145=ORIENTED_EDGE('',*,*,#14138,.F.) ;
#14146=ORIENTED_EDGE('',*,*,#12975,.F.) ;
#14147=ORIENTED_EDGE('',*,*,#14112,.T.) ;
#14148=ORIENTED_EDGE('',*,*,#14143,.F.) ;
#14174=ORIENTED_EDGE('',*,*,#14165,.F.) ;
#14175=ORIENTED_EDGE('',*,*,#12988,.T.) ;
#14176=ORIENTED_EDGE('',*,*,#14138,.T.) ;
#14177=ORIENTED_EDGE('',*,*,#14172,.F.) ;
#14198=ORIENTED_EDGE('',*,*,#14191,.F.) ;
#14199=ORIENTED_EDGE('',*,*,#12995,.F.) ;
#14200=ORIENTED_EDGE('',*,*,#14165,.T.) ;
#14201=ORIENTED_EDGE('',*,*,#14196,.F.) ;
#14227=ORIENTED_EDGE('',*,*,#14218,.F.) ;
#14228=ORIENTED_EDGE('',*,*,#13008,.T.) ;
#14229=ORIENTED_EDGE('',*,*,#14191,.T.) ;
#14230=ORIENTED_EDGE('',*,*,#14225,.F.) ;
#14251=ORIENTED_EDGE('',*,*,#14244,.F.) ;
#14252=ORIENTED_EDGE('',*,*,#13015,.F.) ;
#14253=ORIENTED_EDGE('',*,*,#14218,.T.) ;
#14254=ORIENTED_EDGE('',*,*,#14249,.F.) ;
#14280=ORIENTED_EDGE('',*,*,#14271,.F.) ;
#14281=ORIENTED_EDGE('',*,*,#13028,.T.) ;
#14282=ORIENTED_EDGE('',*,*,#14244,.T.) ;
#14283=ORIENTED_EDGE('',*,*,#14278,.F.) ;
#14304=ORIENTED_EDGE('',*,*,#14297,.F.) ;
#14305=ORIENTED_EDGE('',*,*,#13035,.F.) ;
#14306=ORIENTED_EDGE('',*,*,#14271,.T.) ;
#14307=ORIENTED_EDGE('',*,*,#14302,.F.) ;
#14333=ORIENTED_EDGE('',*,*,#14324,.F.) ;
#14334=ORIENTED_EDGE('',*,*,#13048,.T.) ;
#14335=ORIENTED_EDGE('',*,*,#14297,.T.) ;
#14336=ORIENTED_EDGE('',*,*,#14331,.F.) ;
#14357=ORIENTED_EDGE('',*,*,#14350,.F.) ;
#14358=ORIENTED_EDGE('',*,*,#13055,.F.) ;
#14359=ORIENTED_EDGE('',*,*,#14324,.T.) ;
#14360=ORIENTED_EDGE('',*,*,#14355,.F.) ;
#14386=ORIENTED_EDGE('',*,*,#14377,.F.) ;
#14387=ORIENTED_EDGE('',*,*,#13068,.T.) ;
#14388=ORIENTED_EDGE('',*,*,#14350,.T.) ;
#14389=ORIENTED_EDGE('',*,*,#14384,.F.) ;
#14410=ORIENTED_EDGE('',*,*,#14403,.F.) ;
#14411=ORIENTED_EDGE('',*,*,#13075,.F.) ;
#14412=ORIENTED_EDGE('',*,*,#14377,.T.) ;
#14413=ORIENTED_EDGE('',*,*,#14408,.F.) ;
#14439=ORIENTED_EDGE('',*,*,#14430,.F.) ;
#14440=ORIENTED_EDGE('',*,*,#13088,.T.) ;
#14441=ORIENTED_EDGE('',*,*,#14403,.T.) ;
#14442=ORIENTED_EDGE('',*,*,#14437,.F.) ;
#14463=ORIENTED_EDGE('',*,*,#14456,.F.) ;
#14464=ORIENTED_EDGE('',*,*,#13095,.F.) ;
#14465=ORIENTED_EDGE('',*,*,#14430,.T.) ;
#14466=ORIENTED_EDGE('',*,*,#14461,.F.) ;
#14492=ORIENTED_EDGE('',*,*,#14483,.F.) ;
#14493=ORIENTED_EDGE('',*,*,#13108,.T.) ;
#14494=ORIENTED_EDGE('',*,*,#14456,.T.) ;
#14495=ORIENTED_EDGE('',*,*,#14490,.F.) ;
#14516=ORIENTED_EDGE('',*,*,#14509,.F.) ;
#14517=ORIENTED_EDGE('',*,*,#13115,.F.) ;
#14518=ORIENTED_EDGE('',*,*,#14483,.T.) ;
#14519=ORIENTED_EDGE('',*,*,#14514,.F.) ;
#14545=ORIENTED_EDGE('',*,*,#14536,.F.) ;
#14546=ORIENTED_EDGE('',*,*,#13128,.T.) ;
#14547=ORIENTED_EDGE('',*,*,#14509,.T.) ;
#14548=ORIENTED_EDGE('',*,*,#14543,.F.) ;
#14569=ORIENTED_EDGE('',*,*,#14562,.F.) ;
#14570=ORIENTED_EDGE('',*,*,#13135,.F.) ;
#14571=ORIENTED_EDGE('',*,*,#14536,.T.) ;
#14572=ORIENTED_EDGE('',*,*,#14567,.F.) ;
#14598=ORIENTED_EDGE('',*,*,#14589,.F.) ;
#14599=ORIENTED_EDGE('',*,*,#13148,.T.) ;
#14600=ORIENTED_EDGE('',*,*,#14562,.T.) ;
#14601=ORIENTED_EDGE('',*,*,#14596,.F.) ;
#14622=ORIENTED_EDGE('',*,*,#14615,.F.) ;
#14623=ORIENTED_EDGE('',*,*,#13155,.F.) ;
#14624=ORIENTED_EDGE('',*,*,#14589,.T.) ;
#14625=ORIENTED_EDGE('',*,*,#14620,.F.) ;
#14651=ORIENTED_EDGE('',*,*,#14642,.F.) ;
#14652=ORIENTED_EDGE('',*,*,#13168,.T.) ;
#14653=ORIENTED_EDGE('',*,*,#14615,.T.) ;
#14654=ORIENTED_EDGE('',*,*,#14649,.F.) ;
#14668=ORIENTED_EDGE('',*,*,#13269,.F.) ;
#14669=ORIENTED_EDGE('',*,*,#13173,.F.) ;
#14670=ORIENTED_EDGE('',*,*,#14642,.T.) ;
#14671=ORIENTED_EDGE('',*,*,#14666,.F.) ;
#14699=ORIENTED_EDGE('',*,*,#14687,.T.) ;
#14700=ORIENTED_EDGE('',*,*,#14692,.F.) ;
#14701=ORIENTED_EDGE('',*,*,#13238,.T.) ;
#14702=ORIENTED_EDGE('',*,*,#14697,.T.) ;
#14716=ORIENTED_EDGE('',*,*,#14714,.T.) ;
#14717=ORIENTED_EDGE('',*,*,#14697,.F.) ;
#14718=ORIENTED_EDGE('',*,*,#13243,.T.) ;
#14719=ORIENTED_EDGE('',*,*,#14692,.T.) ;
#14728=ORIENTED_EDGE('',*,*,#13300,.T.) ;
#14729=ORIENTED_EDGE('',*,*,#13276,.T.) ;
#14730=ORIENTED_EDGE('',*,*,#14666,.T.) ;
#14731=ORIENTED_EDGE('',*,*,#14649,.T.) ;
#14732=ORIENTED_EDGE('',*,*,#14620,.T.) ;
#14733=ORIENTED_EDGE('',*,*,#14596,.T.) ;
#14734=ORIENTED_EDGE('',*,*,#14567,.T.) ;
#14735=ORIENTED_EDGE('',*,*,#14543,.T.) ;
#14736=ORIENTED_EDGE('',*,*,#14514,.T.) ;
#14737=ORIENTED_EDGE('',*,*,#14490,.T.) ;
#14738=ORIENTED_EDGE('',*,*,#14461,.T.) ;
#14739=ORIENTED_EDGE('',*,*,#14437,.T.) ;
#14740=ORIENTED_EDGE('',*,*,#14408,.T.) ;
#14741=ORIENTED_EDGE('',*,*,#14384,.T.) ;
#14742=ORIENTED_EDGE('',*,*,#14355,.T.) ;
#14743=ORIENTED_EDGE('',*,*,#14331,.T.) ;
#14744=ORIENTED_EDGE('',*,*,#14302,.T.) ;
#14745=ORIENTED_EDGE('',*,*,#14278,.T.) ;
#14746=ORIENTED_EDGE('',*,*,#14249,.T.) ;
#14747=ORIENTED_EDGE('',*,*,#14225,.T.) ;
#14748=ORIENTED_EDGE('',*,*,#14196,.T.) ;
#14749=ORIENTED_EDGE('',*,*,#14172,.T.) ;
#14750=ORIENTED_EDGE('',*,*,#14143,.T.) ;
#14751=ORIENTED_EDGE('',*,*,#14119,.T.) ;
#14752=ORIENTED_EDGE('',*,*,#14090,.T.) ;
#14753=ORIENTED_EDGE('',*,*,#14066,.T.) ;
#14754=ORIENTED_EDGE('',*,*,#14037,.T.) ;
#14755=ORIENTED_EDGE('',*,*,#14013,.T.) ;
#14756=ORIENTED_EDGE('',*,*,#13989,.T.) ;
#14757=ORIENTED_EDGE('',*,*,#13960,.T.) ;
#14758=ORIENTED_EDGE('',*,*,#13936,.T.) ;
#14759=ORIENTED_EDGE('',*,*,#13907,.T.) ;
#14760=ORIENTED_EDGE('',*,*,#13883,.T.) ;
#14761=ORIENTED_EDGE('',*,*,#13854,.T.) ;
#14762=ORIENTED_EDGE('',*,*,#13830,.T.) ;
#14763=ORIENTED_EDGE('',*,*,#13801,.T.) ;
#14764=ORIENTED_EDGE('',*,*,#13777,.T.) ;
#14765=ORIENTED_EDGE('',*,*,#13748,.T.) ;
#14766=ORIENTED_EDGE('',*,*,#13724,.T.) ;
#14767=ORIENTED_EDGE('',*,*,#13695,.T.) ;
#14768=ORIENTED_EDGE('',*,*,#13671,.T.) ;
#14769=ORIENTED_EDGE('',*,*,#13642,.T.) ;
#14770=ORIENTED_EDGE('',*,*,#13618,.T.) ;
#14771=ORIENTED_EDGE('',*,*,#13589,.T.) ;
#14772=ORIENTED_EDGE('',*,*,#13565,.T.) ;
#14773=ORIENTED_EDGE('',*,*,#13536,.T.) ;
#14774=ORIENTED_EDGE('',*,*,#13512,.T.) ;
#14775=ORIENTED_EDGE('',*,*,#13483,.T.) ;
#14776=ORIENTED_EDGE('',*,*,#13459,.T.) ;
#14777=ORIENTED_EDGE('',*,*,#13430,.T.) ;
#14778=ORIENTED_EDGE('',*,*,#13406,.T.) ;
#14779=ORIENTED_EDGE('',*,*,#13377,.T.) ;
#14780=ORIENTED_EDGE('',*,*,#13353,.T.) ;
#14781=ORIENTED_EDGE('',*,*,#13324,.T.) ;
#14784=ORIENTED_EDGE('',*,*,#14687,.F.) ;
#14785=ORIENTED_EDGE('',*,*,#14714,.F.) ;
#283=FACE_BOUND('',#280,.T.) ;
#310=FACE_BOUND('',#307,.T.) ;
#1323=FACE_BOUND('',#1320,.T.) ;
#1327=FACE_BOUND('',#1324,.T.) ;
#1723=FACE_BOUND('',#1720,.T.) ;
#1800=FACE_BOUND('',#1797,.T.) ;
#2034=FACE_BOUND('',#2031,.T.) ;
#2052=FACE_BOUND('',#2049,.T.) ;
#2134=FACE_BOUND('',#2131,.T.) ;
#2152=FACE_BOUND('',#2149,.T.) ;
#2611=FACE_BOUND('',#2608,.T.) ;
#2665=FACE_BOUND('',#2662,.T.) ;
#2719=FACE_BOUND('',#2716,.T.) ;
#2849=FACE_BOUND('',#2838,.T.) ;
#2903=FACE_BOUND('',#2900,.T.) ;
#2963=FACE_BOUND('',#2960,.T.) ;
#3017=FACE_BOUND('',#3014,.T.) ;
#3071=FACE_BOUND('',#3068,.T.) ;
#3113=FACE_BOUND('',#3107,.T.) ;
#3381=FACE_BOUND('',#3378,.T.) ;
#3511=FACE_BOUND('',#3500,.T.) ;
#3565=FACE_BOUND('',#3562,.T.) ;
#3625=FACE_BOUND('',#3622,.T.) ;
#3679=FACE_BOUND('',#3676,.T.) ;
#3733=FACE_BOUND('',#3730,.T.) ;
#3787=FACE_BOUND('',#3784,.T.) ;
#3841=FACE_BOUND('',#3838,.T.) ;
#3867=FACE_BOUND('',#3861,.T.) ;
#5554=FACE_BOUND('',#5551,.T.) ;
#5563=FACE_BOUND('',#5560,.T.) ;
#6474=FACE_BOUND('',#6471,.T.) ;
#6478=FACE_BOUND('',#6475,.T.) ;
#9032=FACE_BOUND('',#9029,.T.) ;
#9086=FACE_BOUND('',#9083,.T.) ;
#9140=FACE_BOUND('',#9137,.T.) ;
#9167=FACE_BOUND('',#9164,.T.) ;
#9940=FACE_BOUND('',#9937,.T.) ;
#9994=FACE_BOUND('',#9991,.T.) ;
#10048=FACE_BOUND('',#10045,.T.) ;
#10052=FACE_BOUND('',#10049,.T.) ;
#11613=FACE_BOUND('',#11610,.T.) ;
#11640=FACE_BOUND('',#11637,.T.) ;
#11974=FACE_BOUND('',#11971,.T.) ;
#11978=FACE_BOUND('',#11975,.T.) ;
#13247=FACE_BOUND('',#13244,.T.) ;
#14786=FACE_BOUND('',#14783,.T.) ;
#62=CLOSED_SHELL('Closed Shell',(#102,#311,#328,#365,#396,#420,#444,#468,#492,#516,#540,#564,#588,#612,#636,#653,#684,#701,#724,#755,#788,#812,#836,#860,#884,#910,#934,#970,#994,#1018,#1042,#1059,#1096,#1119,#1136,#1328,#1350,#1367,#1384,#1401,#1418,#1435,#1452,#1469,#1486,#1503,#1522,#1534,#1556,#1568)) ;
#1595=CLOSED_SHELL('Closed Shell',(#1635,#1724,#1741,#1801,#1823,#1840,#1857,#1888,#1910,#1922,#1953,#1970,#2053,#2070,#2153,#2170,#2187,#2204,#2221,#2233,#2255,#2267,#2289,#2301)) ;
#2328=CLOSED_SHELL('Closed Shell',(#2368,#3114,#3138,#3868,#3885,#3907,#3924,#3941,#3958,#3975,#3992,#4009,#4026,#4043,#4060,#4077,#4094,#4111,#4128,#4145,#4157,#4179,#4191,#4213,#4225,#4247,#4259,#4281,#4298,#4315,#4332,#4349,#4366,#4383,#4400,#4417,#4429,#4451,#4463,#4485,#4497,#4519,#4531,#4553,#4565,#4582,#4594)) ;
#4621=CLOSED_SHELL('Closed Shell',(#4661,#5564,#5581,#6479,#6501,#6521,#6538,#6558,#6575,#6595,#6612,#6632,#6649,#6669,#6686,#6706,#6723,#6743,#6760,#6780,#6797,#6817,#6834,#6854,#6871,#6891,#6908,#6928,#6945,#6965,#6982,#7002,#7019,#7039,#7056,#7076,#7093,#7113,#7130,#7150,#7167,#7187,#7204,#7224,#7241,#7261,#7278,#7298,#7315,#7332,#7352,#7369,#7389,#7406,#7426,#7443,#7463,#7480,#7500,#7517,#7537,#7554,#7574,#7591,#7611,#7628,#7648,#7665,#7685,#7702,#7719,#7736,#7756,#7773,#7793,#7810,#7830,#7847,#7867,#7884,#7904,#7921,#7941,#7958,#7978,#7995,#8015,#8032,#8052,#8069,#8089,#8106,#8123,#8143,#8160,#8176,#8198,#8210)) ;
#8237=CLOSED_SHELL('Closed Shell',(#8277,#9168,#9185,#10053,#10075,#10092,#10109,#10126,#10143,#10160,#10177,#10194,#10214,#10232,#10252,#10272,#10292,#10310,#10330,#10350,#10370,#10388,#10408,#10428,#10448,#10466,#10486,#10506,#10526,#10544,#10564,#10584,#10604,#10622,#10642,#10662,#10682,#10700,#10720,#10740,#10760,#10778,#10798,#10818,#10838,#10856,#10876,#10896,#10916,#10934,#10954,#10974,#10994,#11012,#11032,#11050,#11067,#11084,#11101,#11113,#11135,#11147,#11169,#11181,#11203,#11215)) ;
#11257=CLOSED_SHELL('Closed Shell',(#11297,#11641,#11658,#11979,#12001,#12018,#12035,#12052,#12069,#12086,#12103,#12120,#12137,#12154,#12171,#12188,#12205,#12222,#12239,#12256,#12273,#12290,#12307,#12324,#12341,#12358,#12375,#12392,#12409,#12426,#12438,#12460,#12472)) ;
#12634=CLOSED_SHELL('Closed Shell',(#13248,#13283,#13307,#13331,#13360,#13384,#13413,#13437,#13466,#13490,#13519,#13543,#13572,#13596,#13625,#13649,#13678,#13702,#13731,#13755,#13784,#13808,#13837,#13861,#13890,#13914,#13943,#13967,#13996,#14020,#14044,#14073,#14097,#14126,#14150,#14179,#14203,#14232,#14256,#14285,#14309,#14338,#14362,#14391,#14415,#14444,#14468,#14497,#14521,#14550,#14574,#14603,#14627,#14656,#14673,#14704,#14721,#14787)) ;
#1576=ITEM_DEFINED_TRANSFORMATION(' ',' ',#1578,#1577) ;
#2309=ITEM_DEFINED_TRANSFORMATION(' ',' ',#2311,#2310) ;
#4602=ITEM_DEFINED_TRANSFORMATION(' ',' ',#4604,#4603) ;
#8218=ITEM_DEFINED_TRANSFORMATION(' ',' ',#8220,#8219) ;
#11223=ITEM_DEFINED_TRANSFORMATION(' ',' ',#11225,#11224) ;
#11238=ITEM_DEFINED_TRANSFORMATION(' ',' ',#11240,#11239) ;
#12480=ITEM_DEFINED_TRANSFORMATION(' ',' ',#12482,#12481) ;
#12495=ITEM_DEFINED_TRANSFORMATION(' ',' ',#12497,#12496) ;
#12510=ITEM_DEFINED_TRANSFORMATION(' ',' ',#12512,#12511) ;
#12525=ITEM_DEFINED_TRANSFORMATION(' ',' ',#12527,#12526) ;
#12540=ITEM_DEFINED_TRANSFORMATION(' ',' ',#12542,#12541) ;
#12555=ITEM_DEFINED_TRANSFORMATION(' ',' ',#12557,#12556) ;
#12570=ITEM_DEFINED_TRANSFORMATION(' ',' ',#12572,#12571) ;
#12585=ITEM_DEFINED_TRANSFORMATION(' ',' ',#12587,#12586) ;
#12600=ITEM_DEFINED_TRANSFORMATION(' ',' ',#12602,#12601) ;
#12615=ITEM_DEFINED_TRANSFORMATION(' ',' ',#12617,#12616) ;
#14795=ITEM_DEFINED_TRANSFORMATION(' ',' ',#14797,#14796) ;
#146=VECTOR('Line Direction',#145,1.) ;
#200=VECTOR('Line Direction',#199,1.) ;
#336=VECTOR('Line Direction',#335,1.) ;
#343=VECTOR('Line Direction',#342,1.) ;
#483=VECTOR('Line Direction',#482,1.) ;
#620=VECTOR('Line Direction',#619,1.) ;
#763=VECTOR('Line Direction',#762,1.) ;
#770=VECTOR('Line Direction',#769,1.) ;
#803=VECTOR('Line Direction',#802,1.) ;
#827=VECTOR('Line Direction',#826,1.) ;
#851=VECTOR('Line Direction',#850,1.) ;
#868=VECTOR('Line Direction',#867,1.) ;
#875=VECTOR('Line Direction',#874,1.) ;
#901=VECTOR('Line Direction',#900,1.) ;
#918=VECTOR('Line Direction',#917,1.) ;
#942=VECTOR('Line Direction',#941,1.) ;
#985=VECTOR('Line Direction',#984,1.) ;
#1009=VECTOR('Line Direction',#1008,1.) ;
#1026=VECTOR('Line Direction',#1025,1.) ;
#1033=VECTOR('Line Direction',#1032,1.) ;
#1067=VECTOR('Line Direction',#1066,1.) ;
#1087=VECTOR('Line Direction',#1086,1.) ;
#1207=VECTOR('Line Direction',#1206,1.) ;
#1282=VECTOR('Line Direction',#1281,1.) ;
#1612=VECTOR('Line Direction',#1611,1.) ;
#1626=VECTOR('Line Direction',#1625,1.) ;
#1643=VECTOR('Line Direction',#1642,1.) ;
#1671=VECTOR('Line Direction',#1670,1.) ;
#1678=VECTOR('Line Direction',#1677,1.) ;
#1685=VECTOR('Line Direction',#1684,1.) ;
#1749=VECTOR('Line Direction',#1748,1.) ;
#1765=VECTOR('Line Direction',#1764,1.) ;
#1779=VECTOR('Line Direction',#1778,1.) ;
#1786=VECTOR('Line Direction',#1785,1.) ;
#1809=VECTOR('Line Direction',#1808,1.) ;
#1814=VECTOR('Line Direction',#1813,1.) ;
#1831=VECTOR('Line Direction',#1830,1.) ;
#1848=VECTOR('Line Direction',#1847,1.) ;
#1865=VECTOR('Line Direction',#1864,1.) ;
#1896=VECTOR('Line Direction',#1895,1.) ;
#1901=VECTOR('Line Direction',#1900,1.) ;
#1930=VECTOR('Line Direction',#1929,1.) ;
#1961=VECTOR('Line Direction',#1960,1.) ;
#1978=VECTOR('Line Direction',#1977,1.) ;
#1992=VECTOR('Line Direction',#1991,1.) ;
#2006=VECTOR('Line Direction',#2005,1.) ;
#2061=VECTOR('Line Direction',#2060,1.) ;
#2078=VECTOR('Line Direction',#2077,1.) ;
#2085=VECTOR('Line Direction',#2084,1.) ;
#2099=VECTOR('Line Direction',#2098,1.) ;
#2161=VECTOR('Line Direction',#2160,1.) ;
#2178=VECTOR('Line Direction',#2177,1.) ;
#2195=VECTOR('Line Direction',#2194,1.) ;
#2212=VECTOR('Line Direction',#2211,1.) ;
#2241=VECTOR('Line Direction',#2240,1.) ;
#2246=VECTOR('Line Direction',#2245,1.) ;
#2275=VECTOR('Line Direction',#2274,1.) ;
#2280=VECTOR('Line Direction',#2279,1.) ;
#2345=VECTOR('Line Direction',#2344,1.) ;
#2359=VECTOR('Line Direction',#2358,1.) ;
#2391=VECTOR('Line Direction',#2390,1.) ;
#2411=VECTOR('Line Direction',#2410,1.) ;
#2431=VECTOR('Line Direction',#2430,1.) ;
#2454=VECTOR('Line Direction',#2453,1.) ;
#2477=VECTOR('Line Direction',#2476,1.) ;
#2497=VECTOR('Line Direction',#2496,1.) ;
#2517=VECTOR('Line Direction',#2516,1.) ;
#2537=VECTOR('Line Direction',#2536,1.) ;
#2769=VECTOR('Line Direction',#2768,1.) ;
#2783=VECTOR('Line Direction',#2782,1.) ;
#3081=VECTOR('Line Direction',#3080,1.) ;
#3122=VECTOR('Line Direction',#3121,1.) ;
#3161=VECTOR('Line Direction',#3160,1.) ;
#3181=VECTOR('Line Direction',#3180,1.) ;
#3201=VECTOR('Line Direction',#3200,1.) ;
#3221=VECTOR('Line Direction',#3220,1.) ;
#3244=VECTOR('Line Direction',#3243,1.) ;
#3267=VECTOR('Line Direction',#3266,1.) ;
#3287=VECTOR('Line Direction',#3286,1.) ;
#3307=VECTOR('Line Direction',#3306,1.) ;
#3483=VECTOR('Line Direction',#3482,1.) ;
#3497=VECTOR('Line Direction',#3496,1.) ;
#3858=VECTOR('Line Direction',#3857,1.) ;
#3876=VECTOR('Line Direction',#3875,1.) ;
#3893=VECTOR('Line Direction',#3892,1.) ;
#3898=VECTOR('Line Direction',#3897,1.) ;
#3915=VECTOR('Line Direction',#3914,1.) ;
#3932=VECTOR('Line Direction',#3931,1.) ;
#3949=VECTOR('Line Direction',#3948,1.) ;
#3966=VECTOR('Line Direction',#3965,1.) ;
#3983=VECTOR('Line Direction',#3982,1.) ;
#4000=VECTOR('Line Direction',#3999,1.) ;
#4017=VECTOR('Line Direction',#4016,1.) ;
#4034=VECTOR('Line Direction',#4033,1.) ;
#4051=VECTOR('Line Direction',#4050,1.) ;
#4068=VECTOR('Line Direction',#4067,1.) ;
#4085=VECTOR('Line Direction',#4084,1.) ;
#4102=VECTOR('Line Direction',#4101,1.) ;
#4119=VECTOR('Line Direction',#4118,1.) ;
#4136=VECTOR('Line Direction',#4135,1.) ;
#4165=VECTOR('Line Direction',#4164,1.) ;
#4170=VECTOR('Line Direction',#4169,1.) ;
#4199=VECTOR('Line Direction',#4198,1.) ;
#4204=VECTOR('Line Direction',#4203,1.) ;
#4233=VECTOR('Line Direction',#4232,1.) ;
#4238=VECTOR('Line Direction',#4237,1.) ;
#4267=VECTOR('Line Direction',#4266,1.) ;
#4272=VECTOR('Line Direction',#4271,1.) ;
#4289=VECTOR('Line Direction',#4288,1.) ;
#4306=VECTOR('Line Direction',#4305,1.) ;
#4323=VECTOR('Line Direction',#4322,1.) ;
#4340=VECTOR('Line Direction',#4339,1.) ;
#4357=VECTOR('Line Direction',#4356,1.) ;
#4374=VECTOR('Line Direction',#4373,1.) ;
#4391=VECTOR('Line Direction',#4390,1.) ;
#4408=VECTOR('Line Direction',#4407,1.) ;
#4437=VECTOR('Line Direction',#4436,1.) ;
#4442=VECTOR('Line Direction',#4441,1.) ;
#4471=VECTOR('Line Direction',#4470,1.) ;
#4476=VECTOR('Line Direction',#4475,1.) ;
#4505=VECTOR('Line Direction',#4504,1.) ;
#4510=VECTOR('Line Direction',#4509,1.) ;
#4539=VECTOR('Line Direction',#4538,1.) ;
#4544=VECTOR('Line Direction',#4543,1.) ;
#4573=VECTOR('Line Direction',#4572,1.) ;
#4638=VECTOR('Line Direction',#4637,1.) ;
#4652=VECTOR('Line Direction',#4651,1.) ;
#5222=VECTOR('Line Direction',#5221,1.) ;
#5236=VECTOR('Line Direction',#5235,1.) ;
#5802=VECTOR('Line Direction',#5801,1.) ;
#5816=VECTOR('Line Direction',#5815,1.) ;
#6487=VECTOR('Line Direction',#6486,1.) ;
#6492=VECTOR('Line Direction',#6491,1.) ;
#6529=VECTOR('Line Direction',#6528,1.) ;
#6566=VECTOR('Line Direction',#6565,1.) ;
#6603=VECTOR('Line Direction',#6602,1.) ;
#6640=VECTOR('Line Direction',#6639,1.) ;
#6677=VECTOR('Line Direction',#6676,1.) ;
#6714=VECTOR('Line Direction',#6713,1.) ;
#6751=VECTOR('Line Direction',#6750,1.) ;
#6788=VECTOR('Line Direction',#6787,1.) ;
#6825=VECTOR('Line Direction',#6824,1.) ;
#6862=VECTOR('Line Direction',#6861,1.) ;
#6899=VECTOR('Line Direction',#6898,1.) ;
#6936=VECTOR('Line Direction',#6935,1.) ;
#6973=VECTOR('Line Direction',#6972,1.) ;
#7010=VECTOR('Line Direction',#7009,1.) ;
#7047=VECTOR('Line Direction',#7046,1.) ;
#7084=VECTOR('Line Direction',#7083,1.) ;
#7121=VECTOR('Line Direction',#7120,1.) ;
#7158=VECTOR('Line Direction',#7157,1.) ;
#7195=VECTOR('Line Direction',#7194,1.) ;
#7232=VECTOR('Line Direction',#7231,1.) ;
#7269=VECTOR('Line Direction',#7268,1.) ;
#7306=VECTOR('Line Direction',#7305,1.) ;
#7323=VECTOR('Line Direction',#7322,1.) ;
#7360=VECTOR('Line Direction',#7359,1.) ;
#7397=VECTOR('Line Direction',#7396,1.) ;
#7434=VECTOR('Line Direction',#7433,1.) ;
#7471=VECTOR('Line Direction',#7470,1.) ;
#7508=VECTOR('Line Direction',#7507,1.) ;
#7545=VECTOR('Line Direction',#7544,1.) ;
#7582=VECTOR('Line Direction',#7581,1.) ;
#7619=VECTOR('Line Direction',#7618,1.) ;
#7656=VECTOR('Line Direction',#7655,1.) ;
#7693=VECTOR('Line Direction',#7692,1.) ;
#7710=VECTOR('Line Direction',#7709,1.) ;
#7727=VECTOR('Line Direction',#7726,1.) ;
#7764=VECTOR('Line Direction',#7763,1.) ;
#7801=VECTOR('Line Direction',#7800,1.) ;
#7838=VECTOR('Line Direction',#7837,1.) ;
#7875=VECTOR('Line Direction',#7874,1.) ;
#7912=VECTOR('Line Direction',#7911,1.) ;
#7949=VECTOR('Line Direction',#7948,1.) ;
#7986=VECTOR('Line Direction',#7985,1.) ;
#8023=VECTOR('Line Direction',#8022,1.) ;
#8060=VECTOR('Line Direction',#8059,1.) ;
#8097=VECTOR('Line Direction',#8096,1.) ;
#8114=VECTOR('Line Direction',#8113,1.) ;
#8151=VECTOR('Line Direction',#8150,1.) ;
#8184=VECTOR('Line Direction',#8183,1.) ;
#8189=VECTOR('Line Direction',#8188,1.) ;
#8254=VECTOR('Line Direction',#8253,1.) ;
#8268=VECTOR('Line Direction',#8267,1.) ;
#8339=VECTOR('Line Direction',#8338,1.) ;
#8918=VECTOR('Line Direction',#8917,1.) ;
#9202=VECTOR('Line Direction',#9201,1.) ;
#9781=VECTOR('Line Direction',#9780,1.) ;
#10061=VECTOR('Line Direction',#10060,1.) ;
#10066=VECTOR('Line Direction',#10065,1.) ;
#10083=VECTOR('Line Direction',#10082,1.) ;
#10100=VECTOR('Line Direction',#10099,1.) ;
#10117=VECTOR('Line Direction',#10116,1.) ;
#10134=VECTOR('Line Direction',#10133,1.) ;
#10151=VECTOR('Line Direction',#10150,1.) ;
#10168=VECTOR('Line Direction',#10167,1.) ;
#10185=VECTOR('Line Direction',#10184,1.) ;
#11058=VECTOR('Line Direction',#11057,1.) ;
#11075=VECTOR('Line Direction',#11074,1.) ;
#11092=VECTOR('Line Direction',#11091,1.) ;
#11121=VECTOR('Line Direction',#11120,1.) ;
#11126=VECTOR('Line Direction',#11125,1.) ;
#11155=VECTOR('Line Direction',#11154,1.) ;
#11160=VECTOR('Line Direction',#11159,1.) ;
#11189=VECTOR('Line Direction',#11188,1.) ;
#11194=VECTOR('Line Direction',#11193,1.) ;
#11274=VECTOR('Line Direction',#11273,1.) ;
#11288=VECTOR('Line Direction',#11287,1.) ;
#11314=VECTOR('Line Direction',#11313,1.) ;
#11335=VECTOR('Line Direction',#11334,1.) ;
#11342=VECTOR('Line Direction',#11341,1.) ;
#11349=VECTOR('Line Direction',#11348,1.) ;
#11356=VECTOR('Line Direction',#11355,1.) ;
#11363=VECTOR('Line Direction',#11362,1.) ;
#11370=VECTOR('Line Direction',#11369,1.) ;
#11377=VECTOR('Line Direction',#11376,1.) ;
#11384=VECTOR('Line Direction',#11383,1.) ;
#11391=VECTOR('Line Direction',#11390,1.) ;
#11398=VECTOR('Line Direction',#11397,1.) ;
#11405=VECTOR('Line Direction',#11404,1.) ;
#11412=VECTOR('Line Direction',#11411,1.) ;
#11432=VECTOR('Line Direction',#11431,1.) ;
#11459=VECTOR('Line Direction',#11458,1.) ;
#11473=VECTOR('Line Direction',#11472,1.) ;
#11508=VECTOR('Line Direction',#11507,1.) ;
#11528=VECTOR('Line Direction',#11527,1.) ;
#11675=VECTOR('Line Direction',#11674,1.) ;
#11695=VECTOR('Line Direction',#11694,1.) ;
#11730=VECTOR('Line Direction',#11729,1.) ;
#11744=VECTOR('Line Direction',#11743,1.) ;
#11771=VECTOR('Line Direction',#11770,1.) ;
#11791=VECTOR('Line Direction',#11790,1.) ;
#11798=VECTOR('Line Direction',#11797,1.) ;
#11805=VECTOR('Line Direction',#11804,1.) ;
#11812=VECTOR('Line Direction',#11811,1.) ;
#11819=VECTOR('Line Direction',#11818,1.) ;
#11826=VECTOR('Line Direction',#11825,1.) ;
#11833=VECTOR('Line Direction',#11832,1.) ;
#11840=VECTOR('Line Direction',#11839,1.) ;
#11847=VECTOR('Line Direction',#11846,1.) ;
#11854=VECTOR('Line Direction',#11853,1.) ;
#11861=VECTOR('Line Direction',#11860,1.) ;
#11868=VECTOR('Line Direction',#11867,1.) ;
#11889=VECTOR('Line Direction',#11888,1.) ;
#11987=VECTOR('Line Direction',#11986,1.) ;
#11992=VECTOR('Line Direction',#11991,1.) ;
#12009=VECTOR('Line Direction',#12008,1.) ;
#12026=VECTOR('Line Direction',#12025,1.) ;
#12043=VECTOR('Line Direction',#12042,1.) ;
#12060=VECTOR('Line Direction',#12059,1.) ;
#12077=VECTOR('Line Direction',#12076,1.) ;
#12094=VECTOR('Line Direction',#12093,1.) ;
#12111=VECTOR('Line Direction',#12110,1.) ;
#12128=VECTOR('Line Direction',#12127,1.) ;
#12145=VECTOR('Line Direction',#12144,1.) ;
#12162=VECTOR('Line Direction',#12161,1.) ;
#12179=VECTOR('Line Direction',#12178,1.) ;
#12196=VECTOR('Line Direction',#12195,1.) ;
#12213=VECTOR('Line Direction',#12212,1.) ;
#12230=VECTOR('Line Direction',#12229,1.) ;
#12247=VECTOR('Line Direction',#12246,1.) ;
#12264=VECTOR('Line Direction',#12263,1.) ;
#12281=VECTOR('Line Direction',#12280,1.) ;
#12298=VECTOR('Line Direction',#12297,1.) ;
#12315=VECTOR('Line Direction',#12314,1.) ;
#12332=VECTOR('Line Direction',#12331,1.) ;
#12349=VECTOR('Line Direction',#12348,1.) ;
#12366=VECTOR('Line Direction',#12365,1.) ;
#12383=VECTOR('Line Direction',#12382,1.) ;
#12400=VECTOR('Line Direction',#12399,1.) ;
#12417=VECTOR('Line Direction',#12416,1.) ;
#12446=VECTOR('Line Direction',#12445,1.) ;
#12451=VECTOR('Line Direction',#12450,1.) ;
#13291=VECTOR('Line Direction',#13290,1.) ;
#13315=VECTOR('Line Direction',#13314,1.) ;
#13368=VECTOR('Line Direction',#13367,1.) ;
#13421=VECTOR('Line Direction',#13420,1.) ;
#13474=VECTOR('Line Direction',#13473,1.) ;
#13527=VECTOR('Line Direction',#13526,1.) ;
#13580=VECTOR('Line Direction',#13579,1.) ;
#13633=VECTOR('Line Direction',#13632,1.) ;
#13686=VECTOR('Line Direction',#13685,1.) ;
#13739=VECTOR('Line Direction',#13738,1.) ;
#13792=VECTOR('Line Direction',#13791,1.) ;
#13845=VECTOR('Line Direction',#13844,1.) ;
#13898=VECTOR('Line Direction',#13897,1.) ;
#13951=VECTOR('Line Direction',#13950,1.) ;
#14004=VECTOR('Line Direction',#14003,1.) ;
#14028=VECTOR('Line Direction',#14027,1.) ;
#14081=VECTOR('Line Direction',#14080,1.) ;
#14134=VECTOR('Line Direction',#14133,1.) ;
#14187=VECTOR('Line Direction',#14186,1.) ;
#14240=VECTOR('Line Direction',#14239,1.) ;
#14293=VECTOR('Line Direction',#14292,1.) ;
#14346=VECTOR('Line Direction',#14345,1.) ;
#14399=VECTOR('Line Direction',#14398,1.) ;
#14452=VECTOR('Line Direction',#14451,1.) ;
#14505=VECTOR('Line Direction',#14504,1.) ;
#14558=VECTOR('Line Direction',#14557,1.) ;
#14611=VECTOR('Line Direction',#14610,1.) ;
#14690=VECTOR('Line Direction',#14689,1.) ;
#14695=VECTOR('Line Direction',#14694,1.) ;
#1570=ADVANCED_BREP_SHAPE_REPRESENTATION('NONE',(#1569),#53) ;
#2303=ADVANCED_BREP_SHAPE_REPRESENTATION('NONE',(#2302),#1586) ;
#4596=ADVANCED_BREP_SHAPE_REPRESENTATION('NONE',(#4595),#2319) ;
#8212=ADVANCED_BREP_SHAPE_REPRESENTATION('NONE',(#8211),#4612) ;
#11217=ADVANCED_BREP_SHAPE_REPRESENTATION('NONE',(#11216),#8228) ;
#12474=ADVANCED_BREP_SHAPE_REPRESENTATION('NONE',(#12473),#11248) ;
#14789=ADVANCED_BREP_SHAPE_REPRESENTATION('NONE',(#14788),#12625) ;
#44=SHAPE_REPRESENTATION(' ',(#1577,#2310,#4603,#8219,#11224,#11239,#12481,#12496,#12511,#12526,#12541,#12556,#12571,#12586,#12601,#12616,#14796),#51) ;
#54=SHAPE_REPRESENTATION(' ',(#1578,#12557,#12572,#12587,#12602,#12617),#53) ;
#1587=SHAPE_REPRESENTATION(' ',(#2311,#12542),#1586) ;
#2320=SHAPE_REPRESENTATION(' ',(#4604,#11240),#2319) ;
#4613=SHAPE_REPRESENTATION(' ',(#8220),#4612) ;
#8229=SHAPE_REPRESENTATION(' ',(#11225),#8228) ;
#11249=SHAPE_REPRESENTATION(' ',(#12482,#12497,#12512,#12527),#11248) ;
#12626=SHAPE_REPRESENTATION(' ',(#14797),#12625) ;
#102=ADVANCED_FACE('\X2\00D6\X0\l\X2\00E7\X0\ek1',(#101),#67,.T.) ;
#311=ADVANCED_FACE('\X2\00D6\X0\l\X2\00E7\X0\ek1',(#229,#283,#310),#107,.T.) ;
#328=ADVANCED_FACE('\X2\00D6\X0\l\X2\00E7\X0\ek1',(#327),#316,.T.) ;
#365=ADVANCED_FACE('\X2\00D6\X0\l\X2\00E7\X0\ek1',(#364),#333,.F.) ;
#396=ADVANCED_FACE('\X2\00D6\X0\l\X2\00E7\X0\ek1',(#395),#370,.T.) ;
#420=ADVANCED_FACE('\X2\00D6\X0\l\X2\00E7\X0\ek1',(#419),#401,.T.) ;
#444=ADVANCED_FACE('\X2\00D6\X0\l\X2\00E7\X0\ek1',(#443),#425,.T.) ;
#468=ADVANCED_FACE('\X2\00D6\X0\l\X2\00E7\X0\ek1',(#467),#449,.T.) ;
#492=ADVANCED_FACE('\X2\00D6\X0\l\X2\00E7\X0\ek1',(#491),#473,.T.) ;
#516=ADVANCED_FACE('\X2\00D6\X0\l\X2\00E7\X0\ek1',(#515),#497,.T.) ;
#540=ADVANCED_FACE('\X2\00D6\X0\l\X2\00E7\X0\ek1',(#539),#521,.T.) ;
#564=ADVANCED_FACE('\X2\00D6\X0\l\X2\00E7\X0\ek1',(#563),#545,.T.) ;
#588=ADVANCED_FACE('\X2\00D6\X0\l\X2\00E7\X0\ek1',(#587),#569,.T.) ;
#612=ADVANCED_FACE('\X2\00D6\X0\l\X2\00E7\X0\ek1',(#611),#593,.T.) ;
#636=ADVANCED_FACE('\X2\00D6\X0\l\X2\00E7\X0\ek1',(#635),#617,.T.) ;
#653=ADVANCED_FACE('\X2\00D6\X0\l\X2\00E7\X0\ek1',(#652),#641,.T.) ;
#684=ADVANCED_FACE('\X2\00D6\X0\l\X2\00E7\X0\ek1',(#683),#658,.T.) ;
#701=ADVANCED_FACE('\X2\00D6\X0\l\X2\00E7\X0\ek1',(#700),#689,.T.) ;
#724=ADVANCED_FACE('\X2\00D6\X0\l\X2\00E7\X0\ek1',(#723),#706,.F.) ;
#755=ADVANCED_FACE('\X2\00D6\X0\l\X2\00E7\X0\ek1',(#754),#729,.T.) ;
#788=ADVANCED_FACE('\X2\00D6\X0\l\X2\00E7\X0\ek1',(#787),#760,.T.) ;
#812=ADVANCED_FACE('\X2\00D6\X0\l\X2\00E7\X0\ek1',(#811),#793,.T.) ;
#836=ADVANCED_FACE('\X2\00D6\X0\l\X2\00E7\X0\ek1',(#835),#817,.T.) ;
#860=ADVANCED_FACE('\X2\00D6\X0\l\X2\00E7\X0\ek1',(#859),#841,.F.) ;
#884=ADVANCED_FACE('\X2\00D6\X0\l\X2\00E7\X0\ek1',(#883),#865,.T.) ;
#910=ADVANCED_FACE('\X2\00D6\X0\l\X2\00E7\X0\ek1',(#909),#889,.F.) ;
#934=ADVANCED_FACE('\X2\00D6\X0\l\X2\00E7\X0\ek1',(#933),#915,.T.) ;
#970=ADVANCED_FACE('\X2\00D6\X0\l\X2\00E7\X0\ek1',(#969),#939,.T.) ;
#994=ADVANCED_FACE('\X2\00D6\X0\l\X2\00E7\X0\ek1',(#993),#975,.T.) ;
#1018=ADVANCED_FACE('\X2\00D6\X0\l\X2\00E7\X0\ek1',(#1017),#999,.F.) ;
#1042=ADVANCED_FACE('\X2\00D6\X0\l\X2\00E7\X0\ek1',(#1041),#1023,.F.) ;
#1059=ADVANCED_FACE('\X2\00D6\X0\l\X2\00E7\X0\ek1',(#1058),#1047,.F.) ;
#1096=ADVANCED_FACE('\X2\00D6\X0\l\X2\00E7\X0\ek1',(#1095),#1064,.F.) ;
#1119=ADVANCED_FACE('\X2\00D6\X0\l\X2\00E7\X0\ek1',(#1118),#1101,.F.) ;
#1136=ADVANCED_FACE('\X2\00D6\X0\l\X2\00E7\X0\ek1',(#1135),#1124,.T.) ;
#1328=ADVANCED_FACE('\X2\00D6\X0\l\X2\00E7\X0\ek1',(#1305,#1323,#1327),#1141,.F.) ;
#1350=ADVANCED_FACE('\X2\00D6\X0\l\X2\00E7\X0\ek1',(#1349),#1333,.T.) ;
#1367=ADVANCED_FACE('\X2\00D6\X0\l\X2\00E7\X0\ek1',(#1366),#1355,.T.) ;
#1384=ADVANCED_FACE('\X2\00D6\X0\l\X2\00E7\X0\ek1',(#1383),#1372,.T.) ;
#1401=ADVANCED_FACE('\X2\00D6\X0\l\X2\00E7\X0\ek1',(#1400),#1389,.T.) ;
#1418=ADVANCED_FACE('\X2\00D6\X0\l\X2\00E7\X0\ek1',(#1417),#1406,.T.) ;
#1435=ADVANCED_FACE('\X2\00D6\X0\l\X2\00E7\X0\ek1',(#1434),#1423,.T.) ;
#1452=ADVANCED_FACE('\X2\00D6\X0\l\X2\00E7\X0\ek1',(#1451),#1440,.T.) ;
#1469=ADVANCED_FACE('\X2\00D6\X0\l\X2\00E7\X0\ek1',(#1468),#1457,.T.) ;
#1486=ADVANCED_FACE('\X2\00D6\X0\l\X2\00E7\X0\ek1',(#1485),#1474,.T.) ;
#1503=ADVANCED_FACE('\X2\00D6\X0\l\X2\00E7\X0\ek1',(#1502),#1491,.T.) ;
#1522=ADVANCED_FACE('\X2\00D6\X0\l\X2\00E7\X0\ek1',(#1521),#1508,.T.) ;
#1534=ADVANCED_FACE('\X2\00D6\X0\l\X2\00E7\X0\ek1',(#1533),#1527,.T.) ;
#1556=ADVANCED_FACE('\X2\00D6\X0\l\X2\00E7\X0\ek1',(#1555),#1539,.T.) ;
#1568=ADVANCED_FACE('\X2\00D6\X0\l\X2\00E7\X0\ek1',(#1567),#1561,.T.) ;
#1635=ADVANCED_FACE('\X2\00D6\X0\l\X2\00E7\X0\ek1',(#1634),#1600,.F.) ;
#1724=ADVANCED_FACE('\X2\00D6\X0\l\X2\00E7\X0\ek1',(#1714,#1723),#1640,.F.) ;
#1741=ADVANCED_FACE('\X2\00D6\X0\l\X2\00E7\X0\ek1',(#1740),#1729,.F.) ;
#1801=ADVANCED_FACE('\X2\00D6\X0\l\X2\00E7\X0\ek1',(#1796,#1800),#1746,.T.) ;
#1823=ADVANCED_FACE('\X2\00D6\X0\l\X2\00E7\X0\ek1',(#1822),#1806,.F.) ;
#1840=ADVANCED_FACE('\X2\00D6\X0\l\X2\00E7\X0\ek1',(#1839),#1828,.T.) ;
#1857=ADVANCED_FACE('\X2\00D6\X0\l\X2\00E7\X0\ek1',(#1856),#1845,.F.) ;
#1888=ADVANCED_FACE('\X2\00D6\X0\l\X2\00E7\X0\ek1',(#1887),#1862,.T.) ;
#1910=ADVANCED_FACE('\X2\00D6\X0\l\X2\00E7\X0\ek1',(#1909),#1893,.F.) ;
#1922=ADVANCED_FACE('\X2\00D6\X0\l\X2\00E7\X0\ek1',(#1921),#1915,.T.) ;
#1953=ADVANCED_FACE('\X2\00D6\X0\l\X2\00E7\X0\ek1',(#1952),#1927,.F.) ;
#1970=ADVANCED_FACE('\X2\00D6\X0\l\X2\00E7\X0\ek1',(#1969),#1958,.T.) ;
#2053=ADVANCED_FACE('\X2\00D6\X0\l\X2\00E7\X0\ek1',(#2016,#2034,#2052),#1975,.F.) ;
#2070=ADVANCED_FACE('\X2\00D6\X0\l\X2\00E7\X0\ek1',(#2069),#2058,.F.) ;
#2153=ADVANCED_FACE('\X2\00D6\X0\l\X2\00E7\X0\ek1',(#2116,#2134,#2152),#2075,.T.) ;
#2170=ADVANCED_FACE('\X2\00D6\X0\l\X2\00E7\X0\ek1',(#2169),#2158,.F.) ;
#2187=ADVANCED_FACE('\X2\00D6\X0\l\X2\00E7\X0\ek1',(#2186),#2175,.T.) ;
#2204=ADVANCED_FACE('\X2\00D6\X0\l\X2\00E7\X0\ek1',(#2203),#2192,.F.) ;
#2221=ADVANCED_FACE('\X2\00D6\X0\l\X2\00E7\X0\ek1',(#2220),#2209,.T.) ;
#2233=ADVANCED_FACE('\X2\00D6\X0\l\X2\00E7\X0\ek1',(#2232),#2226,.F.) ;
#2255=ADVANCED_FACE('\X2\00D6\X0\l\X2\00E7\X0\ek1',(#2254),#2238,.F.) ;
#2267=ADVANCED_FACE('\X2\00D6\X0\l\X2\00E7\X0\ek1',(#2266),#2260,.F.) ;
#2289=ADVANCED_FACE('\X2\00D6\X0\l\X2\00E7\X0\ek1',(#2288),#2272,.F.) ;
#2301=ADVANCED_FACE('\X2\00D6\X0\l\X2\00E7\X0\ek1',(#2300),#2294,.F.) ;
#2368=ADVANCED_FACE('\X2\00D6\X0\l\X2\00E7\X0\ek1',(#2367),#2333,.F.) ;
#3114=ADVANCED_FACE('\X2\00D6\X0\l\X2\00E7\X0\ek1',(#2557,#2611,#2665,#2719,#2849,#2903,#2963,#3017,#3071,#3113),#2373,.F.) ;
#3138=ADVANCED_FACE('\X2\00D6\X0\l\X2\00E7\X0\ek1',(#3137),#3119,.F.) ;
#3868=ADVANCED_FACE('\X2\00D6\X0\l\X2\00E7\X0\ek1',(#3327,#3381,#3511,#3565,#3625,#3679,#3733,#3787,#3841,#3867),#3143,.T.) ;
#3885=ADVANCED_FACE('\X2\00D6\X0\l\X2\00E7\X0\ek1',(#3884),#3873,.T.) ;
#3907=ADVANCED_FACE('\X2\00D6\X0\l\X2\00E7\X0\ek1',(#3906),#3890,.T.) ;
#3924=ADVANCED_FACE('\X2\00D6\X0\l\X2\00E7\X0\ek1',(#3923),#3912,.F.) ;
#3941=ADVANCED_FACE('\X2\00D6\X0\l\X2\00E7\X0\ek1',(#3940),#3929,.T.) ;
#3958=ADVANCED_FACE('\X2\00D6\X0\l\X2\00E7\X0\ek1',(#3957),#3946,.F.) ;
#3975=ADVANCED_FACE('\X2\00D6\X0\l\X2\00E7\X0\ek1',(#3974),#3963,.T.) ;
#3992=ADVANCED_FACE('\X2\00D6\X0\l\X2\00E7\X0\ek1',(#3991),#3980,.F.) ;
#4009=ADVANCED_FACE('\X2\00D6\X0\l\X2\00E7\X0\ek1',(#4008),#3997,.T.) ;
#4026=ADVANCED_FACE('\X2\00D6\X0\l\X2\00E7\X0\ek1',(#4025),#4014,.F.) ;
#4043=ADVANCED_FACE('\X2\00D6\X0\l\X2\00E7\X0\ek1',(#4042),#4031,.T.) ;
#4060=ADVANCED_FACE('\X2\00D6\X0\l\X2\00E7\X0\ek1',(#4059),#4048,.F.) ;
#4077=ADVANCED_FACE('\X2\00D6\X0\l\X2\00E7\X0\ek1',(#4076),#4065,.T.) ;
#4094=ADVANCED_FACE('\X2\00D6\X0\l\X2\00E7\X0\ek1',(#4093),#4082,.F.) ;
#4111=ADVANCED_FACE('\X2\00D6\X0\l\X2\00E7\X0\ek1',(#4110),#4099,.T.) ;
#4128=ADVANCED_FACE('\X2\00D6\X0\l\X2\00E7\X0\ek1',(#4127),#4116,.F.) ;
#4145=ADVANCED_FACE('\X2\00D6\X0\l\X2\00E7\X0\ek1',(#4144),#4133,.T.) ;
#4157=ADVANCED_FACE('\X2\00D6\X0\l\X2\00E7\X0\ek1',(#4156),#4150,.F.) ;
#4179=ADVANCED_FACE('\X2\00D6\X0\l\X2\00E7\X0\ek1',(#4178),#4162,.F.) ;
#4191=ADVANCED_FACE('\X2\00D6\X0\l\X2\00E7\X0\ek1',(#4190),#4184,.F.) ;
#4213=ADVANCED_FACE('\X2\00D6\X0\l\X2\00E7\X0\ek1',(#4212),#4196,.F.) ;
#4225=ADVANCED_FACE('\X2\00D6\X0\l\X2\00E7\X0\ek1',(#4224),#4218,.F.) ;
#4247=ADVANCED_FACE('\X2\00D6\X0\l\X2\00E7\X0\ek1',(#4246),#4230,.F.) ;
#4259=ADVANCED_FACE('\X2\00D6\X0\l\X2\00E7\X0\ek1',(#4258),#4252,.F.) ;
#4281=ADVANCED_FACE('\X2\00D6\X0\l\X2\00E7\X0\ek1',(#4280),#4264,.T.) ;
#4298=ADVANCED_FACE('\X2\00D6\X0\l\X2\00E7\X0\ek1',(#4297),#4286,.F.) ;
#4315=ADVANCED_FACE('\X2\00D6\X0\l\X2\00E7\X0\ek1',(#4314),#4303,.F.) ;
#4332=ADVANCED_FACE('\X2\00D6\X0\l\X2\00E7\X0\ek1',(#4331),#4320,.T.) ;
#4349=ADVANCED_FACE('\X2\00D6\X0\l\X2\00E7\X0\ek1',(#4348),#4337,.T.) ;
#4366=ADVANCED_FACE('\X2\00D6\X0\l\X2\00E7\X0\ek1',(#4365),#4354,.T.) ;
#4383=ADVANCED_FACE('\X2\00D6\X0\l\X2\00E7\X0\ek1',(#4382),#4371,.T.) ;
#4400=ADVANCED_FACE('\X2\00D6\X0\l\X2\00E7\X0\ek1',(#4399),#4388,.F.) ;
#4417=ADVANCED_FACE('\X2\00D6\X0\l\X2\00E7\X0\ek1',(#4416),#4405,.F.) ;
#4429=ADVANCED_FACE('\X2\00D6\X0\l\X2\00E7\X0\ek1',(#4428),#4422,.T.) ;
#4451=ADVANCED_FACE('\X2\00D6\X0\l\X2\00E7\X0\ek1',(#4450),#4434,.F.) ;
#4463=ADVANCED_FACE('\X2\00D6\X0\l\X2\00E7\X0\ek1',(#4462),#4456,.F.) ;
#4485=ADVANCED_FACE('\X2\00D6\X0\l\X2\00E7\X0\ek1',(#4484),#4468,.F.) ;
#4497=ADVANCED_FACE('\X2\00D6\X0\l\X2\00E7\X0\ek1',(#4496),#4490,.F.) ;
#4519=ADVANCED_FACE('\X2\00D6\X0\l\X2\00E7\X0\ek1',(#4518),#4502,.F.) ;
#4531=ADVANCED_FACE('\X2\00D6\X0\l\X2\00E7\X0\ek1',(#4530),#4524,.F.) ;
#4553=ADVANCED_FACE('\X2\00D6\X0\l\X2\00E7\X0\ek1',(#4552),#4536,.F.) ;
#4565=ADVANCED_FACE('\X2\00D6\X0\l\X2\00E7\X0\ek1',(#4564),#4558,.F.) ;
#4582=ADVANCED_FACE('\X2\00D6\X0\l\X2\00E7\X0\ek1',(#4581),#4570,.T.) ;
#4594=ADVANCED_FACE('\X2\00D6\X0\l\X2\00E7\X0\ek1',(#4593),#4587,.T.) ;
#4661=ADVANCED_FACE('\X2\00D6\X0\l\X2\00E7\X0\ek1',(#4660),#4626,.F.) ;
#5564=ADVANCED_FACE('\X2\00D6\X0\l\X2\00E7\X0\ek1',(#5536,#5554,#5563),#4666,.T.) ;
#5581=ADVANCED_FACE('\X2\00D6\X0\l\X2\00E7\X0\ek1',(#5580),#5569,.F.) ;
#6479=ADVANCED_FACE('\X2\00D6\X0\l\X2\00E7\X0\ek1',(#6456,#6474,#6478),#5586,.F.) ;
#6501=ADVANCED_FACE('\X2\00D6\X0\l\X2\00E7\X0\ek1',(#6500),#6484,.T.) ;
#6521=ADVANCED_FACE('\X2\00D6\X0\l\X2\00E7\X0\ek1',(#6520),#6502,.F.) ;
#6538=ADVANCED_FACE('\X2\00D6\X0\l\X2\00E7\X0\ek1',(#6537),#6526,.T.) ;
#6558=ADVANCED_FACE('\X2\00D6\X0\l\X2\00E7\X0\ek1',(#6557),#6539,.F.) ;
#6575=ADVANCED_FACE('\X2\00D6\X0\l\X2\00E7\X0\ek1',(#6574),#6563,.T.) ;
#6595=ADVANCED_FACE('\X2\00D6\X0\l\X2\00E7\X0\ek1',(#6594),#6576,.F.) ;
#6612=ADVANCED_FACE('\X2\00D6\X0\l\X2\00E7\X0\ek1',(#6611),#6600,.T.) ;
#6632=ADVANCED_FACE('\X2\00D6\X0\l\X2\00E7\X0\ek1',(#6631),#6613,.F.) ;
#6649=ADVANCED_FACE('\X2\00D6\X0\l\X2\00E7\X0\ek1',(#6648),#6637,.T.) ;
#6669=ADVANCED_FACE('\X2\00D6\X0\l\X2\00E7\X0\ek1',(#6668),#6650,.F.) ;
#6686=ADVANCED_FACE('\X2\00D6\X0\l\X2\00E7\X0\ek1',(#6685),#6674,.T.) ;
#6706=ADVANCED_FACE('\X2\00D6\X0\l\X2\00E7\X0\ek1',(#6705),#6687,.F.) ;
#6723=ADVANCED_FACE('\X2\00D6\X0\l\X2\00E7\X0\ek1',(#6722),#6711,.T.) ;
#6743=ADVANCED_FACE('\X2\00D6\X0\l\X2\00E7\X0\ek1',(#6742),#6724,.F.) ;
#6760=ADVANCED_FACE('\X2\00D6\X0\l\X2\00E7\X0\ek1',(#6759),#6748,.T.) ;
#6780=ADVANCED_FACE('\X2\00D6\X0\l\X2\00E7\X0\ek1',(#6779),#6761,.F.) ;
#6797=ADVANCED_FACE('\X2\00D6\X0\l\X2\00E7\X0\ek1',(#6796),#6785,.T.) ;
#6817=ADVANCED_FACE('\X2\00D6\X0\l\X2\00E7\X0\ek1',(#6816),#6798,.F.) ;
#6834=ADVANCED_FACE('\X2\00D6\X0\l\X2\00E7\X0\ek1',(#6833),#6822,.T.) ;
#6854=ADVANCED_FACE('\X2\00D6\X0\l\X2\00E7\X0\ek1',(#6853),#6835,.F.) ;
#6871=ADVANCED_FACE('\X2\00D6\X0\l\X2\00E7\X0\ek1',(#6870),#6859,.T.) ;
#6891=ADVANCED_FACE('\X2\00D6\X0\l\X2\00E7\X0\ek1',(#6890),#6872,.F.) ;
#6908=ADVANCED_FACE('\X2\00D6\X0\l\X2\00E7\X0\ek1',(#6907),#6896,.T.) ;
#6928=ADVANCED_FACE('\X2\00D6\X0\l\X2\00E7\X0\ek1',(#6927),#6909,.F.) ;
#6945=ADVANCED_FACE('\X2\00D6\X0\l\X2\00E7\X0\ek1',(#6944),#6933,.T.) ;
#6965=ADVANCED_FACE('\X2\00D6\X0\l\X2\00E7\X0\ek1',(#6964),#6946,.F.) ;
#6982=ADVANCED_FACE('\X2\00D6\X0\l\X2\00E7\X0\ek1',(#6981),#6970,.T.) ;
#7002=ADVANCED_FACE('\X2\00D6\X0\l\X2\00E7\X0\ek1',(#7001),#6983,.F.) ;
#7019=ADVANCED_FACE('\X2\00D6\X0\l\X2\00E7\X0\ek1',(#7018),#7007,.T.) ;
#7039=ADVANCED_FACE('\X2\00D6\X0\l\X2\00E7\X0\ek1',(#7038),#7020,.F.) ;
#7056=ADVANCED_FACE('\X2\00D6\X0\l\X2\00E7\X0\ek1',(#7055),#7044,.T.) ;
#7076=ADVANCED_FACE('\X2\00D6\X0\l\X2\00E7\X0\ek1',(#7075),#7057,.F.) ;
#7093=ADVANCED_FACE('\X2\00D6\X0\l\X2\00E7\X0\ek1',(#7092),#7081,.T.) ;
#7113=ADVANCED_FACE('\X2\00D6\X0\l\X2\00E7\X0\ek1',(#7112),#7094,.F.) ;
#7130=ADVANCED_FACE('\X2\00D6\X0\l\X2\00E7\X0\ek1',(#7129),#7118,.T.) ;
#7150=ADVANCED_FACE('\X2\00D6\X0\l\X2\00E7\X0\ek1',(#7149),#7131,.F.) ;
#7167=ADVANCED_FACE('\X2\00D6\X0\l\X2\00E7\X0\ek1',(#7166),#7155,.T.) ;
#7187=ADVANCED_FACE('\X2\00D6\X0\l\X2\00E7\X0\ek1',(#7186),#7168,.F.) ;
#7204=ADVANCED_FACE('\X2\00D6\X0\l\X2\00E7\X0\ek1',(#7203),#7192,.T.) ;
#7224=ADVANCED_FACE('\X2\00D6\X0\l\X2\00E7\X0\ek1',(#7223),#7205,.F.) ;
#7241=ADVANCED_FACE('\X2\00D6\X0\l\X2\00E7\X0\ek1',(#7240),#7229,.T.) ;
#7261=ADVANCED_FACE('\X2\00D6\X0\l\X2\00E7\X0\ek1',(#7260),#7242,.F.) ;
#7278=ADVANCED_FACE('\X2\00D6\X0\l\X2\00E7\X0\ek1',(#7277),#7266,.T.) ;
#7298=ADVANCED_FACE('\X2\00D6\X0\l\X2\00E7\X0\ek1',(#7297),#7279,.F.) ;
#7315=ADVANCED_FACE('\X2\00D6\X0\l\X2\00E7\X0\ek1',(#7314),#7303,.T.) ;
#7332=ADVANCED_FACE('\X2\00D6\X0\l\X2\00E7\X0\ek1',(#7331),#7320,.T.) ;
#7352=ADVANCED_FACE('\X2\00D6\X0\l\X2\00E7\X0\ek1',(#7351),#7333,.F.) ;
#7369=ADVANCED_FACE('\X2\00D6\X0\l\X2\00E7\X0\ek1',(#7368),#7357,.T.) ;
#7389=ADVANCED_FACE('\X2\00D6\X0\l\X2\00E7\X0\ek1',(#7388),#7370,.F.) ;
#7406=ADVANCED_FACE('\X2\00D6\X0\l\X2\00E7\X0\ek1',(#7405),#7394,.T.) ;
#7426=ADVANCED_FACE('\X2\00D6\X0\l\X2\00E7\X0\ek1',(#7425),#7407,.F.) ;
#7443=ADVANCED_FACE('\X2\00D6\X0\l\X2\00E7\X0\ek1',(#7442),#7431,.T.) ;
#7463=ADVANCED_FACE('\X2\00D6\X0\l\X2\00E7\X0\ek1',(#7462),#7444,.F.) ;
#7480=ADVANCED_FACE('\X2\00D6\X0\l\X2\00E7\X0\ek1',(#7479),#7468,.T.) ;
#7500=ADVANCED_FACE('\X2\00D6\X0\l\X2\00E7\X0\ek1',(#7499),#7481,.F.) ;
#7517=ADVANCED_FACE('\X2\00D6\X0\l\X2\00E7\X0\ek1',(#7516),#7505,.T.) ;
#7537=ADVANCED_FACE('\X2\00D6\X0\l\X2\00E7\X0\ek1',(#7536),#7518,.F.) ;
#7554=ADVANCED_FACE('\X2\00D6\X0\l\X2\00E7\X0\ek1',(#7553),#7542,.T.) ;
#7574=ADVANCED_FACE('\X2\00D6\X0\l\X2\00E7\X0\ek1',(#7573),#7555,.F.) ;
#7591=ADVANCED_FACE('\X2\00D6\X0\l\X2\00E7\X0\ek1',(#7590),#7579,.T.) ;
#7611=ADVANCED_FACE('\X2\00D6\X0\l\X2\00E7\X0\ek1',(#7610),#7592,.F.) ;
#7628=ADVANCED_FACE('\X2\00D6\X0\l\X2\00E7\X0\ek1',(#7627),#7616,.T.) ;
#7648=ADVANCED_FACE('\X2\00D6\X0\l\X2\00E7\X0\ek1',(#7647),#7629,.F.) ;
#7665=ADVANCED_FACE('\X2\00D6\X0\l\X2\00E7\X0\ek1',(#7664),#7653,.T.) ;
#7685=ADVANCED_FACE('\X2\00D6\X0\l\X2\00E7\X0\ek1',(#7684),#7666,.F.) ;
#7702=ADVANCED_FACE('\X2\00D6\X0\l\X2\00E7\X0\ek1',(#7701),#7690,.F.) ;
#7719=ADVANCED_FACE('\X2\00D6\X0\l\X2\00E7\X0\ek1',(#7718),#7707,.T.) ;
#7736=ADVANCED_FACE('\X2\00D6\X0\l\X2\00E7\X0\ek1',(#7735),#7724,.F.) ;
#7756=ADVANCED_FACE('\X2\00D6\X0\l\X2\00E7\X0\ek1',(#7755),#7737,.F.) ;
#7773=ADVANCED_FACE('\X2\00D6\X0\l\X2\00E7\X0\ek1',(#7772),#7761,.T.) ;
#7793=ADVANCED_FACE('\X2\00D6\X0\l\X2\00E7\X0\ek1',(#7792),#7774,.F.) ;
#7810=ADVANCED_FACE('\X2\00D6\X0\l\X2\00E7\X0\ek1',(#7809),#7798,.T.) ;
#7830=ADVANCED_FACE('\X2\00D6\X0\l\X2\00E7\X0\ek1',(#7829),#7811,.F.) ;
#7847=ADVANCED_FACE('\X2\00D6\X0\l\X2\00E7\X0\ek1',(#7846),#7835,.T.) ;
#7867=ADVANCED_FACE('\X2\00D6\X0\l\X2\00E7\X0\ek1',(#7866),#7848,.F.) ;
#7884=ADVANCED_FACE('\X2\00D6\X0\l\X2\00E7\X0\ek1',(#7883),#7872,.T.) ;
#7904=ADVANCED_FACE('\X2\00D6\X0\l\X2\00E7\X0\ek1',(#7903),#7885,.F.) ;
#7921=ADVANCED_FACE('\X2\00D6\X0\l\X2\00E7\X0\ek1',(#7920),#7909,.T.) ;
#7941=ADVANCED_FACE('\X2\00D6\X0\l\X2\00E7\X0\ek1',(#7940),#7922,.F.) ;
#7958=ADVANCED_FACE('\X2\00D6\X0\l\X2\00E7\X0\ek1',(#7957),#7946,.T.) ;
#7978=ADVANCED_FACE('\X2\00D6\X0\l\X2\00E7\X0\ek1',(#7977),#7959,.F.) ;
#7995=ADVANCED_FACE('\X2\00D6\X0\l\X2\00E7\X0\ek1',(#7994),#7983,.T.) ;
#8015=ADVANCED_FACE('\X2\00D6\X0\l\X2\00E7\X0\ek1',(#8014),#7996,.F.) ;
#8032=ADVANCED_FACE('\X2\00D6\X0\l\X2\00E7\X0\ek1',(#8031),#8020,.T.) ;
#8052=ADVANCED_FACE('\X2\00D6\X0\l\X2\00E7\X0\ek1',(#8051),#8033,.F.) ;
#8069=ADVANCED_FACE('\X2\00D6\X0\l\X2\00E7\X0\ek1',(#8068),#8057,.T.) ;
#8089=ADVANCED_FACE('\X2\00D6\X0\l\X2\00E7\X0\ek1',(#8088),#8070,.F.) ;
#8106=ADVANCED_FACE('\X2\00D6\X0\l\X2\00E7\X0\ek1',(#8105),#8094,.T.) ;
#8123=ADVANCED_FACE('\X2\00D6\X0\l\X2\00E7\X0\ek1',(#8122),#8111,.T.) ;
#8143=ADVANCED_FACE('\X2\00D6\X0\l\X2\00E7\X0\ek1',(#8142),#8124,.F.) ;
#8160=ADVANCED_FACE('\X2\00D6\X0\l\X2\00E7\X0\ek1',(#8159),#8148,.T.) ;
#8176=ADVANCED_FACE('\X2\00D6\X0\l\X2\00E7\X0\ek1',(#8175),#8161,.F.) ;
#8198=ADVANCED_FACE('\X2\00D6\X0\l\X2\00E7\X0\ek1',(#8197),#8181,.F.) ;
#8210=ADVANCED_FACE('\X2\00D6\X0\l\X2\00E7\X0\ek1',(#8209),#8203,.F.) ;
#8277=ADVANCED_FACE('\X2\00D6\X0\l\X2\00E7\X0\ek1',(#8276),#8242,.F.) ;
#9168=ADVANCED_FACE('\X2\00D6\X0\l\X2\00E7\X0\ek1',(#8978,#9032,#9086,#9140,#9167),#8282,.F.) ;
#9185=ADVANCED_FACE('\X2\00D6\X0\l\X2\00E7\X0\ek1',(#9184),#9173,.F.) ;
#10053=ADVANCED_FACE('\X2\00D6\X0\l\X2\00E7\X0\ek1',(#9886,#9940,#9994,#10048,#10052),#9190,.T.) ;
#10075=ADVANCED_FACE('\X2\00D6\X0\l\X2\00E7\X0\ek1',(#10074),#10058,.F.) ;
#10092=ADVANCED_FACE('\X2\00D6\X0\l\X2\00E7\X0\ek1',(#10091),#10080,.T.) ;
#10109=ADVANCED_FACE('\X2\00D6\X0\l\X2\00E7\X0\ek1',(#10108),#10097,.T.) ;
#10126=ADVANCED_FACE('\X2\00D6\X0\l\X2\00E7\X0\ek1',(#10125),#10114,.T.) ;
#10143=ADVANCED_FACE('\X2\00D6\X0\l\X2\00E7\X0\ek1',(#10142),#10131,.F.) ;
#10160=ADVANCED_FACE('\X2\00D6\X0\l\X2\00E7\X0\ek1',(#10159),#10148,.F.) ;
#10177=ADVANCED_FACE('\X2\00D6\X0\l\X2\00E7\X0\ek1',(#10176),#10165,.F.) ;
#10194=ADVANCED_FACE('\X2\00D6\X0\l\X2\00E7\X0\ek1',(#10193),#10182,.T.) ;
#10214=ADVANCED_FACE('\X2\00D6\X0\l\X2\00E7\X0\ek1',(#10213),#10195,.F.) ;
#10232=ADVANCED_FACE('\X2\00D6\X0\l\X2\00E7\X0\ek1',(#10231),#10215,.F.) ;
#10252=ADVANCED_FACE('\X2\00D6\X0\l\X2\00E7\X0\ek1',(#10251),#10233,.F.) ;
#10272=ADVANCED_FACE('\X2\00D6\X0\l\X2\00E7\X0\ek1',(#10271),#10253,.F.) ;
#10292=ADVANCED_FACE('\X2\00D6\X0\l\X2\00E7\X0\ek1',(#10291),#10273,.F.) ;
#10310=ADVANCED_FACE('\X2\00D6\X0\l\X2\00E7\X0\ek1',(#10309),#10293,.F.) ;
#10330=ADVANCED_FACE('\X2\00D6\X0\l\X2\00E7\X0\ek1',(#10329),#10311,.F.) ;
#10350=ADVANCED_FACE('\X2\00D6\X0\l\X2\00E7\X0\ek1',(#10349),#10331,.F.) ;
#10370=ADVANCED_FACE('\X2\00D6\X0\l\X2\00E7\X0\ek1',(#10369),#10351,.F.) ;
#10388=ADVANCED_FACE('\X2\00D6\X0\l\X2\00E7\X0\ek1',(#10387),#10371,.F.) ;
#10408=ADVANCED_FACE('\X2\00D6\X0\l\X2\00E7\X0\ek1',(#10407),#10389,.F.) ;
#10428=ADVANCED_FACE('\X2\00D6\X0\l\X2\00E7\X0\ek1',(#10427),#10409,.F.) ;
#10448=ADVANCED_FACE('\X2\00D6\X0\l\X2\00E7\X0\ek1',(#10447),#10429,.F.) ;
#10466=ADVANCED_FACE('\X2\00D6\X0\l\X2\00E7\X0\ek1',(#10465),#10449,.F.) ;
#10486=ADVANCED_FACE('\X2\00D6\X0\l\X2\00E7\X0\ek1',(#10485),#10467,.F.) ;
#10506=ADVANCED_FACE('\X2\00D6\X0\l\X2\00E7\X0\ek1',(#10505),#10487,.F.) ;
#10526=ADVANCED_FACE('\X2\00D6\X0\l\X2\00E7\X0\ek1',(#10525),#10507,.F.) ;
#10544=ADVANCED_FACE('\X2\00D6\X0\l\X2\00E7\X0\ek1',(#10543),#10527,.F.) ;
#10564=ADVANCED_FACE('\X2\00D6\X0\l\X2\00E7\X0\ek1',(#10563),#10545,.F.) ;
#10584=ADVANCED_FACE('\X2\00D6\X0\l\X2\00E7\X0\ek1',(#10583),#10565,.F.) ;
#10604=ADVANCED_FACE('\X2\00D6\X0\l\X2\00E7\X0\ek1',(#10603),#10585,.F.) ;
#10622=ADVANCED_FACE('\X2\00D6\X0\l\X2\00E7\X0\ek1',(#10621),#10605,.F.) ;
#10642=ADVANCED_FACE('\X2\00D6\X0\l\X2\00E7\X0\ek1',(#10641),#10623,.F.) ;
#10662=ADVANCED_FACE('\X2\00D6\X0\l\X2\00E7\X0\ek1',(#10661),#10643,.F.) ;
#10682=ADVANCED_FACE('\X2\00D6\X0\l\X2\00E7\X0\ek1',(#10681),#10663,.F.) ;
#10700=ADVANCED_FACE('\X2\00D6\X0\l\X2\00E7\X0\ek1',(#10699),#10683,.F.) ;
#10720=ADVANCED_FACE('\X2\00D6\X0\l\X2\00E7\X0\ek1',(#10719),#10701,.F.) ;
#10740=ADVANCED_FACE('\X2\00D6\X0\l\X2\00E7\X0\ek1',(#10739),#10721,.F.) ;
#10760=ADVANCED_FACE('\X2\00D6\X0\l\X2\00E7\X0\ek1',(#10759),#10741,.F.) ;
#10778=ADVANCED_FACE('\X2\00D6\X0\l\X2\00E7\X0\ek1',(#10777),#10761,.F.) ;
#10798=ADVANCED_FACE('\X2\00D6\X0\l\X2\00E7\X0\ek1',(#10797),#10779,.F.) ;
#10818=ADVANCED_FACE('\X2\00D6\X0\l\X2\00E7\X0\ek1',(#10817),#10799,.F.) ;
#10838=ADVANCED_FACE('\X2\00D6\X0\l\X2\00E7\X0\ek1',(#10837),#10819,.F.) ;
#10856=ADVANCED_FACE('\X2\00D6\X0\l\X2\00E7\X0\ek1',(#10855),#10839,.F.) ;
#10876=ADVANCED_FACE('\X2\00D6\X0\l\X2\00E7\X0\ek1',(#10875),#10857,.F.) ;
#10896=ADVANCED_FACE('\X2\00D6\X0\l\X2\00E7\X0\ek1',(#10895),#10877,.F.) ;
#10916=ADVANCED_FACE('\X2\00D6\X0\l\X2\00E7\X0\ek1',(#10915),#10897,.F.) ;
#10934=ADVANCED_FACE('\X2\00D6\X0\l\X2\00E7\X0\ek1',(#10933),#10917,.F.) ;
#10954=ADVANCED_FACE('\X2\00D6\X0\l\X2\00E7\X0\ek1',(#10953),#10935,.F.) ;
#10974=ADVANCED_FACE('\X2\00D6\X0\l\X2\00E7\X0\ek1',(#10973),#10955,.F.) ;
#10994=ADVANCED_FACE('\X2\00D6\X0\l\X2\00E7\X0\ek1',(#10993),#10975,.F.) ;
#11012=ADVANCED_FACE('\X2\00D6\X0\l\X2\00E7\X0\ek1',(#11011),#10995,.F.) ;
#11032=ADVANCED_FACE('\X2\00D6\X0\l\X2\00E7\X0\ek1',(#11031),#11013,.F.) ;
#11050=ADVANCED_FACE('\X2\00D6\X0\l\X2\00E7\X0\ek1',(#11049),#11033,.F.) ;
#11067=ADVANCED_FACE('\X2\00D6\X0\l\X2\00E7\X0\ek1',(#11066),#11055,.T.) ;
#11084=ADVANCED_FACE('\X2\00D6\X0\l\X2\00E7\X0\ek1',(#11083),#11072,.T.) ;
#11101=ADVANCED_FACE('\X2\00D6\X0\l\X2\00E7\X0\ek1',(#11100),#11089,.F.) ;
#11113=ADVANCED_FACE('\X2\00D6\X0\l\X2\00E7\X0\ek1',(#11112),#11106,.F.) ;
#11135=ADVANCED_FACE('\X2\00D6\X0\l\X2\00E7\X0\ek1',(#11134),#11118,.F.) ;
#11147=ADVANCED_FACE('\X2\00D6\X0\l\X2\00E7\X0\ek1',(#11146),#11140,.F.) ;
#11169=ADVANCED_FACE('\X2\00D6\X0\l\X2\00E7\X0\ek1',(#11168),#11152,.F.) ;
#11181=ADVANCED_FACE('\X2\00D6\X0\l\X2\00E7\X0\ek1',(#11180),#11174,.F.) ;
#11203=ADVANCED_FACE('\X2\00D6\X0\l\X2\00E7\X0\ek1',(#11202),#11186,.F.) ;
#11215=ADVANCED_FACE('\X2\00D6\X0\l\X2\00E7\X0\ek1',(#11214),#11208,.F.) ;
#11297=ADVANCED_FACE('\X2\00D6\X0\l\X2\00E7\X0\ek1',(#11296),#11262,.F.) ;
#11641=ADVANCED_FACE('\X2\00D6\X0\l\X2\00E7\X0\ek1',(#11559,#11613,#11640),#11302,.F.) ;
#11658=ADVANCED_FACE('\X2\00D6\X0\l\X2\00E7\X0\ek1',(#11657),#11646,.F.) ;
#11979=ADVANCED_FACE('\X2\00D6\X0\l\X2\00E7\X0\ek1',(#11920,#11974,#11978),#11663,.T.) ;
#12001=ADVANCED_FACE('\X2\00D6\X0\l\X2\00E7\X0\ek1',(#12000),#11984,.F.) ;
#12018=ADVANCED_FACE('\X2\00D6\X0\l\X2\00E7\X0\ek1',(#12017),#12006,.F.) ;
#12035=ADVANCED_FACE('\X2\00D6\X0\l\X2\00E7\X0\ek1',(#12034),#12023,.F.) ;
#12052=ADVANCED_FACE('\X2\00D6\X0\l\X2\00E7\X0\ek1',(#12051),#12040,.F.) ;
#12069=ADVANCED_FACE('\X2\00D6\X0\l\X2\00E7\X0\ek1',(#12068),#12057,.F.) ;
#12086=ADVANCED_FACE('\X2\00D6\X0\l\X2\00E7\X0\ek1',(#12085),#12074,.F.) ;
#12103=ADVANCED_FACE('\X2\00D6\X0\l\X2\00E7\X0\ek1',(#12102),#12091,.F.) ;
#12120=ADVANCED_FACE('\X2\00D6\X0\l\X2\00E7\X0\ek1',(#12119),#12108,.F.) ;
#12137=ADVANCED_FACE('\X2\00D6\X0\l\X2\00E7\X0\ek1',(#12136),#12125,.F.) ;
#12154=ADVANCED_FACE('\X2\00D6\X0\l\X2\00E7\X0\ek1',(#12153),#12142,.F.) ;
#12171=ADVANCED_FACE('\X2\00D6\X0\l\X2\00E7\X0\ek1',(#12170),#12159,.F.) ;
#12188=ADVANCED_FACE('\X2\00D6\X0\l\X2\00E7\X0\ek1',(#12187),#12176,.F.) ;
#12205=ADVANCED_FACE('\X2\00D6\X0\l\X2\00E7\X0\ek1',(#12204),#12193,.F.) ;
#12222=ADVANCED_FACE('\X2\00D6\X0\l\X2\00E7\X0\ek1',(#12221),#12210,.F.) ;
#12239=ADVANCED_FACE('\X2\00D6\X0\l\X2\00E7\X0\ek1',(#12238),#12227,.F.) ;
#12256=ADVANCED_FACE('\X2\00D6\X0\l\X2\00E7\X0\ek1',(#12255),#12244,.F.) ;
#12273=ADVANCED_FACE('\X2\00D6\X0\l\X2\00E7\X0\ek1',(#12272),#12261,.T.) ;
#12290=ADVANCED_FACE('\X2\00D6\X0\l\X2\00E7\X0\ek1',(#12289),#12278,.F.) ;
#12307=ADVANCED_FACE('\X2\00D6\X0\l\X2\00E7\X0\ek1',(#12306),#12295,.T.) ;
#12324=ADVANCED_FACE('\X2\00D6\X0\l\X2\00E7\X0\ek1',(#12323),#12312,.T.) ;
#12341=ADVANCED_FACE('\X2\00D6\X0\l\X2\00E7\X0\ek1',(#12340),#12329,.F.) ;
#12358=ADVANCED_FACE('\X2\00D6\X0\l\X2\00E7\X0\ek1',(#12357),#12346,.F.) ;
#12375=ADVANCED_FACE('\X2\00D6\X0\l\X2\00E7\X0\ek1',(#12374),#12363,.F.) ;
#12392=ADVANCED_FACE('\X2\00D6\X0\l\X2\00E7\X0\ek1',(#12391),#12380,.T.) ;
#12409=ADVANCED_FACE('\X2\00D6\X0\l\X2\00E7\X0\ek1',(#12408),#12397,.F.) ;
#12426=ADVANCED_FACE('\X2\00D6\X0\l\X2\00E7\X0\ek1',(#12425),#12414,.T.) ;
#12438=ADVANCED_FACE('\X2\00D6\X0\l\X2\00E7\X0\ek1',(#12437),#12431,.F.) ;
#12460=ADVANCED_FACE('\X2\00D6\X0\l\X2\00E7\X0\ek1',(#12459),#12443,.F.) ;
#12472=ADVANCED_FACE('\X2\00D6\X0\l\X2\00E7\X0\ek1',(#12471),#12465,.F.) ;
#13248=ADVANCED_FACE('\X2\00D6\X0\l\X2\00E7\X0\ek2',(#13229,#13247),#12639,.T.) ;
#13283=ADVANCED_FACE('\X2\00D6\X0\l\X2\00E7\X0\ek2',(#13282),#13249,.T.) ;
#13307=ADVANCED_FACE('\X2\00D6\X0\l\X2\00E7\X0\ek2',(#13306),#13288,.T.) ;
#13331=ADVANCED_FACE('\X2\00D6\X0\l\X2\00E7\X0\ek2',(#13330),#13312,.T.) ;
#13360=ADVANCED_FACE('\X2\00D6\X0\l\X2\00E7\X0\ek2',(#13359),#13332,.T.) ;
#13384=ADVANCED_FACE('\X2\00D6\X0\l\X2\00E7\X0\ek2',(#13383),#13365,.T.) ;
#13413=ADVANCED_FACE('\X2\00D6\X0\l\X2\00E7\X0\ek2',(#13412),#13385,.T.) ;
#13437=ADVANCED_FACE('\X2\00D6\X0\l\X2\00E7\X0\ek2',(#13436),#13418,.T.) ;
#13466=ADVANCED_FACE('\X2\00D6\X0\l\X2\00E7\X0\ek2',(#13465),#13438,.T.) ;
#13490=ADVANCED_FACE('\X2\00D6\X0\l\X2\00E7\X0\ek2',(#13489),#13471,.T.) ;
#13519=ADVANCED_FACE('\X2\00D6\X0\l\X2\00E7\X0\ek2',(#13518),#13491,.T.) ;
#13543=ADVANCED_FACE('\X2\00D6\X0\l\X2\00E7\X0\ek2',(#13542),#13524,.T.) ;
#13572=ADVANCED_FACE('\X2\00D6\X0\l\X2\00E7\X0\ek2',(#13571),#13544,.T.) ;
#13596=ADVANCED_FACE('\X2\00D6\X0\l\X2\00E7\X0\ek2',(#13595),#13577,.T.) ;
#13625=ADVANCED_FACE('\X2\00D6\X0\l\X2\00E7\X0\ek2',(#13624),#13597,.T.) ;
#13649=ADVANCED_FACE('\X2\00D6\X0\l\X2\00E7\X0\ek2',(#13648),#13630,.T.) ;
#13678=ADVANCED_FACE('\X2\00D6\X0\l\X2\00E7\X0\ek2',(#13677),#13650,.T.) ;
#13702=ADVANCED_FACE('\X2\00D6\X0\l\X2\00E7\X0\ek2',(#13701),#13683,.T.) ;
#13731=ADVANCED_FACE('\X2\00D6\X0\l\X2\00E7\X0\ek2',(#13730),#13703,.T.) ;
#13755=ADVANCED_FACE('\X2\00D6\X0\l\X2\00E7\X0\ek2',(#13754),#13736,.T.) ;
#13784=ADVANCED_FACE('\X2\00D6\X0\l\X2\00E7\X0\ek2',(#13783),#13756,.T.) ;
#13808=ADVANCED_FACE('\X2\00D6\X0\l\X2\00E7\X0\ek2',(#13807),#13789,.T.) ;
#13837=ADVANCED_FACE('\X2\00D6\X0\l\X2\00E7\X0\ek2',(#13836),#13809,.T.) ;
#13861=ADVANCED_FACE('\X2\00D6\X0\l\X2\00E7\X0\ek2',(#13860),#13842,.T.) ;
#13890=ADVANCED_FACE('\X2\00D6\X0\l\X2\00E7\X0\ek2',(#13889),#13862,.T.) ;
#13914=ADVANCED_FACE('\X2\00D6\X0\l\X2\00E7\X0\ek2',(#13913),#13895,.T.) ;
#13943=ADVANCED_FACE('\X2\00D6\X0\l\X2\00E7\X0\ek2',(#13942),#13915,.T.) ;
#13967=ADVANCED_FACE('\X2\00D6\X0\l\X2\00E7\X0\ek2',(#13966),#13948,.T.) ;
#13996=ADVANCED_FACE('\X2\00D6\X0\l\X2\00E7\X0\ek2',(#13995),#13968,.T.) ;
#14020=ADVANCED_FACE('\X2\00D6\X0\l\X2\00E7\X0\ek2',(#14019),#14001,.T.) ;
#14044=ADVANCED_FACE('\X2\00D6\X0\l\X2\00E7\X0\ek2',(#14043),#14025,.T.) ;
#14073=ADVANCED_FACE('\X2\00D6\X0\l\X2\00E7\X0\ek2',(#14072),#14045,.T.) ;
#14097=ADVANCED_FACE('\X2\00D6\X0\l\X2\00E7\X0\ek2',(#14096),#14078,.T.) ;
#14126=ADVANCED_FACE('\X2\00D6\X0\l\X2\00E7\X0\ek2',(#14125),#14098,.T.) ;
#14150=ADVANCED_FACE('\X2\00D6\X0\l\X2\00E7\X0\ek2',(#14149),#14131,.T.) ;
#14179=ADVANCED_FACE('\X2\00D6\X0\l\X2\00E7\X0\ek2',(#14178),#14151,.T.) ;
#14203=ADVANCED_FACE('\X2\00D6\X0\l\X2\00E7\X0\ek2',(#14202),#14184,.T.) ;
#14232=ADVANCED_FACE('\X2\00D6\X0\l\X2\00E7\X0\ek2',(#14231),#14204,.T.) ;
#14256=ADVANCED_FACE('\X2\00D6\X0\l\X2\00E7\X0\ek2',(#14255),#14237,.T.) ;
#14285=ADVANCED_FACE('\X2\00D6\X0\l\X2\00E7\X0\ek2',(#14284),#14257,.T.) ;
#14309=ADVANCED_FACE('\X2\00D6\X0\l\X2\00E7\X0\ek2',(#14308),#14290,.T.) ;
#14338=ADVANCED_FACE('\X2\00D6\X0\l\X2\00E7\X0\ek2',(#14337),#14310,.T.) ;
#14362=ADVANCED_FACE('\X2\00D6\X0\l\X2\00E7\X0\ek2',(#14361),#14343,.T.) ;
#14391=ADVANCED_FACE('\X2\00D6\X0\l\X2\00E7\X0\ek2',(#14390),#14363,.T.) ;
#14415=ADVANCED_FACE('\X2\00D6\X0\l\X2\00E7\X0\ek2',(#14414),#14396,.T.) ;
#14444=ADVANCED_FACE('\X2\00D6\X0\l\X2\00E7\X0\ek2',(#14443),#14416,.T.) ;
#14468=ADVANCED_FACE('\X2\00D6\X0\l\X2\00E7\X0\ek2',(#14467),#14449,.T.) ;
#14497=ADVANCED_FACE('\X2\00D6\X0\l\X2\00E7\X0\ek2',(#14496),#14469,.T.) ;
#14521=ADVANCED_FACE('\X2\00D6\X0\l\X2\00E7\X0\ek2',(#14520),#14502,.T.) ;
#14550=ADVANCED_FACE('\X2\00D6\X0\l\X2\00E7\X0\ek2',(#14549),#14522,.T.) ;
#14574=ADVANCED_FACE('\X2\00D6\X0\l\X2\00E7\X0\ek2',(#14573),#14555,.T.) ;
#14603=ADVANCED_FACE('\X2\00D6\X0\l\X2\00E7\X0\ek2',(#14602),#14575,.T.) ;
#14627=ADVANCED_FACE('\X2\00D6\X0\l\X2\00E7\X0\ek2',(#14626),#14608,.T.) ;
#14656=ADVANCED_FACE('\X2\00D6\X0\l\X2\00E7\X0\ek2',(#14655),#14628,.T.) ;
#14673=ADVANCED_FACE('\X2\00D6\X0\l\X2\00E7\X0\ek2',(#14672),#14661,.T.) ;
#14704=ADVANCED_FACE('\X2\00D6\X0\l\X2\00E7\X0\ek2',(#14703),#14678,.F.) ;
#14721=ADVANCED_FACE('\X2\00D6\X0\l\X2\00E7\X0\ek2',(#14720),#14709,.F.) ;
#14787=ADVANCED_FACE('\X2\00D6\X0\l\X2\00E7\X0\ek2',(#14782,#14786),#14726,.T.) ;
#4=APPLICATION_PROTOCOL_DEFINITION('international standard','config_control_design',1994,#1) ;
#35=APPROVAL_DATE_TIME(#13,#24) ;
#131=B_SPLINE_CURVE_WITH_KNOTS('',5,(#132,#133,#134,#135,#136,#137,#138,#139,#140),.UNSPECIFIED.,.F.,.U.,(6,3,6),(0.,4.31272535726,7.06805736746),.UNSPECIFIED.) ;
#151=B_SPLINE_CURVE_WITH_KNOTS('',5,(#152,#153,#154,#155,#156,#157,#158,#159,#160),.UNSPECIFIED.,.F.,.U.,(6,3,6),(0.,4.31272536753,7.06805738454),.UNSPECIFIED.) ;
#185=B_SPLINE_CURVE_WITH_KNOTS('',5,(#186,#187,#188,#189,#190,#191,#192,#193,#194),.UNSPECIFIED.,.F.,.U.,(6,3,6),(0.,4.3127253573,7.06805736752),.UNSPECIFIED.) ;
#205=B_SPLINE_CURVE_WITH_KNOTS('',5,(#206,#207,#208,#209,#210,#211,#212,#213,#214),.UNSPECIFIED.,.F.,.U.,(6,3,6),(0.,4.31272536755,7.06805738457),.UNSPECIFIED.) ;
#230=B_SPLINE_CURVE_WITH_KNOTS('',5,(#231,#232,#233,#234,#235,#236,#237,#238,#239,#240,#241,#242,#243,#244,#245,#246,#247,#248,#249,#250,#251),.UNSPECIFIED.,.F.,.U.,(6,3,3,3,3,3,6),(0.,2.47866930982,4.95733860685,7.43600788176,9.91467717604,12.3933464931,14.2170161325),.UNSPECIFIED.) ;
#257=B_SPLINE_CURVE_WITH_KNOTS('',5,(#258,#259,#260,#261,#262,#263,#264,#265,#266,#267,#268,#269,#270,#271,#272,#273,#274,#275,#276,#277,#278),.UNSPECIFIED.,.F.,.U.,(6,3,3,3,3,3,6),(0.,2.47866930983,4.95733860665,7.43600788147,9.91467717575,12.3933464929,14.2170161322),.UNSPECIFIED.) ;
#284=B_SPLINE_CURVE_WITH_KNOTS('',5,(#285,#286,#287,#288,#289,#290,#291,#292,#293,#294,#295,#296,#297,#298,#299,#300,#301,#302,#303,#304,#305),.UNSPECIFIED.,.F.,.U.,(6,3,3,3,3,3,6),(0.,2.47866930982,4.95733860678,7.43600788164,9.91467717596,12.3933464931,14.2170161324),.UNSPECIFIED.) ;
#348=B_SPLINE_CURVE_WITH_KNOTS('',5,(#349,#350,#351,#352,#353,#354,#355,#356,#357),.UNSPECIFIED.,.F.,.U.,(6,3,6),(-4.71238898038,4.4408920985E-016,4.71238898038),.UNSPECIFIED.) ;
#707=B_SPLINE_CURVE_WITH_KNOTS('',5,(#708,#709,#710,#711,#712,#713,#714,#715,#716),.UNSPECIFIED.,.F.,.U.,(6,3,6),(-4.71238898038,4.4408920985E-016,4.71238898038),.UNSPECIFIED.) ;
#775=B_SPLINE_CURVE_WITH_KNOTS('',4,(#776,#777,#778,#779,#780),.UNSPECIFIED.,.F.,.U.,(5,5),(-2.82139952126,2.82139952126),.UNSPECIFIED.) ;
#890=B_SPLINE_CURVE_WITH_KNOTS('',4,(#891,#892,#893,#894,#895),.UNSPECIFIED.,.F.,.U.,(5,5),(-2.4183424468,2.4183424468),.UNSPECIFIED.) ;
#947=B_SPLINE_CURVE_WITH_KNOTS('',5,(#948,#949,#950,#951,#952,#953,#954,#955,#956,#957,#958,#959,#960,#961,#962),.UNSPECIFIED.,.F.,.U.,(6,3,3,3,6),(-10.9955742876,-5.49778714378,0.,5.49778714378,10.9955742876),.UNSPECIFIED.) ;
#1072=B_SPLINE_CURVE_WITH_KNOTS('',5,(#1073,#1074,#1075,#1076,#1077,#1078,#1079,#1080,#1081),.UNSPECIFIED.,.F.,.U.,(6,3,6),(-4.71238898038,4.4408920985E-016,4.71238898038),.UNSPECIFIED.) ;
#1102=B_SPLINE_CURVE_WITH_KNOTS('',5,(#1103,#1104,#1105,#1106,#1107,#1108,#1109,#1110,#1111),.UNSPECIFIED.,.F.,.U.,(6,3,6),(-4.71238898038,4.4408920985E-016,4.71238898038),.UNSPECIFIED.) ;
#1142=B_SPLINE_CURVE_WITH_KNOTS('',5,(#1143,#1144,#1145,#1146,#1147,#1148,#1149,#1150,#1151),.UNSPECIFIED.,.F.,.U.,(6,3,6),(0.,4.51659520642,7.75207075377),.UNSPECIFIED.) ;
#1157=B_SPLINE_CURVE_WITH_KNOTS('',5,(#1158,#1159,#1160,#1161,#1162,#1163,#1164,#1165,#1166,#1167,#1168,#1169,#1170,#1171,#1172,#1173,#1174,#1175,#1176,#1177,#1178,#1179,#1180,#1181),.UNSPECIFIED.,.F.,.U.,(6,3,3,3,3,3,3,6),(0.,4.51659518697,9.03319039052,13.5497856073,18.0663808089,22.582975994,27.0995711893,30.2113531031),.UNSPECIFIED.) ;
#1185=B_SPLINE_CURVE_WITH_KNOTS('',5,(#1186,#1187,#1188,#1189,#1190,#1191,#1192,#1193,#1194),.UNSPECIFIED.,.F.,.U.,(6,3,6),(0.,4.51659518695,7.75207073111),.UNSPECIFIED.) ;
#1219=B_SPLINE_CURVE_WITH_KNOTS('',5,(#1220,#1221,#1222,#1223,#1224,#1225,#1226,#1227,#1228),.UNSPECIFIED.,.F.,.U.,(6,3,6),(0.,4.51659520635,7.75207075369),.UNSPECIFIED.) ;
#1232=B_SPLINE_CURVE_WITH_KNOTS('',5,(#1233,#1234,#1235,#1236,#1237,#1238,#1239,#1240,#1241,#1242,#1243,#1244,#1245,#1246,#1247,#1248,#1249,#1250,#1251,#1252,#1253,#1254,#1255,#1256),.UNSPECIFIED.,.F.,.U.,(6,3,3,3,3,3,3,6),(0.,4.51659518693,9.03319039055,13.5497856073,18.0663808087,22.5829759939,27.0995711891,30.2113531028),.UNSPECIFIED.) ;
#1260=B_SPLINE_CURVE_WITH_KNOTS('',5,(#1261,#1262,#1263,#1264,#1265,#1266,#1267,#1268,#1269),.UNSPECIFIED.,.F.,.U.,(6,3,6),(0.,4.51659518697,7.75207073115),.UNSPECIFIED.) ;
#1509=B_SPLINE_CURVE_WITH_KNOTS('',4,(#1510,#1511,#1512,#1513,#1514),.UNSPECIFIED.,.F.,.U.,(5,5),(-0.157079632679,0.157079632679),.UNSPECIFIED.) ;
#1650=B_SPLINE_CURVE_WITH_KNOTS('',5,(#1651,#1652,#1653,#1654,#1655,#1656,#1657,#1658,#1659,#1660,#1661,#1662,#1663,#1664,#1665),.UNSPECIFIED.,.F.,.U.,(6,3,3,3,6),(0.,4.24259211977,8.48518424607,12.7277763701,13.3284404032),.UNSPECIFIED.) ;
#1690=B_SPLINE_CURVE_WITH_KNOTS('',5,(#1691,#1692,#1693,#1694,#1695,#1696,#1697,#1698,#1699,#1700,#1701,#1702,#1703,#1704,#1705),.UNSPECIFIED.,.F.,.U.,(6,3,3,3,6),(0.,4.24259211981,8.48518424609,12.7277763701,13.3284404033),.UNSPECIFIED.) ;
#2374=B_SPLINE_CURVE_WITH_KNOTS('',5,(#2375,#2376,#2377,#2378,#2379,#2380,#2381,#2382,#2383),.UNSPECIFIED.,.F.,.U.,(6,3,6),(0.,4.24259211981,7.64876076081),.UNSPECIFIED.) ;
#2396=B_SPLINE_CURVE_WITH_KNOTS('',5,(#2397,#2398,#2399,#2400,#2401,#2402,#2403,#2404,#2405),.UNSPECIFIED.,.F.,.U.,(6,3,6),(0.,4.24259211849,5.67891579849),.UNSPECIFIED.) ;
#2416=B_SPLINE_CURVE_WITH_KNOTS('',5,(#2417,#2418,#2419,#2420,#2421,#2422,#2423,#2424,#2425),.UNSPECIFIED.,.F.,.U.,(6,3,6),(0.,4.24259213228,4.80631043343),.UNSPECIFIED.) ;
#2436=B_SPLINE_CURVE_WITH_KNOTS('',5,(#2437,#2438,#2439,#2440,#2441,#2442,#2443,#2444,#2445,#2446,#2447,#2448),.UNSPECIFIED.,.F.,.U.,(6,3,3,6),(0.,4.24259212023,8.48518424692,8.52214084183),.UNSPECIFIED.) ;
#2459=B_SPLINE_CURVE_WITH_KNOTS('',5,(#2460,#2461,#2462,#2463,#2464,#2465,#2466,#2467,#2468,#2469,#2470,#2471),.UNSPECIFIED.,.F.,.U.,(6,3,3,6),(0.,4.24259212049,8.48518424827,8.95024531764),.UNSPECIFIED.) ;
#2482=B_SPLINE_CURVE_WITH_KNOTS('',5,(#2483,#2484,#2485,#2486,#2487,#2488,#2489,#2490,#2491),.UNSPECIFIED.,.F.,.U.,(6,3,6),(0.,4.24259211235,4.37822796606),.UNSPECIFIED.) ;
#2502=B_SPLINE_CURVE_WITH_KNOTS('',5,(#2503,#2504,#2505,#2506,#2507,#2508,#2509,#2510,#2511),.UNSPECIFIED.,.F.,.U.,(6,3,6),(0.,4.24259211829,5.24473543391),.UNSPECIFIED.) ;
#2522=B_SPLINE_CURVE_WITH_KNOTS('',5,(#2523,#2524,#2525,#2526,#2527,#2528,#2529,#2530,#2531),.UNSPECIFIED.,.F.,.U.,(6,3,6),(0.,4.24259210628,8.08349481157),.UNSPECIFIED.) ;
#2558=B_SPLINE_CURVE_WITH_KNOTS('',5,(#2559,#2560,#2561,#2562,#2563,#2564,#2565,#2566,#2567,#2568,#2569,#2570,#2571,#2572,#2573,#2574,#2575,#2576,#2577,#2578,#2579),.UNSPECIFIED.,.F.,.U.,(6,3,3,3,3,3,6),(0.,2.39995623462,4.79991244945,7.1998686814,9.59982491092,11.9997811296,13.3284274758),.UNSPECIFIED.) ;
#2585=B_SPLINE_CURVE_WITH_KNOTS('',5,(#2586,#2587,#2588,#2589,#2590,#2591,#2592,#2593,#2594,#2595,#2596,#2597,#2598,#2599,#2600,#2601,#2602,#2603,#2604,#2605,#2606),.UNSPECIFIED.,.F.,.U.,(6,3,3,3,3,3,6),(0.,2.39995623791,4.79991248668,7.19986873871,9.59982497157,11.9997812037,13.3284275837),.UNSPECIFIED.) ;
#2612=B_SPLINE_CURVE_WITH_KNOTS('',5,(#2613,#2614,#2615,#2616,#2617,#2618,#2619,#2620,#2621,#2622,#2623,#2624,#2625,#2626,#2627,#2628,#2629,#2630,#2631,#2632,#2633),.UNSPECIFIED.,.F.,.U.,(6,3,3,3,3,3,6),(0.,2.39995624146,4.79991247715,7.19986871025,9.59982494663,11.9997811795,13.3284275569),.UNSPECIFIED.) ;
#2639=B_SPLINE_CURVE_WITH_KNOTS('',5,(#2640,#2641,#2642,#2643,#2644,#2645,#2646,#2647,#2648,#2649,#2650,#2651,#2652,#2653,#2654,#2655,#2656,#2657,#2658,#2659,#2660),.UNSPECIFIED.,.F.,.U.,(6,3,3,3,3,3,6),(0.,2.39995623107,4.7999124752,7.19986872985,9.59982495575,11.9997811734,13.3284275223),.UNSPECIFIED.) ;
#2666=B_SPLINE_CURVE_WITH_KNOTS('',5,(#2667,#2668,#2669,#2670,#2671,#2672,#2673,#2674,#2675,#2676,#2677,#2678,#2679,#2680,#2681,#2682,#2683,#2684,#2685,#2686,#2687),.UNSPECIFIED.,.F.,.U.,(6,3,3,3,3,3,6),(0.,2.39995624146,4.79991247719,7.19986871028,9.59982494671,11.9997811796,13.328427557),.UNSPECIFIED.) ;
#2693=B_SPLINE_CURVE_WITH_KNOTS('',5,(#2694,#2695,#2696,#2697,#2698,#2699,#2700,#2701,#2702,#2703,#2704,#2705,#2706,#2707,#2708,#2709,#2710,#2711,#2712,#2713,#2714),.UNSPECIFIED.,.F.,.U.,(6,3,3,3,3,3,6),(0.,2.39995623109,4.79991247521,7.19986872993,9.59982495578,11.9997811734,13.3284275223),.UNSPECIFIED.) ;
#2729=B_SPLINE_CURVE_WITH_KNOTS('',5,(#2730,#2731,#2732,#2733,#2734,#2735,#2736,#2737,#2738,#2739,#2740,#2741,#2742,#2743,#2744),.UNSPECIFIED.,.F.,.U.,(6,3,3,3,6),(19.507167439,24.6365005456,30.7956257012,36.9547508414,39.0131598382),.UNSPECIFIED.) ;
#2748=B_SPLINE_CURVE_WITH_KNOTS('',5,(#2749,#2750,#2751,#2752,#2753,#2754,#2755,#2756,#2757,#2758,#2759,#2760,#2761,#2762,#2763),.UNSPECIFIED.,.F.,.U.,(6,3,3,3,6),(0.,6.15912514498,12.3182502908,18.4773754207,19.507167439),.UNSPECIFIED.) ;
#2795=B_SPLINE_CURVE_WITH_KNOTS('',5,(#2796,#2797,#2798,#2799,#2800,#2801,#2802,#2803,#2804,#2805,#2806,#2807,#2808,#2809,#2810,#2811,#2812,#2813,#2814,#2815,#2816,#2817,#2818,#2819),.UNSPECIFIED.,.F.,.U.,(6,3,3,3,3,3,3,6),(1.58988874827,2.77125195105,5.54250389532,8.31375584676,11.0850078093,13.8562597684,16.6275117219,16.7109825864),.UNSPECIFIED.) ;
#2823=B_SPLINE_CURVE_WITH_KNOTS('',5,(#2824,#2825,#2826,#2827,#2828,#2829),.UNSPECIFIED.,.F.,.U.,(6,6),(0.,1.58988874827),.UNSPECIFIED.) ;
#2850=B_SPLINE_CURVE_WITH_KNOTS('',5,(#2851,#2852,#2853,#2854,#2855,#2856,#2857,#2858,#2859,#2860,#2861,#2862,#2863,#2864,#2865,#2866,#2867,#2868,#2869,#2870,#2871),.UNSPECIFIED.,.F.,.U.,(6,3,3,3,3,3,6),(0.,2.3999562346,4.79991244944,7.19986868144,9.59982491095,11.9997811297,13.3284274759),.UNSPECIFIED.) ;
#2877=B_SPLINE_CURVE_WITH_KNOTS('',5,(#2878,#2879,#2880,#2881,#2882,#2883,#2884,#2885,#2886,#2887,#2888,#2889,#2890,#2891,#2892,#2893,#2894,#2895,#2896,#2897,#2898),.UNSPECIFIED.,.F.,.U.,(6,3,3,3,3,3,6),(0.,2.39995623793,4.79991248669,7.19986873867,9.59982497139,11.9997812034,13.3284275835),.UNSPECIFIED.) ;
#2904=B_SPLINE_CURVE_WITH_KNOTS('',5,(#2905,#2906,#2907,#2908,#2909,#2910,#2911,#2912,#2913,#2914,#2915,#2916,#2917,#2918,#2919,#2920,#2921,#2922,#2923,#2924,#2925,#2926,#2927,#2928),.UNSPECIFIED.,.F.,.U.,(6,3,3,3,3,3,3,6),(0.,11.4261776597,22.8523552997,34.2785329333,45.7047105888,57.1308882303,68.557065857,75.52835333),.UNSPECIFIED.) ;
#2934=B_SPLINE_CURVE_WITH_KNOTS('',5,(#2935,#2936,#2937,#2938,#2939,#2940,#2941,#2942,#2943,#2944,#2945,#2946,#2947,#2948,#2949,#2950,#2951,#2952,#2953,#2954,#2955,#2956,#2957,#2958),.UNSPECIFIED.,.F.,.U.,(6,3,3,3,3,3,3,6),(0.,11.4261776412,22.8523552863,34.278532919,45.7047105675,57.1308882132,68.5570658523,75.5283533525),.UNSPECIFIED.) ;
#2964=B_SPLINE_CURVE_WITH_KNOTS('',5,(#2965,#2966,#2967,#2968,#2969,#2970,#2971,#2972,#2973,#2974,#2975,#2976,#2977,#2978,#2979,#2980,#2981,#2982,#2983,#2984,#2985),.UNSPECIFIED.,.F.,.U.,(6,3,3,3,3,3,6),(0.,2.39995622524,4.79991244974,7.19986868399,9.59982491747,11.999781144,13.3284275078),.UNSPECIFIED.) ;
#2991=B_SPLINE_CURVE_WITH_KNOTS('',5,(#2992,#2993,#2994,#2995,#2996,#2997,#2998,#2999,#3000,#3001,#3002,#3003,#3004,#3005,#3006,#3007,#3008,#3009,#3010,#3011,#3012),.UNSPECIFIED.,.F.,.U.,(6,3,3,3,3,3,6),(0.,2.39995622387,4.79991246323,7.19986871679,9.59982494567,11.9997811696,13.328427532),.UNSPECIFIED.) ;
#3018=B_SPLINE_CURVE_WITH_KNOTS('',5,(#3019,#3020,#3021,#3022,#3023,#3024,#3025,#3026,#3027,#3028,#3029,#3030,#3031,#3032,#3033,#3034,#3035,#3036,#3037,#3038,#3039),.UNSPECIFIED.,.F.,.U.,(6,3,3,3,3,3,6),(0.,2.39995622523,4.79991244971,7.19986868396,9.59982491739,11.999781144,13.3284275078),.UNSPECIFIED.) ;
#3045=B_SPLINE_CURVE_WITH_KNOTS('',5,(#3046,#3047,#3048,#3049,#3050,#3051,#3052,#3053,#3054,#3055,#3056,#3057,#3058,#3059,#3060,#3061,#3062,#3063,#3064,#3065,#3066),.UNSPECIFIED.,.F.,.U.,(6,3,3,3,3,3,6),(0.,2.39995622386,4.79991246323,7.19986871675,9.59982494572,11.9997811697,13.3284275321),.UNSPECIFIED.) ;
#3093=B_SPLINE_CURVE_WITH_KNOTS('',5,(#3094,#3095,#3096,#3097,#3098,#3099,#3100,#3101,#3102,#3103,#3104,#3105),.UNSPECIFIED.,.F.,.U.,(6,3,3,6),(0.,17.9998353276,35.9996706529,44.3519508385),.UNSPECIFIED.) ;
#3144=B_SPLINE_CURVE_WITH_KNOTS('',5,(#3145,#3146,#3147,#3148,#3149,#3150,#3151,#3152,#3153),.UNSPECIFIED.,.F.,.U.,(6,3,6),(0.,4.24259211981,7.64876076081),.UNSPECIFIED.) ;
#3166=B_SPLINE_CURVE_WITH_KNOTS('',5,(#3167,#3168,#3169,#3170,#3171,#3172,#3173,#3174,#3175),.UNSPECIFIED.,.F.,.U.,(6,3,6),(0.,4.24259210628,8.08349481157),.UNSPECIFIED.) ;
#3186=B_SPLINE_CURVE_WITH_KNOTS('',5,(#3187,#3188,#3189,#3190,#3191,#3192,#3193,#3194,#3195),.UNSPECIFIED.,.F.,.U.,(6,3,6),(0.,4.24259211829,5.24473543391),.UNSPECIFIED.) ;
#3206=B_SPLINE_CURVE_WITH_KNOTS('',5,(#3207,#3208,#3209,#3210,#3211,#3212,#3213,#3214,#3215),.UNSPECIFIED.,.F.,.U.,(6,3,6),(0.,4.24259211235,4.37822796606),.UNSPECIFIED.) ;
#3226=B_SPLINE_CURVE_WITH_KNOTS('',5,(#3227,#3228,#3229,#3230,#3231,#3232,#3233,#3234,#3235,#3236,#3237,#3238),.UNSPECIFIED.,.F.,.U.,(6,3,3,6),(0.,4.24259212049,8.48518424827,8.95024531764),.UNSPECIFIED.) ;
#3249=B_SPLINE_CURVE_WITH_KNOTS('',5,(#3250,#3251,#3252,#3253,#3254,#3255,#3256,#3257,#3258,#3259,#3260,#3261),.UNSPECIFIED.,.F.,.U.,(6,3,3,6),(0.,4.24259212023,8.48518424692,8.52214084183),.UNSPECIFIED.) ;
#3272=B_SPLINE_CURVE_WITH_KNOTS('',5,(#3273,#3274,#3275,#3276,#3277,#3278,#3279,#3280,#3281),.UNSPECIFIED.,.F.,.U.,(6,3,6),(0.,4.24259213228,4.80631043343),.UNSPECIFIED.) ;
#3292=B_SPLINE_CURVE_WITH_KNOTS('',5,(#3293,#3294,#3295,#3296,#3297,#3298,#3299,#3300,#3301),.UNSPECIFIED.,.F.,.U.,(6,3,6),(0.,4.24259211849,5.67891579849),.UNSPECIFIED.) ;
#3328=B_SPLINE_CURVE_WITH_KNOTS('',5,(#3329,#3330,#3331,#3332,#3333,#3334,#3335,#3336,#3337,#3338,#3339,#3340,#3341,#3342,#3343,#3344,#3345,#3346,#3347,#3348,#3349),.UNSPECIFIED.,.F.,.U.,(6,3,3,3,3,3,6),(0.,2.39995624146,4.79991247715,7.19986871025,9.59982494663,11.9997811795,13.3284275569),.UNSPECIFIED.) ;
#3355=B_SPLINE_CURVE_WITH_KNOTS('',5,(#3356,#3357,#3358,#3359,#3360,#3361,#3362,#3363,#3364,#3365,#3366,#3367,#3368,#3369,#3370,#3371,#3372,#3373,#3374,#3375,#3376),.UNSPECIFIED.,.F.,.U.,(6,3,3,3,3,3,6),(0.,2.39995623107,4.7999124752,7.19986872985,9.59982495575,11.9997811734,13.3284275223),.UNSPECIFIED.) ;
#3382=B_SPLINE_CURVE_WITH_KNOTS('',5,(#3383,#3384,#3385,#3386,#3387,#3388,#3389,#3390,#3391,#3392,#3393,#3394,#3395,#3396,#3397),.UNSPECIFIED.,.F.,.U.,(6,3,3,3,6),(0.,6.15912514498,12.3182502908,18.4773754207,19.507167439),.UNSPECIFIED.) ;
#3403=B_SPLINE_CURVE_WITH_KNOTS('',5,(#3404,#3405,#3406,#3407,#3408,#3409,#3410,#3411,#3412,#3413,#3414,#3415,#3416,#3417,#3418),.UNSPECIFIED.,.F.,.U.,(6,3,3,3,6),(19.507167439,24.6365005456,30.7956257012,36.9547508414,39.0131598382),.UNSPECIFIED.) ;
#3436=B_SPLINE_CURVE_WITH_KNOTS('',5,(#3437,#3438,#3439,#3440,#3441,#3442),.UNSPECIFIED.,.F.,.U.,(6,6),(0.,1.58988874827),.UNSPECIFIED.) ;
#3446=B_SPLINE_CURVE_WITH_KNOTS('',5,(#3447,#3448,#3449,#3450,#3451,#3452,#3453,#3454,#3455,#3456,#3457,#3458,#3459,#3460,#3461,#3462,#3463,#3464,#3465,#3466,#3467,#3468,#3469,#3470),.UNSPECIFIED.,.F.,.U.,(6,3,3,3,3,3,3,6),(1.58988874827,2.77125195105,5.54250389532,8.31375584676,11.0850078093,13.8562597684,16.6275117219,16.7109825864),.UNSPECIFIED.) ;
#3512=B_SPLINE_CURVE_WITH_KNOTS('',5,(#3513,#3514,#3515,#3516,#3517,#3518,#3519,#3520,#3521,#3522,#3523,#3524,#3525,#3526,#3527,#3528,#3529,#3530,#3531,#3532,#3533),.UNSPECIFIED.,.F.,.U.,(6,3,3,3,3,3,6),(0.,2.39995622523,4.79991244971,7.19986868396,9.59982491739,11.999781144,13.3284275078),.UNSPECIFIED.) ;
#3539=B_SPLINE_CURVE_WITH_KNOTS('',5,(#3540,#3541,#3542,#3543,#3544,#3545,#3546,#3547,#3548,#3549,#3550,#3551,#3552,#3553,#3554,#3555,#3556,#3557,#3558,#3559,#3560),.UNSPECIFIED.,.F.,.U.,(6,3,3,3,3,3,6),(0.,2.39995622386,4.79991246323,7.19986871675,9.59982494572,11.9997811697,13.3284275321),.UNSPECIFIED.) ;
#3566=B_SPLINE_CURVE_WITH_KNOTS('',5,(#3567,#3568,#3569,#3570,#3571,#3572,#3573,#3574,#3575,#3576,#3577,#3578,#3579,#3580,#3581,#3582,#3583,#3584,#3585,#3586,#3587,#3588,#3589,#3590),.UNSPECIFIED.,.F.,.U.,(6,3,3,3,3,3,3,6),(0.,11.4261776597,22.8523552997,34.2785329333,45.7047105888,57.1308882303,68.557065857,75.52835333),.UNSPECIFIED.) ;
#3596=B_SPLINE_CURVE_WITH_KNOTS('',5,(#3597,#3598,#3599,#3600,#3601,#3602,#3603,#3604,#3605,#3606,#3607,#3608,#3609,#3610,#3611,#3612,#3613,#3614,#3615,#3616,#3617,#3618,#3619,#3620),.UNSPECIFIED.,.F.,.U.,(6,3,3,3,3,3,3,6),(0.,11.4261776412,22.8523552863,34.278532919,45.7047105675,57.1308882132,68.5570658523,75.5283533525),.UNSPECIFIED.) ;
#3626=B_SPLINE_CURVE_WITH_KNOTS('',5,(#3627,#3628,#3629,#3630,#3631,#3632,#3633,#3634,#3635,#3636,#3637,#3638,#3639,#3640,#3641,#3642,#3643,#3644,#3645,#3646,#3647),.UNSPECIFIED.,.F.,.U.,(6,3,3,3,3,3,6),(0.,2.3999562346,4.79991244944,7.19986868144,9.59982491095,11.9997811297,13.3284274759),.UNSPECIFIED.) ;
#3653=B_SPLINE_CURVE_WITH_KNOTS('',5,(#3654,#3655,#3656,#3657,#3658,#3659,#3660,#3661,#3662,#3663,#3664,#3665,#3666,#3667,#3668,#3669,#3670,#3671,#3672,#3673,#3674),.UNSPECIFIED.,.F.,.U.,(6,3,3,3,3,3,6),(0.,2.39995623793,4.79991248669,7.19986873867,9.59982497139,11.9997812034,13.3284275835),.UNSPECIFIED.) ;
#3680=B_SPLINE_CURVE_WITH_KNOTS('',5,(#3681,#3682,#3683,#3684,#3685,#3686,#3687,#3688,#3689,#3690,#3691,#3692,#3693,#3694,#3695,#3696,#3697,#3698,#3699,#3700,#3701),.UNSPECIFIED.,.F.,.U.,(6,3,3,3,3,3,6),(0.,2.39995622524,4.79991244974,7.19986868399,9.59982491747,11.999781144,13.3284275078),.UNSPECIFIED.) ;
#3707=B_SPLINE_CURVE_WITH_KNOTS('',5,(#3708,#3709,#3710,#3711,#3712,#3713,#3714,#3715,#3716,#3717,#3718,#3719,#3720,#3721,#3722,#3723,#3724,#3725,#3726,#3727,#3728),.UNSPECIFIED.,.F.,.U.,(6,3,3,3,3,3,6),(0.,2.39995622387,4.79991246323,7.19986871679,9.59982494567,11.9997811696,13.328427532),.UNSPECIFIED.) ;
#3734=B_SPLINE_CURVE_WITH_KNOTS('',5,(#3735,#3736,#3737,#3738,#3739,#3740,#3741,#3742,#3743,#3744,#3745,#3746,#3747,#3748,#3749,#3750,#3751,#3752,#3753,#3754,#3755),.UNSPECIFIED.,.F.,.U.,(6,3,3,3,3,3,6),(0.,2.39995624146,4.79991247719,7.19986871028,9.59982494671,11.9997811796,13.328427557),.UNSPECIFIED.) ;
#3761=B_SPLINE_CURVE_WITH_KNOTS('',5,(#3762,#3763,#3764,#3765,#3766,#3767,#3768,#3769,#3770,#3771,#3772,#3773,#3774,#3775,#3776,#3777,#3778,#3779,#3780,#3781,#3782),.UNSPECIFIED.,.F.,.U.,(6,3,3,3,3,3,6),(0.,2.39995623109,4.79991247521,7.19986872993,9.59982495578,11.9997811734,13.3284275223),.UNSPECIFIED.) ;
#3788=B_SPLINE_CURVE_WITH_KNOTS('',5,(#3789,#3790,#3791,#3792,#3793,#3794,#3795,#3796,#3797,#3798,#3799,#3800,#3801,#3802,#3803,#3804,#3805,#3806,#3807,#3808,#3809),.UNSPECIFIED.,.F.,.U.,(6,3,3,3,3,3,6),(0.,2.39995623462,4.79991244945,7.1998686814,9.59982491092,11.9997811296,13.3284274758),.UNSPECIFIED.) ;
#3815=B_SPLINE_CURVE_WITH_KNOTS('',5,(#3816,#3817,#3818,#3819,#3820,#3821,#3822,#3823,#3824,#3825,#3826,#3827,#3828,#3829,#3830,#3831,#3832,#3833,#3834,#3835,#3836),.UNSPECIFIED.,.F.,.U.,(6,3,3,3,3,3,6),(0.,2.39995623791,4.79991248668,7.19986873871,9.59982497157,11.9997812037,13.3284275837),.UNSPECIFIED.) ;
#4676=B_SPLINE_CURVE_WITH_KNOTS('',5,(#4677,#4678,#4679,#4680,#4681,#4682),.UNSPECIFIED.,.F.,.U.,(6,6),(0.,6.59110787302),.UNSPECIFIED.) ;
#4693=B_SPLINE_CURVE_WITH_KNOTS('',5,(#4694,#4695,#4696,#4697,#4698,#4699),.UNSPECIFIED.,.F.,.U.,(6,6),(0.,6.60168746181),.UNSPECIFIED.) ;
#4710=B_SPLINE_CURVE_WITH_KNOTS('',5,(#4711,#4712,#4713,#4714,#4715,#4716),.UNSPECIFIED.,.F.,.U.,(6,6),(0.,6.59110791119),.UNSPECIFIED.) ;
#4727=B_SPLINE_CURVE_WITH_KNOTS('',5,(#4728,#4729,#4730,#4731,#4732,#4733),.UNSPECIFIED.,.F.,.U.,(6,6),(0.,6.60168744661),.UNSPECIFIED.) ;
#4744=B_SPLINE_CURVE_WITH_KNOTS('',5,(#4745,#4746,#4747,#4748,#4749,#4750),.UNSPECIFIED.,.F.,.U.,(6,6),(0.,6.59110787388),.UNSPECIFIED.) ;
#4761=B_SPLINE_CURVE_WITH_KNOTS('',5,(#4762,#4763,#4764,#4765,#4766,#4767),.UNSPECIFIED.,.F.,.U.,(6,6),(0.,6.60168751086),.UNSPECIFIED.) ;
#4778=B_SPLINE_CURVE_WITH_KNOTS('',5,(#4779,#4780,#4781,#4782,#4783,#4784),.UNSPECIFIED.,.F.,.U.,(6,6),(0.,6.59110790334),.UNSPECIFIED.) ;
#4795=B_SPLINE_CURVE_WITH_KNOTS('',5,(#4796,#4797,#4798,#4799,#4800,#4801),.UNSPECIFIED.,.F.,.U.,(6,6),(0.,6.60168747377),.UNSPECIFIED.) ;
#4812=B_SPLINE_CURVE_WITH_KNOTS('',5,(#4813,#4814,#4815,#4816,#4817,#4818),.UNSPECIFIED.,.F.,.U.,(6,6),(0.,6.59110786823),.UNSPECIFIED.) ;
#4829=B_SPLINE_CURVE_WITH_KNOTS('',5,(#4830,#4831,#4832,#4833,#4834,#4835),.UNSPECIFIED.,.F.,.U.,(6,6),(0.,6.60168749082),.UNSPECIFIED.) ;
#4846=B_SPLINE_CURVE_WITH_KNOTS('',5,(#4847,#4848,#4849,#4850,#4851,#4852),.UNSPECIFIED.,.F.,.U.,(6,6),(0.,6.59110789402),.UNSPECIFIED.) ;
#4863=B_SPLINE_CURVE_WITH_KNOTS('',5,(#4864,#4865,#4866,#4867,#4868,#4869),.UNSPECIFIED.,.F.,.U.,(6,6),(0.,6.60168745003),.UNSPECIFIED.) ;
#4880=B_SPLINE_CURVE_WITH_KNOTS('',5,(#4881,#4882,#4883,#4884,#4885,#4886),.UNSPECIFIED.,.F.,.U.,(6,6),(0.,6.59110787303),.UNSPECIFIED.) ;
#4897=B_SPLINE_CURVE_WITH_KNOTS('',5,(#4898,#4899,#4900,#4901,#4902,#4903),.UNSPECIFIED.,.F.,.U.,(6,6),(0.,6.60168746182),.UNSPECIFIED.) ;
#4914=B_SPLINE_CURVE_WITH_KNOTS('',5,(#4915,#4916,#4917,#4918,#4919,#4920),.UNSPECIFIED.,.F.,.U.,(6,6),(0.,6.59110791123),.UNSPECIFIED.) ;
#4931=B_SPLINE_CURVE_WITH_KNOTS('',5,(#4932,#4933,#4934,#4935,#4936,#4937),.UNSPECIFIED.,.F.,.U.,(6,6),(0.,6.60168744659),.UNSPECIFIED.) ;
#4948=B_SPLINE_CURVE_WITH_KNOTS('',5,(#4949,#4950,#4951,#4952,#4953,#4954),.UNSPECIFIED.,.F.,.U.,(6,6),(0.,6.5911078739),.UNSPECIFIED.) ;
#4965=B_SPLINE_CURVE_WITH_KNOTS('',5,(#4966,#4967,#4968,#4969,#4970,#4971),.UNSPECIFIED.,.F.,.U.,(6,6),(0.,6.60168751082),.UNSPECIFIED.) ;
#4982=B_SPLINE_CURVE_WITH_KNOTS('',5,(#4983,#4984,#4985,#4986,#4987,#4988),.UNSPECIFIED.,.F.,.U.,(6,6),(0.,6.59110790332),.UNSPECIFIED.) ;
#4999=B_SPLINE_CURVE_WITH_KNOTS('',5,(#5000,#5001,#5002,#5003,#5004,#5005),.UNSPECIFIED.,.F.,.U.,(6,6),(0.,6.60168747379),.UNSPECIFIED.) ;
#5016=B_SPLINE_CURVE_WITH_KNOTS('',5,(#5017,#5018,#5019,#5020,#5021,#5022),.UNSPECIFIED.,.F.,.U.,(6,6),(0.,6.59110786822),.UNSPECIFIED.) ;
#5033=B_SPLINE_CURVE_WITH_KNOTS('',5,(#5034,#5035,#5036,#5037,#5038,#5039),.UNSPECIFIED.,.F.,.U.,(6,6),(0.,6.60168749083),.UNSPECIFIED.) ;
#5057=B_SPLINE_CURVE_WITH_KNOTS('',5,(#5058,#5059,#5060,#5061,#5062,#5063),.UNSPECIFIED.,.F.,.U.,(6,6),(0.,6.59110789399),.UNSPECIFIED.) ;
#5074=B_SPLINE_CURVE_WITH_KNOTS('',5,(#5075,#5076,#5077,#5078,#5079,#5080),.UNSPECIFIED.,.F.,.U.,(6,6),(0.,6.60168745003),.UNSPECIFIED.) ;
#5091=B_SPLINE_CURVE_WITH_KNOTS('',5,(#5092,#5093,#5094,#5095,#5096,#5097),.UNSPECIFIED.,.F.,.U.,(6,6),(0.,6.59110787302),.UNSPECIFIED.) ;
#5108=B_SPLINE_CURVE_WITH_KNOTS('',5,(#5109,#5110,#5111,#5112,#5113,#5114),.UNSPECIFIED.,.F.,.U.,(6,6),(0.,6.60168746182),.UNSPECIFIED.) ;
#5125=B_SPLINE_CURVE_WITH_KNOTS('',5,(#5126,#5127,#5128,#5129,#5130,#5131),.UNSPECIFIED.,.F.,.U.,(6,6),(0.,6.59110791117),.UNSPECIFIED.) ;
#5142=B_SPLINE_CURVE_WITH_KNOTS('',5,(#5143,#5144,#5145,#5146,#5147,#5148),.UNSPECIFIED.,.F.,.U.,(6,6),(0.,6.6016874466),.UNSPECIFIED.) ;
#5159=B_SPLINE_CURVE_WITH_KNOTS('',5,(#5160,#5161,#5162,#5163,#5164,#5165),.UNSPECIFIED.,.F.,.U.,(6,6),(0.,6.59110787388),.UNSPECIFIED.) ;
#5176=B_SPLINE_CURVE_WITH_KNOTS('',5,(#5177,#5178,#5179,#5180,#5181,#5182),.UNSPECIFIED.,.F.,.U.,(6,6),(0.,6.60168751082),.UNSPECIFIED.) ;
#5193=B_SPLINE_CURVE_WITH_KNOTS('',5,(#5194,#5195,#5196,#5197,#5198,#5199),.UNSPECIFIED.,.F.,.U.,(6,6),(0.,6.59110790334),.UNSPECIFIED.) ;
#5210=B_SPLINE_CURVE_WITH_KNOTS('',5,(#5211,#5212,#5213,#5214,#5215,#5216),.UNSPECIFIED.,.F.,.U.,(6,6),(0.,4.85036758027),.UNSPECIFIED.) ;
#5241=B_SPLINE_CURVE_WITH_KNOTS('',5,(#5242,#5243,#5244,#5245,#5246,#5247),.UNSPECIFIED.,.F.,.U.,(6,6),(0.,4.88804629465),.UNSPECIFIED.) ;
#5258=B_SPLINE_CURVE_WITH_KNOTS('',5,(#5259,#5260,#5261,#5262,#5263,#5264),.UNSPECIFIED.,.F.,.U.,(6,6),(0.,6.60168746181),.UNSPECIFIED.) ;
#5275=B_SPLINE_CURVE_WITH_KNOTS('',5,(#5276,#5277,#5278,#5279,#5280,#5281),.UNSPECIFIED.,.F.,.U.,(6,6),(0.,6.59110791121),.UNSPECIFIED.) ;
#5292=B_SPLINE_CURVE_WITH_KNOTS('',5,(#5293,#5294,#5295,#5296,#5297,#5298),.UNSPECIFIED.,.F.,.U.,(6,6),(0.,6.60168744656),.UNSPECIFIED.) ;
#5309=B_SPLINE_CURVE_WITH_KNOTS('',5,(#5310,#5311,#5312,#5313,#5314,#5315),.UNSPECIFIED.,.F.,.U.,(6,6),(0.,6.59110787392),.UNSPECIFIED.) ;
#5326=B_SPLINE_CURVE_WITH_KNOTS('',5,(#5327,#5328,#5329,#5330,#5331,#5332),.UNSPECIFIED.,.F.,.U.,(6,6),(0.,6.60168751085),.UNSPECIFIED.) ;
#5343=B_SPLINE_CURVE_WITH_KNOTS('',5,(#5344,#5345,#5346,#5347,#5348,#5349),.UNSPECIFIED.,.F.,.U.,(6,6),(0.,6.59110790335),.UNSPECIFIED.) ;
#5360=B_SPLINE_CURVE_WITH_KNOTS('',5,(#5361,#5362,#5363,#5364,#5365,#5366),.UNSPECIFIED.,.F.,.U.,(6,6),(0.,6.6016874738),.UNSPECIFIED.) ;
#5377=B_SPLINE_CURVE_WITH_KNOTS('',5,(#5378,#5379,#5380,#5381,#5382,#5383),.UNSPECIFIED.,.F.,.U.,(6,6),(0.,6.59110786817),.UNSPECIFIED.) ;
#5394=B_SPLINE_CURVE_WITH_KNOTS('',5,(#5395,#5396,#5397,#5398,#5399,#5400),.UNSPECIFIED.,.F.,.U.,(6,6),(0.,6.60168749083),.UNSPECIFIED.) ;
#5418=B_SPLINE_CURVE_WITH_KNOTS('',5,(#5419,#5420,#5421,#5422,#5423,#5424),.UNSPECIFIED.,.F.,.U.,(6,6),(0.,6.59110789399),.UNSPECIFIED.) ;
#5435=B_SPLINE_CURVE_WITH_KNOTS('',5,(#5436,#5437,#5438,#5439,#5440,#5441),.UNSPECIFIED.,.F.,.U.,(6,6),(0.,6.60168745005),.UNSPECIFIED.) ;
#5596=B_SPLINE_CURVE_WITH_KNOTS('',5,(#5597,#5598,#5599,#5600,#5601,#5602),.UNSPECIFIED.,.F.,.U.,(6,6),(0.,6.60168745005),.UNSPECIFIED.) ;
#5613=B_SPLINE_CURVE_WITH_KNOTS('',5,(#5614,#5615,#5616,#5617,#5618,#5619),.UNSPECIFIED.,.F.,.U.,(6,6),(0.,6.59110789399),.UNSPECIFIED.) ;
#5637=B_SPLINE_CURVE_WITH_KNOTS('',5,(#5638,#5639,#5640,#5641,#5642,#5643),.UNSPECIFIED.,.F.,.U.,(6,6),(0.,6.60168749083),.UNSPECIFIED.) ;
#5654=B_SPLINE_CURVE_WITH_KNOTS('',5,(#5655,#5656,#5657,#5658,#5659,#5660),.UNSPECIFIED.,.F.,.U.,(6,6),(0.,6.59110786817),.UNSPECIFIED.) ;
#5671=B_SPLINE_CURVE_WITH_KNOTS('',5,(#5672,#5673,#5674,#5675,#5676,#5677),.UNSPECIFIED.,.F.,.U.,(6,6),(0.,6.6016874738),.UNSPECIFIED.) ;
#5688=B_SPLINE_CURVE_WITH_KNOTS('',5,(#5689,#5690,#5691,#5692,#5693,#5694),.UNSPECIFIED.,.F.,.U.,(6,6),(0.,6.59110790335),.UNSPECIFIED.) ;
#5705=B_SPLINE_CURVE_WITH_KNOTS('',5,(#5706,#5707,#5708,#5709,#5710,#5711),.UNSPECIFIED.,.F.,.U.,(6,6),(0.,6.60168751085),.UNSPECIFIED.) ;
#5722=B_SPLINE_CURVE_WITH_KNOTS('',5,(#5723,#5724,#5725,#5726,#5727,#5728),.UNSPECIFIED.,.F.,.U.,(6,6),(0.,6.59110787392),.UNSPECIFIED.) ;
#5739=B_SPLINE_CURVE_WITH_KNOTS('',5,(#5740,#5741,#5742,#5743,#5744,#5745),.UNSPECIFIED.,.F.,.U.,(6,6),(0.,6.60168744656),.UNSPECIFIED.) ;
#5756=B_SPLINE_CURVE_WITH_KNOTS('',5,(#5757,#5758,#5759,#5760,#5761,#5762),.UNSPECIFIED.,.F.,.U.,(6,6),(0.,6.59110791121),.UNSPECIFIED.) ;
#5773=B_SPLINE_CURVE_WITH_KNOTS('',5,(#5774,#5775,#5776,#5777,#5778,#5779),.UNSPECIFIED.,.F.,.U.,(6,6),(0.,6.60168746181),.UNSPECIFIED.) ;
#5790=B_SPLINE_CURVE_WITH_KNOTS('',5,(#5791,#5792,#5793,#5794,#5795,#5796),.UNSPECIFIED.,.F.,.U.,(6,6),(0.,4.88804629465),.UNSPECIFIED.) ;
#5821=B_SPLINE_CURVE_WITH_KNOTS('',5,(#5822,#5823,#5824,#5825,#5826,#5827),.UNSPECIFIED.,.F.,.U.,(6,6),(0.,4.85036758027),.UNSPECIFIED.) ;
#5838=B_SPLINE_CURVE_WITH_KNOTS('',5,(#5839,#5840,#5841,#5842,#5843,#5844),.UNSPECIFIED.,.F.,.U.,(6,6),(0.,6.59110790334),.UNSPECIFIED.) ;
#5855=B_SPLINE_CURVE_WITH_KNOTS('',5,(#5856,#5857,#5858,#5859,#5860,#5861),.UNSPECIFIED.,.F.,.U.,(6,6),(0.,6.60168751082),.UNSPECIFIED.) ;
#5872=B_SPLINE_CURVE_WITH_KNOTS('',5,(#5873,#5874,#5875,#5876,#5877,#5878),.UNSPECIFIED.,.F.,.U.,(6,6),(0.,6.59110787388),.UNSPECIFIED.) ;
#5889=B_SPLINE_CURVE_WITH_KNOTS('',5,(#5890,#5891,#5892,#5893,#5894,#5895),.UNSPECIFIED.,.F.,.U.,(6,6),(0.,6.6016874466),.UNSPECIFIED.) ;
#5906=B_SPLINE_CURVE_WITH_KNOTS('',5,(#5907,#5908,#5909,#5910,#5911,#5912),.UNSPECIFIED.,.F.,.U.,(6,6),(0.,6.59110791117),.UNSPECIFIED.) ;
#5923=B_SPLINE_CURVE_WITH_KNOTS('',5,(#5924,#5925,#5926,#5927,#5928,#5929),.UNSPECIFIED.,.F.,.U.,(6,6),(0.,6.60168746182),.UNSPECIFIED.) ;
#5940=B_SPLINE_CURVE_WITH_KNOTS('',5,(#5941,#5942,#5943,#5944,#5945,#5946),.UNSPECIFIED.,.F.,.U.,(6,6),(0.,6.59110787302),.UNSPECIFIED.) ;
#5957=B_SPLINE_CURVE_WITH_KNOTS('',5,(#5958,#5959,#5960,#5961,#5962,#5963),.UNSPECIFIED.,.F.,.U.,(6,6),(0.,6.60168745003),.UNSPECIFIED.) ;
#5974=B_SPLINE_CURVE_WITH_KNOTS('',5,(#5975,#5976,#5977,#5978,#5979,#5980),.UNSPECIFIED.,.F.,.U.,(6,6),(0.,6.59110789399),.UNSPECIFIED.) ;
#5998=B_SPLINE_CURVE_WITH_KNOTS('',5,(#5999,#6000,#6001,#6002,#6003,#6004),.UNSPECIFIED.,.F.,.U.,(6,6),(0.,6.60168749083),.UNSPECIFIED.) ;
#6015=B_SPLINE_CURVE_WITH_KNOTS('',5,(#6016,#6017,#6018,#6019,#6020,#6021),.UNSPECIFIED.,.F.,.U.,(6,6),(0.,6.59110786822),.UNSPECIFIED.) ;
#6032=B_SPLINE_CURVE_WITH_KNOTS('',5,(#6033,#6034,#6035,#6036,#6037,#6038),.UNSPECIFIED.,.F.,.U.,(6,6),(0.,6.60168747379),.UNSPECIFIED.) ;
#6049=B_SPLINE_CURVE_WITH_KNOTS('',5,(#6050,#6051,#6052,#6053,#6054,#6055),.UNSPECIFIED.,.F.,.U.,(6,6),(0.,6.59110790332),.UNSPECIFIED.) ;
#6066=B_SPLINE_CURVE_WITH_KNOTS('',5,(#6067,#6068,#6069,#6070,#6071,#6072),.UNSPECIFIED.,.F.,.U.,(6,6),(0.,6.60168751082),.UNSPECIFIED.) ;
#6083=B_SPLINE_CURVE_WITH_KNOTS('',5,(#6084,#6085,#6086,#6087,#6088,#6089),.UNSPECIFIED.,.F.,.U.,(6,6),(0.,6.5911078739),.UNSPECIFIED.) ;
#6100=B_SPLINE_CURVE_WITH_KNOTS('',5,(#6101,#6102,#6103,#6104,#6105,#6106),.UNSPECIFIED.,.F.,.U.,(6,6),(0.,6.60168744659),.UNSPECIFIED.) ;
#6117=B_SPLINE_CURVE_WITH_KNOTS('',5,(#6118,#6119,#6120,#6121,#6122,#6123),.UNSPECIFIED.,.F.,.U.,(6,6),(0.,6.59110791123),.UNSPECIFIED.) ;
#6134=B_SPLINE_CURVE_WITH_KNOTS('',5,(#6135,#6136,#6137,#6138,#6139,#6140),.UNSPECIFIED.,.F.,.U.,(6,6),(0.,6.60168746182),.UNSPECIFIED.) ;
#6151=B_SPLINE_CURVE_WITH_KNOTS('',5,(#6152,#6153,#6154,#6155,#6156,#6157),.UNSPECIFIED.,.F.,.U.,(6,6),(0.,6.59110787303),.UNSPECIFIED.) ;
#6168=B_SPLINE_CURVE_WITH_KNOTS('',5,(#6169,#6170,#6171,#6172,#6173,#6174),.UNSPECIFIED.,.F.,.U.,(6,6),(0.,6.60168745003),.UNSPECIFIED.) ;
#6185=B_SPLINE_CURVE_WITH_KNOTS('',5,(#6186,#6187,#6188,#6189,#6190,#6191),.UNSPECIFIED.,.F.,.U.,(6,6),(0.,6.59110789402),.UNSPECIFIED.) ;
#6202=B_SPLINE_CURVE_WITH_KNOTS('',5,(#6203,#6204,#6205,#6206,#6207,#6208),.UNSPECIFIED.,.F.,.U.,(6,6),(0.,6.60168749082),.UNSPECIFIED.) ;
#6219=B_SPLINE_CURVE_WITH_KNOTS('',5,(#6220,#6221,#6222,#6223,#6224,#6225),.UNSPECIFIED.,.F.,.U.,(6,6),(0.,6.59110786823),.UNSPECIFIED.) ;
#6236=B_SPLINE_CURVE_WITH_KNOTS('',5,(#6237,#6238,#6239,#6240,#6241,#6242),.UNSPECIFIED.,.F.,.U.,(6,6),(0.,6.60168747377),.UNSPECIFIED.) ;
#6253=B_SPLINE_CURVE_WITH_KNOTS('',5,(#6254,#6255,#6256,#6257,#6258,#6259),.UNSPECIFIED.,.F.,.U.,(6,6),(0.,6.59110790334),.UNSPECIFIED.) ;
#6270=B_SPLINE_CURVE_WITH_KNOTS('',5,(#6271,#6272,#6273,#6274,#6275,#6276),.UNSPECIFIED.,.F.,.U.,(6,6),(0.,6.60168751086),.UNSPECIFIED.) ;
#6287=B_SPLINE_CURVE_WITH_KNOTS('',5,(#6288,#6289,#6290,#6291,#6292,#6293),.UNSPECIFIED.,.F.,.U.,(6,6),(0.,6.59110787388),.UNSPECIFIED.) ;
#6304=B_SPLINE_CURVE_WITH_KNOTS('',5,(#6305,#6306,#6307,#6308,#6309,#6310),.UNSPECIFIED.,.F.,.U.,(6,6),(0.,6.60168744661),.UNSPECIFIED.) ;
#6321=B_SPLINE_CURVE_WITH_KNOTS('',5,(#6322,#6323,#6324,#6325,#6326,#6327),.UNSPECIFIED.,.F.,.U.,(6,6),(0.,6.59110791119),.UNSPECIFIED.) ;
#6338=B_SPLINE_CURVE_WITH_KNOTS('',5,(#6339,#6340,#6341,#6342,#6343,#6344),.UNSPECIFIED.,.F.,.U.,(6,6),(0.,6.60168746181),.UNSPECIFIED.) ;
#6355=B_SPLINE_CURVE_WITH_KNOTS('',5,(#6356,#6357,#6358,#6359,#6360,#6361),.UNSPECIFIED.,.F.,.U.,(6,6),(0.,6.59110787302),.UNSPECIFIED.) ;
#6511=B_SPLINE_CURVE_WITH_KNOTS('',1,(#6512,#6513),.UNSPECIFIED.,.F.,.U.,(2,2),(0.,6.),.UNSPECIFIED.) ;
#6548=B_SPLINE_CURVE_WITH_KNOTS('',1,(#6549,#6550),.UNSPECIFIED.,.F.,.U.,(2,2),(0.,6.),.UNSPECIFIED.) ;
#6585=B_SPLINE_CURVE_WITH_KNOTS('',1,(#6586,#6587),.UNSPECIFIED.,.F.,.U.,(2,2),(0.,6.),.UNSPECIFIED.) ;
#6622=B_SPLINE_CURVE_WITH_KNOTS('',1,(#6623,#6624),.UNSPECIFIED.,.F.,.U.,(2,2),(0.,6.),.UNSPECIFIED.) ;
#6659=B_SPLINE_CURVE_WITH_KNOTS('',1,(#6660,#6661),.UNSPECIFIED.,.F.,.U.,(2,2),(0.,6.),.UNSPECIFIED.) ;
#6696=B_SPLINE_CURVE_WITH_KNOTS('',1,(#6697,#6698),.UNSPECIFIED.,.F.,.U.,(2,2),(0.,6.),.UNSPECIFIED.) ;
#6733=B_SPLINE_CURVE_WITH_KNOTS('',1,(#6734,#6735),.UNSPECIFIED.,.F.,.U.,(2,2),(0.,6.),.UNSPECIFIED.) ;
#6770=B_SPLINE_CURVE_WITH_KNOTS('',1,(#6771,#6772),.UNSPECIFIED.,.F.,.U.,(2,2),(0.,6.),.UNSPECIFIED.) ;
#6807=B_SPLINE_CURVE_WITH_KNOTS('',1,(#6808,#6809),.UNSPECIFIED.,.F.,.U.,(2,2),(0.,6.),.UNSPECIFIED.) ;
#6844=B_SPLINE_CURVE_WITH_KNOTS('',1,(#6845,#6846),.UNSPECIFIED.,.F.,.U.,(2,2),(0.,6.),.UNSPECIFIED.) ;
#6881=B_SPLINE_CURVE_WITH_KNOTS('',1,(#6882,#6883),.UNSPECIFIED.,.F.,.U.,(2,2),(0.,6.),.UNSPECIFIED.) ;
#6918=B_SPLINE_CURVE_WITH_KNOTS('',1,(#6919,#6920),.UNSPECIFIED.,.F.,.U.,(2,2),(0.,6.),.UNSPECIFIED.) ;
#6955=B_SPLINE_CURVE_WITH_KNOTS('',1,(#6956,#6957),.UNSPECIFIED.,.F.,.U.,(2,2),(0.,6.),.UNSPECIFIED.) ;
#6992=B_SPLINE_CURVE_WITH_KNOTS('',1,(#6993,#6994),.UNSPECIFIED.,.F.,.U.,(2,2),(0.,6.),.UNSPECIFIED.) ;
#7029=B_SPLINE_CURVE_WITH_KNOTS('',1,(#7030,#7031),.UNSPECIFIED.,.F.,.U.,(2,2),(0.,6.),.UNSPECIFIED.) ;
#7066=B_SPLINE_CURVE_WITH_KNOTS('',1,(#7067,#7068),.UNSPECIFIED.,.F.,.U.,(2,2),(0.,6.),.UNSPECIFIED.) ;
#7103=B_SPLINE_CURVE_WITH_KNOTS('',1,(#7104,#7105),.UNSPECIFIED.,.F.,.U.,(2,2),(0.,6.),.UNSPECIFIED.) ;
#7140=B_SPLINE_CURVE_WITH_KNOTS('',1,(#7141,#7142),.UNSPECIFIED.,.F.,.U.,(2,2),(0.,6.),.UNSPECIFIED.) ;
#7177=B_SPLINE_CURVE_WITH_KNOTS('',1,(#7178,#7179),.UNSPECIFIED.,.F.,.U.,(2,2),(0.,6.),.UNSPECIFIED.) ;
#7214=B_SPLINE_CURVE_WITH_KNOTS('',1,(#7215,#7216),.UNSPECIFIED.,.F.,.U.,(2,2),(0.,6.),.UNSPECIFIED.) ;
#7251=B_SPLINE_CURVE_WITH_KNOTS('',1,(#7252,#7253),.UNSPECIFIED.,.F.,.U.,(2,2),(0.,6.),.UNSPECIFIED.) ;
#7288=B_SPLINE_CURVE_WITH_KNOTS('',1,(#7289,#7290),.UNSPECIFIED.,.F.,.U.,(2,2),(0.,6.),.UNSPECIFIED.) ;
#7342=B_SPLINE_CURVE_WITH_KNOTS('',1,(#7343,#7344),.UNSPECIFIED.,.F.,.U.,(2,2),(0.,6.),.UNSPECIFIED.) ;
#7379=B_SPLINE_CURVE_WITH_KNOTS('',1,(#7380,#7381),.UNSPECIFIED.,.F.,.U.,(2,2),(0.,6.),.UNSPECIFIED.) ;
#7416=B_SPLINE_CURVE_WITH_KNOTS('',1,(#7417,#7418),.UNSPECIFIED.,.F.,.U.,(2,2),(0.,6.),.UNSPECIFIED.) ;
#7453=B_SPLINE_CURVE_WITH_KNOTS('',1,(#7454,#7455),.UNSPECIFIED.,.F.,.U.,(2,2),(0.,6.),.UNSPECIFIED.) ;
#7490=B_SPLINE_CURVE_WITH_KNOTS('',1,(#7491,#7492),.UNSPECIFIED.,.F.,.U.,(2,2),(0.,6.),.UNSPECIFIED.) ;
#7527=B_SPLINE_CURVE_WITH_KNOTS('',1,(#7528,#7529),.UNSPECIFIED.,.F.,.U.,(2,2),(0.,6.),.UNSPECIFIED.) ;
#7564=B_SPLINE_CURVE_WITH_KNOTS('',1,(#7565,#7566),.UNSPECIFIED.,.F.,.U.,(2,2),(0.,6.),.UNSPECIFIED.) ;
#7601=B_SPLINE_CURVE_WITH_KNOTS('',1,(#7602,#7603),.UNSPECIFIED.,.F.,.U.,(2,2),(0.,6.),.UNSPECIFIED.) ;
#7638=B_SPLINE_CURVE_WITH_KNOTS('',1,(#7639,#7640),.UNSPECIFIED.,.F.,.U.,(2,2),(0.,6.),.UNSPECIFIED.) ;
#7675=B_SPLINE_CURVE_WITH_KNOTS('',1,(#7676,#7677),.UNSPECIFIED.,.F.,.U.,(2,2),(0.,6.),.UNSPECIFIED.) ;
#7746=B_SPLINE_CURVE_WITH_KNOTS('',1,(#7747,#7748),.UNSPECIFIED.,.F.,.U.,(2,2),(0.,6.),.UNSPECIFIED.) ;
#7783=B_SPLINE_CURVE_WITH_KNOTS('',1,(#7784,#7785),.UNSPECIFIED.,.F.,.U.,(2,2),(0.,6.),.UNSPECIFIED.) ;
#7820=B_SPLINE_CURVE_WITH_KNOTS('',1,(#7821,#7822),.UNSPECIFIED.,.F.,.U.,(2,2),(0.,6.),.UNSPECIFIED.) ;
#7857=B_SPLINE_CURVE_WITH_KNOTS('',1,(#7858,#7859),.UNSPECIFIED.,.F.,.U.,(2,2),(0.,6.),.UNSPECIFIED.) ;
#7894=B_SPLINE_CURVE_WITH_KNOTS('',1,(#7895,#7896),.UNSPECIFIED.,.F.,.U.,(2,2),(0.,6.),.UNSPECIFIED.) ;
#7931=B_SPLINE_CURVE_WITH_KNOTS('',1,(#7932,#7933),.UNSPECIFIED.,.F.,.U.,(2,2),(0.,6.),.UNSPECIFIED.) ;
#7968=B_SPLINE_CURVE_WITH_KNOTS('',1,(#7969,#7970),.UNSPECIFIED.,.F.,.U.,(2,2),(0.,6.),.UNSPECIFIED.) ;
#8005=B_SPLINE_CURVE_WITH_KNOTS('',1,(#8006,#8007),.UNSPECIFIED.,.F.,.U.,(2,2),(0.,6.),.UNSPECIFIED.) ;
#8042=B_SPLINE_CURVE_WITH_KNOTS('',1,(#8043,#8044),.UNSPECIFIED.,.F.,.U.,(2,2),(0.,6.),.UNSPECIFIED.) ;
#8079=B_SPLINE_CURVE_WITH_KNOTS('',1,(#8080,#8081),.UNSPECIFIED.,.F.,.U.,(2,2),(0.,6.),.UNSPECIFIED.) ;
#8133=B_SPLINE_CURVE_WITH_KNOTS('',1,(#8134,#8135),.UNSPECIFIED.,.F.,.U.,(2,2),(0.,6.),.UNSPECIFIED.) ;
#8292=B_SPLINE_CURVE_WITH_KNOTS('',5,(#8293,#8294,#8295,#8296,#8297,#8298,#8299,#8300,#8301,#8302,#8303,#8304,#8305,#8306,#8307,#8308,#8309,#8310,#8311,#8312,#8313),.UNSPECIFIED.,.F.,.U.,(6,3,3,3,3,3,6),(0.,5.87869748776,11.7573949616,17.6360924511,23.5147899525,29.3934874513,35.1121185811),.UNSPECIFIED.) ;
#8317=B_SPLINE_CURVE_WITH_KNOTS('',5,(#8318,#8319,#8320,#8321,#8322,#8323),.UNSPECIFIED.,.F.,.U.,(6,6),(0.,0.0639855983479),.UNSPECIFIED.) ;
#8327=B_SPLINE_CURVE_WITH_KNOTS('',5,(#8328,#8329,#8330,#8331,#8332,#8333),.UNSPECIFIED.,.F.,.U.,(6,6),(0.,0.412517304609),.UNSPECIFIED.) ;
#8358=B_SPLINE_CURVE_WITH_KNOTS('',5,(#8359,#8360,#8361,#8362,#8363,#8364),.UNSPECIFIED.,.F.,.U.,(6,6),(0.,3.55760072025),.UNSPECIFIED.) ;
#8368=B_SPLINE_CURVE_WITH_KNOTS('',5,(#8369,#8370,#8371,#8372,#8373,#8374,#8375,#8376,#8377),.UNSPECIFIED.,.F.,.U.,(6,3,6),(0.,4.08707701817,6.45638770153),.UNSPECIFIED.) ;
#8381=B_SPLINE_CURVE_WITH_KNOTS('',5,(#8382,#8383,#8384,#8385,#8386,#8387),.UNSPECIFIED.,.F.,.U.,(6,6),(0.,1.75371843904),.UNSPECIFIED.) ;
#8391=B_SPLINE_CURVE_WITH_KNOTS('',5,(#8392,#8393,#8394,#8395,#8396,#8397,#8398,#8399,#8400),.UNSPECIFIED.,.F.,.U.,(6,3,6),(0.,5.41300496843,6.44687808248),.UNSPECIFIED.) ;
#8404=B_SPLINE_CURVE_WITH_KNOTS('',5,(#8405,#8406,#8407,#8408,#8409,#8410),.UNSPECIFIED.,.F.,.U.,(6,6),(0.,3.1129002079),.UNSPECIFIED.) ;
#8414=B_SPLINE_CURVE_WITH_KNOTS('',5,(#8415,#8416,#8417,#8418,#8419,#8420,#8421,#8422,#8423),.UNSPECIFIED.,.F.,.U.,(6,3,6),(0.,4.08707702219,6.45638770629),.UNSPECIFIED.) ;
#8427=B_SPLINE_CURVE_WITH_KNOTS('',5,(#8428,#8429,#8430,#8431,#8432,#8433),.UNSPECIFIED.,.F.,.U.,(6,6),(0.,1.75371843904),.UNSPECIFIED.) ;
#8437=B_SPLINE_CURVE_WITH_KNOTS('',5,(#8438,#8439,#8440,#8441,#8442,#8443,#8444,#8445,#8446),.UNSPECIFIED.,.F.,.U.,(6,3,6),(0.,5.41300496901,6.446878084),.UNSPECIFIED.) ;
#8450=B_SPLINE_CURVE_WITH_KNOTS('',5,(#8451,#8452,#8453,#8454,#8455,#8456),.UNSPECIFIED.,.F.,.U.,(6,6),(0.,3.11290304613),.UNSPECIFIED.) ;
#8460=B_SPLINE_CURVE_WITH_KNOTS('',5,(#8461,#8462,#8463,#8464,#8465,#8466,#8467,#8468,#8469),.UNSPECIFIED.,.F.,.U.,(6,3,6),(0.,4.08707703966,6.45638772445),.UNSPECIFIED.) ;
#8473=B_SPLINE_CURVE_WITH_KNOTS('',5,(#8474,#8475,#8476,#8477,#8478,#8479),.UNSPECIFIED.,.F.,.U.,(6,6),(0.,1.75371843861),.UNSPECIFIED.) ;
#8483=B_SPLINE_CURVE_WITH_KNOTS('',5,(#8484,#8485,#8486,#8487,#8488,#8489,#8490,#8491,#8492),.UNSPECIFIED.,.F.,.U.,(6,3,6),(0.,5.41300497577,6.44687809059),.UNSPECIFIED.) ;
#8496=B_SPLINE_CURVE_WITH_KNOTS('',5,(#8497,#8498,#8499,#8500,#8501,#8502),.UNSPECIFIED.,.F.,.U.,(6,6),(0.,3.11290347902),.UNSPECIFIED.) ;
#8506=B_SPLINE_CURVE_WITH_KNOTS('',5,(#8507,#8508,#8509,#8510,#8511,#8512,#8513,#8514,#8515),.UNSPECIFIED.,.F.,.U.,(6,3,6),(0.,4.08707702229,6.45638770701),.UNSPECIFIED.) ;
#8519=B_SPLINE_CURVE_WITH_KNOTS('',5,(#8520,#8521,#8522,#8523,#8524,#8525),.UNSPECIFIED.,.F.,.U.,(6,6),(0.,1.7537184393),.UNSPECIFIED.) ;
#8529=B_SPLINE_CURVE_WITH_KNOTS('',5,(#8530,#8531,#8532,#8533,#8534,#8535,#8536,#8537,#8538),.UNSPECIFIED.,.F.,.U.,(6,3,6),(0.,5.41300498225,6.44687809601),.UNSPECIFIED.) ;
#8542=B_SPLINE_CURVE_WITH_KNOTS('',5,(#8543,#8544,#8545,#8546,#8547,#8548),.UNSPECIFIED.,.F.,.U.,(6,6),(0.,3.11290352165),.UNSPECIFIED.) ;
#8552=B_SPLINE_CURVE_WITH_KNOTS('',5,(#8553,#8554,#8555,#8556,#8557,#8558,#8559,#8560,#8561),.UNSPECIFIED.,.F.,.U.,(6,3,6),(0.,4.08707701001,6.45638769428),.UNSPECIFIED.) ;
#8565=B_SPLINE_CURVE_WITH_KNOTS('',5,(#8566,#8567,#8568,#8569,#8570,#8571),.UNSPECIFIED.,.F.,.U.,(6,6),(0.,1.7537184393),.UNSPECIFIED.) ;
#8575=B_SPLINE_CURVE_WITH_KNOTS('',5,(#8576,#8577,#8578,#8579,#8580,#8581,#8582,#8583,#8584),.UNSPECIFIED.,.F.,.U.,(6,3,6),(0.,5.4130049616,6.44687807646),.UNSPECIFIED.) ;
#8588=B_SPLINE_CURVE_WITH_KNOTS('',5,(#8589,#8590,#8591,#8592,#8593,#8594),.UNSPECIFIED.,.F.,.U.,(6,6),(0.,3.11290352436),.UNSPECIFIED.) ;
#8598=B_SPLINE_CURVE_WITH_KNOTS('',5,(#8599,#8600,#8601,#8602,#8603,#8604,#8605,#8606,#8607),.UNSPECIFIED.,.F.,.U.,(6,3,6),(0.,4.08707701878,6.45638770353),.UNSPECIFIED.) ;
#8611=B_SPLINE_CURVE_WITH_KNOTS('',5,(#8612,#8613,#8614,#8615,#8616,#8617),.UNSPECIFIED.,.F.,.U.,(6,6),(0.,1.75371843983),.UNSPECIFIED.) ;
#8621=B_SPLINE_CURVE_WITH_KNOTS('',5,(#8622,#8623,#8624,#8625,#8626,#8627,#8628,#8629,#8630),.UNSPECIFIED.,.F.,.U.,(6,3,6),(0.,5.41300494788,6.44687806254),.UNSPECIFIED.) ;
#8634=B_SPLINE_CURVE_WITH_KNOTS('',5,(#8635,#8636,#8637,#8638,#8639,#8640),.UNSPECIFIED.,.F.,.U.,(6,6),(0.,3.1129035252),.UNSPECIFIED.) ;
#8644=B_SPLINE_CURVE_WITH_KNOTS('',5,(#8645,#8646,#8647,#8648,#8649,#8650,#8651,#8652,#8653),.UNSPECIFIED.,.F.,.U.,(6,3,6),(0.,4.0870770319,6.45638771647),.UNSPECIFIED.) ;
#8657=B_SPLINE_CURVE_WITH_KNOTS('',5,(#8658,#8659,#8660,#8661,#8662,#8663),.UNSPECIFIED.,.F.,.U.,(6,6),(0.,1.753718438),.UNSPECIFIED.) ;
#8667=B_SPLINE_CURVE_WITH_KNOTS('',5,(#8668,#8669,#8670,#8671,#8672,#8673,#8674,#8675,#8676),.UNSPECIFIED.,.F.,.U.,(6,3,6),(0.,5.41300498,6.44687809406),.UNSPECIFIED.) ;
#8680=B_SPLINE_CURVE_WITH_KNOTS('',5,(#8681,#8682,#8683,#8684,#8685,#8686),.UNSPECIFIED.,.F.,.U.,(6,6),(0.,3.11290352539),.UNSPECIFIED.) ;
#8690=B_SPLINE_CURVE_WITH_KNOTS('',5,(#8691,#8692,#8693,#8694,#8695,#8696,#8697,#8698,#8699),.UNSPECIFIED.,.F.,.U.,(6,3,6),(0.,4.08707703028,6.45638771439),.UNSPECIFIED.) ;
#8703=B_SPLINE_CURVE_WITH_KNOTS('',5,(#8704,#8705,#8706,#8707,#8708,#8709),.UNSPECIFIED.,.F.,.U.,(6,6),(0.,1.75371843984),.UNSPECIFIED.) ;
#8713=B_SPLINE_CURVE_WITH_KNOTS('',5,(#8714,#8715,#8716,#8717,#8718,#8719,#8720,#8721,#8722),.UNSPECIFIED.,.F.,.U.,(6,3,6),(0.,5.41300495293,6.44687806792),.UNSPECIFIED.) ;
#8726=B_SPLINE_CURVE_WITH_KNOTS('',5,(#8727,#8728,#8729,#8730,#8731,#8732),.UNSPECIFIED.,.F.,.U.,(6,6),(0.,3.11290351859),.UNSPECIFIED.) ;
#8736=B_SPLINE_CURVE_WITH_KNOTS('',5,(#8737,#8738,#8739,#8740,#8741,#8742,#8743,#8744,#8745),.UNSPECIFIED.,.F.,.U.,(6,3,6),(0.,4.08707699967,6.45638768471),.UNSPECIFIED.) ;
#8749=B_SPLINE_CURVE_WITH_KNOTS('',5,(#8750,#8751,#8752,#8753,#8754,#8755),.UNSPECIFIED.,.F.,.U.,(6,6),(0.,1.75371843861),.UNSPECIFIED.) ;
#8759=B_SPLINE_CURVE_WITH_KNOTS('',5,(#8760,#8761,#8762,#8763,#8764,#8765,#8766,#8767,#8768),.UNSPECIFIED.,.F.,.U.,(6,3,6),(0.,5.41300498055,6.44687809475),.UNSPECIFIED.) ;
#8772=B_SPLINE_CURVE_WITH_KNOTS('',5,(#8773,#8774,#8775,#8776,#8777,#8778),.UNSPECIFIED.,.F.,.U.,(6,6),(0.,3.11290347757),.UNSPECIFIED.) ;
#8782=B_SPLINE_CURVE_WITH_KNOTS('',5,(#8783,#8784,#8785,#8786,#8787,#8788,#8789,#8790,#8791),.UNSPECIFIED.,.F.,.U.,(6,3,6),(0.,4.0870770359,6.45638772061),.UNSPECIFIED.) ;
#8795=B_SPLINE_CURVE_WITH_KNOTS('',5,(#8796,#8797,#8798,#8799,#8800,#8801),.UNSPECIFIED.,.F.,.U.,(6,6),(0.,1.75371843799),.UNSPECIFIED.) ;
#8805=B_SPLINE_CURVE_WITH_KNOTS('',5,(#8806,#8807,#8808,#8809,#8810,#8811,#8812,#8813,#8814),.UNSPECIFIED.,.F.,.U.,(6,3,6),(0.,5.4130049861,6.44687810118),.UNSPECIFIED.) ;
#8818=B_SPLINE_CURVE_WITH_KNOTS('',5,(#8819,#8820,#8821,#8822,#8823,#8824),.UNSPECIFIED.,.F.,.U.,(6,6),(0.,3.11290341502),.UNSPECIFIED.) ;
#8828=B_SPLINE_CURVE_WITH_KNOTS('',5,(#8829,#8830,#8831,#8832,#8833,#8834,#8835,#8836,#8837),.UNSPECIFIED.,.F.,.U.,(6,3,6),(0.,4.08707700477,6.45638768903),.UNSPECIFIED.) ;
#8841=B_SPLINE_CURVE_WITH_KNOTS('',5,(#8842,#8843,#8844,#8845,#8846,#8847),.UNSPECIFIED.,.F.,.U.,(6,6),(0.,1.75371843799),.UNSPECIFIED.) ;
#8851=B_SPLINE_CURVE_WITH_KNOTS('',5,(#8852,#8853,#8854,#8855,#8856,#8857,#8858,#8859,#8860),.UNSPECIFIED.,.F.,.U.,(6,3,6),(0.,5.41300498192,6.44687809684),.UNSPECIFIED.) ;
#8864=B_SPLINE_CURVE_WITH_KNOTS('',5,(#8865,#8866,#8867,#8868,#8869,#8870),.UNSPECIFIED.,.F.,.U.,(6,6),(0.,3.11268114955),.UNSPECIFIED.) ;
#8874=B_SPLINE_CURVE_WITH_KNOTS('',5,(#8875,#8876,#8877,#8878,#8879,#8880,#8881,#8882,#8883,#8884,#8885,#8886),.UNSPECIFIED.,.F.,.U.,(6,3,3,6),(0.,17.6633480401,35.3266960822,46.5750039319),.UNSPECIFIED.) ;
#8890=B_SPLINE_CURVE_WITH_KNOTS('',5,(#8891,#8892,#8893,#8894,#8895,#8896,#8897,#8898,#8899,#8900,#8901,#8902,#8903,#8904,#8905),.UNSPECIFIED.,.F.,.U.,(6,3,3,3,6),(46.5750039319,52.9900441435,70.6533921992,88.3167402481,94.9434147788),.UNSPECIFIED.) ;
#8979=B_SPLINE_CURVE_WITH_KNOTS('',5,(#8980,#8981,#8982,#8983,#8984,#8985,#8986,#8987,#8988,#8989,#8990,#8991,#8992,#8993,#8994,#8995,#8996,#8997,#8998,#8999,#9000),.UNSPECIFIED.,.F.,.U.,(6,3,3,3,3,3,6),(0.,2.39995624951,4.79991249743,7.19986873551,9.59982498631,11.9997812388,13.3284276003),.UNSPECIFIED.) ;
#9006=B_SPLINE_CURVE_WITH_KNOTS('',5,(#9007,#9008,#9009,#9010,#9011,#9012,#9013,#9014,#9015,#9016,#9017,#9018,#9019,#9020,#9021,#9022,#9023,#9024,#9025,#9026,#9027),.UNSPECIFIED.,.F.,.U.,(6,3,3,3,3,3,6),(0.,2.39995622964,4.79991246376,7.19986870594,9.5998249592,11.9997812116,13.3284276204),.UNSPECIFIED.) ;
#9033=B_SPLINE_CURVE_WITH_KNOTS('',5,(#9034,#9035,#9036,#9037,#9038,#9039,#9040,#9041,#9042,#9043,#9044,#9045,#9046,#9047,#9048,#9049,#9050,#9051,#9052,#9053,#9054),.UNSPECIFIED.,.F.,.U.,(6,3,3,3,3,3,6),(0.,2.3999562495,4.7999124974,7.1998687355,9.5998249864,11.9997812389,13.3284276004),.UNSPECIFIED.) ;
#9060=B_SPLINE_CURVE_WITH_KNOTS('',5,(#9061,#9062,#9063,#9064,#9065,#9066,#9067,#9068,#9069,#9070,#9071,#9072,#9073,#9074,#9075,#9076,#9077,#9078,#9079,#9080,#9081),.UNSPECIFIED.,.F.,.U.,(6,3,3,3,3,3,6),(0.,2.39995622962,4.79991246374,7.19986870582,9.59982495917,11.9997812116,13.3284276204),.UNSPECIFIED.) ;
#9087=B_SPLINE_CURVE_WITH_KNOTS('',5,(#9088,#9089,#9090,#9091,#9092,#9093,#9094,#9095,#9096,#9097,#9098,#9099,#9100,#9101,#9102,#9103,#9104,#9105,#9106,#9107,#9108),.UNSPECIFIED.,.F.,.U.,(6,3,3,3,3,3,6),(0.,2.39995624948,4.79991249739,7.19986873547,9.59982498646,11.9997812389,13.3284276004),.UNSPECIFIED.) ;
#9114=B_SPLINE_CURVE_WITH_KNOTS('',5,(#9115,#9116,#9117,#9118,#9119,#9120,#9121,#9122,#9123,#9124,#9125,#9126,#9127,#9128,#9129,#9130,#9131,#9132,#9133,#9134,#9135),.UNSPECIFIED.,.F.,.U.,(6,3,3,3,3,3,6),(0.,2.39995622962,4.79991246374,7.19986870551,9.59982495849,11.9997812109,13.3284276197),.UNSPECIFIED.) ;
#9141=B_SPLINE_CURVE_WITH_KNOTS('',5,(#9142,#9143,#9144,#9145,#9146,#9147,#9148,#9149,#9150,#9151,#9152,#9153,#9154,#9155,#9156,#9157,#9158,#9159,#9160,#9161,#9162),.UNSPECIFIED.,.F.,.U.,(6,3,3,3,3,3,6),(0.,2.3999562231,4.79991245795,7.19986870109,9.59982493294,11.9997811722,13.3284275743),.UNSPECIFIED.) ;
#9214=B_SPLINE_CURVE_WITH_KNOTS('',5,(#9215,#9216,#9217,#9218,#9219,#9220,#9221,#9222,#9223,#9224,#9225,#9226,#9227,#9228,#9229),.UNSPECIFIED.,.F.,.U.,(6,3,3,3,6),(46.5750039319,52.9900441435,70.6533921992,88.3167402481,94.9434147788),.UNSPECIFIED.) ;
#9233=B_SPLINE_CURVE_WITH_KNOTS('',5,(#9234,#9235,#9236,#9237,#9238,#9239,#9240,#9241,#9242,#9243,#9244,#9245),.UNSPECIFIED.,.F.,.U.,(6,3,3,6),(0.,17.6633480401,35.3266960822,46.5750039319),.UNSPECIFIED.) ;
#9249=B_SPLINE_CURVE_WITH_KNOTS('',5,(#9250,#9251,#9252,#9253,#9254,#9255),.UNSPECIFIED.,.F.,.U.,(6,6),(0.,3.11268114955),.UNSPECIFIED.) ;
#9259=B_SPLINE_CURVE_WITH_KNOTS('',5,(#9260,#9261,#9262,#9263,#9264,#9265,#9266,#9267,#9268),.UNSPECIFIED.,.F.,.U.,(6,3,6),(0.,5.41300498192,6.44687809684),.UNSPECIFIED.) ;
#9272=B_SPLINE_CURVE_WITH_KNOTS('',5,(#9273,#9274,#9275,#9276,#9277,#9278),.UNSPECIFIED.,.F.,.U.,(6,6),(0.,1.75371843799),.UNSPECIFIED.) ;
#9282=B_SPLINE_CURVE_WITH_KNOTS('',5,(#9283,#9284,#9285,#9286,#9287,#9288,#9289,#9290,#9291),.UNSPECIFIED.,.F.,.U.,(6,3,6),(0.,4.08707700477,6.45638768903),.UNSPECIFIED.) ;
#9295=B_SPLINE_CURVE_WITH_KNOTS('',5,(#9296,#9297,#9298,#9299,#9300,#9301),.UNSPECIFIED.,.F.,.U.,(6,6),(0.,3.11290341502),.UNSPECIFIED.) ;
#9305=B_SPLINE_CURVE_WITH_KNOTS('',5,(#9306,#9307,#9308,#9309,#9310,#9311,#9312,#9313,#9314),.UNSPECIFIED.,.F.,.U.,(6,3,6),(0.,5.4130049861,6.44687810118),.UNSPECIFIED.) ;
#9318=B_SPLINE_CURVE_WITH_KNOTS('',5,(#9319,#9320,#9321,#9322,#9323,#9324),.UNSPECIFIED.,.F.,.U.,(6,6),(0.,1.75371843799),.UNSPECIFIED.) ;
#9328=B_SPLINE_CURVE_WITH_KNOTS('',5,(#9329,#9330,#9331,#9332,#9333,#9334,#9335,#9336,#9337),.UNSPECIFIED.,.F.,.U.,(6,3,6),(0.,4.0870770359,6.45638772061),.UNSPECIFIED.) ;
#9341=B_SPLINE_CURVE_WITH_KNOTS('',5,(#9342,#9343,#9344,#9345,#9346,#9347),.UNSPECIFIED.,.F.,.U.,(6,6),(0.,3.11290347757),.UNSPECIFIED.) ;
#9351=B_SPLINE_CURVE_WITH_KNOTS('',5,(#9352,#9353,#9354,#9355,#9356,#9357,#9358,#9359,#9360),.UNSPECIFIED.,.F.,.U.,(6,3,6),(0.,5.41300498055,6.44687809475),.UNSPECIFIED.) ;
#9364=B_SPLINE_CURVE_WITH_KNOTS('',5,(#9365,#9366,#9367,#9368,#9369,#9370),.UNSPECIFIED.,.F.,.U.,(6,6),(0.,1.75371843861),.UNSPECIFIED.) ;
#9374=B_SPLINE_CURVE_WITH_KNOTS('',5,(#9375,#9376,#9377,#9378,#9379,#9380,#9381,#9382,#9383),.UNSPECIFIED.,.F.,.U.,(6,3,6),(0.,4.08707699967,6.45638768471),.UNSPECIFIED.) ;
#9387=B_SPLINE_CURVE_WITH_KNOTS('',5,(#9388,#9389,#9390,#9391,#9392,#9393),.UNSPECIFIED.,.F.,.U.,(6,6),(0.,3.11290351859),.UNSPECIFIED.) ;
#9397=B_SPLINE_CURVE_WITH_KNOTS('',5,(#9398,#9399,#9400,#9401,#9402,#9403,#9404,#9405,#9406),.UNSPECIFIED.,.F.,.U.,(6,3,6),(0.,5.41300495293,6.44687806792),.UNSPECIFIED.) ;
#9410=B_SPLINE_CURVE_WITH_KNOTS('',5,(#9411,#9412,#9413,#9414,#9415,#9416),.UNSPECIFIED.,.F.,.U.,(6,6),(0.,1.75371843984),.UNSPECIFIED.) ;
#9420=B_SPLINE_CURVE_WITH_KNOTS('',5,(#9421,#9422,#9423,#9424,#9425,#9426,#9427,#9428,#9429),.UNSPECIFIED.,.F.,.U.,(6,3,6),(0.,4.08707703028,6.45638771439),.UNSPECIFIED.) ;
#9433=B_SPLINE_CURVE_WITH_KNOTS('',5,(#9434,#9435,#9436,#9437,#9438,#9439),.UNSPECIFIED.,.F.,.U.,(6,6),(0.,3.11290352539),.UNSPECIFIED.) ;
#9443=B_SPLINE_CURVE_WITH_KNOTS('',5,(#9444,#9445,#9446,#9447,#9448,#9449,#9450,#9451,#9452),.UNSPECIFIED.,.F.,.U.,(6,3,6),(0.,5.41300498,6.44687809406),.UNSPECIFIED.) ;
#9456=B_SPLINE_CURVE_WITH_KNOTS('',5,(#9457,#9458,#9459,#9460,#9461,#9462),.UNSPECIFIED.,.F.,.U.,(6,6),(0.,1.753718438),.UNSPECIFIED.) ;
#9466=B_SPLINE_CURVE_WITH_KNOTS('',5,(#9467,#9468,#9469,#9470,#9471,#9472,#9473,#9474,#9475),.UNSPECIFIED.,.F.,.U.,(6,3,6),(0.,4.0870770319,6.45638771647),.UNSPECIFIED.) ;
#9479=B_SPLINE_CURVE_WITH_KNOTS('',5,(#9480,#9481,#9482,#9483,#9484,#9485),.UNSPECIFIED.,.F.,.U.,(6,6),(0.,3.1129035252),.UNSPECIFIED.) ;
#9489=B_SPLINE_CURVE_WITH_KNOTS('',5,(#9490,#9491,#9492,#9493,#9494,#9495,#9496,#9497,#9498),.UNSPECIFIED.,.F.,.U.,(6,3,6),(0.,5.41300494788,6.44687806254),.UNSPECIFIED.) ;
#9502=B_SPLINE_CURVE_WITH_KNOTS('',5,(#9503,#9504,#9505,#9506,#9507,#9508),.UNSPECIFIED.,.F.,.U.,(6,6),(0.,1.75371843983),.UNSPECIFIED.) ;
#9512=B_SPLINE_CURVE_WITH_KNOTS('',5,(#9513,#9514,#9515,#9516,#9517,#9518,#9519,#9520,#9521),.UNSPECIFIED.,.F.,.U.,(6,3,6),(0.,4.08707701878,6.45638770353),.UNSPECIFIED.) ;
#9525=B_SPLINE_CURVE_WITH_KNOTS('',5,(#9526,#9527,#9528,#9529,#9530,#9531),.UNSPECIFIED.,.F.,.U.,(6,6),(0.,3.11290352436),.UNSPECIFIED.) ;
#9535=B_SPLINE_CURVE_WITH_KNOTS('',5,(#9536,#9537,#9538,#9539,#9540,#9541,#9542,#9543,#9544),.UNSPECIFIED.,.F.,.U.,(6,3,6),(0.,5.4130049616,6.44687807646),.UNSPECIFIED.) ;
#9548=B_SPLINE_CURVE_WITH_KNOTS('',5,(#9549,#9550,#9551,#9552,#9553,#9554),.UNSPECIFIED.,.F.,.U.,(6,6),(0.,1.7537184393),.UNSPECIFIED.) ;
#9558=B_SPLINE_CURVE_WITH_KNOTS('',5,(#9559,#9560,#9561,#9562,#9563,#9564,#9565,#9566,#9567),.UNSPECIFIED.,.F.,.U.,(6,3,6),(0.,4.08707701001,6.45638769428),.UNSPECIFIED.) ;
#9571=B_SPLINE_CURVE_WITH_KNOTS('',5,(#9572,#9573,#9574,#9575,#9576,#9577),.UNSPECIFIED.,.F.,.U.,(6,6),(0.,3.11290352165),.UNSPECIFIED.) ;
#9581=B_SPLINE_CURVE_WITH_KNOTS('',5,(#9582,#9583,#9584,#9585,#9586,#9587,#9588,#9589,#9590),.UNSPECIFIED.,.F.,.U.,(6,3,6),(0.,5.41300498225,6.44687809601),.UNSPECIFIED.) ;
#9594=B_SPLINE_CURVE_WITH_KNOTS('',5,(#9595,#9596,#9597,#9598,#9599,#9600),.UNSPECIFIED.,.F.,.U.,(6,6),(0.,1.7537184393),.UNSPECIFIED.) ;
#9604=B_SPLINE_CURVE_WITH_KNOTS('',5,(#9605,#9606,#9607,#9608,#9609,#9610,#9611,#9612,#9613),.UNSPECIFIED.,.F.,.U.,(6,3,6),(0.,4.08707702229,6.45638770701),.UNSPECIFIED.) ;
#9617=B_SPLINE_CURVE_WITH_KNOTS('',5,(#9618,#9619,#9620,#9621,#9622,#9623),.UNSPECIFIED.,.F.,.U.,(6,6),(0.,3.11290347902),.UNSPECIFIED.) ;
#9627=B_SPLINE_CURVE_WITH_KNOTS('',5,(#9628,#9629,#9630,#9631,#9632,#9633,#9634,#9635,#9636),.UNSPECIFIED.,.F.,.U.,(6,3,6),(0.,5.41300497577,6.44687809059),.UNSPECIFIED.) ;
#9640=B_SPLINE_CURVE_WITH_KNOTS('',5,(#9641,#9642,#9643,#9644,#9645,#9646),.UNSPECIFIED.,.F.,.U.,(6,6),(0.,1.75371843861),.UNSPECIFIED.) ;
#9650=B_SPLINE_CURVE_WITH_KNOTS('',5,(#9651,#9652,#9653,#9654,#9655,#9656,#9657,#9658,#9659),.UNSPECIFIED.,.F.,.U.,(6,3,6),(0.,4.08707703966,6.45638772445),.UNSPECIFIED.) ;
#9663=B_SPLINE_CURVE_WITH_KNOTS('',5,(#9664,#9665,#9666,#9667,#9668,#9669),.UNSPECIFIED.,.F.,.U.,(6,6),(0.,3.11290304613),.UNSPECIFIED.) ;
#9673=B_SPLINE_CURVE_WITH_KNOTS('',5,(#9674,#9675,#9676,#9677,#9678,#9679,#9680,#9681,#9682),.UNSPECIFIED.,.F.,.U.,(6,3,6),(0.,5.41300496901,6.446878084),.UNSPECIFIED.) ;
#9686=B_SPLINE_CURVE_WITH_KNOTS('',5,(#9687,#9688,#9689,#9690,#9691,#9692),.UNSPECIFIED.,.F.,.U.,(6,6),(0.,1.75371843904),.UNSPECIFIED.) ;
#9696=B_SPLINE_CURVE_WITH_KNOTS('',5,(#9697,#9698,#9699,#9700,#9701,#9702,#9703,#9704,#9705),.UNSPECIFIED.,.F.,.U.,(6,3,6),(0.,4.08707702219,6.45638770629),.UNSPECIFIED.) ;
#9709=B_SPLINE_CURVE_WITH_KNOTS('',5,(#9710,#9711,#9712,#9713,#9714,#9715),.UNSPECIFIED.,.F.,.U.,(6,6),(0.,3.1129002079),.UNSPECIFIED.) ;
#9719=B_SPLINE_CURVE_WITH_KNOTS('',5,(#9720,#9721,#9722,#9723,#9724,#9725,#9726,#9727,#9728),.UNSPECIFIED.,.F.,.U.,(6,3,6),(0.,5.41300496843,6.44687808248),.UNSPECIFIED.) ;
#9732=B_SPLINE_CURVE_WITH_KNOTS('',5,(#9733,#9734,#9735,#9736,#9737,#9738),.UNSPECIFIED.,.F.,.U.,(6,6),(0.,1.75371843904),.UNSPECIFIED.) ;
#9742=B_SPLINE_CURVE_WITH_KNOTS('',5,(#9743,#9744,#9745,#9746,#9747,#9748,#9749,#9750,#9751),.UNSPECIFIED.,.F.,.U.,(6,3,6),(0.,4.08707701817,6.45638770153),.UNSPECIFIED.) ;
#9755=B_SPLINE_CURVE_WITH_KNOTS('',5,(#9756,#9757,#9758,#9759,#9760,#9761),.UNSPECIFIED.,.F.,.U.,(6,6),(0.,3.55760072025),.UNSPECIFIED.) ;
#9786=B_SPLINE_CURVE_WITH_KNOTS('',5,(#9787,#9788,#9789,#9790,#9791,#9792),.UNSPECIFIED.,.F.,.U.,(6,6),(0.,0.412517304609),.UNSPECIFIED.) ;
#9796=B_SPLINE_CURVE_WITH_KNOTS('',5,(#9797,#9798,#9799,#9800,#9801,#9802),.UNSPECIFIED.,.F.,.U.,(6,6),(0.,0.0639855983479),.UNSPECIFIED.) ;
#9806=B_SPLINE_CURVE_WITH_KNOTS('',5,(#9807,#9808,#9809,#9810,#9811,#9812,#9813,#9814,#9815,#9816,#9817,#9818,#9819,#9820,#9821,#9822,#9823,#9824,#9825,#9826,#9827),.UNSPECIFIED.,.F.,.U.,(6,3,3,3,3,3,6),(0.,5.87869748776,11.7573949616,17.6360924511,23.5147899525,29.3934874513,35.1121185811),.UNSPECIFIED.) ;
#9887=B_SPLINE_CURVE_WITH_KNOTS('',5,(#9888,#9889,#9890,#9891,#9892,#9893,#9894,#9895,#9896,#9897,#9898,#9899,#9900,#9901,#9902,#9903,#9904,#9905,#9906,#9907,#9908),.UNSPECIFIED.,.F.,.U.,(6,3,3,3,3,3,6),(0.,2.39995624948,4.79991249739,7.19986873547,9.59982498646,11.9997812389,13.3284276004),.UNSPECIFIED.) ;
#9914=B_SPLINE_CURVE_WITH_KNOTS('',5,(#9915,#9916,#9917,#9918,#9919,#9920,#9921,#9922,#9923,#9924,#9925,#9926,#9927,#9928,#9929,#9930,#9931,#9932,#9933,#9934,#9935),.UNSPECIFIED.,.F.,.U.,(6,3,3,3,3,3,6),(0.,2.39995622962,4.79991246374,7.19986870551,9.59982495849,11.9997812109,13.3284276197),.UNSPECIFIED.) ;
#9941=B_SPLINE_CURVE_WITH_KNOTS('',5,(#9942,#9943,#9944,#9945,#9946,#9947,#9948,#9949,#9950,#9951,#9952,#9953,#9954,#9955,#9956,#9957,#9958,#9959,#9960,#9961,#9962),.UNSPECIFIED.,.F.,.U.,(6,3,3,3,3,3,6),(0.,2.39995624951,4.79991249743,7.19986873551,9.59982498631,11.9997812388,13.3284276003),.UNSPECIFIED.) ;
#9968=B_SPLINE_CURVE_WITH_KNOTS('',5,(#9969,#9970,#9971,#9972,#9973,#9974,#9975,#9976,#9977,#9978,#9979,#9980,#9981,#9982,#9983,#9984,#9985,#9986,#9987,#9988,#9989),.UNSPECIFIED.,.F.,.U.,(6,3,3,3,3,3,6),(0.,2.39995622964,4.79991246376,7.19986870594,9.5998249592,11.9997812116,13.3284276204),.UNSPECIFIED.) ;
#9995=B_SPLINE_CURVE_WITH_KNOTS('',5,(#9996,#9997,#9998,#9999,#10000,#10001,#10002,#10003,#10004,#10005,#10006,#10007,#10008,#10009,#10010,#10011,#10012,#10013,#10014,#10015,#10016),.UNSPECIFIED.,.F.,.U.,(6,3,3,3,3,3,6),(0.,2.3999562495,4.7999124974,7.1998687355,9.5998249864,11.9997812389,13.3284276004),.UNSPECIFIED.) ;
#10022=B_SPLINE_CURVE_WITH_KNOTS('',5,(#10023,#10024,#10025,#10026,#10027,#10028,#10029,#10030,#10031,#10032,#10033,#10034,#10035,#10036,#10037,#10038,#10039,#10040,#10041,#10042,#10043),.UNSPECIFIED.,.F.,.U.,(6,3,3,3,3,3,6),(0.,2.39995622962,4.79991246374,7.19986870582,9.59982495917,11.9997812116,13.3284276204),.UNSPECIFIED.) ;
#10204=B_SPLINE_CURVE_WITH_KNOTS('',1,(#10205,#10206),.UNSPECIFIED.,.F.,.U.,(2,2),(0.,6.),.UNSPECIFIED.) ;
#10222=B_SPLINE_CURVE_WITH_KNOTS('',1,(#10223,#10224),.UNSPECIFIED.,.F.,.U.,(2,2),(0.,6.),.UNSPECIFIED.) ;
#10242=B_SPLINE_CURVE_WITH_KNOTS('',1,(#10243,#10244),.UNSPECIFIED.,.F.,.U.,(2,2),(0.,6.),.UNSPECIFIED.) ;
#10262=B_SPLINE_CURVE_WITH_KNOTS('',1,(#10263,#10264),.UNSPECIFIED.,.F.,.U.,(2,2),(0.,6.),.UNSPECIFIED.) ;
#10282=B_SPLINE_CURVE_WITH_KNOTS('',1,(#10283,#10284),.UNSPECIFIED.,.F.,.U.,(2,2),(0.,6.),.UNSPECIFIED.) ;
#10300=B_SPLINE_CURVE_WITH_KNOTS('',1,(#10301,#10302),.UNSPECIFIED.,.F.,.U.,(2,2),(0.,6.),.UNSPECIFIED.) ;
#10320=B_SPLINE_CURVE_WITH_KNOTS('',1,(#10321,#10322),.UNSPECIFIED.,.F.,.U.,(2,2),(0.,6.),.UNSPECIFIED.) ;
#10340=B_SPLINE_CURVE_WITH_KNOTS('',1,(#10341,#10342),.UNSPECIFIED.,.F.,.U.,(2,2),(0.,6.),.UNSPECIFIED.) ;
#10360=B_SPLINE_CURVE_WITH_KNOTS('',1,(#10361,#10362),.UNSPECIFIED.,.F.,.U.,(2,2),(0.,6.),.UNSPECIFIED.) ;
#10378=B_SPLINE_CURVE_WITH_KNOTS('',1,(#10379,#10380),.UNSPECIFIED.,.F.,.U.,(2,2),(0.,6.),.UNSPECIFIED.) ;
#10398=B_SPLINE_CURVE_WITH_KNOTS('',1,(#10399,#10400),.UNSPECIFIED.,.F.,.U.,(2,2),(0.,6.),.UNSPECIFIED.) ;
#10418=B_SPLINE_CURVE_WITH_KNOTS('',1,(#10419,#10420),.UNSPECIFIED.,.F.,.U.,(2,2),(0.,6.),.UNSPECIFIED.) ;
#10438=B_SPLINE_CURVE_WITH_KNOTS('',1,(#10439,#10440),.UNSPECIFIED.,.F.,.U.,(2,2),(0.,6.),.UNSPECIFIED.) ;
#10456=B_SPLINE_CURVE_WITH_KNOTS('',1,(#10457,#10458),.UNSPECIFIED.,.F.,.U.,(2,2),(0.,6.),.UNSPECIFIED.) ;
#10476=B_SPLINE_CURVE_WITH_KNOTS('',1,(#10477,#10478),.UNSPECIFIED.,.F.,.U.,(2,2),(0.,6.),.UNSPECIFIED.) ;
#10496=B_SPLINE_CURVE_WITH_KNOTS('',1,(#10497,#10498),.UNSPECIFIED.,.F.,.U.,(2,2),(0.,6.),.UNSPECIFIED.) ;
#10516=B_SPLINE_CURVE_WITH_KNOTS('',1,(#10517,#10518),.UNSPECIFIED.,.F.,.U.,(2,2),(0.,6.),.UNSPECIFIED.) ;
#10534=B_SPLINE_CURVE_WITH_KNOTS('',1,(#10535,#10536),.UNSPECIFIED.,.F.,.U.,(2,2),(0.,6.),.UNSPECIFIED.) ;
#10554=B_SPLINE_CURVE_WITH_KNOTS('',1,(#10555,#10556),.UNSPECIFIED.,.F.,.U.,(2,2),(0.,6.),.UNSPECIFIED.) ;
#10574=B_SPLINE_CURVE_WITH_KNOTS('',1,(#10575,#10576),.UNSPECIFIED.,.F.,.U.,(2,2),(0.,6.),.UNSPECIFIED.) ;
#10594=B_SPLINE_CURVE_WITH_KNOTS('',1,(#10595,#10596),.UNSPECIFIED.,.F.,.U.,(2,2),(0.,6.),.UNSPECIFIED.) ;
#10612=B_SPLINE_CURVE_WITH_KNOTS('',1,(#10613,#10614),.UNSPECIFIED.,.F.,.U.,(2,2),(0.,6.),.UNSPECIFIED.) ;
#10632=B_SPLINE_CURVE_WITH_KNOTS('',1,(#10633,#10634),.UNSPECIFIED.,.F.,.U.,(2,2),(0.,6.),.UNSPECIFIED.) ;
#10652=B_SPLINE_CURVE_WITH_KNOTS('',1,(#10653,#10654),.UNSPECIFIED.,.F.,.U.,(2,2),(0.,6.),.UNSPECIFIED.) ;
#10672=B_SPLINE_CURVE_WITH_KNOTS('',1,(#10673,#10674),.UNSPECIFIED.,.F.,.U.,(2,2),(0.,6.),.UNSPECIFIED.) ;
#10690=B_SPLINE_CURVE_WITH_KNOTS('',1,(#10691,#10692),.UNSPECIFIED.,.F.,.U.,(2,2),(0.,6.),.UNSPECIFIED.) ;
#10710=B_SPLINE_CURVE_WITH_KNOTS('',1,(#10711,#10712),.UNSPECIFIED.,.F.,.U.,(2,2),(0.,6.),.UNSPECIFIED.) ;
#10730=B_SPLINE_CURVE_WITH_KNOTS('',1,(#10731,#10732),.UNSPECIFIED.,.F.,.U.,(2,2),(0.,6.),.UNSPECIFIED.) ;
#10750=B_SPLINE_CURVE_WITH_KNOTS('',1,(#10751,#10752),.UNSPECIFIED.,.F.,.U.,(2,2),(0.,6.),.UNSPECIFIED.) ;
#10768=B_SPLINE_CURVE_WITH_KNOTS('',1,(#10769,#10770),.UNSPECIFIED.,.F.,.U.,(2,2),(0.,6.),.UNSPECIFIED.) ;
#10788=B_SPLINE_CURVE_WITH_KNOTS('',1,(#10789,#10790),.UNSPECIFIED.,.F.,.U.,(2,2),(0.,6.),.UNSPECIFIED.) ;
#10808=B_SPLINE_CURVE_WITH_KNOTS('',1,(#10809,#10810),.UNSPECIFIED.,.F.,.U.,(2,2),(0.,6.),.UNSPECIFIED.) ;
#10828=B_SPLINE_CURVE_WITH_KNOTS('',1,(#10829,#10830),.UNSPECIFIED.,.F.,.U.,(2,2),(0.,6.),.UNSPECIFIED.) ;
#10846=B_SPLINE_CURVE_WITH_KNOTS('',1,(#10847,#10848),.UNSPECIFIED.,.F.,.U.,(2,2),(0.,6.),.UNSPECIFIED.) ;
#10866=B_SPLINE_CURVE_WITH_KNOTS('',1,(#10867,#10868),.UNSPECIFIED.,.F.,.U.,(2,2),(0.,6.),.UNSPECIFIED.) ;
#10886=B_SPLINE_CURVE_WITH_KNOTS('',1,(#10887,#10888),.UNSPECIFIED.,.F.,.U.,(2,2),(0.,6.),.UNSPECIFIED.) ;
#10906=B_SPLINE_CURVE_WITH_KNOTS('',1,(#10907,#10908),.UNSPECIFIED.,.F.,.U.,(2,2),(0.,6.),.UNSPECIFIED.) ;
#10924=B_SPLINE_CURVE_WITH_KNOTS('',1,(#10925,#10926),.UNSPECIFIED.,.F.,.U.,(2,2),(0.,6.),.UNSPECIFIED.) ;
#10944=B_SPLINE_CURVE_WITH_KNOTS('',1,(#10945,#10946),.UNSPECIFIED.,.F.,.U.,(2,2),(0.,6.),.UNSPECIFIED.) ;
#10964=B_SPLINE_CURVE_WITH_KNOTS('',1,(#10965,#10966),.UNSPECIFIED.,.F.,.U.,(2,2),(0.,6.),.UNSPECIFIED.) ;
#10984=B_SPLINE_CURVE_WITH_KNOTS('',1,(#10985,#10986),.UNSPECIFIED.,.F.,.U.,(2,2),(0.,6.),.UNSPECIFIED.) ;
#11002=B_SPLINE_CURVE_WITH_KNOTS('',1,(#11003,#11004),.UNSPECIFIED.,.F.,.U.,(2,2),(0.,6.),.UNSPECIFIED.) ;
#11022=B_SPLINE_CURVE_WITH_KNOTS('',1,(#11023,#11024),.UNSPECIFIED.,.F.,.U.,(2,2),(0.,6.),.UNSPECIFIED.) ;
#11040=B_SPLINE_CURVE_WITH_KNOTS('',1,(#11041,#11042),.UNSPECIFIED.,.F.,.U.,(2,2),(0.,6.),.UNSPECIFIED.) ;
#11417=B_SPLINE_CURVE_WITH_KNOTS('',5,(#11418,#11419,#11420,#11421,#11422,#11423,#11424,#11425,#11426),.UNSPECIFIED.,.F.,.U.,(6,3,6),(0.,1.27835562864,2.13059799913),.UNSPECIFIED.) ;
#11437=B_SPLINE_CURVE_WITH_KNOTS('',5,(#11438,#11439,#11440,#11441,#11442,#11443),.UNSPECIFIED.,.F.,.U.,(6,6),(0.,1.20895025065),.UNSPECIFIED.) ;
#11447=B_SPLINE_CURVE_WITH_KNOTS('',5,(#11448,#11449,#11450,#11451,#11452,#11453),.UNSPECIFIED.,.F.,.U.,(6,6),(0.,1.10331109837),.UNSPECIFIED.) ;
#11478=B_SPLINE_CURVE_WITH_KNOTS('',5,(#11479,#11480,#11481,#11482,#11483,#11484,#11485,#11486,#11487,#11488,#11489,#11490,#11491,#11492,#11493,#11494,#11495,#11496,#11497,#11498,#11499,#11500,#11501,#11502),.UNSPECIFIED.,.F.,.U.,(6,3,3,3,3,3,3,6),(0.,6.57261375257,13.1452275199,19.717841283,26.2904550358,32.8630688071,39.4356825588,44.4284729322),.UNSPECIFIED.) ;
#11513=B_SPLINE_CURVE_WITH_KNOTS('',5,(#11514,#11515,#11516,#11517,#11518,#11519,#11520,#11521,#11522),.UNSPECIFIED.,.F.,.U.,(6,3,6),(0.,1.46967441187,2.75801328343),.UNSPECIFIED.) ;
#11560=B_SPLINE_CURVE_WITH_KNOTS('',5,(#11561,#11562,#11563,#11564,#11565,#11566,#11567,#11568,#11569,#11570,#11571,#11572,#11573,#11574,#11575,#11576,#11577,#11578,#11579,#11580,#11581),.UNSPECIFIED.,.F.,.U.,(6,3,3,3,3,3,6),(0.,2.39995624346,4.79991247975,7.19986871174,9.59982494555,11.9997811755,13.3284275476),.UNSPECIFIED.) ;
#11587=B_SPLINE_CURVE_WITH_KNOTS('',5,(#11588,#11589,#11590,#11591,#11592,#11593,#11594,#11595,#11596,#11597,#11598,#11599,#11600,#11601,#11602,#11603,#11604,#11605,#11606,#11607,#11608),.UNSPECIFIED.,.F.,.U.,(6,3,3,3,3,3,6),(0.,2.3999562289,4.79991245416,7.19986868593,9.59982491435,11.9997811352,13.3284274893),.UNSPECIFIED.) ;
#11614=B_SPLINE_CURVE_WITH_KNOTS('',5,(#11615,#11616,#11617,#11618,#11619,#11620,#11621,#11622,#11623,#11624,#11625,#11626,#11627,#11628,#11629,#11630,#11631,#11632,#11633,#11634,#11635),.UNSPECIFIED.,.F.,.U.,(6,3,3,3,3,3,6),(0.,2.39995622892,4.7999124542,7.19986868597,9.59982491444,11.9997811353,13.3284274893),.UNSPECIFIED.) ;
#11680=B_SPLINE_CURVE_WITH_KNOTS('',5,(#11681,#11682,#11683,#11684,#11685,#11686,#11687,#11688,#11689),.UNSPECIFIED.,.F.,.U.,(6,3,6),(0.,1.46967441187,2.75801328343),.UNSPECIFIED.) ;
#11700=B_SPLINE_CURVE_WITH_KNOTS('',5,(#11701,#11702,#11703,#11704,#11705,#11706,#11707,#11708,#11709,#11710,#11711,#11712,#11713,#11714,#11715,#11716,#11717,#11718,#11719,#11720,#11721,#11722,#11723,#11724),.UNSPECIFIED.,.F.,.U.,(6,3,3,3,3,3,3,6),(0.,6.57261375257,13.1452275199,19.717841283,26.2904550358,32.8630688071,39.4356825588,44.4284729322),.UNSPECIFIED.) ;
#11749=B_SPLINE_CURVE_WITH_KNOTS('',5,(#11750,#11751,#11752,#11753,#11754,#11755),.UNSPECIFIED.,.F.,.U.,(6,6),(0.,1.10331109837),.UNSPECIFIED.) ;
#11759=B_SPLINE_CURVE_WITH_KNOTS('',5,(#11760,#11761,#11762,#11763,#11764,#11765),.UNSPECIFIED.,.F.,.U.,(6,6),(0.,1.20895025065),.UNSPECIFIED.) ;
#11776=B_SPLINE_CURVE_WITH_KNOTS('',5,(#11777,#11778,#11779,#11780,#11781,#11782,#11783,#11784,#11785),.UNSPECIFIED.,.F.,.U.,(6,3,6),(0.,1.27835562864,2.13059799913),.UNSPECIFIED.) ;
#11921=B_SPLINE_CURVE_WITH_KNOTS('',5,(#11922,#11923,#11924,#11925,#11926,#11927,#11928,#11929,#11930,#11931,#11932,#11933,#11934,#11935,#11936,#11937,#11938,#11939,#11940,#11941,#11942),.UNSPECIFIED.,.F.,.U.,(6,3,3,3,3,3,6),(0.,2.39995624346,4.79991247975,7.19986871174,9.59982494555,11.9997811755,13.3284275476),.UNSPECIFIED.) ;
#11948=B_SPLINE_CURVE_WITH_KNOTS('',5,(#11949,#11950,#11951,#11952,#11953,#11954,#11955,#11956,#11957,#11958,#11959,#11960,#11961,#11962,#11963,#11964,#11965,#11966,#11967,#11968,#11969),.UNSPECIFIED.,.F.,.U.,(6,3,3,3,3,3,6),(0.,2.3999562289,4.79991245416,7.19986868593,9.59982491435,11.9997811352,13.3284274893),.UNSPECIFIED.) ;
#12640=B_SPLINE_CURVE_WITH_KNOTS('',5,(#12641,#12642,#12643,#12644,#12645,#12646,#12647,#12648,#12649),.UNSPECIFIED.,.F.,.U.,(6,3,6),(0.,4.17617031928,5.30219303405),.UNSPECIFIED.) ;
#12669=B_SPLINE_CURVE_WITH_KNOTS('',5,(#12670,#12671,#12672,#12673,#12674,#12675,#12676,#12677,#12678),.UNSPECIFIED.,.F.,.U.,(6,3,6),(0.,4.35562596115,5.28749519486),.UNSPECIFIED.) ;
#12689=B_SPLINE_CURVE_WITH_KNOTS('',5,(#12690,#12691,#12692,#12693,#12694,#12695,#12696,#12697,#12698),.UNSPECIFIED.,.F.,.U.,(6,3,6),(0.,4.17617032093,5.30219303655),.UNSPECIFIED.) ;
#12709=B_SPLINE_CURVE_WITH_KNOTS('',5,(#12710,#12711,#12712,#12713,#12714,#12715,#12716,#12717,#12718),.UNSPECIFIED.,.F.,.U.,(6,3,6),(0.,4.35562594745,5.28749518129),.UNSPECIFIED.) ;
#12729=B_SPLINE_CURVE_WITH_KNOTS('',5,(#12730,#12731,#12732,#12733,#12734,#12735,#12736,#12737,#12738),.UNSPECIFIED.,.F.,.U.,(6,3,6),(0.,4.17617030881,5.30219302397),.UNSPECIFIED.) ;
#12749=B_SPLINE_CURVE_WITH_KNOTS('',5,(#12750,#12751,#12752,#12753,#12754,#12755,#12756,#12757,#12758),.UNSPECIFIED.,.F.,.U.,(6,3,6),(0.,4.35562595242,5.28749518586),.UNSPECIFIED.) ;
#12769=B_SPLINE_CURVE_WITH_KNOTS('',5,(#12770,#12771,#12772,#12773,#12774,#12775,#12776,#12777,#12778),.UNSPECIFIED.,.F.,.U.,(6,3,6),(0.,4.17617030985,5.30219302443),.UNSPECIFIED.) ;
#12789=B_SPLINE_CURVE_WITH_KNOTS('',5,(#12790,#12791,#12792,#12793,#12794,#12795,#12796,#12797,#12798),.UNSPECIFIED.,.F.,.U.,(6,3,6),(0.,4.35562595336,5.28749518648),.UNSPECIFIED.) ;
#12809=B_SPLINE_CURVE_WITH_KNOTS('',5,(#12810,#12811,#12812,#12813,#12814,#12815,#12816,#12817,#12818),.UNSPECIFIED.,.F.,.U.,(6,3,6),(0.,4.17617032573,5.30219303925),.UNSPECIFIED.) ;
#12829=B_SPLINE_CURVE_WITH_KNOTS('',5,(#12830,#12831,#12832,#12833,#12834,#12835,#12836,#12837,#12838),.UNSPECIFIED.,.F.,.U.,(6,3,6),(0.,4.3556259538,5.28749518736),.UNSPECIFIED.) ;
#12849=B_SPLINE_CURVE_WITH_KNOTS('',5,(#12850,#12851,#12852,#12853,#12854,#12855,#12856,#12857,#12858),.UNSPECIFIED.,.F.,.U.,(6,3,6),(0.,4.17617030601,5.30219302002),.UNSPECIFIED.) ;
#12869=B_SPLINE_CURVE_WITH_KNOTS('',5,(#12870,#12871,#12872,#12873,#12874,#12875,#12876,#12877,#12878),.UNSPECIFIED.,.F.,.U.,(6,3,6),(0.,4.35562593879,5.28749517174),.UNSPECIFIED.) ;
#12889=B_SPLINE_CURVE_WITH_KNOTS('',5,(#12890,#12891,#12892,#12893,#12894,#12895,#12896,#12897,#12898),.UNSPECIFIED.,.F.,.U.,(6,3,6),(0.,4.17617030909,5.30219302398),.UNSPECIFIED.) ;
#12909=B_SPLINE_CURVE_WITH_KNOTS('',5,(#12910,#12911,#12912,#12913,#12914,#12915,#12916,#12917,#12918),.UNSPECIFIED.,.F.,.U.,(6,3,6),(0.,4.35562595266,5.28749518609),.UNSPECIFIED.) ;
#12936=B_SPLINE_CURVE_WITH_KNOTS('',5,(#12937,#12938,#12939,#12940,#12941,#12942,#12943,#12944,#12945),.UNSPECIFIED.,.F.,.U.,(6,3,6),(0.,4.17617033531,5.30219304894),.UNSPECIFIED.) ;
#12956=B_SPLINE_CURVE_WITH_KNOTS('',5,(#12957,#12958,#12959,#12960,#12961,#12962,#12963,#12964,#12965),.UNSPECIFIED.,.F.,.U.,(6,3,6),(0.,4.355625949,5.28749518313),.UNSPECIFIED.) ;
#12976=B_SPLINE_CURVE_WITH_KNOTS('',5,(#12977,#12978,#12979,#12980,#12981,#12982,#12983,#12984,#12985),.UNSPECIFIED.,.F.,.U.,(6,3,6),(0.,4.17617033352,5.30219304857),.UNSPECIFIED.) ;
#12996=B_SPLINE_CURVE_WITH_KNOTS('',5,(#12997,#12998,#12999,#13000,#13001,#13002,#13003,#13004,#13005),.UNSPECIFIED.,.F.,.U.,(6,3,6),(0.,4.35562595369,5.28749518611),.UNSPECIFIED.) ;
#13016=B_SPLINE_CURVE_WITH_KNOTS('',5,(#13017,#13018,#13019,#13020,#13021,#13022,#13023,#13024,#13025),.UNSPECIFIED.,.F.,.U.,(6,3,6),(0.,4.17617030604,5.30219302103),.UNSPECIFIED.) ;
#13036=B_SPLINE_CURVE_WITH_KNOTS('',5,(#13037,#13038,#13039,#13040,#13041,#13042,#13043,#13044,#13045),.UNSPECIFIED.,.F.,.U.,(6,3,6),(0.,4.35562593997,5.2874951736),.UNSPECIFIED.) ;
#13056=B_SPLINE_CURVE_WITH_KNOTS('',5,(#13057,#13058,#13059,#13060,#13061,#13062,#13063,#13064,#13065),.UNSPECIFIED.,.F.,.U.,(6,3,6),(0.,4.17617032913,5.30219304278),.UNSPECIFIED.) ;
#13076=B_SPLINE_CURVE_WITH_KNOTS('',5,(#13077,#13078,#13079,#13080,#13081,#13082,#13083,#13084,#13085),.UNSPECIFIED.,.F.,.U.,(6,3,6),(0.,4.35562594822,5.28749518145),.UNSPECIFIED.) ;
#13096=B_SPLINE_CURVE_WITH_KNOTS('',5,(#13097,#13098,#13099,#13100,#13101,#13102,#13103,#13104,#13105),.UNSPECIFIED.,.F.,.U.,(6,3,6),(0.,4.1761703238,5.30219303799),.UNSPECIFIED.) ;
#13116=B_SPLINE_CURVE_WITH_KNOTS('',5,(#13117,#13118,#13119,#13120,#13121,#13122,#13123,#13124,#13125),.UNSPECIFIED.,.F.,.U.,(6,3,6),(0.,4.35562594191,5.28749517465),.UNSPECIFIED.) ;
#13136=B_SPLINE_CURVE_WITH_KNOTS('',5,(#13137,#13138,#13139,#13140,#13141,#13142,#13143,#13144,#13145),.UNSPECIFIED.,.F.,.U.,(6,3,6),(0.,4.1761703041,5.3021930181),.UNSPECIFIED.) ;
#13156=B_SPLINE_CURVE_WITH_KNOTS('',5,(#13157,#13158,#13159,#13160,#13161,#13162,#13163,#13164,#13165),.UNSPECIFIED.,.F.,.U.,(6,3,6),(0.,4.35562594273,5.28749517508),.UNSPECIFIED.) ;
#13258=B_SPLINE_CURVE_WITH_KNOTS('',1,(#13259,#13260),.UNSPECIFIED.,.F.,.U.,(2,2),(0.,6.),.UNSPECIFIED.) ;
#13264=B_SPLINE_CURVE_WITH_KNOTS('',1,(#13265,#13266),.UNSPECIFIED.,.F.,.U.,(2,2),(0.,6.),.UNSPECIFIED.) ;
#13270=B_SPLINE_CURVE_WITH_KNOTS('',4,(#13271,#13272,#13273,#13274,#13275),.UNSPECIFIED.,.F.,.U.,(5,5),(0.,5.30203616239),.UNSPECIFIED.) ;
#13341=B_SPLINE_CURVE_WITH_KNOTS('',1,(#13342,#13343),.UNSPECIFIED.,.F.,.U.,(2,2),(0.,6.),.UNSPECIFIED.) ;
#13347=B_SPLINE_CURVE_WITH_KNOTS('',4,(#13348,#13349,#13350,#13351,#13352),.UNSPECIFIED.,.F.,.U.,(5,5),(0.,5.28730085022),.UNSPECIFIED.) ;
#13394=B_SPLINE_CURVE_WITH_KNOTS('',1,(#13395,#13396),.UNSPECIFIED.,.F.,.U.,(2,2),(0.,6.),.UNSPECIFIED.) ;
#13400=B_SPLINE_CURVE_WITH_KNOTS('',4,(#13401,#13402,#13403,#13404,#13405),.UNSPECIFIED.,.F.,.U.,(5,5),(0.,5.30203616239),.UNSPECIFIED.) ;
#13447=B_SPLINE_CURVE_WITH_KNOTS('',1,(#13448,#13449),.UNSPECIFIED.,.F.,.U.,(2,2),(0.,6.),.UNSPECIFIED.) ;
#13453=B_SPLINE_CURVE_WITH_KNOTS('',4,(#13454,#13455,#13456,#13457,#13458),.UNSPECIFIED.,.F.,.U.,(5,5),(0.,5.28730085025),.UNSPECIFIED.) ;
#13500=B_SPLINE_CURVE_WITH_KNOTS('',1,(#13501,#13502),.UNSPECIFIED.,.F.,.U.,(2,2),(0.,6.),.UNSPECIFIED.) ;
#13506=B_SPLINE_CURVE_WITH_KNOTS('',4,(#13507,#13508,#13509,#13510,#13511),.UNSPECIFIED.,.F.,.U.,(5,5),(0.,5.3020361624),.UNSPECIFIED.) ;
#13553=B_SPLINE_CURVE_WITH_KNOTS('',1,(#13554,#13555),.UNSPECIFIED.,.F.,.U.,(2,2),(0.,6.),.UNSPECIFIED.) ;
#13559=B_SPLINE_CURVE_WITH_KNOTS('',4,(#13560,#13561,#13562,#13563,#13564),.UNSPECIFIED.,.F.,.U.,(5,5),(0.,5.28730085025),.UNSPECIFIED.) ;
#13606=B_SPLINE_CURVE_WITH_KNOTS('',1,(#13607,#13608),.UNSPECIFIED.,.F.,.U.,(2,2),(0.,6.),.UNSPECIFIED.) ;
#13612=B_SPLINE_CURVE_WITH_KNOTS('',4,(#13613,#13614,#13615,#13616,#13617),.UNSPECIFIED.,.F.,.U.,(5,5),(0.,5.30203616237),.UNSPECIFIED.) ;
#13659=B_SPLINE_CURVE_WITH_KNOTS('',1,(#13660,#13661),.UNSPECIFIED.,.F.,.U.,(2,2),(0.,6.),.UNSPECIFIED.) ;
#13665=B_SPLINE_CURVE_WITH_KNOTS('',4,(#13666,#13667,#13668,#13669,#13670),.UNSPECIFIED.,.F.,.U.,(5,5),(0.,5.28730085019),.UNSPECIFIED.) ;
#13712=B_SPLINE_CURVE_WITH_KNOTS('',1,(#13713,#13714),.UNSPECIFIED.,.F.,.U.,(2,2),(0.,6.),.UNSPECIFIED.) ;
#13718=B_SPLINE_CURVE_WITH_KNOTS('',4,(#13719,#13720,#13721,#13722,#13723),.UNSPECIFIED.,.F.,.U.,(5,5),(0.,5.30203616239),.UNSPECIFIED.) ;
#13765=B_SPLINE_CURVE_WITH_KNOTS('',1,(#13766,#13767),.UNSPECIFIED.,.F.,.U.,(2,2),(0.,6.),.UNSPECIFIED.) ;
#13771=B_SPLINE_CURVE_WITH_KNOTS('',4,(#13772,#13773,#13774,#13775,#13776),.UNSPECIFIED.,.F.,.U.,(5,5),(0.,5.28730085029),.UNSPECIFIED.) ;
#13818=B_SPLINE_CURVE_WITH_KNOTS('',1,(#13819,#13820),.UNSPECIFIED.,.F.,.U.,(2,2),(0.,6.),.UNSPECIFIED.) ;
#13824=B_SPLINE_CURVE_WITH_KNOTS('',4,(#13825,#13826,#13827,#13828,#13829),.UNSPECIFIED.,.F.,.U.,(5,5),(0.,5.30203616231),.UNSPECIFIED.) ;
#13871=B_SPLINE_CURVE_WITH_KNOTS('',1,(#13872,#13873),.UNSPECIFIED.,.F.,.U.,(2,2),(0.,6.),.UNSPECIFIED.) ;
#13877=B_SPLINE_CURVE_WITH_KNOTS('',4,(#13878,#13879,#13880,#13881,#13882),.UNSPECIFIED.,.F.,.U.,(5,5),(0.,5.28730085023),.UNSPECIFIED.) ;
#13924=B_SPLINE_CURVE_WITH_KNOTS('',1,(#13925,#13926),.UNSPECIFIED.,.F.,.U.,(2,2),(0.,6.),.UNSPECIFIED.) ;
#13930=B_SPLINE_CURVE_WITH_KNOTS('',4,(#13931,#13932,#13933,#13934,#13935),.UNSPECIFIED.,.F.,.U.,(5,5),(0.,5.30203616243),.UNSPECIFIED.) ;
#13977=B_SPLINE_CURVE_WITH_KNOTS('',1,(#13978,#13979),.UNSPECIFIED.,.F.,.U.,(2,2),(0.,6.),.UNSPECIFIED.) ;
#13983=B_SPLINE_CURVE_WITH_KNOTS('',4,(#13984,#13985,#13986,#13987,#13988),.UNSPECIFIED.,.F.,.U.,(5,5),(0.,5.28730085023),.UNSPECIFIED.) ;
#14054=B_SPLINE_CURVE_WITH_KNOTS('',1,(#14055,#14056),.UNSPECIFIED.,.F.,.U.,(2,2),(0.,6.),.UNSPECIFIED.) ;
#14060=B_SPLINE_CURVE_WITH_KNOTS('',4,(#14061,#14062,#14063,#14064,#14065),.UNSPECIFIED.,.F.,.U.,(5,5),(0.,5.3020361624),.UNSPECIFIED.) ;
#14107=B_SPLINE_CURVE_WITH_KNOTS('',1,(#14108,#14109),.UNSPECIFIED.,.F.,.U.,(2,2),(0.,6.),.UNSPECIFIED.) ;
#14113=B_SPLINE_CURVE_WITH_KNOTS('',4,(#14114,#14115,#14116,#14117,#14118),.UNSPECIFIED.,.F.,.U.,(5,5),(0.,5.28730085019),.UNSPECIFIED.) ;
#14160=B_SPLINE_CURVE_WITH_KNOTS('',1,(#14161,#14162),.UNSPECIFIED.,.F.,.U.,(2,2),(0.,6.),.UNSPECIFIED.) ;
#14166=B_SPLINE_CURVE_WITH_KNOTS('',4,(#14167,#14168,#14169,#14170,#14171),.UNSPECIFIED.,.F.,.U.,(5,5),(0.,5.30203616243),.UNSPECIFIED.) ;
#14213=B_SPLINE_CURVE_WITH_KNOTS('',1,(#14214,#14215),.UNSPECIFIED.,.F.,.U.,(2,2),(0.,6.),.UNSPECIFIED.) ;
#14219=B_SPLINE_CURVE_WITH_KNOTS('',4,(#14220,#14221,#14222,#14223,#14224),.UNSPECIFIED.,.F.,.U.,(5,5),(0.,5.28730085035),.UNSPECIFIED.) ;
#14266=B_SPLINE_CURVE_WITH_KNOTS('',1,(#14267,#14268),.UNSPECIFIED.,.F.,.U.,(2,2),(0.,6.),.UNSPECIFIED.) ;
#14272=B_SPLINE_CURVE_WITH_KNOTS('',4,(#14273,#14274,#14275,#14276,#14277),.UNSPECIFIED.,.F.,.U.,(5,5),(0.,5.30203616237),.UNSPECIFIED.) ;
#14319=B_SPLINE_CURVE_WITH_KNOTS('',1,(#14320,#14321),.UNSPECIFIED.,.F.,.U.,(2,2),(0.,6.),.UNSPECIFIED.) ;
#14325=B_SPLINE_CURVE_WITH_KNOTS('',4,(#14326,#14327,#14328,#14329,#14330),.UNSPECIFIED.,.F.,.U.,(5,5),(0.,5.28730085026),.UNSPECIFIED.) ;
#14372=B_SPLINE_CURVE_WITH_KNOTS('',1,(#14373,#14374),.UNSPECIFIED.,.F.,.U.,(2,2),(0.,6.),.UNSPECIFIED.) ;
#14378=B_SPLINE_CURVE_WITH_KNOTS('',4,(#14379,#14380,#14381,#14382,#14383),.UNSPECIFIED.,.F.,.U.,(5,5),(0.,5.30203616238),.UNSPECIFIED.) ;
#14425=B_SPLINE_CURVE_WITH_KNOTS('',1,(#14426,#14427),.UNSPECIFIED.,.F.,.U.,(2,2),(0.,6.),.UNSPECIFIED.) ;
#14431=B_SPLINE_CURVE_WITH_KNOTS('',4,(#14432,#14433,#14434,#14435,#14436),.UNSPECIFIED.,.F.,.U.,(5,5),(0.,5.2873008502),.UNSPECIFIED.) ;
#14478=B_SPLINE_CURVE_WITH_KNOTS('',1,(#14479,#14480),.UNSPECIFIED.,.F.,.U.,(2,2),(0.,6.),.UNSPECIFIED.) ;
#14484=B_SPLINE_CURVE_WITH_KNOTS('',4,(#14485,#14486,#14487,#14488,#14489),.UNSPECIFIED.,.F.,.U.,(5,5),(0.,5.30203616238),.UNSPECIFIED.) ;
#14531=B_SPLINE_CURVE_WITH_KNOTS('',1,(#14532,#14533),.UNSPECIFIED.,.F.,.U.,(2,2),(0.,6.),.UNSPECIFIED.) ;
#14537=B_SPLINE_CURVE_WITH_KNOTS('',4,(#14538,#14539,#14540,#14541,#14542),.UNSPECIFIED.,.F.,.U.,(5,5),(0.,5.28730085027),.UNSPECIFIED.) ;
#14584=B_SPLINE_CURVE_WITH_KNOTS('',1,(#14585,#14586),.UNSPECIFIED.,.F.,.U.,(2,2),(0.,6.),.UNSPECIFIED.) ;
#14590=B_SPLINE_CURVE_WITH_KNOTS('',4,(#14591,#14592,#14593,#14594,#14595),.UNSPECIFIED.,.F.,.U.,(5,5),(0.,5.30203616238),.UNSPECIFIED.) ;
#14637=B_SPLINE_CURVE_WITH_KNOTS('',1,(#14638,#14639),.UNSPECIFIED.,.F.,.U.,(2,2),(0.,6.),.UNSPECIFIED.) ;
#14643=B_SPLINE_CURVE_WITH_KNOTS('',4,(#14644,#14645,#14646,#14647,#14648),.UNSPECIFIED.,.F.,.U.,(5,5),(0.,5.28730085023),.UNSPECIFIED.) ;
#6502=B_SPLINE_SURFACE_WITH_KNOTS('',3,1,((#6503,#6504),(#6505,#6506),(#6507,#6508),(#6509,#6510)),.UNSPECIFIED.,.F.,.F.,.U.,(4,4),(2,2),(0.154712813472,4.82219845435),(0.,6.),.UNSPECIFIED.) ;
#6539=B_SPLINE_SURFACE_WITH_KNOTS('',3,1,((#6540,#6541),(#6542,#6543),(#6544,#6545),(#6546,#6547)),.UNSPECIFIED.,.F.,.F.,.U.,(4,4),(2,2),(0.,4.67661494212),(0.,6.),.UNSPECIFIED.) ;
#6576=B_SPLINE_SURFACE_WITH_KNOTS('',3,1,((#6577,#6578),(#6579,#6580),(#6581,#6582),(#6583,#6584)),.UNSPECIFIED.,.F.,.F.,.U.,(4,4),(2,2),(0.154712813472,4.82219845435),(0.,6.),.UNSPECIFIED.) ;
#6613=B_SPLINE_SURFACE_WITH_KNOTS('',3,1,((#6614,#6615),(#6616,#6617),(#6618,#6619),(#6620,#6621)),.UNSPECIFIED.,.F.,.F.,.U.,(4,4),(2,2),(0.,4.67661494212),(0.,6.),.UNSPECIFIED.) ;
#6650=B_SPLINE_SURFACE_WITH_KNOTS('',3,1,((#6651,#6652),(#6653,#6654),(#6655,#6656),(#6657,#6658)),.UNSPECIFIED.,.F.,.F.,.U.,(4,4),(2,2),(0.154712813472,4.82219845435),(0.,6.),.UNSPECIFIED.) ;
#6687=B_SPLINE_SURFACE_WITH_KNOTS('',3,1,((#6688,#6689),(#6690,#6691),(#6692,#6693),(#6694,#6695)),.UNSPECIFIED.,.F.,.F.,.U.,(4,4),(2,2),(0.,4.67661494212),(0.,6.),.UNSPECIFIED.) ;
#6724=B_SPLINE_SURFACE_WITH_KNOTS('',3,1,((#6725,#6726),(#6727,#6728),(#6729,#6730),(#6731,#6732)),.UNSPECIFIED.,.F.,.F.,.U.,(4,4),(2,2),(0.154712813472,4.82219845435),(0.,6.),.UNSPECIFIED.) ;
#6761=B_SPLINE_SURFACE_WITH_KNOTS('',3,1,((#6762,#6763),(#6764,#6765),(#6766,#6767),(#6768,#6769)),.UNSPECIFIED.,.F.,.F.,.U.,(4,4),(2,2),(0.,4.67661494212),(0.,6.),.UNSPECIFIED.) ;
#6798=B_SPLINE_SURFACE_WITH_KNOTS('',3,1,((#6799,#6800),(#6801,#6802),(#6803,#6804),(#6805,#6806)),.UNSPECIFIED.,.F.,.F.,.U.,(4,4),(2,2),(0.154712813472,4.82219845435),(0.,6.),.UNSPECIFIED.) ;
#6835=B_SPLINE_SURFACE_WITH_KNOTS('',3,1,((#6836,#6837),(#6838,#6839),(#6840,#6841),(#6842,#6843)),.UNSPECIFIED.,.F.,.F.,.U.,(4,4),(2,2),(0.,4.67661494212),(0.,6.),.UNSPECIFIED.) ;
#6872=B_SPLINE_SURFACE_WITH_KNOTS('',3,1,((#6873,#6874),(#6875,#6876),(#6877,#6878),(#6879,#6880)),.UNSPECIFIED.,.F.,.F.,.U.,(4,4),(2,2),(0.154712813472,4.82219845435),(0.,6.),.UNSPECIFIED.) ;
#6909=B_SPLINE_SURFACE_WITH_KNOTS('',3,1,((#6910,#6911),(#6912,#6913),(#6914,#6915),(#6916,#6917)),.UNSPECIFIED.,.F.,.F.,.U.,(4,4),(2,2),(0.,4.67661494212),(0.,6.),.UNSPECIFIED.) ;
#6946=B_SPLINE_SURFACE_WITH_KNOTS('',3,1,((#6947,#6948),(#6949,#6950),(#6951,#6952),(#6953,#6954)),.UNSPECIFIED.,.F.,.F.,.U.,(4,4),(2,2),(0.154712813472,4.82219845435),(0.,6.),.UNSPECIFIED.) ;
#6983=B_SPLINE_SURFACE_WITH_KNOTS('',3,1,((#6984,#6985),(#6986,#6987),(#6988,#6989),(#6990,#6991)),.UNSPECIFIED.,.F.,.F.,.U.,(4,4),(2,2),(0.,4.67661494212),(0.,6.),.UNSPECIFIED.) ;
#7020=B_SPLINE_SURFACE_WITH_KNOTS('',3,1,((#7021,#7022),(#7023,#7024),(#7025,#7026),(#7027,#7028)),.UNSPECIFIED.,.F.,.F.,.U.,(4,4),(2,2),(0.154712813472,4.82219845435),(0.,6.),.UNSPECIFIED.) ;
#7057=B_SPLINE_SURFACE_WITH_KNOTS('',3,1,((#7058,#7059),(#7060,#7061),(#7062,#7063),(#7064,#7065)),.UNSPECIFIED.,.F.,.F.,.U.,(4,4),(2,2),(0.,4.67661494212),(0.,6.),.UNSPECIFIED.) ;
#7094=B_SPLINE_SURFACE_WITH_KNOTS('',3,1,((#7095,#7096),(#7097,#7098),(#7099,#7100),(#7101,#7102)),.UNSPECIFIED.,.F.,.F.,.U.,(4,4),(2,2),(0.154712813472,4.82219845435),(0.,6.),.UNSPECIFIED.) ;
#7131=B_SPLINE_SURFACE_WITH_KNOTS('',3,1,((#7132,#7133),(#7134,#7135),(#7136,#7137),(#7138,#7139)),.UNSPECIFIED.,.F.,.F.,.U.,(4,4),(2,2),(0.,4.67661494212),(0.,6.),.UNSPECIFIED.) ;
#7168=B_SPLINE_SURFACE_WITH_KNOTS('',3,1,((#7169,#7170),(#7171,#7172),(#7173,#7174),(#7175,#7176)),.UNSPECIFIED.,.F.,.F.,.U.,(4,4),(2,2),(0.154712813472,4.82219845435),(0.,6.),.UNSPECIFIED.) ;
#7205=B_SPLINE_SURFACE_WITH_KNOTS('',3,1,((#7206,#7207),(#7208,#7209),(#7210,#7211),(#7212,#7213)),.UNSPECIFIED.,.F.,.F.,.U.,(4,4),(2,2),(0.,4.67661494212),(0.,6.),.UNSPECIFIED.) ;
#7242=B_SPLINE_SURFACE_WITH_KNOTS('',3,1,((#7243,#7244),(#7245,#7246),(#7247,#7248),(#7249,#7250)),.UNSPECIFIED.,.F.,.F.,.U.,(4,4),(2,2),(0.154712813472,4.82219845435),(0.,6.),.UNSPECIFIED.) ;
#7279=B_SPLINE_SURFACE_WITH_KNOTS('',3,1,((#7280,#7281),(#7282,#7283),(#7284,#7285),(#7286,#7287)),.UNSPECIFIED.,.F.,.F.,.U.,(4,4),(2,2),(0.,4.67661494212),(0.,6.),.UNSPECIFIED.) ;
#7333=B_SPLINE_SURFACE_WITH_KNOTS('',3,1,((#7334,#7335),(#7336,#7337),(#7338,#7339),(#7340,#7341)),.UNSPECIFIED.,.F.,.F.,.U.,(4,4),(2,2),(0.154712813472,4.82219845435),(0.,6.),.UNSPECIFIED.) ;
#7370=B_SPLINE_SURFACE_WITH_KNOTS('',3,1,((#7371,#7372),(#7373,#7374),(#7375,#7376),(#7377,#7378)),.UNSPECIFIED.,.F.,.F.,.U.,(4,4),(2,2),(0.,4.67661494212),(0.,6.),.UNSPECIFIED.) ;
#7407=B_SPLINE_SURFACE_WITH_KNOTS('',3,1,((#7408,#7409),(#7410,#7411),(#7412,#7413),(#7414,#7415)),.UNSPECIFIED.,.F.,.F.,.U.,(4,4),(2,2),(0.154712813472,4.82219845435),(0.,6.),.UNSPECIFIED.) ;
#7444=B_SPLINE_SURFACE_WITH_KNOTS('',3,1,((#7445,#7446),(#7447,#7448),(#7449,#7450),(#7451,#7452)),.UNSPECIFIED.,.F.,.F.,.U.,(4,4),(2,2),(0.,4.67661494212),(0.,6.),.UNSPECIFIED.) ;
#7481=B_SPLINE_SURFACE_WITH_KNOTS('',3,1,((#7482,#7483),(#7484,#7485),(#7486,#7487),(#7488,#7489)),.UNSPECIFIED.,.F.,.F.,.U.,(4,4),(2,2),(0.154712813472,4.82219845435),(0.,6.),.UNSPECIFIED.) ;
#7518=B_SPLINE_SURFACE_WITH_KNOTS('',3,1,((#7519,#7520),(#7521,#7522),(#7523,#7524),(#7525,#7526)),.UNSPECIFIED.,.F.,.F.,.U.,(4,4),(2,2),(0.,4.67661494212),(0.,6.),.UNSPECIFIED.) ;
#7555=B_SPLINE_SURFACE_WITH_KNOTS('',3,1,((#7556,#7557),(#7558,#7559),(#7560,#7561),(#7562,#7563)),.UNSPECIFIED.,.F.,.F.,.U.,(4,4),(2,2),(0.154712813472,4.82219845435),(0.,6.),.UNSPECIFIED.) ;
#7592=B_SPLINE_SURFACE_WITH_KNOTS('',3,1,((#7593,#7594),(#7595,#7596),(#7597,#7598),(#7599,#7600)),.UNSPECIFIED.,.F.,.F.,.U.,(4,4),(2,2),(0.,4.67661494212),(0.,6.),.UNSPECIFIED.) ;
#7629=B_SPLINE_SURFACE_WITH_KNOTS('',3,1,((#7630,#7631),(#7632,#7633),(#7634,#7635),(#7636,#7637)),.UNSPECIFIED.,.F.,.F.,.U.,(4,4),(2,2),(0.154712813472,4.82219845435),(0.,6.),.UNSPECIFIED.) ;
#7666=B_SPLINE_SURFACE_WITH_KNOTS('',3,1,((#7667,#7668),(#7669,#7670),(#7671,#7672),(#7673,#7674)),.UNSPECIFIED.,.F.,.F.,.U.,(4,4),(2,2),(0.228019214466,3.66120109928),(0.,6.),.UNSPECIFIED.) ;
#7737=B_SPLINE_SURFACE_WITH_KNOTS('',3,1,((#7738,#7739),(#7740,#7741),(#7742,#7743),(#7744,#7745)),.UNSPECIFIED.,.F.,.F.,.U.,(4,4),(2,2),(0.154712813472,3.61406710493),(0.,6.),.UNSPECIFIED.) ;
#7774=B_SPLINE_SURFACE_WITH_KNOTS('',3,1,((#7775,#7776),(#7777,#7778),(#7779,#7780),(#7781,#7782)),.UNSPECIFIED.,.F.,.F.,.U.,(4,4),(2,2),(0.,4.67661494212),(0.,6.),.UNSPECIFIED.) ;
#7811=B_SPLINE_SURFACE_WITH_KNOTS('',3,1,((#7812,#7813),(#7814,#7815),(#7816,#7817),(#7818,#7819)),.UNSPECIFIED.,.F.,.F.,.U.,(4,4),(2,2),(0.154712813472,4.82219845435),(0.,6.),.UNSPECIFIED.) ;
#7848=B_SPLINE_SURFACE_WITH_KNOTS('',3,1,((#7849,#7850),(#7851,#7852),(#7853,#7854),(#7855,#7856)),.UNSPECIFIED.,.F.,.F.,.U.,(4,4),(2,2),(0.,4.67661494212),(0.,6.),.UNSPECIFIED.) ;
#7885=B_SPLINE_SURFACE_WITH_KNOTS('',3,1,((#7886,#7887),(#7888,#7889),(#7890,#7891),(#7892,#7893)),.UNSPECIFIED.,.F.,.F.,.U.,(4,4),(2,2),(0.154712813472,4.82219845435),(0.,6.),.UNSPECIFIED.) ;
#7922=B_SPLINE_SURFACE_WITH_KNOTS('',3,1,((#7923,#7924),(#7925,#7926),(#7927,#7928),(#7929,#7930)),.UNSPECIFIED.,.F.,.F.,.U.,(4,4),(2,2),(0.,4.67661494212),(0.,6.),.UNSPECIFIED.) ;
#7959=B_SPLINE_SURFACE_WITH_KNOTS('',3,1,((#7960,#7961),(#7962,#7963),(#7964,#7965),(#7966,#7967)),.UNSPECIFIED.,.F.,.F.,.U.,(4,4),(2,2),(0.154712813472,4.82219845435),(0.,6.),.UNSPECIFIED.) ;
#7996=B_SPLINE_SURFACE_WITH_KNOTS('',3,1,((#7997,#7998),(#7999,#8000),(#8001,#8002),(#8003,#8004)),.UNSPECIFIED.,.F.,.F.,.U.,(4,4),(2,2),(0.,4.67661494212),(0.,6.),.UNSPECIFIED.) ;
#8033=B_SPLINE_SURFACE_WITH_KNOTS('',3,1,((#8034,#8035),(#8036,#8037),(#8038,#8039),(#8040,#8041)),.UNSPECIFIED.,.F.,.F.,.U.,(4,4),(2,2),(0.154712813472,4.82219845435),(0.,6.),.UNSPECIFIED.) ;
#8070=B_SPLINE_SURFACE_WITH_KNOTS('',3,1,((#8071,#8072),(#8073,#8074),(#8075,#8076),(#8077,#8078)),.UNSPECIFIED.,.F.,.F.,.U.,(4,4),(2,2),(0.,4.67661494212),(0.,6.),.UNSPECIFIED.) ;
#8124=B_SPLINE_SURFACE_WITH_KNOTS('',3,1,((#8125,#8126),(#8127,#8128),(#8129,#8130),(#8131,#8132)),.UNSPECIFIED.,.F.,.F.,.U.,(4,4),(2,2),(0.154712813472,4.82219845435),(0.,6.),.UNSPECIFIED.) ;
#8161=B_SPLINE_SURFACE_WITH_KNOTS('',3,1,((#8162,#8163),(#8164,#8165),(#8166,#8167),(#8168,#8169)),.UNSPECIFIED.,.F.,.F.,.U.,(4,4),(2,2),(0.,4.67661494212),(0.,6.),.UNSPECIFIED.) ;
#10195=B_SPLINE_SURFACE_WITH_KNOTS('',3,1,((#10196,#10197),(#10198,#10199),(#10200,#10201),(#10202,#10203)),.UNSPECIFIED.,.F.,.F.,.U.,(4,4),(2,2),(0.,4.61460202551),(0.,6.),.UNSPECIFIED.) ;
#10215=B_SPLINE_SURFACE_WITH_KNOTS('',2,1,((#10216,#10217),(#10218,#10219),(#10220,#10221)),.UNSPECIFIED.,.F.,.F.,.U.,(3,3),(2,2),(0.,1.24019859076),(0.,6.),.UNSPECIFIED.) ;
#10233=B_SPLINE_SURFACE_WITH_KNOTS('',3,1,((#10234,#10235),(#10236,#10237),(#10238,#10239),(#10240,#10241)),.UNSPECIFIED.,.F.,.F.,.U.,(4,4),(2,2),(0.,4.61460202551),(0.,6.),.UNSPECIFIED.) ;
#10253=B_SPLINE_SURFACE_WITH_KNOTS('',3,1,((#10254,#10255),(#10256,#10257),(#10258,#10259),(#10260,#10261)),.UNSPECIFIED.,.F.,.F.,.U.,(4,4),(2,2),(0.909090309407,3.11090351387),(0.,6.),.UNSPECIFIED.) ;
#10273=B_SPLINE_SURFACE_WITH_KNOTS('',3,1,((#10274,#10275),(#10276,#10277),(#10278,#10279),(#10280,#10281)),.UNSPECIFIED.,.F.,.F.,.U.,(4,4),(2,2),(0.,4.61460202551),(0.,6.),.UNSPECIFIED.) ;
#10293=B_SPLINE_SURFACE_WITH_KNOTS('',2,1,((#10294,#10295),(#10296,#10297),(#10298,#10299)),.UNSPECIFIED.,.F.,.F.,.U.,(3,3),(2,2),(0.,1.24019859076),(0.,6.),.UNSPECIFIED.) ;
#10311=B_SPLINE_SURFACE_WITH_KNOTS('',3,1,((#10312,#10313),(#10314,#10315),(#10316,#10317),(#10318,#10319)),.UNSPECIFIED.,.F.,.F.,.U.,(4,4),(2,2),(0.,4.61460202551),(0.,6.),.UNSPECIFIED.) ;
#10331=B_SPLINE_SURFACE_WITH_KNOTS('',3,1,((#10332,#10333),(#10334,#10335),(#10336,#10337),(#10338,#10339)),.UNSPECIFIED.,.F.,.F.,.U.,(4,4),(2,2),(0.818180620194,3.01999783819),(0.,6.),.UNSPECIFIED.) ;
#10351=B_SPLINE_SURFACE_WITH_KNOTS('',3,1,((#10352,#10353),(#10354,#10355),(#10356,#10357),(#10358,#10359)),.UNSPECIFIED.,.F.,.F.,.U.,(4,4),(2,2),(0.,4.61460202551),(0.,6.),.UNSPECIFIED.) ;
#10371=B_SPLINE_SURFACE_WITH_KNOTS('',2,1,((#10372,#10373),(#10374,#10375),(#10376,#10377)),.UNSPECIFIED.,.F.,.F.,.U.,(3,3),(2,2),(0.,1.24019859076),(0.,6.),.UNSPECIFIED.) ;
#10389=B_SPLINE_SURFACE_WITH_KNOTS('',3,1,((#10390,#10391),(#10392,#10393),(#10394,#10395),(#10396,#10397)),.UNSPECIFIED.,.F.,.F.,.U.,(4,4),(2,2),(0.,4.61460202551),(0.,6.),.UNSPECIFIED.) ;
#10409=B_SPLINE_SURFACE_WITH_KNOTS('',3,1,((#10410,#10411),(#10412,#10413),(#10414,#10415),(#10416,#10417)),.UNSPECIFIED.,.F.,.F.,.U.,(4,4),(2,2),(0.727270930982,2.92908876188),(0.,6.),.UNSPECIFIED.) ;
#10429=B_SPLINE_SURFACE_WITH_KNOTS('',3,1,((#10430,#10431),(#10432,#10433),(#10434,#10435),(#10436,#10437)),.UNSPECIFIED.,.F.,.F.,.U.,(4,4),(2,2),(0.,4.61460202551),(0.,6.),.UNSPECIFIED.) ;
#10449=B_SPLINE_SURFACE_WITH_KNOTS('',2,1,((#10450,#10451),(#10452,#10453),(#10454,#10455)),.UNSPECIFIED.,.F.,.F.,.U.,(3,3),(2,2),(0.,1.24019859076),(0.,6.),.UNSPECIFIED.) ;
#10467=B_SPLINE_SURFACE_WITH_KNOTS('',3,1,((#10468,#10469),(#10470,#10471),(#10472,#10473),(#10474,#10475)),.UNSPECIFIED.,.F.,.F.,.U.,(4,4),(2,2),(0.,4.61460202551),(0.,6.),.UNSPECIFIED.) ;
#10487=B_SPLINE_SURFACE_WITH_KNOTS('',3,1,((#10488,#10489),(#10490,#10491),(#10492,#10493),(#10494,#10495)),.UNSPECIFIED.,.F.,.F.,.U.,(4,4),(2,2),(0.636361241769,2.83817913195),(0.,6.),.UNSPECIFIED.) ;
#10507=B_SPLINE_SURFACE_WITH_KNOTS('',3,1,((#10508,#10509),(#10510,#10511),(#10512,#10513),(#10514,#10515)),.UNSPECIFIED.,.F.,.F.,.U.,(4,4),(2,2),(0.,4.61460202551),(0.,6.),.UNSPECIFIED.) ;
#10527=B_SPLINE_SURFACE_WITH_KNOTS('',2,1,((#10528,#10529),(#10530,#10531),(#10532,#10533)),.UNSPECIFIED.,.F.,.F.,.U.,(3,3),(2,2),(0.,1.24019859076),(0.,6.),.UNSPECIFIED.) ;
#10545=B_SPLINE_SURFACE_WITH_KNOTS('',3,1,((#10546,#10547),(#10548,#10549),(#10550,#10551),(#10552,#10553)),.UNSPECIFIED.,.F.,.F.,.U.,(4,4),(2,2),(0.,4.61460202551),(0.,6.),.UNSPECIFIED.) ;
#10565=B_SPLINE_SURFACE_WITH_KNOTS('',3,1,((#10566,#10567),(#10568,#10569),(#10570,#10571),(#10572,#10573)),.UNSPECIFIED.,.F.,.F.,.U.,(4,4),(2,2),(0.545451552557,2.74726944755),(0.,6.),.UNSPECIFIED.) ;
#10585=B_SPLINE_SURFACE_WITH_KNOTS('',3,1,((#10586,#10587),(#10588,#10589),(#10590,#10591),(#10592,#10593)),.UNSPECIFIED.,.F.,.F.,.U.,(4,4),(2,2),(0.,4.61460202551),(0.,6.),.UNSPECIFIED.) ;
#10605=B_SPLINE_SURFACE_WITH_KNOTS('',2,1,((#10606,#10607),(#10608,#10609),(#10610,#10611)),.UNSPECIFIED.,.F.,.F.,.U.,(3,3),(2,2),(0.,1.24019859076),(0.,6.),.UNSPECIFIED.) ;
#10623=B_SPLINE_SURFACE_WITH_KNOTS('',3,1,((#10624,#10625),(#10626,#10627),(#10628,#10629),(#10630,#10631)),.UNSPECIFIED.,.F.,.F.,.U.,(4,4),(2,2),(0.,4.61460202551),(0.,6.),.UNSPECIFIED.) ;
#10643=B_SPLINE_SURFACE_WITH_KNOTS('',3,1,((#10644,#10645),(#10646,#10647),(#10648,#10649),(#10650,#10651)),.UNSPECIFIED.,.F.,.F.,.U.,(4,4),(2,2),(0.454541863344,2.65635975864),(0.,6.),.UNSPECIFIED.) ;
#10663=B_SPLINE_SURFACE_WITH_KNOTS('',3,1,((#10664,#10665),(#10666,#10667),(#10668,#10669),(#10670,#10671)),.UNSPECIFIED.,.F.,.F.,.U.,(4,4),(2,2),(0.,4.61460202551),(0.,6.),.UNSPECIFIED.) ;
#10683=B_SPLINE_SURFACE_WITH_KNOTS('',2,1,((#10684,#10685),(#10686,#10687),(#10688,#10689)),.UNSPECIFIED.,.F.,.F.,.U.,(3,3),(2,2),(0.,1.24019859076),(0.,6.),.UNSPECIFIED.) ;
#10701=B_SPLINE_SURFACE_WITH_KNOTS('',3,1,((#10702,#10703),(#10704,#10705),(#10706,#10707),(#10708,#10709)),.UNSPECIFIED.,.F.,.F.,.U.,(4,4),(2,2),(0.,4.61460202551),(0.,6.),.UNSPECIFIED.) ;
#10721=B_SPLINE_SURFACE_WITH_KNOTS('',3,1,((#10722,#10723),(#10724,#10725),(#10726,#10727),(#10728,#10729)),.UNSPECIFIED.,.F.,.F.,.U.,(4,4),(2,2),(0.363632174132,2.56545006882),(0.,6.),.UNSPECIFIED.) ;
#10741=B_SPLINE_SURFACE_WITH_KNOTS('',3,1,((#10742,#10743),(#10744,#10745),(#10746,#10747),(#10748,#10749)),.UNSPECIFIED.,.F.,.F.,.U.,(4,4),(2,2),(0.,4.61460202551),(0.,6.),.UNSPECIFIED.) ;
#10761=B_SPLINE_SURFACE_WITH_KNOTS('',2,1,((#10762,#10763),(#10764,#10765),(#10766,#10767)),.UNSPECIFIED.,.F.,.F.,.U.,(3,3),(2,2),(0.,1.24019859076),(0.,6.),.UNSPECIFIED.) ;
#10779=B_SPLINE_SURFACE_WITH_KNOTS('',3,1,((#10780,#10781),(#10782,#10783),(#10784,#10785),(#10786,#10787)),.UNSPECIFIED.,.F.,.F.,.U.,(4,4),(2,2),(0.,4.61460202551),(0.,6.),.UNSPECIFIED.) ;
#10799=B_SPLINE_SURFACE_WITH_KNOTS('',3,1,((#10800,#10801),(#10802,#10803),(#10804,#10805),(#10806,#10807)),.UNSPECIFIED.,.F.,.F.,.U.,(4,4),(2,2),(0.272722484919,2.47454037249),(0.,6.),.UNSPECIFIED.) ;
#10819=B_SPLINE_SURFACE_WITH_KNOTS('',3,1,((#10820,#10821),(#10822,#10823),(#10824,#10825),(#10826,#10827)),.UNSPECIFIED.,.F.,.F.,.U.,(4,4),(2,2),(0.,4.61460202551),(0.,6.),.UNSPECIFIED.) ;
#10839=B_SPLINE_SURFACE_WITH_KNOTS('',2,1,((#10840,#10841),(#10842,#10843),(#10844,#10845)),.UNSPECIFIED.,.F.,.F.,.U.,(3,3),(2,2),(0.,1.24019859076),(0.,6.),.UNSPECIFIED.) ;
#10857=B_SPLINE_SURFACE_WITH_KNOTS('',3,1,((#10858,#10859),(#10860,#10861),(#10862,#10863),(#10864,#10865)),.UNSPECIFIED.,.F.,.F.,.U.,(4,4),(2,2),(0.,4.61460202551),(0.,6.),.UNSPECIFIED.) ;
#10877=B_SPLINE_SURFACE_WITH_KNOTS('',3,1,((#10878,#10879),(#10880,#10881),(#10882,#10883),(#10884,#10885)),.UNSPECIFIED.,.F.,.F.,.U.,(4,4),(2,2),(0.181812795707,2.38363062276),(0.,6.),.UNSPECIFIED.) ;
#10897=B_SPLINE_SURFACE_WITH_KNOTS('',3,1,((#10898,#10899),(#10900,#10901),(#10902,#10903),(#10904,#10905)),.UNSPECIFIED.,.F.,.F.,.U.,(4,4),(2,2),(0.,4.61460202551),(0.,6.),.UNSPECIFIED.) ;
#10917=B_SPLINE_SURFACE_WITH_KNOTS('',2,1,((#10918,#10919),(#10920,#10921),(#10922,#10923)),.UNSPECIFIED.,.F.,.F.,.U.,(3,3),(2,2),(0.,1.24019859076),(0.,6.),.UNSPECIFIED.) ;
#10935=B_SPLINE_SURFACE_WITH_KNOTS('',3,1,((#10936,#10937),(#10938,#10939),(#10940,#10941),(#10942,#10943)),.UNSPECIFIED.,.F.,.F.,.U.,(4,4),(2,2),(0.,4.61460202551),(0.,6.),.UNSPECIFIED.) ;
#10955=B_SPLINE_SURFACE_WITH_KNOTS('',3,1,((#10956,#10957),(#10958,#10959),(#10960,#10961),(#10962,#10963)),.UNSPECIFIED.,.F.,.F.,.U.,(4,4),(2,2),(0.0909031064944,2.29272084778),(0.,6.),.UNSPECIFIED.) ;
#10975=B_SPLINE_SURFACE_WITH_KNOTS('',3,1,((#10976,#10977),(#10978,#10979),(#10980,#10981),(#10982,#10983)),.UNSPECIFIED.,.F.,.F.,.U.,(4,4),(2,2),(0.,4.61460202551),(0.,6.),.UNSPECIFIED.) ;
#10995=B_SPLINE_SURFACE_WITH_KNOTS('',2,1,((#10996,#10997),(#10998,#10999),(#11000,#11001)),.UNSPECIFIED.,.F.,.F.,.U.,(3,3),(2,2),(0.,1.24019859076),(0.,6.),.UNSPECIFIED.) ;
#11013=B_SPLINE_SURFACE_WITH_KNOTS('',3,1,((#11014,#11015),(#11016,#11017),(#11018,#11019),(#11020,#11021)),.UNSPECIFIED.,.F.,.F.,.U.,(4,4),(2,2),(0.,4.61460202551),(0.,6.),.UNSPECIFIED.) ;
#11033=B_SPLINE_SURFACE_WITH_KNOTS('',2,1,((#11034,#11035),(#11036,#11037),(#11038,#11039)),.UNSPECIFIED.,.F.,.F.,.U.,(3,3),(2,2),(0.,2.20199544504),(0.,6.),.UNSPECIFIED.) ;
#13249=B_SPLINE_SURFACE_WITH_KNOTS('',3,1,((#13250,#13251),(#13252,#13253),(#13254,#13255),(#13256,#13257)),.UNSPECIFIED.,.F.,.F.,.U.,(4,4),(2,2),(0.,3.77936906373),(0.,18.),.UNSPECIFIED.) ;
#13332=B_SPLINE_SURFACE_WITH_KNOTS('',3,1,((#13333,#13334),(#13335,#13336),(#13337,#13338),(#13339,#13340)),.UNSPECIFIED.,.F.,.F.,.U.,(4,4),(2,2),(0.12768324746,3.89341384065),(0.,18.),.UNSPECIFIED.) ;
#13385=B_SPLINE_SURFACE_WITH_KNOTS('',3,1,((#13386,#13387),(#13388,#13389),(#13390,#13391),(#13392,#13393)),.UNSPECIFIED.,.F.,.F.,.U.,(4,4),(2,2),(0.,3.77936906373),(0.,18.),.UNSPECIFIED.) ;
#13438=B_SPLINE_SURFACE_WITH_KNOTS('',3,1,((#13439,#13440),(#13441,#13442),(#13443,#13444),(#13445,#13446)),.UNSPECIFIED.,.F.,.F.,.U.,(4,4),(2,2),(0.12768324746,3.89341384065),(0.,18.),.UNSPECIFIED.) ;
#13491=B_SPLINE_SURFACE_WITH_KNOTS('',3,1,((#13492,#13493),(#13494,#13495),(#13496,#13497),(#13498,#13499)),.UNSPECIFIED.,.F.,.F.,.U.,(4,4),(2,2),(0.,3.77936906373),(0.,18.),.UNSPECIFIED.) ;
#13544=B_SPLINE_SURFACE_WITH_KNOTS('',3,1,((#13545,#13546),(#13547,#13548),(#13549,#13550),(#13551,#13552)),.UNSPECIFIED.,.F.,.F.,.U.,(4,4),(2,2),(0.12768324746,3.89341384065),(0.,18.),.UNSPECIFIED.) ;
#13597=B_SPLINE_SURFACE_WITH_KNOTS('',3,1,((#13598,#13599),(#13600,#13601),(#13602,#13603),(#13604,#13605)),.UNSPECIFIED.,.F.,.F.,.U.,(4,4),(2,2),(0.,3.77936906373),(0.,18.),.UNSPECIFIED.) ;
#13650=B_SPLINE_SURFACE_WITH_KNOTS('',3,1,((#13651,#13652),(#13653,#13654),(#13655,#13656),(#13657,#13658)),.UNSPECIFIED.,.F.,.F.,.U.,(4,4),(2,2),(0.12768324746,3.89341384065),(0.,18.),.UNSPECIFIED.) ;
#13703=B_SPLINE_SURFACE_WITH_KNOTS('',3,1,((#13704,#13705),(#13706,#13707),(#13708,#13709),(#13710,#13711)),.UNSPECIFIED.,.F.,.F.,.U.,(4,4),(2,2),(0.,3.77936906373),(0.,18.),.UNSPECIFIED.) ;
#13756=B_SPLINE_SURFACE_WITH_KNOTS('',3,1,((#13757,#13758),(#13759,#13760),(#13761,#13762),(#13763,#13764)),.UNSPECIFIED.,.F.,.F.,.U.,(4,4),(2,2),(0.12768324746,3.89341384065),(0.,18.),.UNSPECIFIED.) ;
#13809=B_SPLINE_SURFACE_WITH_KNOTS('',3,1,((#13810,#13811),(#13812,#13813),(#13814,#13815),(#13816,#13817)),.UNSPECIFIED.,.F.,.F.,.U.,(4,4),(2,2),(0.,3.77936906373),(0.,18.),.UNSPECIFIED.) ;
#13862=B_SPLINE_SURFACE_WITH_KNOTS('',3,1,((#13863,#13864),(#13865,#13866),(#13867,#13868),(#13869,#13870)),.UNSPECIFIED.,.F.,.F.,.U.,(4,4),(2,2),(0.12768324746,3.89341384065),(0.,18.),.UNSPECIFIED.) ;
#13915=B_SPLINE_SURFACE_WITH_KNOTS('',3,1,((#13916,#13917),(#13918,#13919),(#13920,#13921),(#13922,#13923)),.UNSPECIFIED.,.F.,.F.,.U.,(4,4),(2,2),(0.,3.77936906373),(0.,18.),.UNSPECIFIED.) ;
#13968=B_SPLINE_SURFACE_WITH_KNOTS('',3,1,((#13969,#13970),(#13971,#13972),(#13973,#13974),(#13975,#13976)),.UNSPECIFIED.,.F.,.F.,.U.,(4,4),(2,2),(0.12768324746,3.89341384065),(0.,18.),.UNSPECIFIED.) ;
#14045=B_SPLINE_SURFACE_WITH_KNOTS('',3,1,((#14046,#14047),(#14048,#14049),(#14050,#14051),(#14052,#14053)),.UNSPECIFIED.,.F.,.F.,.U.,(4,4),(2,2),(0.,3.77936906373),(0.,18.),.UNSPECIFIED.) ;
#14098=B_SPLINE_SURFACE_WITH_KNOTS('',3,1,((#14099,#14100),(#14101,#14102),(#14103,#14104),(#14105,#14106)),.UNSPECIFIED.,.F.,.F.,.U.,(4,4),(2,2),(0.12768324746,3.89341384065),(0.,18.),.UNSPECIFIED.) ;
#14151=B_SPLINE_SURFACE_WITH_KNOTS('',3,1,((#14152,#14153),(#14154,#14155),(#14156,#14157),(#14158,#14159)),.UNSPECIFIED.,.F.,.F.,.U.,(4,4),(2,2),(0.,3.77936906373),(0.,18.),.UNSPECIFIED.) ;
#14204=B_SPLINE_SURFACE_WITH_KNOTS('',3,1,((#14205,#14206),(#14207,#14208),(#14209,#14210),(#14211,#14212)),.UNSPECIFIED.,.F.,.F.,.U.,(4,4),(2,2),(0.12768324746,3.89341384065),(0.,18.),.UNSPECIFIED.) ;
#14257=B_SPLINE_SURFACE_WITH_KNOTS('',3,1,((#14258,#14259),(#14260,#14261),(#14262,#14263),(#14264,#14265)),.UNSPECIFIED.,.F.,.F.,.U.,(4,4),(2,2),(0.,3.77936906373),(0.,18.),.UNSPECIFIED.) ;
#14310=B_SPLINE_SURFACE_WITH_KNOTS('',3,1,((#14311,#14312),(#14313,#14314),(#14315,#14316),(#14317,#14318)),.UNSPECIFIED.,.F.,.F.,.U.,(4,4),(2,2),(0.12768324746,3.89341384065),(0.,18.),.UNSPECIFIED.) ;
#14363=B_SPLINE_SURFACE_WITH_KNOTS('',3,1,((#14364,#14365),(#14366,#14367),(#14368,#14369),(#14370,#14371)),.UNSPECIFIED.,.F.,.F.,.U.,(4,4),(2,2),(0.,3.77936906373),(0.,18.),.UNSPECIFIED.) ;
#14416=B_SPLINE_SURFACE_WITH_KNOTS('',3,1,((#14417,#14418),(#14419,#14420),(#14421,#14422),(#14423,#14424)),.UNSPECIFIED.,.F.,.F.,.U.,(4,4),(2,2),(0.12768324746,3.89341384065),(0.,18.),.UNSPECIFIED.) ;
#14469=B_SPLINE_SURFACE_WITH_KNOTS('',3,1,((#14470,#14471),(#14472,#14473),(#14474,#14475),(#14476,#14477)),.UNSPECIFIED.,.F.,.F.,.U.,(4,4),(2,2),(0.,3.77936906373),(0.,18.),.UNSPECIFIED.) ;
#14522=B_SPLINE_SURFACE_WITH_KNOTS('',3,1,((#14523,#14524),(#14525,#14526),(#14527,#14528),(#14529,#14530)),.UNSPECIFIED.,.F.,.F.,.U.,(4,4),(2,2),(0.12768324746,3.89341384065),(0.,18.),.UNSPECIFIED.) ;
#14575=B_SPLINE_SURFACE_WITH_KNOTS('',3,1,((#14576,#14577),(#14578,#14579),(#14580,#14581),(#14582,#14583)),.UNSPECIFIED.,.F.,.F.,.U.,(4,4),(2,2),(0.,3.77936906373),(0.,18.),.UNSPECIFIED.) ;
#14628=B_SPLINE_SURFACE_WITH_KNOTS('',3,1,((#14629,#14630),(#14631,#14632),(#14633,#14634),(#14635,#14636)),.UNSPECIFIED.,.F.,.F.,.U.,(4,4),(2,2),(0.12768324746,3.89341384065),(0.,18.),.UNSPECIFIED.) ;
#1569=MANIFOLD_SOLID_BREP('\X2\00D6\X0\l\X2\00E7\X0\ek1',#62) ;
#2302=MANIFOLD_SOLID_BREP('\X2\00D6\X0\l\X2\00E7\X0\ek1',#1595) ;
#4595=MANIFOLD_SOLID_BREP('\X2\00D6\X0\l\X2\00E7\X0\ek1',#2328) ;
#8211=MANIFOLD_SOLID_BREP('\X2\00D6\X0\l\X2\00E7\X0\ek1',#4621) ;
#11216=MANIFOLD_SOLID_BREP('\X2\00D6\X0\l\X2\00E7\X0\ek1',#8237) ;
#12473=MANIFOLD_SOLID_BREP('\X2\00D6\X0\l\X2\00E7\X0\ek1',#11257) ;
#14788=MANIFOLD_SOLID_BREP('\X2\00D6\X0\l\X2\00E7\X0\ek2',#12634) ;
#11=CALENDAR_DATE(2026,10,5) ;
#33=CC_DESIGN_APPROVAL(#24,(#19,#6,#17)) ;
#21=CC_DESIGN_DATE_AND_TIME_ASSIGNMENT(#13,#20,(#19)) ;
#32=CC_DESIGN_DATE_AND_TIME_ASSIGNMENT(#13,#31,(#17)) ;
#20=DATE_TIME_ROLE('classification_date') ;
#31=DATE_TIME_ROLE('creation_date') ;
#30=CC_DESIGN_PERSON_AND_ORGANIZATION_ASSIGNMENT(#28,#29,(#19)) ;
#36=CC_DESIGN_PERSON_AND_ORGANIZATION_ASSIGNMENT(#28,#37,(#6)) ;
#38=CC_DESIGN_PERSON_AND_ORGANIZATION_ASSIGNMENT(#28,#39,(#6,#17)) ;
#40=CC_DESIGN_PERSON_AND_ORGANIZATION_ASSIGNMENT(#28,#41,(#5)) ;
#29=PERSON_AND_ORGANIZATION_ROLE('classification_officer') ;
#37=PERSON_AND_ORGANIZATION_ROLE('design_supplier') ;
#39=PERSON_AND_ORGANIZATION_ROLE('creator') ;
#41=PERSON_AND_ORGANIZATION_ROLE('design_owner') ;
#42=CC_DESIGN_SECURITY_CLASSIFICATION(#19,(#6,#1572,#2305,#4598,#8214,#11219,#11234,#12476,#12491,#12506,#12521,#12536,#12551,#12566,#12581,#12596,#12611,#14791)) ;
#60=DOCUMENT('1','link.CATPart','CATPart document',#59) ;
#1593=DOCUMENT('2','Base Mounting Bracket.CATPart','CATPart document',#1592) ;
#2326=DOCUMENT('3','Base Plate.CATPart','CATPart document',#2325) ;
#4619=DOCUMENT('4','Gear Link 1.CATPart','CATPart document',#4618) ;
#8235=DOCUMENT('5','Gear Link 2.CATPart','CATPart document',#8234) ;
#11255=DOCUMENT('6','Gripper.CATPart','CATPart document',#11254) ;
#12632=DOCUMENT('7','basegear_farkli.CATPart','CATPart document',#12631) ;
#59=DOCUMENT_TYPE('') ;
#1592=DOCUMENT_TYPE('') ;
#2325=DOCUMENT_TYPE('') ;
#4618=DOCUMENT_TYPE('') ;
#8234=DOCUMENT_TYPE('') ;
#11254=DOCUMENT_TYPE('') ;
#12631=DOCUMENT_TYPE('') ;
#71=CIRCLE('generated circle',#70,3.2) ;
#80=CIRCLE('generated circle',#79,0.2) ;
#87=CIRCLE('generated circle',#86,3.) ;
#94=CIRCLE('generated circle',#93,0.2) ;
#111=CIRCLE('generated circle',#110,6.80000000896) ;
#120=CIRCLE('generated circle',#119,6.80000000075) ;
#127=CIRCLE('generated circle',#126,6.80000000896) ;
#167=CIRCLE('generated circle',#166,6.80000000896) ;
#174=CIRCLE('generated circle',#173,6.80000000075) ;
#181=CIRCLE('generated circle',#180,6.80000000896) ;
#320=CIRCLE('generated circle',#319,3.) ;
#374=CIRCLE('generated circle',#373,7.) ;
#383=CIRCLE('generated circle',#382,0.2) ;
#388=CIRCLE('generated circle',#387,0.2) ;
#405=CIRCLE('generated circle',#404,7.) ;
#412=CIRCLE('generated circle',#411,0.2) ;
#429=CIRCLE('generated circle',#428,7.) ;
#436=CIRCLE('generated circle',#435,0.2) ;
#453=CIRCLE('generated circle',#452,0.2) ;
#460=CIRCLE('generated circle',#459,6.) ;
#477=CIRCLE('generated circle',#476,0.2) ;
#501=CIRCLE('generated circle',#500,0.2) ;
#508=CIRCLE('generated circle',#507,6.) ;
#525=CIRCLE('generated circle',#524,7.) ;
#532=CIRCLE('generated circle',#531,0.2) ;
#549=CIRCLE('generated circle',#548,7.) ;
#556=CIRCLE('generated circle',#555,0.2) ;
#573=CIRCLE('generated circle',#572,7.) ;
#580=CIRCLE('generated circle',#579,0.2) ;
#597=CIRCLE('generated circle',#596,0.2) ;
#604=CIRCLE('generated circle',#603,6.) ;
#628=CIRCLE('generated circle',#627,0.2) ;
#645=CIRCLE('generated circle',#644,6.) ;
#662=CIRCLE('generated circle',#661,0.2) ;
#669=CIRCLE('generated circle',#668,0.2) ;
#676=CIRCLE('generated circle',#675,3.) ;
#693=CIRCLE('generated circle',#692,3.) ;
#733=CIRCLE('generated circle',#732,0.2) ;
#740=CIRCLE('generated circle',#739,3.2) ;
#747=CIRCLE('generated circle',#746,0.2) ;
#797=CIRCLE('generated circle',#796,7.) ;
#821=CIRCLE('generated circle',#820,7.) ;
#845=CIRCLE('generated circle',#844,6.) ;
#926=CIRCLE('generated circle',#925,7.) ;
#979=CIRCLE('generated circle',#978,7.) ;
#1003=CIRCLE('generated circle',#1002,6.) ;
#1051=CIRCLE('generated circle',#1050,6.) ;
#1128=CIRCLE('generated circle',#1127,3.2) ;
#1201=CIRCLE('generated circle',#1200,6.19999999516) ;
#1215=CIRCLE('generated circle',#1214,6.19999999516) ;
#1276=CIRCLE('generated circle',#1275,6.19999999516) ;
#1290=CIRCLE('generated circle',#1289,6.19999999516) ;
#1309=CIRCLE('generated circle',#1308,3.19999999925) ;
#1318=CIRCLE('generated circle',#1317,3.19999999925) ;
#1337=CIRCLE('generated circle',#1336,0.2) ;
#1342=CIRCLE('generated circle',#1341,0.2) ;
#1359=CIRCLE('generated circle',#1358,0.2) ;
#1376=CIRCLE('generated circle',#1375,0.2) ;
#1393=CIRCLE('generated circle',#1392,0.2) ;
#1410=CIRCLE('generated circle',#1409,0.2) ;
#1427=CIRCLE('generated circle',#1426,0.2) ;
#1444=CIRCLE('generated circle',#1443,0.2) ;
#1461=CIRCLE('generated circle',#1460,0.2) ;
#1478=CIRCLE('generated circle',#1477,0.2) ;
#1495=CIRCLE('generated circle',#1494,0.2) ;
#1543=CIRCLE('generated circle',#1542,0.2) ;
#1548=CIRCLE('generated circle',#1547,0.2) ;
#1604=CIRCLE('generated circle',#1603,1.5) ;
#1620=CIRCLE('generated circle',#1619,1.5) ;
#1718=CIRCLE('generated circle',#1717,1.5) ;
#1733=CIRCLE('generated circle',#1732,1.5) ;
#1759=CIRCLE('generated circle',#1758,5.99999999989) ;
#1773=CIRCLE('generated circle',#1772,5.99999999989) ;
#1875=CIRCLE('generated circle',#1874,5.5) ;
#1880=CIRCLE('generated circle',#1879,5.5) ;
#1940=CIRCLE('generated circle',#1939,1.5) ;
#1945=CIRCLE('generated circle',#1944,1.5) ;
#1986=CIRCLE('generated circle',#1985,5.99999999989) ;
#2000=CIRCLE('generated circle',#1999,5.99999999989) ;
#2020=CIRCLE('generated circle',#2019,3.) ;
#2029=CIRCLE('generated circle',#2028,3.) ;
#2038=CIRCLE('generated circle',#2037,3.) ;
#2047=CIRCLE('generated circle',#2046,3.) ;
#2093=CIRCLE('generated circle',#2092,5.99999999989) ;
#2107=CIRCLE('generated circle',#2106,5.99999999989) ;
#2120=CIRCLE('generated circle',#2119,3.) ;
#2129=CIRCLE('generated circle',#2128,3.) ;
#2138=CIRCLE('generated circle',#2137,3.) ;
#2147=CIRCLE('generated circle',#2146,3.) ;
#2337=CIRCLE('generated circle',#2336,27.) ;
#2353=CIRCLE('generated circle',#2352,27.) ;
#2723=CIRCLE('generated circle',#2722,23.9999999995) ;
#2777=CIRCLE('generated circle',#2776,10.9727510949) ;
#2791=CIRCLE('generated circle',#2790,10.9999999995) ;
#2836=CIRCLE('generated circle',#2835,23.999999921) ;
#3075=CIRCLE('generated circle',#3074,10.9999999981) ;
#3089=CIRCLE('generated circle',#3088,10.9727510877) ;
#3130=CIRCLE('generated circle',#3129,27.) ;
#3425=CIRCLE('generated circle',#3424,23.9999999995) ;
#3432=CIRCLE('generated circle',#3431,23.999999921) ;
#3477=CIRCLE('generated circle',#3476,10.9999999995) ;
#3491=CIRCLE('generated circle',#3490,10.9727510949) ;
#3845=CIRCLE('generated circle',#3844,10.9999999981) ;
#3852=CIRCLE('generated circle',#3851,10.9727510877) ;
#4630=CIRCLE('generated circle',#4629,3.) ;
#4646=CIRCLE('generated circle',#4645,3.) ;
#4670=CIRCLE('generated circle',#4669,24.1799987248) ;
#4689=CIRCLE('generated circle',#4688,28.5000015194) ;
#4706=CIRCLE('generated circle',#4705,24.1799995753) ;
#4723=CIRCLE('generated circle',#4722,28.5000025848) ;
#4740=CIRCLE('generated circle',#4739,24.1800001674) ;
#4757=CIRCLE('generated circle',#4756,28.5000025848) ;
#4774=CIRCLE('generated circle',#4773,24.1800003498) ;
#4791=CIRCLE('generated circle',#4790,28.5000015194) ;
#4808=CIRCLE('generated circle',#4807,24.1800003316) ;
#4825=CIRCLE('generated circle',#4824,28.5000007462) ;
#4842=CIRCLE('generated circle',#4841,24.1799998094) ;
#4859=CIRCLE('generated circle',#4858,28.5000007462) ;
#4876=CIRCLE('generated circle',#4875,24.1799987248) ;
#4893=CIRCLE('generated circle',#4892,28.5000015194) ;
#4910=CIRCLE('generated circle',#4909,24.1799995753) ;
#4927=CIRCLE('generated circle',#4926,28.5000025848) ;
#4944=CIRCLE('generated circle',#4943,24.1800001674) ;
#4961=CIRCLE('generated circle',#4960,28.5000025848) ;
#4978=CIRCLE('generated circle',#4977,24.1800003498) ;
#4995=CIRCLE('generated circle',#4994,28.5000015194) ;
#5012=CIRCLE('generated circle',#5011,24.1800003316) ;
#5029=CIRCLE('generated circle',#5028,28.5000007462) ;
#5046=CIRCLE('generated circle',#5045,24.1799998094) ;
#5053=CIRCLE('generated circle',#5052,24.1799998094) ;
#5070=CIRCLE('generated circle',#5069,28.5000007462) ;
#5087=CIRCLE('generated circle',#5086,24.1799987248) ;
#5104=CIRCLE('generated circle',#5103,28.5000015194) ;
#5121=CIRCLE('generated circle',#5120,24.1799995753) ;
#5138=CIRCLE('generated circle',#5137,28.5000025848) ;
#5155=CIRCLE('generated circle',#5154,24.1800001674) ;
#5172=CIRCLE('generated circle',#5171,28.5000025848) ;
#5189=CIRCLE('generated circle',#5188,24.1800003498) ;
#5206=CIRCLE('generated circle',#5205,28.5000015194) ;
#5230=CIRCLE('generated circle',#5229,8.) ;
#5254=CIRCLE('generated circle',#5253,28.5000015194) ;
#5271=CIRCLE('generated circle',#5270,24.1799995753) ;
#5288=CIRCLE('generated circle',#5287,28.5000025848) ;
#5305=CIRCLE('generated circle',#5304,24.1800001674) ;
#5322=CIRCLE('generated circle',#5321,28.5000025848) ;
#5339=CIRCLE('generated circle',#5338,24.1800003498) ;
#5356=CIRCLE('generated circle',#5355,28.5000015194) ;
#5373=CIRCLE('generated circle',#5372,24.1800003316) ;
#5390=CIRCLE('generated circle',#5389,28.5000007462) ;
#5407=CIRCLE('generated circle',#5406,24.1799961495) ;
#5414=CIRCLE('generated circle',#5413,24.1800015114) ;
#5431=CIRCLE('generated circle',#5430,28.5000007462) ;
#5540=CIRCLE('generated circle',#5539,3.) ;
#5549=CIRCLE('generated circle',#5548,3.) ;
#5558=CIRCLE('generated circle',#5557,3.) ;
#5573=CIRCLE('generated circle',#5572,3.) ;
#5590=CIRCLE('generated circle',#5589,24.1799987248) ;
#5609=CIRCLE('generated circle',#5608,28.5000007462) ;
#5626=CIRCLE('generated circle',#5625,24.1800015114) ;
#5633=CIRCLE('generated circle',#5632,24.1799961495) ;
#5650=CIRCLE('generated circle',#5649,28.5000007462) ;
#5667=CIRCLE('generated circle',#5666,24.1800003316) ;
#5684=CIRCLE('generated circle',#5683,28.5000015194) ;
#5701=CIRCLE('generated circle',#5700,24.1800003498) ;
#5718=CIRCLE('generated circle',#5717,28.5000025848) ;
#5735=CIRCLE('generated circle',#5734,24.1800001674) ;
#5752=CIRCLE('generated circle',#5751,28.5000025848) ;
#5769=CIRCLE('generated circle',#5768,24.1799995753) ;
#5786=CIRCLE('generated circle',#5785,28.5000015194) ;
#5810=CIRCLE('generated circle',#5809,8.) ;
#5834=CIRCLE('generated circle',#5833,28.5000015194) ;
#5851=CIRCLE('generated circle',#5850,24.1800003498) ;
#5868=CIRCLE('generated circle',#5867,28.5000025848) ;
#5885=CIRCLE('generated circle',#5884,24.1800001674) ;
#5902=CIRCLE('generated circle',#5901,28.5000025848) ;
#5919=CIRCLE('generated circle',#5918,24.1799995753) ;
#5936=CIRCLE('generated circle',#5935,28.5000015194) ;
#5953=CIRCLE('generated circle',#5952,24.1799987248) ;
#5970=CIRCLE('generated circle',#5969,28.5000007462) ;
#5987=CIRCLE('generated circle',#5986,24.1799998094) ;
#5994=CIRCLE('generated circle',#5993,24.1799998094) ;
#6011=CIRCLE('generated circle',#6010,28.5000007462) ;
#6028=CIRCLE('generated circle',#6027,24.1800003316) ;
#6045=CIRCLE('generated circle',#6044,28.5000015194) ;
#6062=CIRCLE('generated circle',#6061,24.1800003498) ;
#6079=CIRCLE('generated circle',#6078,28.5000025848) ;
#6096=CIRCLE('generated circle',#6095,24.1800001674) ;
#6113=CIRCLE('generated circle',#6112,28.5000025848) ;
#6130=CIRCLE('generated circle',#6129,24.1799995753) ;
#6147=CIRCLE('generated circle',#6146,28.5000015194) ;
#6164=CIRCLE('generated circle',#6163,24.1799987248) ;
#6181=CIRCLE('generated circle',#6180,28.5000007462) ;
#6198=CIRCLE('generated circle',#6197,24.1799998094) ;
#6215=CIRCLE('generated circle',#6214,28.5000007462) ;
#6232=CIRCLE('generated circle',#6231,24.1800003316) ;
#6249=CIRCLE('generated circle',#6248,28.5000015194) ;
#6266=CIRCLE('generated circle',#6265,24.1800003498) ;
#6283=CIRCLE('generated circle',#6282,28.5000025848) ;
#6300=CIRCLE('generated circle',#6299,24.1800001674) ;
#6317=CIRCLE('generated circle',#6316,28.5000025848) ;
#6334=CIRCLE('generated circle',#6333,24.1799995753) ;
#6351=CIRCLE('generated circle',#6350,28.5000015194) ;
#6460=CIRCLE('generated circle',#6459,3.) ;
#6469=CIRCLE('generated circle',#6468,3.) ;
#8246=CIRCLE('generated circle',#8245,3.) ;
#8262=CIRCLE('generated circle',#8261,3.) ;
#8286=CIRCLE('generated circle',#8285,2.00000031557) ;
#8347=CIRCLE('generated circle',#8346,2.00000000041) ;
#8354=CIRCLE('generated circle',#8353,2.00000000041) ;
#8912=CIRCLE('generated circle',#8911,1.99999999598) ;
#9177=CIRCLE('generated circle',#9176,3.) ;
#9194=CIRCLE('generated circle',#9193,2.00000031557) ;
#9210=CIRCLE('generated circle',#9209,1.99999999598) ;
#9768=CIRCLE('generated circle',#9767,2.00000000041) ;
#9775=CIRCLE('generated circle',#9774,2.00000000041) ;
#11266=CIRCLE('generated circle',#11265,3.) ;
#11282=CIRCLE('generated circle',#11281,3.) ;
#11306=CIRCLE('generated circle',#11305,1.99999999761) ;
#11322=CIRCLE('generated circle',#11321,2.00000001485) ;
#11329=CIRCLE('generated circle',#11328,2.00000006563) ;
#11467=CIRCLE('generated circle',#11466,1.99999999945) ;
#11650=CIRCLE('generated circle',#11649,3.) ;
#11667=CIRCLE('generated circle',#11666,1.99999999761) ;
#11738=CIRCLE('generated circle',#11737,1.99999999945) ;
#11876=CIRCLE('generated circle',#11875,2.00000006563) ;
#11883=CIRCLE('generated circle',#11882,2.00000001485) ;
#12658=CIRCLE('generated circle',#12657,13.5000003623) ;
#12665=CIRCLE('generated circle',#12664,13.4999998363) ;
#12685=CIRCLE('generated circle',#12684,16.9999999344) ;
#12705=CIRCLE('generated circle',#12704,13.4999998704) ;
#12725=CIRCLE('generated circle',#12724,17.0000010726) ;
#12745=CIRCLE('generated circle',#12744,13.4999998909) ;
#12765=CIRCLE('generated circle',#12764,16.999999742) ;
#12785=CIRCLE('generated circle',#12784,13.4999999701) ;
#12805=CIRCLE('generated circle',#12804,16.999999446) ;
#12825=CIRCLE('generated circle',#12824,13.4999999726) ;
#12845=CIRCLE('generated circle',#12844,16.9999997557) ;
#12865=CIRCLE('generated circle',#12864,13.499999979) ;
#12885=CIRCLE('generated circle',#12884,16.9999999031) ;
#12905=CIRCLE('generated circle',#12904,13.5000000392) ;
#12925=CIRCLE('generated circle',#12924,16.999999948) ;
#12932=CIRCLE('generated circle',#12931,16.999999948) ;
#12952=CIRCLE('generated circle',#12951,13.5000000645) ;
#12972=CIRCLE('generated circle',#12971,17.0000004873) ;
#12992=CIRCLE('generated circle',#12991,13.5000002017) ;
#13012=CIRCLE('generated circle',#13011,17.0000000318) ;
#13032=CIRCLE('generated circle',#13031,13.5000000949) ;
#13052=CIRCLE('generated circle',#13051,17.0000004441) ;
#13072=CIRCLE('generated circle',#13071,13.4999998948) ;
#13092=CIRCLE('generated circle',#13091,17.0000006049) ;
#13112=CIRCLE('generated circle',#13111,13.5000000009) ;
#13132=CIRCLE('generated circle',#13131,16.9999986863) ;
#13152=CIRCLE('generated circle',#13151,13.5000000212) ;
#13172=CIRCLE('generated circle',#13171,16.999999933) ;
#13233=CIRCLE('generated circle',#13232,3.) ;
#13242=CIRCLE('generated circle',#13241,3.) ;
#13299=CIRCLE('generated circle',#13298,13.5) ;
#13323=CIRCLE('generated circle',#13322,13.5) ;
#13376=CIRCLE('generated circle',#13375,17.) ;
#13429=CIRCLE('generated circle',#13428,13.5) ;
#13482=CIRCLE('generated circle',#13481,17.) ;
#13535=CIRCLE('generated circle',#13534,13.5) ;
#13588=CIRCLE('generated circle',#13587,17.) ;
#13641=CIRCLE('generated circle',#13640,13.5) ;
#13694=CIRCLE('generated circle',#13693,17.) ;
#13747=CIRCLE('generated circle',#13746,13.5) ;
#13800=CIRCLE('generated circle',#13799,17.) ;
#13853=CIRCLE('generated circle',#13852,13.5) ;
#13906=CIRCLE('generated circle',#13905,17.) ;
#13959=CIRCLE('generated circle',#13958,13.5) ;
#14012=CIRCLE('generated circle',#14011,17.) ;
#14036=CIRCLE('generated circle',#14035,17.) ;
#14089=CIRCLE('generated circle',#14088,13.5) ;
#14142=CIRCLE('generated circle',#14141,17.) ;
#14195=CIRCLE('generated circle',#14194,13.5) ;
#14248=CIRCLE('generated circle',#14247,17.) ;
#14301=CIRCLE('generated circle',#14300,13.5) ;
#14354=CIRCLE('generated circle',#14353,17.) ;
#14407=CIRCLE('generated circle',#14406,13.5) ;
#14460=CIRCLE('generated circle',#14459,17.) ;
#14513=CIRCLE('generated circle',#14512,13.5) ;
#14566=CIRCLE('generated circle',#14565,17.) ;
#14619=CIRCLE('generated circle',#14618,13.5) ;
#14665=CIRCLE('generated circle',#14664,17.) ;
#14682=CIRCLE('generated circle',#14681,3.) ;
#14713=CIRCLE('generated circle',#14712,3.) ;
#1574=CONTEXT_DEPENDENT_SHAPE_REPRESENTATION(#1575,#1573) ;
#2307=CONTEXT_DEPENDENT_SHAPE_REPRESENTATION(#2308,#2306) ;
#4600=CONTEXT_DEPENDENT_SHAPE_REPRESENTATION(#4601,#4599) ;
#8216=CONTEXT_DEPENDENT_SHAPE_REPRESENTATION(#8217,#8215) ;
#11221=CONTEXT_DEPENDENT_SHAPE_REPRESENTATION(#11222,#11220) ;
#11236=CONTEXT_DEPENDENT_SHAPE_REPRESENTATION(#11237,#11235) ;
#12478=CONTEXT_DEPENDENT_SHAPE_REPRESENTATION(#12479,#12477) ;
#12493=CONTEXT_DEPENDENT_SHAPE_REPRESENTATION(#12494,#12492) ;
#12508=CONTEXT_DEPENDENT_SHAPE_REPRESENTATION(#12509,#12507) ;
#12523=CONTEXT_DEPENDENT_SHAPE_REPRESENTATION(#12524,#12522) ;
#12538=CONTEXT_DEPENDENT_SHAPE_REPRESENTATION(#12539,#12537) ;
#12553=CONTEXT_DEPENDENT_SHAPE_REPRESENTATION(#12554,#12552) ;
#12568=CONTEXT_DEPENDENT_SHAPE_REPRESENTATION(#12569,#12567) ;
#12583=CONTEXT_DEPENDENT_SHAPE_REPRESENTATION(#12584,#12582) ;
#12598=CONTEXT_DEPENDENT_SHAPE_REPRESENTATION(#12599,#12597) ;
#12613=CONTEXT_DEPENDENT_SHAPE_REPRESENTATION(#12614,#12612) ;
#14793=CONTEXT_DEPENDENT_SHAPE_REPRESENTATION(#14794,#14792) ;
#1571=SHAPE_REPRESENTATION_RELATIONSHIP(' ',' ',#54,#1570) ;
#2304=SHAPE_REPRESENTATION_RELATIONSHIP(' ',' ',#1587,#2303) ;
#4597=SHAPE_REPRESENTATION_RELATIONSHIP(' ',' ',#2320,#4596) ;
#8213=SHAPE_REPRESENTATION_RELATIONSHIP(' ',' ',#4613,#8212) ;
#11218=SHAPE_REPRESENTATION_RELATIONSHIP(' ',' ',#8229,#11217) ;
#12475=SHAPE_REPRESENTATION_RELATIONSHIP(' ',' ',#11249,#12474) ;
#14790=SHAPE_REPRESENTATION_RELATIONSHIP(' ',' ',#12626,#14789) ;
#333=CYLINDRICAL_SURFACE('generated cylinder',#332,3.) ;
#473=CYLINDRICAL_SURFACE('generated cylinder',#472,0.2) ;
#617=CYLINDRICAL_SURFACE('generated cylinder',#616,0.2) ;
#706=CYLINDRICAL_SURFACE('generated cylinder',#705,3.) ;
#760=CYLINDRICAL_SURFACE('generated cylinder',#759,7.) ;
#793=CYLINDRICAL_SURFACE('generated cylinder',#792,7.) ;
#817=CYLINDRICAL_SURFACE('generated cylinder',#816,7.) ;
#841=CYLINDRICAL_SURFACE('generated cylinder',#840,6.) ;
#889=CYLINDRICAL_SURFACE('generated cylinder',#888,6.) ;
#915=CYLINDRICAL_SURFACE('generated cylinder',#914,7.) ;
#939=CYLINDRICAL_SURFACE('generated cylinder',#938,7.) ;
#975=CYLINDRICAL_SURFACE('generated cylinder',#974,7.) ;
#999=CYLINDRICAL_SURFACE('generated cylinder',#998,6.) ;
#1047=CYLINDRICAL_SURFACE('generated cylinder',#1046,6.) ;
#1064=CYLINDRICAL_SURFACE('generated cylinder',#1063,3.) ;
#1101=CYLINDRICAL_SURFACE('generated cylinder',#1100,3.) ;
#1406=CYLINDRICAL_SURFACE('generated cylinder',#1405,0.2) ;
#1508=CYLINDRICAL_SURFACE('generated cylinder',#1507,0.2) ;
#1600=CYLINDRICAL_SURFACE('generated cylinder',#1599,1.5) ;
#1729=CYLINDRICAL_SURFACE('generated cylinder',#1728,1.5) ;
#1828=CYLINDRICAL_SURFACE('generated cylinder',#1827,6.) ;
#1862=CYLINDRICAL_SURFACE('generated cylinder',#1861,5.5) ;
#1915=CYLINDRICAL_SURFACE('generated cylinder',#1914,6.) ;
#1927=CYLINDRICAL_SURFACE('generated cylinder',#1926,1.5) ;
#2175=CYLINDRICAL_SURFACE('generated cylinder',#2174,6.) ;
#2209=CYLINDRICAL_SURFACE('generated cylinder',#2208,6.) ;
#2238=CYLINDRICAL_SURFACE('generated cylinder',#2237,3.) ;
#2260=CYLINDRICAL_SURFACE('generated cylinder',#2259,3.) ;
#2272=CYLINDRICAL_SURFACE('generated cylinder',#2271,3.) ;
#2294=CYLINDRICAL_SURFACE('generated cylinder',#2293,3.) ;
#2333=CYLINDRICAL_SURFACE('generated cylinder',#2332,27.) ;
#3119=CYLINDRICAL_SURFACE('generated cylinder',#3118,27.) ;
#3873=CYLINDRICAL_SURFACE('generated cylinder',#3872,11.) ;
#3890=CYLINDRICAL_SURFACE('generated cylinder',#3889,6.) ;
#3929=CYLINDRICAL_SURFACE('generated cylinder',#3928,6.) ;
#3963=CYLINDRICAL_SURFACE('generated cylinder',#3962,6.) ;
#3997=CYLINDRICAL_SURFACE('generated cylinder',#3996,6.) ;
#4031=CYLINDRICAL_SURFACE('generated cylinder',#4030,6.) ;
#4065=CYLINDRICAL_SURFACE('generated cylinder',#4064,6.) ;
#4099=CYLINDRICAL_SURFACE('generated cylinder',#4098,6.) ;
#4133=CYLINDRICAL_SURFACE('generated cylinder',#4132,6.) ;
#4162=CYLINDRICAL_SURFACE('generated cylinder',#4161,3.) ;
#4184=CYLINDRICAL_SURFACE('generated cylinder',#4183,3.) ;
#4196=CYLINDRICAL_SURFACE('generated cylinder',#4195,3.) ;
#4218=CYLINDRICAL_SURFACE('generated cylinder',#4217,3.) ;
#4230=CYLINDRICAL_SURFACE('generated cylinder',#4229,3.) ;
#4252=CYLINDRICAL_SURFACE('generated cylinder',#4251,3.) ;
#4264=CYLINDRICAL_SURFACE('generated cylinder',#4263,24.) ;
#4286=CYLINDRICAL_SURFACE('generated cylinder',#4285,8.78140389626) ;
#4303=CYLINDRICAL_SURFACE('generated cylinder',#4302,8.78140389626) ;
#4337=CYLINDRICAL_SURFACE('generated cylinder',#4336,10.9727510887) ;
#4371=CYLINDRICAL_SURFACE('generated cylinder',#4370,11.) ;
#4388=CYLINDRICAL_SURFACE('generated cylinder',#4387,4.) ;
#4405=CYLINDRICAL_SURFACE('generated cylinder',#4404,4.) ;
#4422=CYLINDRICAL_SURFACE('generated cylinder',#4421,24.) ;
#4434=CYLINDRICAL_SURFACE('generated cylinder',#4433,3.) ;
#4456=CYLINDRICAL_SURFACE('generated cylinder',#4455,3.) ;
#4468=CYLINDRICAL_SURFACE('generated cylinder',#4467,17.) ;
#4490=CYLINDRICAL_SURFACE('generated cylinder',#4489,17.) ;
#4502=CYLINDRICAL_SURFACE('generated cylinder',#4501,3.) ;
#4524=CYLINDRICAL_SURFACE('generated cylinder',#4523,3.) ;
#4536=CYLINDRICAL_SURFACE('generated cylinder',#4535,3.) ;
#4558=CYLINDRICAL_SURFACE('generated cylinder',#4557,3.) ;
#4587=CYLINDRICAL_SURFACE('generated cylinder',#4586,10.9727510887) ;
#4626=CYLINDRICAL_SURFACE('generated cylinder',#4625,3.) ;
#5569=CYLINDRICAL_SURFACE('generated cylinder',#5568,3.) ;
#6484=CYLINDRICAL_SURFACE('generated cylinder',#6483,24.18) ;
#6526=CYLINDRICAL_SURFACE('generated cylinder',#6525,28.5) ;
#6563=CYLINDRICAL_SURFACE('generated cylinder',#6562,24.18) ;
#6600=CYLINDRICAL_SURFACE('generated cylinder',#6599,28.5) ;
#6637=CYLINDRICAL_SURFACE('generated cylinder',#6636,24.18) ;
#6674=CYLINDRICAL_SURFACE('generated cylinder',#6673,28.5) ;
#6711=CYLINDRICAL_SURFACE('generated cylinder',#6710,24.18) ;
#6748=CYLINDRICAL_SURFACE('generated cylinder',#6747,28.5) ;
#6785=CYLINDRICAL_SURFACE('generated cylinder',#6784,24.18) ;
#6822=CYLINDRICAL_SURFACE('generated cylinder',#6821,28.5) ;
#6859=CYLINDRICAL_SURFACE('generated cylinder',#6858,24.18) ;
#6896=CYLINDRICAL_SURFACE('generated cylinder',#6895,28.5) ;
#6933=CYLINDRICAL_SURFACE('generated cylinder',#6932,24.18) ;
#6970=CYLINDRICAL_SURFACE('generated cylinder',#6969,28.5) ;
#7007=CYLINDRICAL_SURFACE('generated cylinder',#7006,24.18) ;
#7044=CYLINDRICAL_SURFACE('generated cylinder',#7043,28.5) ;
#7081=CYLINDRICAL_SURFACE('generated cylinder',#7080,24.18) ;
#7118=CYLINDRICAL_SURFACE('generated cylinder',#7117,28.5) ;
#7155=CYLINDRICAL_SURFACE('generated cylinder',#7154,24.18) ;
#7192=CYLINDRICAL_SURFACE('generated cylinder',#7191,28.5) ;
#7229=CYLINDRICAL_SURFACE('generated cylinder',#7228,24.18) ;
#7266=CYLINDRICAL_SURFACE('generated cylinder',#7265,28.5) ;
#7303=CYLINDRICAL_SURFACE('generated cylinder',#7302,24.18) ;
#7320=CYLINDRICAL_SURFACE('generated cylinder',#7319,24.18) ;
#7357=CYLINDRICAL_SURFACE('generated cylinder',#7356,28.5) ;
#7394=CYLINDRICAL_SURFACE('generated cylinder',#7393,24.18) ;
#7431=CYLINDRICAL_SURFACE('generated cylinder',#7430,28.5) ;
#7468=CYLINDRICAL_SURFACE('generated cylinder',#7467,24.18) ;
#7505=CYLINDRICAL_SURFACE('generated cylinder',#7504,28.5) ;
#7542=CYLINDRICAL_SURFACE('generated cylinder',#7541,24.18) ;
#7579=CYLINDRICAL_SURFACE('generated cylinder',#7578,28.5) ;
#7616=CYLINDRICAL_SURFACE('generated cylinder',#7615,24.18) ;
#7653=CYLINDRICAL_SURFACE('generated cylinder',#7652,28.5) ;
#7707=CYLINDRICAL_SURFACE('generated cylinder',#7706,8.) ;
#7761=CYLINDRICAL_SURFACE('generated cylinder',#7760,28.5) ;
#7798=CYLINDRICAL_SURFACE('generated cylinder',#7797,24.18) ;
#7835=CYLINDRICAL_SURFACE('generated cylinder',#7834,28.5) ;
#7872=CYLINDRICAL_SURFACE('generated cylinder',#7871,24.18) ;
#7909=CYLINDRICAL_SURFACE('generated cylinder',#7908,28.5) ;
#7946=CYLINDRICAL_SURFACE('generated cylinder',#7945,24.18) ;
#7983=CYLINDRICAL_SURFACE('generated cylinder',#7982,28.5) ;
#8020=CYLINDRICAL_SURFACE('generated cylinder',#8019,24.18) ;
#8057=CYLINDRICAL_SURFACE('generated cylinder',#8056,28.5) ;
#8094=CYLINDRICAL_SURFACE('generated cylinder',#8093,24.18) ;
#8111=CYLINDRICAL_SURFACE('generated cylinder',#8110,24.18) ;
#8148=CYLINDRICAL_SURFACE('generated cylinder',#8147,28.5) ;
#8181=CYLINDRICAL_SURFACE('generated cylinder',#8180,2.99999999937) ;
#8203=CYLINDRICAL_SURFACE('generated cylinder',#8202,2.99999999937) ;
#8242=CYLINDRICAL_SURFACE('generated cylinder',#8241,3.) ;
#9173=CYLINDRICAL_SURFACE('generated cylinder',#9172,3.) ;
#10058=CYLINDRICAL_SURFACE('generated cylinder',#10057,2.) ;
#10080=CYLINDRICAL_SURFACE('generated cylinder',#10079,8.) ;
#10097=CYLINDRICAL_SURFACE('generated cylinder',#10096,2.) ;
#10114=CYLINDRICAL_SURFACE('generated cylinder',#10113,2.) ;
#10148=CYLINDRICAL_SURFACE('generated cylinder',#10147,2.) ;
#10165=CYLINDRICAL_SURFACE('generated cylinder',#10164,2.) ;
#10182=CYLINDRICAL_SURFACE('generated cylinder',#10181,26.) ;
#11055=CYLINDRICAL_SURFACE('generated cylinder',#11054,26.) ;
#11072=CYLINDRICAL_SURFACE('generated cylinder',#11071,26.) ;
#11089=CYLINDRICAL_SURFACE('generated cylinder',#11088,2.) ;
#11118=CYLINDRICAL_SURFACE('generated cylinder',#11117,3.) ;
#11140=CYLINDRICAL_SURFACE('generated cylinder',#11139,3.) ;
#11152=CYLINDRICAL_SURFACE('generated cylinder',#11151,3.) ;
#11174=CYLINDRICAL_SURFACE('generated cylinder',#11173,3.) ;
#11186=CYLINDRICAL_SURFACE('generated cylinder',#11185,3.) ;
#11208=CYLINDRICAL_SURFACE('generated cylinder',#11207,3.) ;
#11262=CYLINDRICAL_SURFACE('generated cylinder',#11261,3.) ;
#11646=CYLINDRICAL_SURFACE('generated cylinder',#11645,3.) ;
#11984=CYLINDRICAL_SURFACE('generated cylinder',#11983,2.) ;
#12023=CYLINDRICAL_SURFACE('generated cylinder',#12022,2.) ;
#12040=CYLINDRICAL_SURFACE('generated cylinder',#12039,2.) ;
#12261=CYLINDRICAL_SURFACE('generated cylinder',#12260,2.) ;
#12295=CYLINDRICAL_SURFACE('generated cylinder',#12294,2.) ;
#12312=CYLINDRICAL_SURFACE('generated cylinder',#12311,2.) ;
#12346=CYLINDRICAL_SURFACE('generated cylinder',#12345,2.) ;
#12380=CYLINDRICAL_SURFACE('generated cylinder',#12379,10.) ;
#12414=CYLINDRICAL_SURFACE('generated cylinder',#12413,2.) ;
#12443=CYLINDRICAL_SURFACE('generated cylinder',#12442,3.) ;
#12465=CYLINDRICAL_SURFACE('generated cylinder',#12464,3.) ;
#13288=CYLINDRICAL_SURFACE('generated cylinder',#13287,13.5) ;
#13312=CYLINDRICAL_SURFACE('generated cylinder',#13311,13.5) ;
#13365=CYLINDRICAL_SURFACE('generated cylinder',#13364,17.) ;
#13418=CYLINDRICAL_SURFACE('generated cylinder',#13417,13.5) ;
#13471=CYLINDRICAL_SURFACE('generated cylinder',#13470,17.) ;
#13524=CYLINDRICAL_SURFACE('generated cylinder',#13523,13.5) ;
#13577=CYLINDRICAL_SURFACE('generated cylinder',#13576,17.) ;
#13630=CYLINDRICAL_SURFACE('generated cylinder',#13629,13.5) ;
#13683=CYLINDRICAL_SURFACE('generated cylinder',#13682,17.) ;
#13736=CYLINDRICAL_SURFACE('generated cylinder',#13735,13.5) ;
#13789=CYLINDRICAL_SURFACE('generated cylinder',#13788,17.) ;
#13842=CYLINDRICAL_SURFACE('generated cylinder',#13841,13.5) ;
#13895=CYLINDRICAL_SURFACE('generated cylinder',#13894,17.) ;
#13948=CYLINDRICAL_SURFACE('generated cylinder',#13947,13.5) ;
#14001=CYLINDRICAL_SURFACE('generated cylinder',#14000,17.) ;
#14025=CYLINDRICAL_SURFACE('generated cylinder',#14024,17.) ;
#14078=CYLINDRICAL_SURFACE('generated cylinder',#14077,13.5) ;
#14131=CYLINDRICAL_SURFACE('generated cylinder',#14130,17.) ;
#14184=CYLINDRICAL_SURFACE('generated cylinder',#14183,13.5) ;
#14237=CYLINDRICAL_SURFACE('generated cylinder',#14236,17.) ;
#14290=CYLINDRICAL_SURFACE('generated cylinder',#14289,13.5) ;
#14343=CYLINDRICAL_SURFACE('generated cylinder',#14342,17.) ;
#14396=CYLINDRICAL_SURFACE('generated cylinder',#14395,13.5) ;
#14449=CYLINDRICAL_SURFACE('generated cylinder',#14448,17.) ;
#14502=CYLINDRICAL_SURFACE('generated cylinder',#14501,13.5) ;
#14555=CYLINDRICAL_SURFACE('generated cylinder',#14554,17.) ;
#14608=CYLINDRICAL_SURFACE('generated cylinder',#14607,13.5) ;
#14661=CYLINDRICAL_SURFACE('generated cylinder',#14660,17.) ;
#14678=CYLINDRICAL_SURFACE('generated cylinder',#14677,3.) ;
#14709=CYLINDRICAL_SURFACE('generated cylinder',#14708,3.) ;
#67=TOROIDAL_SURFACE('homeo Torus',#66,3.2,0.2) ;
#316=TOROIDAL_SURFACE('homeo Torus',#315,3.2,0.2) ;
#370=TOROIDAL_SURFACE('homeo Torus',#369,6.8,0.2) ;
#401=TOROIDAL_SURFACE('homeo Torus',#400,6.8,0.2) ;
#425=TOROIDAL_SURFACE('homeo Torus',#424,6.8,0.2) ;
#449=TOROIDAL_SURFACE('homeo Torus',#448,6.2,0.2) ;
#497=TOROIDAL_SURFACE('homeo Torus',#496,6.2,0.2) ;
#521=TOROIDAL_SURFACE('homeo Torus',#520,6.8,0.2) ;
#545=TOROIDAL_SURFACE('homeo Torus',#544,6.8,0.2) ;
#569=TOROIDAL_SURFACE('homeo Torus',#568,6.8,0.2) ;
#593=TOROIDAL_SURFACE('homeo Torus',#592,6.2,0.2) ;
#641=TOROIDAL_SURFACE('homeo Torus',#640,6.2,0.2) ;
#658=TOROIDAL_SURFACE('homeo Torus',#657,3.2,0.2) ;
#689=TOROIDAL_SURFACE('homeo Torus',#688,3.2,0.2) ;
#729=TOROIDAL_SURFACE('homeo Torus',#728,3.2,0.2) ;
#1124=TOROIDAL_SURFACE('homeo Torus',#1123,3.2,0.2) ;
#1333=TOROIDAL_SURFACE('homeo Torus',#1332,6.8,0.2) ;
#1355=TOROIDAL_SURFACE('homeo Torus',#1354,6.8,0.2) ;
#1372=TOROIDAL_SURFACE('homeo Torus',#1371,6.8,0.2) ;
#1389=TOROIDAL_SURFACE('homeo Torus',#1388,6.2,0.2) ;
#1423=TOROIDAL_SURFACE('homeo Torus',#1422,6.2,0.2) ;
#1440=TOROIDAL_SURFACE('homeo Torus',#1439,6.8,0.2) ;
#1457=TOROIDAL_SURFACE('homeo Torus',#1456,6.8,0.2) ;
#1474=TOROIDAL_SURFACE('homeo Torus',#1473,6.8,0.2) ;
#1491=TOROIDAL_SURFACE('homeo Torus',#1490,6.2,0.2) ;
#1527=TOROIDAL_SURFACE('homeo Torus',#1526,6.2,0.2) ;
#1539=TOROIDAL_SURFACE('homeo Torus',#1538,3.2,0.2) ;
#1561=TOROIDAL_SURFACE('homeo Torus',#1560,3.2,0.2) ;
#3=DESIGN_CONTEXT(' ',#1,'design') ;
#76=EDGE_CURVE('',#73,#75,#71,.F.) ;
#83=EDGE_CURVE('',#73,#82,#80,.T.) ;
#90=EDGE_CURVE('',#89,#82,#87,.T.) ;
#95=EDGE_CURVE('',#75,#89,#94,.T.) ;
#116=EDGE_CURVE('',#113,#115,#111,.T.) ;
#123=EDGE_CURVE('',#115,#122,#120,.T.) ;
#130=EDGE_CURVE('',#122,#129,#127,.T.) ;
#143=EDGE_CURVE('',#129,#142,#131,.T.) ;
#150=EDGE_CURVE('',#142,#149,#147,.T.) ;
#163=EDGE_CURVE('',#149,#162,#151,.T.) ;
#170=EDGE_CURVE('',#162,#169,#167,.T.) ;
#177=EDGE_CURVE('',#169,#176,#174,.T.) ;
#184=EDGE_CURVE('',#176,#183,#181,.T.) ;
#197=EDGE_CURVE('',#183,#196,#185,.T.) ;
#204=EDGE_CURVE('',#196,#203,#201,.T.) ;
#215=EDGE_CURVE('',#203,#113,#205,.T.) ;
#256=EDGE_CURVE('',#253,#255,#230,.T.) ;
#279=EDGE_CURVE('',#255,#253,#257,.T.) ;
#306=EDGE_CURVE('',#75,#73,#284,.T.) ;
#321=EDGE_CURVE('',#82,#89,#320,.T.) ;
#340=EDGE_CURVE('',#89,#339,#337,.T.) ;
#347=EDGE_CURVE('',#82,#346,#344,.T.) ;
#358=EDGE_CURVE('',#346,#339,#348,.T.) ;
#379=EDGE_CURVE('',#376,#378,#374,.F.) ;
#384=EDGE_CURVE('',#376,#115,#383,.T.) ;
#389=EDGE_CURVE('',#113,#378,#388,.F.) ;
#408=EDGE_CURVE('',#407,#376,#405,.F.) ;
#413=EDGE_CURVE('',#407,#122,#412,.T.) ;
#432=EDGE_CURVE('',#431,#407,#429,.F.) ;
#437=EDGE_CURVE('',#129,#431,#436,.F.) ;
#456=EDGE_CURVE('',#455,#142,#453,.F.) ;
#461=EDGE_CURVE('',#455,#431,#460,.T.) ;
#480=EDGE_CURVE('',#479,#149,#477,.T.) ;
#485=EDGE_CURVE('',#479,#455,#484,.T.) ;
#504=EDGE_CURVE('',#503,#162,#501,.F.) ;
#509=EDGE_CURVE('',#503,#479,#508,.T.) ;
#528=EDGE_CURVE('',#527,#503,#525,.F.) ;
#533=EDGE_CURVE('',#527,#169,#532,.T.) ;
#552=EDGE_CURVE('',#551,#527,#549,.F.) ;
#557=EDGE_CURVE('',#551,#176,#556,.T.) ;
#576=EDGE_CURVE('',#575,#551,#573,.F.) ;
#581=EDGE_CURVE('',#575,#183,#580,.T.) ;
#600=EDGE_CURVE('',#196,#599,#597,.T.) ;
#605=EDGE_CURVE('',#599,#575,#604,.T.) ;
#624=EDGE_CURVE('',#623,#599,#621,.T.) ;
#629=EDGE_CURVE('',#203,#623,#628,.F.) ;
#646=EDGE_CURVE('',#378,#623,#645,.T.) ;
#665=EDGE_CURVE('',#255,#664,#662,.T.) ;
#672=EDGE_CURVE('',#253,#671,#669,.T.) ;
#677=EDGE_CURVE('',#664,#671,#676,.T.) ;
#694=EDGE_CURVE('',#671,#664,#693,.T.) ;
#717=EDGE_CURVE('',#339,#346,#707,.T.) ;
#736=EDGE_CURVE('',#346,#735,#733,.T.) ;
#743=EDGE_CURVE('',#742,#735,#740,.T.) ;
#748=EDGE_CURVE('',#339,#742,#747,.T.) ;
#767=EDGE_CURVE('',#376,#766,#764,.T.) ;
#774=EDGE_CURVE('',#378,#773,#771,.T.) ;
#781=EDGE_CURVE('',#773,#766,#775,.T.) ;
#800=EDGE_CURVE('',#766,#799,#797,.F.) ;
#805=EDGE_CURVE('',#407,#799,#804,.T.) ;
#824=EDGE_CURVE('',#799,#823,#821,.F.) ;
#829=EDGE_CURVE('',#431,#823,#828,.T.) ;
#848=EDGE_CURVE('',#823,#847,#845,.T.) ;
#853=EDGE_CURVE('',#455,#847,#852,.T.) ;
#872=EDGE_CURVE('',#847,#871,#869,.T.) ;
#877=EDGE_CURVE('',#479,#871,#876,.T.) ;
#898=EDGE_CURVE('',#871,#897,#890,.T.) ;
#903=EDGE_CURVE('',#503,#897,#902,.T.) ;
#922=EDGE_CURVE('',#527,#921,#919,.T.) ;
#927=EDGE_CURVE('',#897,#921,#926,.F.) ;
#946=EDGE_CURVE('',#551,#945,#943,.T.) ;
#963=EDGE_CURVE('',#921,#945,#947,.T.) ;
#982=EDGE_CURVE('',#945,#981,#979,.F.) ;
#987=EDGE_CURVE('',#575,#981,#986,.T.) ;
#1006=EDGE_CURVE('',#981,#1005,#1003,.T.) ;
#1011=EDGE_CURVE('',#599,#1005,#1010,.T.) ;
#1030=EDGE_CURVE('',#1005,#1029,#1027,.T.) ;
#1035=EDGE_CURVE('',#623,#1029,#1034,.T.) ;
#1052=EDGE_CURVE('',#1029,#773,#1051,.T.) ;
#1071=EDGE_CURVE('',#671,#1070,#1068,.T.) ;
#1084=EDGE_CURVE('',#1070,#1083,#1072,.T.) ;
#1089=EDGE_CURVE('',#664,#1083,#1088,.T.) ;
#1112=EDGE_CURVE('',#1083,#1070,#1102,.T.) ;
#1129=EDGE_CURVE('',#735,#742,#1128,.T.) ;
#1156=EDGE_CURVE('',#1153,#1155,#1142,.T.) ;
#1184=EDGE_CURVE('',#1155,#1183,#1157,.T.) ;
#1197=EDGE_CURVE('',#1183,#1196,#1185,.T.) ;
#1204=EDGE_CURVE('',#1196,#1203,#1201,.T.) ;
#1211=EDGE_CURVE('',#1203,#1210,#1208,.T.) ;
#1218=EDGE_CURVE('',#1210,#1217,#1215,.T.) ;
#1231=EDGE_CURVE('',#1217,#1230,#1219,.T.) ;
#1259=EDGE_CURVE('',#1230,#1258,#1232,.T.) ;
#1272=EDGE_CURVE('',#1258,#1271,#1260,.T.) ;
#1279=EDGE_CURVE('',#1271,#1278,#1276,.T.) ;
#1286=EDGE_CURVE('',#1278,#1285,#1283,.T.) ;
#1291=EDGE_CURVE('',#1285,#1153,#1290,.T.) ;
#1314=EDGE_CURVE('',#1311,#1313,#1309,.T.) ;
#1319=EDGE_CURVE('',#1313,#1311,#1318,.T.) ;
#1338=EDGE_CURVE('',#1258,#766,#1337,.T.) ;
#1343=EDGE_CURVE('',#773,#1271,#1342,.F.) ;
#1360=EDGE_CURVE('',#1230,#799,#1359,.T.) ;
#1377=EDGE_CURVE('',#823,#1217,#1376,.F.) ;
#1394=EDGE_CURVE('',#847,#1210,#1393,.T.) ;
#1411=EDGE_CURVE('',#871,#1203,#1410,.T.) ;
#1428=EDGE_CURVE('',#1196,#897,#1427,.F.) ;
#1445=EDGE_CURVE('',#1183,#921,#1444,.T.) ;
#1462=EDGE_CURVE('',#1155,#945,#1461,.T.) ;
#1479=EDGE_CURVE('',#1153,#981,#1478,.T.) ;
#1496=EDGE_CURVE('',#1285,#1005,#1495,.F.) ;
#1515=EDGE_CURVE('',#1278,#1029,#1509,.T.) ;
#1544=EDGE_CURVE('',#1083,#1313,#1543,.T.) ;
#1549=EDGE_CURVE('',#1070,#1311,#1548,.T.) ;
#1609=EDGE_CURVE('',#1606,#1608,#1604,.T.) ;
#1616=EDGE_CURVE('',#1606,#1615,#1613,.T.) ;
#1623=EDGE_CURVE('',#1615,#1622,#1620,.T.) ;
#1628=EDGE_CURVE('',#1608,#1622,#1627,.T.) ;
#1649=EDGE_CURVE('',#1646,#1648,#1644,.T.) ;
#1668=EDGE_CURVE('',#1648,#1667,#1650,.T.) ;
#1675=EDGE_CURVE('',#1667,#1674,#1672,.T.) ;
#1682=EDGE_CURVE('',#1681,#1674,#1679,.T.) ;
#1689=EDGE_CURVE('',#1681,#1688,#1686,.T.) ;
#1706=EDGE_CURVE('',#1688,#1646,#1690,.T.) ;
#1719=EDGE_CURVE('',#1608,#1606,#1718,.T.) ;
#1734=EDGE_CURVE('',#1622,#1615,#1733,.T.) ;
#1755=EDGE_CURVE('',#1752,#1754,#1750,.T.) ;
#1762=EDGE_CURVE('',#1752,#1761,#1759,.T.) ;
#1769=EDGE_CURVE('',#1768,#1761,#1766,.T.) ;
#1776=EDGE_CURVE('',#1768,#1775,#1773,.T.) ;
#1783=EDGE_CURVE('',#1782,#1775,#1780,.T.) ;
#1788=EDGE_CURVE('',#1754,#1782,#1787,.T.) ;
#1811=EDGE_CURVE('',#1761,#1648,#1810,.T.) ;
#1816=EDGE_CURVE('',#1646,#1768,#1815,.T.) ;
#1833=EDGE_CURVE('',#1667,#1752,#1832,.T.) ;
#1850=EDGE_CURVE('',#1754,#1674,#1849,.T.) ;
#1871=EDGE_CURVE('',#1868,#1870,#1866,.F.) ;
#1876=EDGE_CURVE('',#1681,#1868,#1875,.T.) ;
#1881=EDGE_CURVE('',#1870,#1674,#1880,.F.) ;
#1898=EDGE_CURVE('',#1775,#1688,#1897,.T.) ;
#1903=EDGE_CURVE('',#1782,#1681,#1902,.T.) ;
#1936=EDGE_CURVE('',#1933,#1935,#1931,.F.) ;
#1941=EDGE_CURVE('',#1935,#1754,#1940,.F.) ;
#1946=EDGE_CURVE('',#1782,#1933,#1945,.T.) ;
#1963=EDGE_CURVE('',#1935,#1870,#1962,.T.) ;
#1982=EDGE_CURVE('',#1981,#1870,#1979,.T.) ;
#1989=EDGE_CURVE('',#1988,#1981,#1986,.T.) ;
#1996=EDGE_CURVE('',#1995,#1988,#1993,.T.) ;
#2003=EDGE_CURVE('',#2002,#1995,#2000,.T.) ;
#2008=EDGE_CURVE('',#1868,#2002,#2007,.T.) ;
#2025=EDGE_CURVE('',#2022,#2024,#2020,.T.) ;
#2030=EDGE_CURVE('',#2024,#2022,#2029,.T.) ;
#2043=EDGE_CURVE('',#2040,#2042,#2038,.T.) ;
#2048=EDGE_CURVE('',#2042,#2040,#2047,.T.) ;
#2063=EDGE_CURVE('',#1933,#1868,#2062,.T.) ;
#2082=EDGE_CURVE('',#2081,#1935,#2079,.T.) ;
#2089=EDGE_CURVE('',#1933,#2088,#2086,.T.) ;
#2096=EDGE_CURVE('',#2088,#2095,#2093,.T.) ;
#2103=EDGE_CURVE('',#2095,#2102,#2100,.T.) ;
#2108=EDGE_CURVE('',#2102,#2081,#2107,.T.) ;
#2125=EDGE_CURVE('',#2122,#2124,#2120,.T.) ;
#2130=EDGE_CURVE('',#2124,#2122,#2129,.T.) ;
#2143=EDGE_CURVE('',#2140,#2142,#2138,.T.) ;
#2148=EDGE_CURVE('',#2142,#2140,#2147,.T.) ;
#2163=EDGE_CURVE('',#2081,#1981,#2162,.T.) ;
#2180=EDGE_CURVE('',#2102,#1988,#2179,.T.) ;
#2197=EDGE_CURVE('',#2095,#1995,#2196,.T.) ;
#2214=EDGE_CURVE('',#2088,#2002,#2213,.T.) ;
#2243=EDGE_CURVE('',#2142,#2024,#2242,.T.) ;
#2248=EDGE_CURVE('',#2140,#2022,#2247,.T.) ;
#2277=EDGE_CURVE('',#2124,#2042,#2276,.T.) ;
#2282=EDGE_CURVE('',#2122,#2040,#2281,.T.) ;
#2342=EDGE_CURVE('',#2339,#2341,#2337,.F.) ;
#2349=EDGE_CURVE('',#2341,#2348,#2346,.T.) ;
#2356=EDGE_CURVE('',#2355,#2348,#2353,.F.) ;
#2361=EDGE_CURVE('',#2339,#2355,#2360,.T.) ;
#2388=EDGE_CURVE('',#2385,#2387,#2374,.T.) ;
#2395=EDGE_CURVE('',#2387,#2394,#2392,.T.) ;
#2408=EDGE_CURVE('',#2394,#2407,#2396,.T.) ;
#2415=EDGE_CURVE('',#2407,#2414,#2412,.T.) ;
#2428=EDGE_CURVE('',#2414,#2427,#2416,.T.) ;
#2435=EDGE_CURVE('',#2427,#2434,#2432,.T.) ;
#2451=EDGE_CURVE('',#2434,#2450,#2436,.T.) ;
#2458=EDGE_CURVE('',#2450,#2457,#2455,.T.) ;
#2474=EDGE_CURVE('',#2457,#2473,#2459,.T.) ;
#2481=EDGE_CURVE('',#2473,#2480,#2478,.T.) ;
#2494=EDGE_CURVE('',#2480,#2493,#2482,.T.) ;
#2501=EDGE_CURVE('',#2493,#2500,#2498,.T.) ;
#2514=EDGE_CURVE('',#2500,#2513,#2502,.T.) ;
#2521=EDGE_CURVE('',#2513,#2520,#2518,.T.) ;
#2534=EDGE_CURVE('',#2520,#2533,#2522,.T.) ;
#2539=EDGE_CURVE('',#2533,#2385,#2538,.T.) ;
#2584=EDGE_CURVE('',#2581,#2583,#2558,.T.) ;
#2607=EDGE_CURVE('',#2583,#2581,#2585,.T.) ;
#2638=EDGE_CURVE('',#2635,#2637,#2612,.T.) ;
#2661=EDGE_CURVE('',#2637,#2635,#2639,.T.) ;
#2692=EDGE_CURVE('',#2689,#2691,#2666,.T.) ;
#2715=EDGE_CURVE('',#2691,#2689,#2693,.T.) ;
#2728=EDGE_CURVE('',#2725,#2727,#2723,.T.) ;
#2747=EDGE_CURVE('',#2746,#2725,#2729,.T.) ;
#2766=EDGE_CURVE('',#2765,#2746,#2748,.T.) ;
#2773=EDGE_CURVE('',#2772,#2765,#2770,.T.) ;
#2780=EDGE_CURVE('',#2779,#2772,#2777,.T.) ;
#2787=EDGE_CURVE('',#2786,#2779,#2784,.T.) ;
#2794=EDGE_CURVE('',#2793,#2786,#2791,.T.) ;
#2822=EDGE_CURVE('',#2821,#2793,#2795,.T.) ;
#2832=EDGE_CURVE('',#2831,#2821,#2823,.T.) ;
#2837=EDGE_CURVE('',#2727,#2831,#2836,.T.) ;
#2876=EDGE_CURVE('',#2873,#2875,#2850,.T.) ;
#2899=EDGE_CURVE('',#2875,#2873,#2877,.T.) ;
#2933=EDGE_CURVE('',#2930,#2932,#2904,.T.) ;
#2959=EDGE_CURVE('',#2932,#2930,#2934,.T.) ;
#2990=EDGE_CURVE('',#2987,#2989,#2964,.T.) ;
#3013=EDGE_CURVE('',#2989,#2987,#2991,.T.) ;
#3044=EDGE_CURVE('',#3041,#3043,#3018,.T.) ;
#3067=EDGE_CURVE('',#3043,#3041,#3045,.T.) ;
#3078=EDGE_CURVE('',#3077,#2339,#3075,.T.) ;
#3085=EDGE_CURVE('',#3084,#3077,#3082,.T.) ;
#3092=EDGE_CURVE('',#3091,#3084,#3089,.T.) ;
#3106=EDGE_CURVE('',#2341,#3091,#3093,.T.) ;
#3126=EDGE_CURVE('',#3091,#3125,#3123,.T.) ;
#3131=EDGE_CURVE('',#2348,#3125,#3130,.F.) ;
#3158=EDGE_CURVE('',#3155,#3157,#3144,.T.) ;
#3165=EDGE_CURVE('',#3164,#3155,#3162,.T.) ;
#3178=EDGE_CURVE('',#3177,#3164,#3166,.T.) ;
#3185=EDGE_CURVE('',#3184,#3177,#3182,.T.) ;
#3198=EDGE_CURVE('',#3197,#3184,#3186,.T.) ;
#3205=EDGE_CURVE('',#3204,#3197,#3202,.T.) ;
#3218=EDGE_CURVE('',#3217,#3204,#3206,.T.) ;
#3225=EDGE_CURVE('',#3224,#3217,#3222,.T.) ;
#3241=EDGE_CURVE('',#3240,#3224,#3226,.T.) ;
#3248=EDGE_CURVE('',#3247,#3240,#3245,.T.) ;
#3264=EDGE_CURVE('',#3263,#3247,#3249,.T.) ;
#3271=EDGE_CURVE('',#3270,#3263,#3268,.T.) ;
#3284=EDGE_CURVE('',#3283,#3270,#3272,.T.) ;
#3291=EDGE_CURVE('',#3290,#3283,#3288,.T.) ;
#3304=EDGE_CURVE('',#3303,#3290,#3292,.T.) ;
#3309=EDGE_CURVE('',#3157,#3303,#3308,.T.) ;
#3354=EDGE_CURVE('',#3351,#3353,#3328,.T.) ;
#3377=EDGE_CURVE('',#3353,#3351,#3355,.T.) ;
#3402=EDGE_CURVE('',#3399,#3401,#3382,.T.) ;
#3421=EDGE_CURVE('',#3401,#3420,#3403,.T.) ;
#3428=EDGE_CURVE('',#3420,#3427,#3425,.T.) ;
#3435=EDGE_CURVE('',#3427,#3434,#3432,.T.) ;
#3445=EDGE_CURVE('',#3434,#3444,#3436,.T.) ;
#3473=EDGE_CURVE('',#3444,#3472,#3446,.T.) ;
#3480=EDGE_CURVE('',#3472,#3479,#3477,.T.) ;
#3487=EDGE_CURVE('',#3479,#3486,#3484,.T.) ;
#3494=EDGE_CURVE('',#3486,#3493,#3491,.T.) ;
#3499=EDGE_CURVE('',#3493,#3399,#3498,.T.) ;
#3538=EDGE_CURVE('',#3535,#3537,#3512,.T.) ;
#3561=EDGE_CURVE('',#3537,#3535,#3539,.T.) ;
#3595=EDGE_CURVE('',#3592,#3594,#3566,.T.) ;
#3621=EDGE_CURVE('',#3594,#3592,#3596,.T.) ;
#3652=EDGE_CURVE('',#3649,#3651,#3626,.T.) ;
#3675=EDGE_CURVE('',#3651,#3649,#3653,.T.) ;
#3706=EDGE_CURVE('',#3703,#3705,#3680,.T.) ;
#3729=EDGE_CURVE('',#3705,#3703,#3707,.T.) ;
#3760=EDGE_CURVE('',#3757,#3759,#3734,.T.) ;
#3783=EDGE_CURVE('',#3759,#3757,#3761,.T.) ;
#3814=EDGE_CURVE('',#3811,#3813,#3788,.T.) ;
#3837=EDGE_CURVE('',#3813,#3811,#3815,.T.) ;
#3848=EDGE_CURVE('',#3847,#2355,#3845,.T.) ;
#3855=EDGE_CURVE('',#3125,#3854,#3852,.T.) ;
#3860=EDGE_CURVE('',#3854,#3847,#3859,.T.) ;
#3878=EDGE_CURVE('',#3077,#3847,#3877,.T.) ;
#3895=EDGE_CURVE('',#2387,#3157,#3894,.T.) ;
#3900=EDGE_CURVE('',#2385,#3155,#3899,.T.) ;
#3917=EDGE_CURVE('',#2394,#3303,#3916,.T.) ;
#3934=EDGE_CURVE('',#2407,#3290,#3933,.T.) ;
#3951=EDGE_CURVE('',#2414,#3283,#3950,.T.) ;
#3968=EDGE_CURVE('',#2427,#3270,#3967,.T.) ;
#3985=EDGE_CURVE('',#2434,#3263,#3984,.T.) ;
#4002=EDGE_CURVE('',#2450,#3247,#4001,.T.) ;
#4019=EDGE_CURVE('',#2457,#3240,#4018,.T.) ;
#4036=EDGE_CURVE('',#2473,#3224,#4035,.T.) ;
#4053=EDGE_CURVE('',#2480,#3217,#4052,.T.) ;
#4070=EDGE_CURVE('',#2493,#3204,#4069,.T.) ;
#4087=EDGE_CURVE('',#2500,#3197,#4086,.T.) ;
#4104=EDGE_CURVE('',#2513,#3184,#4103,.T.) ;
#4121=EDGE_CURVE('',#2520,#3177,#4120,.T.) ;
#4138=EDGE_CURVE('',#2533,#3164,#4137,.T.) ;
#4167=EDGE_CURVE('',#2583,#3813,#4166,.T.) ;
#4172=EDGE_CURVE('',#2581,#3811,#4171,.T.) ;
#4201=EDGE_CURVE('',#2637,#3353,#4200,.T.) ;
#4206=EDGE_CURVE('',#2635,#3351,#4205,.T.) ;
#4235=EDGE_CURVE('',#2691,#3759,#4234,.T.) ;
#4240=EDGE_CURVE('',#2689,#3757,#4239,.T.) ;
#4269=EDGE_CURVE('',#2727,#3427,#4268,.T.) ;
#4274=EDGE_CURVE('',#2725,#3420,#4273,.T.) ;
#4291=EDGE_CURVE('',#2746,#3401,#4290,.T.) ;
#4308=EDGE_CURVE('',#2765,#3399,#4307,.T.) ;
#4325=EDGE_CURVE('',#2772,#3493,#4324,.T.) ;
#4342=EDGE_CURVE('',#2779,#3486,#4341,.T.) ;
#4359=EDGE_CURVE('',#2786,#3479,#4358,.T.) ;
#4376=EDGE_CURVE('',#2793,#3472,#4375,.T.) ;
#4393=EDGE_CURVE('',#2821,#3444,#4392,.T.) ;
#4410=EDGE_CURVE('',#2831,#3434,#4409,.T.) ;
#4439=EDGE_CURVE('',#2875,#3651,#4438,.T.) ;
#4444=EDGE_CURVE('',#2873,#3649,#4443,.T.) ;
#4473=EDGE_CURVE('',#2932,#3594,#4472,.T.) ;
#4478=EDGE_CURVE('',#2930,#3592,#4477,.T.) ;
#4507=EDGE_CURVE('',#2989,#3705,#4506,.T.) ;
#4512=EDGE_CURVE('',#2987,#3703,#4511,.T.) ;
#4541=EDGE_CURVE('',#3043,#3537,#4540,.T.) ;
#4546=EDGE_CURVE('',#3041,#3535,#4545,.T.) ;
#4575=EDGE_CURVE('',#3084,#3854,#4574,.T.) ;
#4635=EDGE_CURVE('',#4632,#4634,#4630,.F.) ;
#4642=EDGE_CURVE('',#4634,#4641,#4639,.T.) ;
#4649=EDGE_CURVE('',#4648,#4641,#4646,.F.) ;
#4654=EDGE_CURVE('',#4632,#4648,#4653,.T.) ;
#4675=EDGE_CURVE('',#4672,#4674,#4670,.T.) ;
#4685=EDGE_CURVE('',#4674,#4684,#4676,.T.) ;
#4692=EDGE_CURVE('',#4684,#4691,#4689,.T.) ;
#4702=EDGE_CURVE('',#4691,#4701,#4693,.T.) ;
#4709=EDGE_CURVE('',#4701,#4708,#4706,.T.) ;
#4719=EDGE_CURVE('',#4708,#4718,#4710,.T.) ;
#4726=EDGE_CURVE('',#4718,#4725,#4723,.T.) ;
#4736=EDGE_CURVE('',#4725,#4735,#4727,.T.) ;
#4743=EDGE_CURVE('',#4735,#4742,#4740,.T.) ;
#4753=EDGE_CURVE('',#4742,#4752,#4744,.T.) ;
#4760=EDGE_CURVE('',#4752,#4759,#4757,.T.) ;
#4770=EDGE_CURVE('',#4759,#4769,#4761,.T.) ;
#4777=EDGE_CURVE('',#4769,#4776,#4774,.T.) ;
#4787=EDGE_CURVE('',#4776,#4786,#4778,.T.) ;
#4794=EDGE_CURVE('',#4786,#4793,#4791,.T.) ;
#4804=EDGE_CURVE('',#4793,#4803,#4795,.T.) ;
#4811=EDGE_CURVE('',#4803,#4810,#4808,.T.) ;
#4821=EDGE_CURVE('',#4810,#4820,#4812,.T.) ;
#4828=EDGE_CURVE('',#4820,#4827,#4825,.T.) ;
#4838=EDGE_CURVE('',#4827,#4837,#4829,.T.) ;
#4845=EDGE_CURVE('',#4837,#4844,#4842,.T.) ;
#4855=EDGE_CURVE('',#4844,#4854,#4846,.T.) ;
#4862=EDGE_CURVE('',#4854,#4861,#4859,.T.) ;
#4872=EDGE_CURVE('',#4861,#4871,#4863,.T.) ;
#4879=EDGE_CURVE('',#4871,#4878,#4876,.T.) ;
#4889=EDGE_CURVE('',#4878,#4888,#4880,.T.) ;
#4896=EDGE_CURVE('',#4888,#4895,#4893,.T.) ;
#4906=EDGE_CURVE('',#4895,#4905,#4897,.T.) ;
#4913=EDGE_CURVE('',#4905,#4912,#4910,.T.) ;
#4923=EDGE_CURVE('',#4912,#4922,#4914,.T.) ;
#4930=EDGE_CURVE('',#4922,#4929,#4927,.T.) ;
#4940=EDGE_CURVE('',#4929,#4939,#4931,.T.) ;
#4947=EDGE_CURVE('',#4939,#4946,#4944,.T.) ;
#4957=EDGE_CURVE('',#4946,#4956,#4948,.T.) ;
#4964=EDGE_CURVE('',#4956,#4963,#4961,.T.) ;
#4974=EDGE_CURVE('',#4963,#4973,#4965,.T.) ;
#4981=EDGE_CURVE('',#4973,#4980,#4978,.T.) ;
#4991=EDGE_CURVE('',#4980,#4990,#4982,.T.) ;
#4998=EDGE_CURVE('',#4990,#4997,#4995,.T.) ;
#5008=EDGE_CURVE('',#4997,#5007,#4999,.T.) ;
#5015=EDGE_CURVE('',#5007,#5014,#5012,.T.) ;
#5025=EDGE_CURVE('',#5014,#5024,#5016,.T.) ;
#5032=EDGE_CURVE('',#5024,#5031,#5029,.T.) ;
#5042=EDGE_CURVE('',#5031,#5041,#5033,.T.) ;
#5049=EDGE_CURVE('',#5041,#5048,#5046,.T.) ;
#5056=EDGE_CURVE('',#5048,#5055,#5053,.T.) ;
#5066=EDGE_CURVE('',#5055,#5065,#5057,.T.) ;
#5073=EDGE_CURVE('',#5065,#5072,#5070,.T.) ;
#5083=EDGE_CURVE('',#5072,#5082,#5074,.T.) ;
#5090=EDGE_CURVE('',#5082,#5089,#5087,.T.) ;
#5100=EDGE_CURVE('',#5089,#5099,#5091,.T.) ;
#5107=EDGE_CURVE('',#5099,#5106,#5104,.T.) ;
#5117=EDGE_CURVE('',#5106,#5116,#5108,.T.) ;
#5124=EDGE_CURVE('',#5116,#5123,#5121,.T.) ;
#5134=EDGE_CURVE('',#5123,#5133,#5125,.T.) ;
#5141=EDGE_CURVE('',#5133,#5140,#5138,.T.) ;
#5151=EDGE_CURVE('',#5140,#5150,#5142,.T.) ;
#5158=EDGE_CURVE('',#5150,#5157,#5155,.T.) ;
#5168=EDGE_CURVE('',#5157,#5167,#5159,.T.) ;
#5175=EDGE_CURVE('',#5167,#5174,#5172,.T.) ;
#5185=EDGE_CURVE('',#5174,#5184,#5176,.T.) ;
#5192=EDGE_CURVE('',#5184,#5191,#5189,.T.) ;
#5202=EDGE_CURVE('',#5191,#5201,#5193,.T.) ;
#5209=EDGE_CURVE('',#5201,#5208,#5206,.T.) ;
#5219=EDGE_CURVE('',#5208,#5218,#5210,.T.) ;
#5226=EDGE_CURVE('',#5218,#5225,#5223,.T.) ;
#5233=EDGE_CURVE('',#5225,#5232,#5230,.T.) ;
#5240=EDGE_CURVE('',#5232,#5239,#5237,.T.) ;
#5250=EDGE_CURVE('',#5239,#5249,#5241,.T.) ;
#5257=EDGE_CURVE('',#5249,#5256,#5254,.T.) ;
#5267=EDGE_CURVE('',#5256,#5266,#5258,.T.) ;
#5274=EDGE_CURVE('',#5266,#5273,#5271,.T.) ;
#5284=EDGE_CURVE('',#5273,#5283,#5275,.T.) ;
#5291=EDGE_CURVE('',#5283,#5290,#5288,.T.) ;
#5301=EDGE_CURVE('',#5290,#5300,#5292,.T.) ;
#5308=EDGE_CURVE('',#5300,#5307,#5305,.T.) ;
#5318=EDGE_CURVE('',#5307,#5317,#5309,.T.) ;
#5325=EDGE_CURVE('',#5317,#5324,#5322,.T.) ;
#5335=EDGE_CURVE('',#5324,#5334,#5326,.T.) ;
#5342=EDGE_CURVE('',#5334,#5341,#5339,.T.) ;
#5352=EDGE_CURVE('',#5341,#5351,#5343,.T.) ;
#5359=EDGE_CURVE('',#5351,#5358,#5356,.T.) ;
#5369=EDGE_CURVE('',#5358,#5368,#5360,.T.) ;
#5376=EDGE_CURVE('',#5368,#5375,#5373,.T.) ;
#5386=EDGE_CURVE('',#5375,#5385,#5377,.T.) ;
#5393=EDGE_CURVE('',#5385,#5392,#5390,.T.) ;
#5403=EDGE_CURVE('',#5392,#5402,#5394,.T.) ;
#5410=EDGE_CURVE('',#5402,#5409,#5407,.T.) ;
#5417=EDGE_CURVE('',#5409,#5416,#5414,.T.) ;
#5427=EDGE_CURVE('',#5416,#5426,#5418,.T.) ;
#5434=EDGE_CURVE('',#5426,#5433,#5431,.T.) ;
#5442=EDGE_CURVE('',#5433,#4672,#5435,.T.) ;
#5545=EDGE_CURVE('',#5542,#5544,#5540,.T.) ;
#5550=EDGE_CURVE('',#5544,#5542,#5549,.T.) ;
#5559=EDGE_CURVE('',#4634,#4632,#5558,.T.) ;
#5574=EDGE_CURVE('',#4641,#4648,#5573,.F.) ;
#5595=EDGE_CURVE('',#5592,#5594,#5590,.T.) ;
#5605=EDGE_CURVE('',#5604,#5592,#5596,.T.) ;
#5612=EDGE_CURVE('',#5611,#5604,#5609,.T.) ;
#5622=EDGE_CURVE('',#5621,#5611,#5613,.T.) ;
#5629=EDGE_CURVE('',#5628,#5621,#5626,.T.) ;
#5636=EDGE_CURVE('',#5635,#5628,#5633,.T.) ;
#5646=EDGE_CURVE('',#5645,#5635,#5637,.T.) ;
#5653=EDGE_CURVE('',#5652,#5645,#5650,.T.) ;
#5663=EDGE_CURVE('',#5662,#5652,#5654,.T.) ;
#5670=EDGE_CURVE('',#5669,#5662,#5667,.T.) ;
#5680=EDGE_CURVE('',#5679,#5669,#5671,.T.) ;
#5687=EDGE_CURVE('',#5686,#5679,#5684,.T.) ;
#5697=EDGE_CURVE('',#5696,#5686,#5688,.T.) ;
#5704=EDGE_CURVE('',#5703,#5696,#5701,.T.) ;
#5714=EDGE_CURVE('',#5713,#5703,#5705,.T.) ;
#5721=EDGE_CURVE('',#5720,#5713,#5718,.T.) ;
#5731=EDGE_CURVE('',#5730,#5720,#5722,.T.) ;
#5738=EDGE_CURVE('',#5737,#5730,#5735,.T.) ;
#5748=EDGE_CURVE('',#5747,#5737,#5739,.T.) ;
#5755=EDGE_CURVE('',#5754,#5747,#5752,.T.) ;
#5765=EDGE_CURVE('',#5764,#5754,#5756,.T.) ;
#5772=EDGE_CURVE('',#5771,#5764,#5769,.T.) ;
#5782=EDGE_CURVE('',#5781,#5771,#5773,.T.) ;
#5789=EDGE_CURVE('',#5788,#5781,#5786,.T.) ;
#5799=EDGE_CURVE('',#5798,#5788,#5790,.T.) ;
#5806=EDGE_CURVE('',#5805,#5798,#5803,.T.) ;
#5813=EDGE_CURVE('',#5812,#5805,#5810,.T.) ;
#5820=EDGE_CURVE('',#5819,#5812,#5817,.T.) ;
#5830=EDGE_CURVE('',#5829,#5819,#5821,.T.) ;
#5837=EDGE_CURVE('',#5836,#5829,#5834,.T.) ;
#5847=EDGE_CURVE('',#5846,#5836,#5838,.T.) ;
#5854=EDGE_CURVE('',#5853,#5846,#5851,.T.) ;
#5864=EDGE_CURVE('',#5863,#5853,#5855,.T.) ;
#5871=EDGE_CURVE('',#5870,#5863,#5868,.T.) ;
#5881=EDGE_CURVE('',#5880,#5870,#5872,.T.) ;
#5888=EDGE_CURVE('',#5887,#5880,#5885,.T.) ;
#5898=EDGE_CURVE('',#5897,#5887,#5889,.T.) ;
#5905=EDGE_CURVE('',#5904,#5897,#5902,.T.) ;
#5915=EDGE_CURVE('',#5914,#5904,#5906,.T.) ;
#5922=EDGE_CURVE('',#5921,#5914,#5919,.T.) ;
#5932=EDGE_CURVE('',#5931,#5921,#5923,.T.) ;
#5939=EDGE_CURVE('',#5938,#5931,#5936,.T.) ;
#5949=EDGE_CURVE('',#5948,#5938,#5940,.T.) ;
#5956=EDGE_CURVE('',#5955,#5948,#5953,.T.) ;
#5966=EDGE_CURVE('',#5965,#5955,#5957,.T.) ;
#5973=EDGE_CURVE('',#5972,#5965,#5970,.T.) ;
#5983=EDGE_CURVE('',#5982,#5972,#5974,.T.) ;
#5990=EDGE_CURVE('',#5989,#5982,#5987,.T.) ;
#5997=EDGE_CURVE('',#5996,#5989,#5994,.T.) ;
#6007=EDGE_CURVE('',#6006,#5996,#5998,.T.) ;
#6014=EDGE_CURVE('',#6013,#6006,#6011,.T.) ;
#6024=EDGE_CURVE('',#6023,#6013,#6015,.T.) ;
#6031=EDGE_CURVE('',#6030,#6023,#6028,.T.) ;
#6041=EDGE_CURVE('',#6040,#6030,#6032,.T.) ;
#6048=EDGE_CURVE('',#6047,#6040,#6045,.T.) ;
#6058=EDGE_CURVE('',#6057,#6047,#6049,.T.) ;
#6065=EDGE_CURVE('',#6064,#6057,#6062,.T.) ;
#6075=EDGE_CURVE('',#6074,#6064,#6066,.T.) ;
#6082=EDGE_CURVE('',#6081,#6074,#6079,.T.) ;
#6092=EDGE_CURVE('',#6091,#6081,#6083,.T.) ;
#6099=EDGE_CURVE('',#6098,#6091,#6096,.T.) ;
#6109=EDGE_CURVE('',#6108,#6098,#6100,.T.) ;
#6116=EDGE_CURVE('',#6115,#6108,#6113,.T.) ;
#6126=EDGE_CURVE('',#6125,#6115,#6117,.T.) ;
#6133=EDGE_CURVE('',#6132,#6125,#6130,.T.) ;
#6143=EDGE_CURVE('',#6142,#6132,#6134,.T.) ;
#6150=EDGE_CURVE('',#6149,#6142,#6147,.T.) ;
#6160=EDGE_CURVE('',#6159,#6149,#6151,.T.) ;
#6167=EDGE_CURVE('',#6166,#6159,#6164,.T.) ;
#6177=EDGE_CURVE('',#6176,#6166,#6168,.T.) ;
#6184=EDGE_CURVE('',#6183,#6176,#6181,.T.) ;
#6194=EDGE_CURVE('',#6193,#6183,#6185,.T.) ;
#6201=EDGE_CURVE('',#6200,#6193,#6198,.T.) ;
#6211=EDGE_CURVE('',#6210,#6200,#6202,.T.) ;
#6218=EDGE_CURVE('',#6217,#6210,#6215,.T.) ;
#6228=EDGE_CURVE('',#6227,#6217,#6219,.T.) ;
#6235=EDGE_CURVE('',#6234,#6227,#6232,.T.) ;
#6245=EDGE_CURVE('',#6244,#6234,#6236,.T.) ;
#6252=EDGE_CURVE('',#6251,#6244,#6249,.T.) ;
#6262=EDGE_CURVE('',#6261,#6251,#6253,.T.) ;
#6269=EDGE_CURVE('',#6268,#6261,#6266,.T.) ;
#6279=EDGE_CURVE('',#6278,#6268,#6270,.T.) ;
#6286=EDGE_CURVE('',#6285,#6278,#6283,.T.) ;
#6296=EDGE_CURVE('',#6295,#6285,#6287,.T.) ;
#6303=EDGE_CURVE('',#6302,#6295,#6300,.T.) ;
#6313=EDGE_CURVE('',#6312,#6302,#6304,.T.) ;
#6320=EDGE_CURVE('',#6319,#6312,#6317,.T.) ;
#6330=EDGE_CURVE('',#6329,#6319,#6321,.T.) ;
#6337=EDGE_CURVE('',#6336,#6329,#6334,.T.) ;
#6347=EDGE_CURVE('',#6346,#6336,#6338,.T.) ;
#6354=EDGE_CURVE('',#6353,#6346,#6351,.T.) ;
#6362=EDGE_CURVE('',#5594,#6353,#6355,.T.) ;
#6465=EDGE_CURVE('',#6462,#6464,#6460,.T.) ;
#6470=EDGE_CURVE('',#6464,#6462,#6469,.T.) ;
#6489=EDGE_CURVE('',#4674,#5594,#6488,.T.) ;
#6494=EDGE_CURVE('',#4672,#5592,#6493,.T.) ;
#6514=EDGE_CURVE('',#4684,#6353,#6511,.T.) ;
#6531=EDGE_CURVE('',#4691,#6346,#6530,.T.) ;
#6551=EDGE_CURVE('',#4701,#6336,#6548,.T.) ;
#6568=EDGE_CURVE('',#4708,#6329,#6567,.T.) ;
#6588=EDGE_CURVE('',#4718,#6319,#6585,.T.) ;
#6605=EDGE_CURVE('',#4725,#6312,#6604,.T.) ;
#6625=EDGE_CURVE('',#4735,#6302,#6622,.T.) ;
#6642=EDGE_CURVE('',#4742,#6295,#6641,.T.) ;
#6662=EDGE_CURVE('',#4752,#6285,#6659,.T.) ;
#6679=EDGE_CURVE('',#4759,#6278,#6678,.T.) ;
#6699=EDGE_CURVE('',#4769,#6268,#6696,.T.) ;
#6716=EDGE_CURVE('',#4776,#6261,#6715,.T.) ;
#6736=EDGE_CURVE('',#4786,#6251,#6733,.T.) ;
#6753=EDGE_CURVE('',#4793,#6244,#6752,.T.) ;
#6773=EDGE_CURVE('',#4803,#6234,#6770,.T.) ;
#6790=EDGE_CURVE('',#4810,#6227,#6789,.T.) ;
#6810=EDGE_CURVE('',#4820,#6217,#6807,.T.) ;
#6827=EDGE_CURVE('',#4827,#6210,#6826,.T.) ;
#6847=EDGE_CURVE('',#4837,#6200,#6844,.T.) ;
#6864=EDGE_CURVE('',#4844,#6193,#6863,.T.) ;
#6884=EDGE_CURVE('',#4854,#6183,#6881,.T.) ;
#6901=EDGE_CURVE('',#4861,#6176,#6900,.T.) ;
#6921=EDGE_CURVE('',#4871,#6166,#6918,.T.) ;
#6938=EDGE_CURVE('',#4878,#6159,#6937,.T.) ;
#6958=EDGE_CURVE('',#4888,#6149,#6955,.T.) ;
#6975=EDGE_CURVE('',#4895,#6142,#6974,.T.) ;
#6995=EDGE_CURVE('',#4905,#6132,#6992,.T.) ;
#7012=EDGE_CURVE('',#4912,#6125,#7011,.T.) ;
#7032=EDGE_CURVE('',#4922,#6115,#7029,.T.) ;
#7049=EDGE_CURVE('',#4929,#6108,#7048,.T.) ;
#7069=EDGE_CURVE('',#4939,#6098,#7066,.T.) ;
#7086=EDGE_CURVE('',#4946,#6091,#7085,.T.) ;
#7106=EDGE_CURVE('',#4956,#6081,#7103,.T.) ;
#7123=EDGE_CURVE('',#4963,#6074,#7122,.T.) ;
#7143=EDGE_CURVE('',#4973,#6064,#7140,.T.) ;
#7160=EDGE_CURVE('',#4980,#6057,#7159,.T.) ;
#7180=EDGE_CURVE('',#4990,#6047,#7177,.T.) ;
#7197=EDGE_CURVE('',#4997,#6040,#7196,.T.) ;
#7217=EDGE_CURVE('',#5007,#6030,#7214,.T.) ;
#7234=EDGE_CURVE('',#5014,#6023,#7233,.T.) ;
#7254=EDGE_CURVE('',#5024,#6013,#7251,.T.) ;
#7271=EDGE_CURVE('',#5031,#6006,#7270,.T.) ;
#7291=EDGE_CURVE('',#5041,#5996,#7288,.T.) ;
#7308=EDGE_CURVE('',#5048,#5989,#7307,.T.) ;
#7325=EDGE_CURVE('',#5055,#5982,#7324,.T.) ;
#7345=EDGE_CURVE('',#5065,#5972,#7342,.T.) ;
#7362=EDGE_CURVE('',#5072,#5965,#7361,.T.) ;
#7382=EDGE_CURVE('',#5082,#5955,#7379,.T.) ;
#7399=EDGE_CURVE('',#5089,#5948,#7398,.T.) ;
#7419=EDGE_CURVE('',#5099,#5938,#7416,.T.) ;
#7436=EDGE_CURVE('',#5106,#5931,#7435,.T.) ;
#7456=EDGE_CURVE('',#5116,#5921,#7453,.T.) ;
#7473=EDGE_CURVE('',#5123,#5914,#7472,.T.) ;
#7493=EDGE_CURVE('',#5133,#5904,#7490,.T.) ;
#7510=EDGE_CURVE('',#5140,#5897,#7509,.T.) ;
#7530=EDGE_CURVE('',#5150,#5887,#7527,.T.) ;
#7547=EDGE_CURVE('',#5157,#5880,#7546,.T.) ;
#7567=EDGE_CURVE('',#5167,#5870,#7564,.T.) ;
#7584=EDGE_CURVE('',#5174,#5863,#7583,.T.) ;
#7604=EDGE_CURVE('',#5184,#5853,#7601,.T.) ;
#7621=EDGE_CURVE('',#5191,#5846,#7620,.T.) ;
#7641=EDGE_CURVE('',#5201,#5836,#7638,.T.) ;
#7658=EDGE_CURVE('',#5208,#5829,#7657,.T.) ;
#7678=EDGE_CURVE('',#5218,#5819,#7675,.T.) ;
#7695=EDGE_CURVE('',#5225,#5812,#7694,.T.) ;
#7712=EDGE_CURVE('',#5232,#5805,#7711,.T.) ;
#7729=EDGE_CURVE('',#5239,#5798,#7728,.T.) ;
#7749=EDGE_CURVE('',#5249,#5788,#7746,.T.) ;
#7766=EDGE_CURVE('',#5256,#5781,#7765,.T.) ;
#7786=EDGE_CURVE('',#5266,#5771,#7783,.T.) ;
#7803=EDGE_CURVE('',#5273,#5764,#7802,.T.) ;
#7823=EDGE_CURVE('',#5283,#5754,#7820,.T.) ;
#7840=EDGE_CURVE('',#5290,#5747,#7839,.T.) ;
#7860=EDGE_CURVE('',#5300,#5737,#7857,.T.) ;
#7877=EDGE_CURVE('',#5307,#5730,#7876,.T.) ;
#7897=EDGE_CURVE('',#5317,#5720,#7894,.T.) ;
#7914=EDGE_CURVE('',#5324,#5713,#7913,.T.) ;
#7934=EDGE_CURVE('',#5334,#5703,#7931,.T.) ;
#7951=EDGE_CURVE('',#5341,#5696,#7950,.T.) ;
#7971=EDGE_CURVE('',#5351,#5686,#7968,.T.) ;
#7988=EDGE_CURVE('',#5358,#5679,#7987,.T.) ;
#8008=EDGE_CURVE('',#5368,#5669,#8005,.T.) ;
#8025=EDGE_CURVE('',#5375,#5662,#8024,.T.) ;
#8045=EDGE_CURVE('',#5385,#5652,#8042,.T.) ;
#8062=EDGE_CURVE('',#5392,#5645,#8061,.T.) ;
#8082=EDGE_CURVE('',#5402,#5635,#8079,.T.) ;
#8099=EDGE_CURVE('',#5409,#5628,#8098,.T.) ;
#8116=EDGE_CURVE('',#5416,#5621,#8115,.T.) ;
#8136=EDGE_CURVE('',#5426,#5611,#8133,.T.) ;
#8153=EDGE_CURVE('',#5433,#5604,#8152,.T.) ;
#8186=EDGE_CURVE('',#5544,#6464,#8185,.T.) ;
#8191=EDGE_CURVE('',#5542,#6462,#8190,.T.) ;
#8251=EDGE_CURVE('',#8248,#8250,#8246,.F.) ;
#8258=EDGE_CURVE('',#8250,#8257,#8255,.T.) ;
#8265=EDGE_CURVE('',#8264,#8257,#8262,.F.) ;
#8270=EDGE_CURVE('',#8248,#8264,#8269,.T.) ;
#8291=EDGE_CURVE('',#8288,#8290,#8286,.T.) ;
#8316=EDGE_CURVE('',#8290,#8315,#8292,.T.) ;
#8326=EDGE_CURVE('',#8315,#8325,#8317,.T.) ;
#8336=EDGE_CURVE('',#8325,#8335,#8327,.T.) ;
#8343=EDGE_CURVE('',#8335,#8342,#8340,.T.) ;
#8350=EDGE_CURVE('',#8342,#8349,#8347,.T.) ;
#8357=EDGE_CURVE('',#8349,#8356,#8354,.T.) ;
#8367=EDGE_CURVE('',#8356,#8366,#8358,.T.) ;
#8380=EDGE_CURVE('',#8366,#8379,#8368,.T.) ;
#8390=EDGE_CURVE('',#8379,#8389,#8381,.T.) ;
#8403=EDGE_CURVE('',#8389,#8402,#8391,.T.) ;
#8413=EDGE_CURVE('',#8402,#8412,#8404,.T.) ;
#8426=EDGE_CURVE('',#8412,#8425,#8414,.T.) ;
#8436=EDGE_CURVE('',#8425,#8435,#8427,.T.) ;
#8449=EDGE_CURVE('',#8435,#8448,#8437,.T.) ;
#8459=EDGE_CURVE('',#8448,#8458,#8450,.T.) ;
#8472=EDGE_CURVE('',#8458,#8471,#8460,.T.) ;
#8482=EDGE_CURVE('',#8471,#8481,#8473,.T.) ;
#8495=EDGE_CURVE('',#8481,#8494,#8483,.T.) ;
#8505=EDGE_CURVE('',#8494,#8504,#8496,.T.) ;
#8518=EDGE_CURVE('',#8504,#8517,#8506,.T.) ;
#8528=EDGE_CURVE('',#8517,#8527,#8519,.T.) ;
#8541=EDGE_CURVE('',#8527,#8540,#8529,.T.) ;
#8551=EDGE_CURVE('',#8540,#8550,#8542,.T.) ;
#8564=EDGE_CURVE('',#8550,#8563,#8552,.T.) ;
#8574=EDGE_CURVE('',#8563,#8573,#8565,.T.) ;
#8587=EDGE_CURVE('',#8573,#8586,#8575,.T.) ;
#8597=EDGE_CURVE('',#8586,#8596,#8588,.T.) ;
#8610=EDGE_CURVE('',#8596,#8609,#8598,.T.) ;
#8620=EDGE_CURVE('',#8609,#8619,#8611,.T.) ;
#8633=EDGE_CURVE('',#8619,#8632,#8621,.T.) ;
#8643=EDGE_CURVE('',#8632,#8642,#8634,.T.) ;
#8656=EDGE_CURVE('',#8642,#8655,#8644,.T.) ;
#8666=EDGE_CURVE('',#8655,#8665,#8657,.T.) ;
#8679=EDGE_CURVE('',#8665,#8678,#8667,.T.) ;
#8689=EDGE_CURVE('',#8678,#8688,#8680,.T.) ;
#8702=EDGE_CURVE('',#8688,#8701,#8690,.T.) ;
#8712=EDGE_CURVE('',#8701,#8711,#8703,.T.) ;
#8725=EDGE_CURVE('',#8711,#8724,#8713,.T.) ;
#8735=EDGE_CURVE('',#8724,#8734,#8726,.T.) ;
#8748=EDGE_CURVE('',#8734,#8747,#8736,.T.) ;
#8758=EDGE_CURVE('',#8747,#8757,#8749,.T.) ;
#8771=EDGE_CURVE('',#8757,#8770,#8759,.T.) ;
#8781=EDGE_CURVE('',#8770,#8780,#8772,.T.) ;
#8794=EDGE_CURVE('',#8780,#8793,#8782,.T.) ;
#8804=EDGE_CURVE('',#8793,#8803,#8795,.T.) ;
#8817=EDGE_CURVE('',#8803,#8816,#8805,.T.) ;
#8827=EDGE_CURVE('',#8816,#8826,#8818,.T.) ;
#8840=EDGE_CURVE('',#8826,#8839,#8828,.T.) ;
#8850=EDGE_CURVE('',#8839,#8849,#8841,.T.) ;
#8863=EDGE_CURVE('',#8849,#8862,#8851,.T.) ;
#8873=EDGE_CURVE('',#8862,#8872,#8864,.T.) ;
#8889=EDGE_CURVE('',#8872,#8888,#8874,.T.) ;
#8908=EDGE_CURVE('',#8888,#8907,#8890,.T.) ;
#8915=EDGE_CURVE('',#8907,#8914,#8912,.T.) ;
#8920=EDGE_CURVE('',#8914,#8288,#8919,.T.) ;
#9005=EDGE_CURVE('',#9002,#9004,#8979,.T.) ;
#9028=EDGE_CURVE('',#9004,#9002,#9006,.T.) ;
#9059=EDGE_CURVE('',#9056,#9058,#9033,.T.) ;
#9082=EDGE_CURVE('',#9058,#9056,#9060,.T.) ;
#9113=EDGE_CURVE('',#9110,#9112,#9087,.T.) ;
#9136=EDGE_CURVE('',#9112,#9110,#9114,.T.) ;
#9163=EDGE_CURVE('',#8250,#8248,#9141,.T.) ;
#9178=EDGE_CURVE('',#8257,#8264,#9177,.F.) ;
#9199=EDGE_CURVE('',#9196,#9198,#9194,.T.) ;
#9206=EDGE_CURVE('',#9205,#9196,#9203,.T.) ;
#9213=EDGE_CURVE('',#9212,#9205,#9210,.T.) ;
#9232=EDGE_CURVE('',#9231,#9212,#9214,.T.) ;
#9248=EDGE_CURVE('',#9247,#9231,#9233,.T.) ;
#9258=EDGE_CURVE('',#9257,#9247,#9249,.T.) ;
#9271=EDGE_CURVE('',#9270,#9257,#9259,.T.) ;
#9281=EDGE_CURVE('',#9280,#9270,#9272,.T.) ;
#9294=EDGE_CURVE('',#9293,#9280,#9282,.T.) ;
#9304=EDGE_CURVE('',#9303,#9293,#9295,.T.) ;
#9317=EDGE_CURVE('',#9316,#9303,#9305,.T.) ;
#9327=EDGE_CURVE('',#9326,#9316,#9318,.T.) ;
#9340=EDGE_CURVE('',#9339,#9326,#9328,.T.) ;
#9350=EDGE_CURVE('',#9349,#9339,#9341,.T.) ;
#9363=EDGE_CURVE('',#9362,#9349,#9351,.T.) ;
#9373=EDGE_CURVE('',#9372,#9362,#9364,.T.) ;
#9386=EDGE_CURVE('',#9385,#9372,#9374,.T.) ;
#9396=EDGE_CURVE('',#9395,#9385,#9387,.T.) ;
#9409=EDGE_CURVE('',#9408,#9395,#9397,.T.) ;
#9419=EDGE_CURVE('',#9418,#9408,#9410,.T.) ;
#9432=EDGE_CURVE('',#9431,#9418,#9420,.T.) ;
#9442=EDGE_CURVE('',#9441,#9431,#9433,.T.) ;
#9455=EDGE_CURVE('',#9454,#9441,#9443,.T.) ;
#9465=EDGE_CURVE('',#9464,#9454,#9456,.T.) ;
#9478=EDGE_CURVE('',#9477,#9464,#9466,.T.) ;
#9488=EDGE_CURVE('',#9487,#9477,#9479,.T.) ;
#9501=EDGE_CURVE('',#9500,#9487,#9489,.T.) ;
#9511=EDGE_CURVE('',#9510,#9500,#9502,.T.) ;
#9524=EDGE_CURVE('',#9523,#9510,#9512,.T.) ;
#9534=EDGE_CURVE('',#9533,#9523,#9525,.T.) ;
#9547=EDGE_CURVE('',#9546,#9533,#9535,.T.) ;
#9557=EDGE_CURVE('',#9556,#9546,#9548,.T.) ;
#9570=EDGE_CURVE('',#9569,#9556,#9558,.T.) ;
#9580=EDGE_CURVE('',#9579,#9569,#9571,.T.) ;
#9593=EDGE_CURVE('',#9592,#9579,#9581,.T.) ;
#9603=EDGE_CURVE('',#9602,#9592,#9594,.T.) ;
#9616=EDGE_CURVE('',#9615,#9602,#9604,.T.) ;
#9626=EDGE_CURVE('',#9625,#9615,#9617,.T.) ;
#9639=EDGE_CURVE('',#9638,#9625,#9627,.T.) ;
#9649=EDGE_CURVE('',#9648,#9638,#9640,.T.) ;
#9662=EDGE_CURVE('',#9661,#9648,#9650,.T.) ;
#9672=EDGE_CURVE('',#9671,#9661,#9663,.T.) ;
#9685=EDGE_CURVE('',#9684,#9671,#9673,.T.) ;
#9695=EDGE_CURVE('',#9694,#9684,#9686,.T.) ;
#9708=EDGE_CURVE('',#9707,#9694,#9696,.T.) ;
#9718=EDGE_CURVE('',#9717,#9707,#9709,.T.) ;
#9731=EDGE_CURVE('',#9730,#9717,#9719,.T.) ;
#9741=EDGE_CURVE('',#9740,#9730,#9732,.T.) ;
#9754=EDGE_CURVE('',#9753,#9740,#9742,.T.) ;
#9764=EDGE_CURVE('',#9763,#9753,#9755,.T.) ;
#9771=EDGE_CURVE('',#9770,#9763,#9768,.T.) ;
#9778=EDGE_CURVE('',#9777,#9770,#9775,.T.) ;
#9785=EDGE_CURVE('',#9784,#9777,#9782,.T.) ;
#9795=EDGE_CURVE('',#9794,#9784,#9786,.T.) ;
#9805=EDGE_CURVE('',#9804,#9794,#9796,.T.) ;
#9828=EDGE_CURVE('',#9198,#9804,#9806,.T.) ;
#9913=EDGE_CURVE('',#9910,#9912,#9887,.T.) ;
#9936=EDGE_CURVE('',#9912,#9910,#9914,.T.) ;
#9967=EDGE_CURVE('',#9964,#9966,#9941,.T.) ;
#9990=EDGE_CURVE('',#9966,#9964,#9968,.T.) ;
#10021=EDGE_CURVE('',#10018,#10020,#9995,.T.) ;
#10044=EDGE_CURVE('',#10020,#10018,#10022,.T.) ;
#10063=EDGE_CURVE('',#8290,#9198,#10062,.T.) ;
#10068=EDGE_CURVE('',#8288,#9196,#10067,.T.) ;
#10085=EDGE_CURVE('',#8315,#9804,#10084,.T.) ;
#10102=EDGE_CURVE('',#8325,#9794,#10101,.T.) ;
#10119=EDGE_CURVE('',#8335,#9784,#10118,.T.) ;
#10136=EDGE_CURVE('',#8342,#9777,#10135,.T.) ;
#10153=EDGE_CURVE('',#8349,#9770,#10152,.T.) ;
#10170=EDGE_CURVE('',#8356,#9763,#10169,.T.) ;
#10187=EDGE_CURVE('',#8366,#9753,#10186,.T.) ;
#10207=EDGE_CURVE('',#8379,#9740,#10204,.T.) ;
#10225=EDGE_CURVE('',#8389,#9730,#10222,.T.) ;
#10245=EDGE_CURVE('',#8402,#9717,#10242,.T.) ;
#10265=EDGE_CURVE('',#8412,#9707,#10262,.T.) ;
#10285=EDGE_CURVE('',#8425,#9694,#10282,.T.) ;
#10303=EDGE_CURVE('',#8435,#9684,#10300,.T.) ;
#10323=EDGE_CURVE('',#8448,#9671,#10320,.T.) ;
#10343=EDGE_CURVE('',#8458,#9661,#10340,.T.) ;
#10363=EDGE_CURVE('',#8471,#9648,#10360,.T.) ;
#10381=EDGE_CURVE('',#8481,#9638,#10378,.T.) ;
#10401=EDGE_CURVE('',#8494,#9625,#10398,.T.) ;
#10421=EDGE_CURVE('',#8504,#9615,#10418,.T.) ;
#10441=EDGE_CURVE('',#8517,#9602,#10438,.T.) ;
#10459=EDGE_CURVE('',#8527,#9592,#10456,.T.) ;
#10479=EDGE_CURVE('',#8540,#9579,#10476,.T.) ;
#10499=EDGE_CURVE('',#8550,#9569,#10496,.T.) ;
#10519=EDGE_CURVE('',#8563,#9556,#10516,.T.) ;
#10537=EDGE_CURVE('',#8573,#9546,#10534,.T.) ;
#10557=EDGE_CURVE('',#8586,#9533,#10554,.T.) ;
#10577=EDGE_CURVE('',#8596,#9523,#10574,.T.) ;
#10597=EDGE_CURVE('',#8609,#9510,#10594,.T.) ;
#10615=EDGE_CURVE('',#8619,#9500,#10612,.T.) ;
#10635=EDGE_CURVE('',#8632,#9487,#10632,.T.) ;
#10655=EDGE_CURVE('',#8642,#9477,#10652,.T.) ;
#10675=EDGE_CURVE('',#8655,#9464,#10672,.T.) ;
#10693=EDGE_CURVE('',#8665,#9454,#10690,.T.) ;
#10713=EDGE_CURVE('',#8678,#9441,#10710,.T.) ;
#10733=EDGE_CURVE('',#8688,#9431,#10730,.T.) ;
#10753=EDGE_CURVE('',#8701,#9418,#10750,.T.) ;
#10771=EDGE_CURVE('',#8711,#9408,#10768,.T.) ;
#10791=EDGE_CURVE('',#8724,#9395,#10788,.T.) ;
#10811=EDGE_CURVE('',#8734,#9385,#10808,.T.) ;
#10831=EDGE_CURVE('',#8747,#9372,#10828,.T.) ;
#10849=EDGE_CURVE('',#8757,#9362,#10846,.T.) ;
#10869=EDGE_CURVE('',#8770,#9349,#10866,.T.) ;
#10889=EDGE_CURVE('',#8780,#9339,#10886,.T.) ;
#10909=EDGE_CURVE('',#8793,#9326,#10906,.T.) ;
#10927=EDGE_CURVE('',#8803,#9316,#10924,.T.) ;
#10947=EDGE_CURVE('',#8816,#9303,#10944,.T.) ;
#10967=EDGE_CURVE('',#8826,#9293,#10964,.T.) ;
#10987=EDGE_CURVE('',#8839,#9280,#10984,.T.) ;
#11005=EDGE_CURVE('',#8849,#9270,#11002,.T.) ;
#11025=EDGE_CURVE('',#8862,#9257,#11022,.T.) ;
#11043=EDGE_CURVE('',#8872,#9247,#11040,.T.) ;
#11060=EDGE_CURVE('',#8888,#9231,#11059,.T.) ;
#11077=EDGE_CURVE('',#8907,#9212,#11076,.T.) ;
#11094=EDGE_CURVE('',#8914,#9205,#11093,.T.) ;
#11123=EDGE_CURVE('',#9004,#9966,#11122,.T.) ;
#11128=EDGE_CURVE('',#9002,#9964,#11127,.T.) ;
#11157=EDGE_CURVE('',#9058,#10020,#11156,.T.) ;
#11162=EDGE_CURVE('',#9056,#10018,#11161,.T.) ;
#11191=EDGE_CURVE('',#9112,#9912,#11190,.T.) ;
#11196=EDGE_CURVE('',#9110,#9910,#11195,.T.) ;
#11271=EDGE_CURVE('',#11268,#11270,#11266,.F.) ;
#11278=EDGE_CURVE('',#11270,#11277,#11275,.T.) ;
#11285=EDGE_CURVE('',#11284,#11277,#11282,.F.) ;
#11290=EDGE_CURVE('',#11268,#11284,#11289,.T.) ;
#11311=EDGE_CURVE('',#11308,#11310,#11306,.T.) ;
#11318=EDGE_CURVE('',#11310,#11317,#11315,.T.) ;
#11325=EDGE_CURVE('',#11317,#11324,#11322,.T.) ;
#11332=EDGE_CURVE('',#11324,#11331,#11329,.T.) ;
#11339=EDGE_CURVE('',#11331,#11338,#11336,.T.) ;
#11346=EDGE_CURVE('',#11338,#11345,#11343,.T.) ;
#11353=EDGE_CURVE('',#11345,#11352,#11350,.T.) ;
#11360=EDGE_CURVE('',#11352,#11359,#11357,.T.) ;
#11367=EDGE_CURVE('',#11359,#11366,#11364,.T.) ;
#11374=EDGE_CURVE('',#11366,#11373,#11371,.T.) ;
#11381=EDGE_CURVE('',#11373,#11380,#11378,.T.) ;
#11388=EDGE_CURVE('',#11380,#11387,#11385,.T.) ;
#11395=EDGE_CURVE('',#11387,#11394,#11392,.T.) ;
#11402=EDGE_CURVE('',#11394,#11401,#11399,.T.) ;
#11409=EDGE_CURVE('',#11401,#11408,#11406,.T.) ;
#11416=EDGE_CURVE('',#11408,#11415,#11413,.T.) ;
#11429=EDGE_CURVE('',#11415,#11428,#11417,.T.) ;
#11436=EDGE_CURVE('',#11428,#11435,#11433,.T.) ;
#11446=EDGE_CURVE('',#11435,#11445,#11437,.T.) ;
#11456=EDGE_CURVE('',#11445,#11455,#11447,.T.) ;
#11463=EDGE_CURVE('',#11455,#11462,#11460,.T.) ;
#11470=EDGE_CURVE('',#11462,#11469,#11467,.T.) ;
#11477=EDGE_CURVE('',#11469,#11476,#11474,.T.) ;
#11505=EDGE_CURVE('',#11476,#11504,#11478,.T.) ;
#11512=EDGE_CURVE('',#11504,#11511,#11509,.T.) ;
#11525=EDGE_CURVE('',#11511,#11524,#11513,.T.) ;
#11530=EDGE_CURVE('',#11524,#11308,#11529,.T.) ;
#11586=EDGE_CURVE('',#11583,#11585,#11560,.T.) ;
#11609=EDGE_CURVE('',#11585,#11583,#11587,.T.) ;
#11636=EDGE_CURVE('',#11270,#11268,#11614,.T.) ;
#11651=EDGE_CURVE('',#11277,#11284,#11650,.F.) ;
#11672=EDGE_CURVE('',#11669,#11671,#11667,.T.) ;
#11679=EDGE_CURVE('',#11678,#11669,#11676,.T.) ;
#11692=EDGE_CURVE('',#11691,#11678,#11680,.T.) ;
#11699=EDGE_CURVE('',#11698,#11691,#11696,.T.) ;
#11727=EDGE_CURVE('',#11726,#11698,#11700,.T.) ;
#11734=EDGE_CURVE('',#11733,#11726,#11731,.T.) ;
#11741=EDGE_CURVE('',#11740,#11733,#11738,.T.) ;
#11748=EDGE_CURVE('',#11747,#11740,#11745,.T.) ;
#11758=EDGE_CURVE('',#11757,#11747,#11749,.T.) ;
#11768=EDGE_CURVE('',#11767,#11757,#11759,.T.) ;
#11775=EDGE_CURVE('',#11774,#11767,#11772,.T.) ;
#11788=EDGE_CURVE('',#11787,#11774,#11776,.T.) ;
#11795=EDGE_CURVE('',#11794,#11787,#11792,.T.) ;
#11802=EDGE_CURVE('',#11801,#11794,#11799,.T.) ;
#11809=EDGE_CURVE('',#11808,#11801,#11806,.T.) ;
#11816=EDGE_CURVE('',#11815,#11808,#11813,.T.) ;
#11823=EDGE_CURVE('',#11822,#11815,#11820,.T.) ;
#11830=EDGE_CURVE('',#11829,#11822,#11827,.T.) ;
#11837=EDGE_CURVE('',#11836,#11829,#11834,.T.) ;
#11844=EDGE_CURVE('',#11843,#11836,#11841,.T.) ;
#11851=EDGE_CURVE('',#11850,#11843,#11848,.T.) ;
#11858=EDGE_CURVE('',#11857,#11850,#11855,.T.) ;
#11865=EDGE_CURVE('',#11864,#11857,#11862,.T.) ;
#11872=EDGE_CURVE('',#11871,#11864,#11869,.T.) ;
#11879=EDGE_CURVE('',#11878,#11871,#11876,.T.) ;
#11886=EDGE_CURVE('',#11885,#11878,#11883,.T.) ;
#11891=EDGE_CURVE('',#11671,#11885,#11890,.T.) ;
#11947=EDGE_CURVE('',#11944,#11946,#11921,.T.) ;
#11970=EDGE_CURVE('',#11946,#11944,#11948,.T.) ;
#11989=EDGE_CURVE('',#11310,#11671,#11988,.T.) ;
#11994=EDGE_CURVE('',#11308,#11669,#11993,.T.) ;
#12011=EDGE_CURVE('',#11317,#11885,#12010,.T.) ;
#12028=EDGE_CURVE('',#11324,#11878,#12027,.T.) ;
#12045=EDGE_CURVE('',#11331,#11871,#12044,.T.) ;
#12062=EDGE_CURVE('',#11338,#11864,#12061,.T.) ;
#12079=EDGE_CURVE('',#11345,#11857,#12078,.T.) ;
#12096=EDGE_CURVE('',#11352,#11850,#12095,.T.) ;
#12113=EDGE_CURVE('',#11359,#11843,#12112,.T.) ;
#12130=EDGE_CURVE('',#11366,#11836,#12129,.T.) ;
#12147=EDGE_CURVE('',#11373,#11829,#12146,.T.) ;
#12164=EDGE_CURVE('',#11380,#11822,#12163,.T.) ;
#12181=EDGE_CURVE('',#11387,#11815,#12180,.T.) ;
#12198=EDGE_CURVE('',#11394,#11808,#12197,.T.) ;
#12215=EDGE_CURVE('',#11401,#11801,#12214,.T.) ;
#12232=EDGE_CURVE('',#11408,#11794,#12231,.T.) ;
#12249=EDGE_CURVE('',#11415,#11787,#12248,.T.) ;
#12266=EDGE_CURVE('',#11428,#11774,#12265,.T.) ;
#12283=EDGE_CURVE('',#11435,#11767,#12282,.T.) ;
#12300=EDGE_CURVE('',#11445,#11757,#12299,.T.) ;
#12317=EDGE_CURVE('',#11455,#11747,#12316,.T.) ;
#12334=EDGE_CURVE('',#11462,#11740,#12333,.T.) ;
#12351=EDGE_CURVE('',#11469,#11733,#12350,.T.) ;
#12368=EDGE_CURVE('',#11476,#11726,#12367,.T.) ;
#12385=EDGE_CURVE('',#11504,#11698,#12384,.T.) ;
#12402=EDGE_CURVE('',#11511,#11691,#12401,.T.) ;
#12419=EDGE_CURVE('',#11524,#11678,#12418,.T.) ;
#12448=EDGE_CURVE('',#11585,#11946,#12447,.T.) ;
#12453=EDGE_CURVE('',#11583,#11944,#12452,.T.) ;
#12654=EDGE_CURVE('',#12651,#12653,#12640,.T.) ;
#12661=EDGE_CURVE('',#12651,#12660,#12658,.T.) ;
#12668=EDGE_CURVE('',#12660,#12667,#12665,.T.) ;
#12681=EDGE_CURVE('',#12680,#12667,#12669,.T.) ;
#12688=EDGE_CURVE('',#12680,#12687,#12685,.T.) ;
#12701=EDGE_CURVE('',#12700,#12687,#12689,.T.) ;
#12708=EDGE_CURVE('',#12700,#12707,#12705,.T.) ;
#12721=EDGE_CURVE('',#12720,#12707,#12709,.T.) ;
#12728=EDGE_CURVE('',#12720,#12727,#12725,.T.) ;
#12741=EDGE_CURVE('',#12740,#12727,#12729,.T.) ;
#12748=EDGE_CURVE('',#12740,#12747,#12745,.T.) ;
#12761=EDGE_CURVE('',#12760,#12747,#12749,.T.) ;
#12768=EDGE_CURVE('',#12760,#12767,#12765,.T.) ;
#12781=EDGE_CURVE('',#12780,#12767,#12769,.T.) ;
#12788=EDGE_CURVE('',#12780,#12787,#12785,.T.) ;
#12801=EDGE_CURVE('',#12800,#12787,#12789,.T.) ;
#12808=EDGE_CURVE('',#12800,#12807,#12805,.T.) ;
#12821=EDGE_CURVE('',#12820,#12807,#12809,.T.) ;
#12828=EDGE_CURVE('',#12820,#12827,#12825,.T.) ;
#12841=EDGE_CURVE('',#12840,#12827,#12829,.T.) ;
#12848=EDGE_CURVE('',#12840,#12847,#12845,.T.) ;
#12861=EDGE_CURVE('',#12860,#12847,#12849,.T.) ;
#12868=EDGE_CURVE('',#12860,#12867,#12865,.T.) ;
#12881=EDGE_CURVE('',#12880,#12867,#12869,.T.) ;
#12888=EDGE_CURVE('',#12880,#12887,#12885,.T.) ;
#12901=EDGE_CURVE('',#12900,#12887,#12889,.T.) ;
#12908=EDGE_CURVE('',#12900,#12907,#12905,.T.) ;
#12921=EDGE_CURVE('',#12920,#12907,#12909,.T.) ;
#12928=EDGE_CURVE('',#12920,#12927,#12925,.T.) ;
#12935=EDGE_CURVE('',#12927,#12934,#12932,.T.) ;
#12948=EDGE_CURVE('',#12947,#12934,#12936,.T.) ;
#12955=EDGE_CURVE('',#12947,#12954,#12952,.T.) ;
#12968=EDGE_CURVE('',#12967,#12954,#12956,.T.) ;
#12975=EDGE_CURVE('',#12967,#12974,#12972,.T.) ;
#12988=EDGE_CURVE('',#12987,#12974,#12976,.T.) ;
#12995=EDGE_CURVE('',#12987,#12994,#12992,.T.) ;
#13008=EDGE_CURVE('',#13007,#12994,#12996,.T.) ;
#13015=EDGE_CURVE('',#13007,#13014,#13012,.T.) ;
#13028=EDGE_CURVE('',#13027,#13014,#13016,.T.) ;
#13035=EDGE_CURVE('',#13027,#13034,#13032,.T.) ;
#13048=EDGE_CURVE('',#13047,#13034,#13036,.T.) ;
#13055=EDGE_CURVE('',#13047,#13054,#13052,.T.) ;
#13068=EDGE_CURVE('',#13067,#13054,#13056,.T.) ;
#13075=EDGE_CURVE('',#13067,#13074,#13072,.T.) ;
#13088=EDGE_CURVE('',#13087,#13074,#13076,.T.) ;
#13095=EDGE_CURVE('',#13087,#13094,#13092,.T.) ;
#13108=EDGE_CURVE('',#13107,#13094,#13096,.T.) ;
#13115=EDGE_CURVE('',#13107,#13114,#13112,.T.) ;
#13128=EDGE_CURVE('',#13127,#13114,#13116,.T.) ;
#13135=EDGE_CURVE('',#13127,#13134,#13132,.T.) ;
#13148=EDGE_CURVE('',#13147,#13134,#13136,.T.) ;
#13155=EDGE_CURVE('',#13147,#13154,#13152,.T.) ;
#13168=EDGE_CURVE('',#13167,#13154,#13156,.T.) ;
#13173=EDGE_CURVE('',#13167,#12653,#13172,.T.) ;
#13238=EDGE_CURVE('',#13235,#13237,#13233,.T.) ;
#13243=EDGE_CURVE('',#13237,#13235,#13242,.T.) ;
#13263=EDGE_CURVE('',#12651,#13262,#13258,.T.) ;
#13269=EDGE_CURVE('',#12653,#13268,#13264,.T.) ;
#13276=EDGE_CURVE('',#13262,#13268,#13270,.T.) ;
#13295=EDGE_CURVE('',#12660,#13294,#13292,.T.) ;
#13300=EDGE_CURVE('',#13294,#13262,#13299,.T.) ;
#13319=EDGE_CURVE('',#12667,#13318,#13316,.T.) ;
#13324=EDGE_CURVE('',#13318,#13294,#13323,.T.) ;
#13346=EDGE_CURVE('',#12680,#13345,#13341,.T.) ;
#13353=EDGE_CURVE('',#13345,#13318,#13347,.T.) ;
#13372=EDGE_CURVE('',#12687,#13371,#13369,.T.) ;
#13377=EDGE_CURVE('',#13371,#13345,#13376,.T.) ;
#13399=EDGE_CURVE('',#12700,#13398,#13394,.T.) ;
#13406=EDGE_CURVE('',#13398,#13371,#13400,.T.) ;
#13425=EDGE_CURVE('',#12707,#13424,#13422,.T.) ;
#13430=EDGE_CURVE('',#13424,#13398,#13429,.T.) ;
#13452=EDGE_CURVE('',#12720,#13451,#13447,.T.) ;
#13459=EDGE_CURVE('',#13451,#13424,#13453,.T.) ;
#13478=EDGE_CURVE('',#12727,#13477,#13475,.T.) ;
#13483=EDGE_CURVE('',#13477,#13451,#13482,.T.) ;
#13505=EDGE_CURVE('',#12740,#13504,#13500,.T.) ;
#13512=EDGE_CURVE('',#13504,#13477,#13506,.T.) ;
#13531=EDGE_CURVE('',#12747,#13530,#13528,.T.) ;
#13536=EDGE_CURVE('',#13530,#13504,#13535,.T.) ;
#13558=EDGE_CURVE('',#12760,#13557,#13553,.T.) ;
#13565=EDGE_CURVE('',#13557,#13530,#13559,.T.) ;
#13584=EDGE_CURVE('',#12767,#13583,#13581,.T.) ;
#13589=EDGE_CURVE('',#13583,#13557,#13588,.T.) ;
#13611=EDGE_CURVE('',#12780,#13610,#13606,.T.) ;
#13618=EDGE_CURVE('',#13610,#13583,#13612,.T.) ;
#13637=EDGE_CURVE('',#12787,#13636,#13634,.T.) ;
#13642=EDGE_CURVE('',#13636,#13610,#13641,.T.) ;
#13664=EDGE_CURVE('',#12800,#13663,#13659,.T.) ;
#13671=EDGE_CURVE('',#13663,#13636,#13665,.T.) ;
#13690=EDGE_CURVE('',#12807,#13689,#13687,.T.) ;
#13695=EDGE_CURVE('',#13689,#13663,#13694,.T.) ;
#13717=EDGE_CURVE('',#12820,#13716,#13712,.T.) ;
#13724=EDGE_CURVE('',#13716,#13689,#13718,.T.) ;
#13743=EDGE_CURVE('',#12827,#13742,#13740,.T.) ;
#13748=EDGE_CURVE('',#13742,#13716,#13747,.T.) ;
#13770=EDGE_CURVE('',#12840,#13769,#13765,.T.) ;
#13777=EDGE_CURVE('',#13769,#13742,#13771,.T.) ;
#13796=EDGE_CURVE('',#12847,#13795,#13793,.T.) ;
#13801=EDGE_CURVE('',#13795,#13769,#13800,.T.) ;
#13823=EDGE_CURVE('',#12860,#13822,#13818,.T.) ;
#13830=EDGE_CURVE('',#13822,#13795,#13824,.T.) ;
#13849=EDGE_CURVE('',#12867,#13848,#13846,.T.) ;
#13854=EDGE_CURVE('',#13848,#13822,#13853,.T.) ;
#13876=EDGE_CURVE('',#12880,#13875,#13871,.T.) ;
#13883=EDGE_CURVE('',#13875,#13848,#13877,.T.) ;
#13902=EDGE_CURVE('',#12887,#13901,#13899,.T.) ;
#13907=EDGE_CURVE('',#13901,#13875,#13906,.T.) ;
#13929=EDGE_CURVE('',#12900,#13928,#13924,.T.) ;
#13936=EDGE_CURVE('',#13928,#13901,#13930,.T.) ;
#13955=EDGE_CURVE('',#12907,#13954,#13952,.T.) ;
#13960=EDGE_CURVE('',#13954,#13928,#13959,.T.) ;
#13982=EDGE_CURVE('',#12920,#13981,#13977,.T.) ;
#13989=EDGE_CURVE('',#13981,#13954,#13983,.T.) ;
#14008=EDGE_CURVE('',#12927,#14007,#14005,.T.) ;
#14013=EDGE_CURVE('',#14007,#13981,#14012,.T.) ;
#14032=EDGE_CURVE('',#12934,#14031,#14029,.T.) ;
#14037=EDGE_CURVE('',#14031,#14007,#14036,.T.) ;
#14059=EDGE_CURVE('',#12947,#14058,#14054,.T.) ;
#14066=EDGE_CURVE('',#14058,#14031,#14060,.T.) ;
#14085=EDGE_CURVE('',#12954,#14084,#14082,.T.) ;
#14090=EDGE_CURVE('',#14084,#14058,#14089,.T.) ;
#14112=EDGE_CURVE('',#12967,#14111,#14107,.T.) ;
#14119=EDGE_CURVE('',#14111,#14084,#14113,.T.) ;
#14138=EDGE_CURVE('',#12974,#14137,#14135,.T.) ;
#14143=EDGE_CURVE('',#14137,#14111,#14142,.T.) ;
#14165=EDGE_CURVE('',#12987,#14164,#14160,.T.) ;
#14172=EDGE_CURVE('',#14164,#14137,#14166,.T.) ;
#14191=EDGE_CURVE('',#12994,#14190,#14188,.T.) ;
#14196=EDGE_CURVE('',#14190,#14164,#14195,.T.) ;
#14218=EDGE_CURVE('',#13007,#14217,#14213,.T.) ;
#14225=EDGE_CURVE('',#14217,#14190,#14219,.T.) ;
#14244=EDGE_CURVE('',#13014,#14243,#14241,.T.) ;
#14249=EDGE_CURVE('',#14243,#14217,#14248,.T.) ;
#14271=EDGE_CURVE('',#13027,#14270,#14266,.T.) ;
#14278=EDGE_CURVE('',#14270,#14243,#14272,.T.) ;
#14297=EDGE_CURVE('',#13034,#14296,#14294,.T.) ;
#14302=EDGE_CURVE('',#14296,#14270,#14301,.T.) ;
#14324=EDGE_CURVE('',#13047,#14323,#14319,.T.) ;
#14331=EDGE_CURVE('',#14323,#14296,#14325,.T.) ;
#14350=EDGE_CURVE('',#13054,#14349,#14347,.T.) ;
#14355=EDGE_CURVE('',#14349,#14323,#14354,.T.) ;
#14377=EDGE_CURVE('',#13067,#14376,#14372,.T.) ;
#14384=EDGE_CURVE('',#14376,#14349,#14378,.T.) ;
#14403=EDGE_CURVE('',#13074,#14402,#14400,.T.) ;
#14408=EDGE_CURVE('',#14402,#14376,#14407,.T.) ;
#14430=EDGE_CURVE('',#13087,#14429,#14425,.T.) ;
#14437=EDGE_CURVE('',#14429,#14402,#14431,.T.) ;
#14456=EDGE_CURVE('',#13094,#14455,#14453,.T.) ;
#14461=EDGE_CURVE('',#14455,#14429,#14460,.T.) ;
#14483=EDGE_CURVE('',#13107,#14482,#14478,.T.) ;
#14490=EDGE_CURVE('',#14482,#14455,#14484,.T.) ;
#14509=EDGE_CURVE('',#13114,#14508,#14506,.T.) ;
#14514=EDGE_CURVE('',#14508,#14482,#14513,.T.) ;
#14536=EDGE_CURVE('',#13127,#14535,#14531,.T.) ;
#14543=EDGE_CURVE('',#14535,#14508,#14537,.T.) ;
#14562=EDGE_CURVE('',#13134,#14561,#14559,.T.) ;
#14567=EDGE_CURVE('',#14561,#14535,#14566,.T.) ;
#14589=EDGE_CURVE('',#13147,#14588,#14584,.T.) ;
#14596=EDGE_CURVE('',#14588,#14561,#14590,.T.) ;
#14615=EDGE_CURVE('',#13154,#14614,#14612,.T.) ;
#14620=EDGE_CURVE('',#14614,#14588,#14619,.T.) ;
#14642=EDGE_CURVE('',#13167,#14641,#14637,.T.) ;
#14649=EDGE_CURVE('',#14641,#14614,#14643,.T.) ;
#14666=EDGE_CURVE('',#13268,#14641,#14665,.T.) ;
#14687=EDGE_CURVE('',#14684,#14686,#14682,.T.) ;
#14692=EDGE_CURVE('',#13235,#14686,#14691,.T.) ;
#14697=EDGE_CURVE('',#13237,#14684,#14696,.T.) ;
#14714=EDGE_CURVE('',#14686,#14684,#14713,.T.) ;
#96=EDGE_LOOP('',(#97,#98,#99,#100)) ;
#216=EDGE_LOOP('',(#217,#218,#219,#220,#221,#222,#223,#224,#225,#226,#227,#228)) ;
#280=EDGE_LOOP('',(#281,#282)) ;
#307=EDGE_LOOP('',(#308,#309)) ;
#322=EDGE_LOOP('',(#323,#324,#325,#326)) ;
#359=EDGE_LOOP('',(#360,#361,#362,#363)) ;
#390=EDGE_LOOP('',(#391,#392,#393,#394)) ;
#414=EDGE_LOOP('',(#415,#416,#417,#418)) ;
#438=EDGE_LOOP('',(#439,#440,#441,#442)) ;
#462=EDGE_LOOP('',(#463,#464,#465,#466)) ;
#486=EDGE_LOOP('',(#487,#488,#489,#490)) ;
#510=EDGE_LOOP('',(#511,#512,#513,#514)) ;
#534=EDGE_LOOP('',(#535,#536,#537,#538)) ;
#558=EDGE_LOOP('',(#559,#560,#561,#562)) ;
#582=EDGE_LOOP('',(#583,#584,#585,#586)) ;
#606=EDGE_LOOP('',(#607,#608,#609,#610)) ;
#630=EDGE_LOOP('',(#631,#632,#633,#634)) ;
#647=EDGE_LOOP('',(#648,#649,#650,#651)) ;
#678=EDGE_LOOP('',(#679,#680,#681,#682)) ;
#695=EDGE_LOOP('',(#696,#697,#698,#699)) ;
#718=EDGE_LOOP('',(#719,#720,#721,#722)) ;
#749=EDGE_LOOP('',(#750,#751,#752,#753)) ;
#782=EDGE_LOOP('',(#783,#784,#785,#786)) ;
#806=EDGE_LOOP('',(#807,#808,#809,#810)) ;
#830=EDGE_LOOP('',(#831,#832,#833,#834)) ;
#854=EDGE_LOOP('',(#855,#856,#857,#858)) ;
#878=EDGE_LOOP('',(#879,#880,#881,#882)) ;
#904=EDGE_LOOP('',(#905,#906,#907,#908)) ;
#928=EDGE_LOOP('',(#929,#930,#931,#932)) ;
#964=EDGE_LOOP('',(#965,#966,#967,#968)) ;
#988=EDGE_LOOP('',(#989,#990,#991,#992)) ;
#1012=EDGE_LOOP('',(#1013,#1014,#1015,#1016)) ;
#1036=EDGE_LOOP('',(#1037,#1038,#1039,#1040)) ;
#1053=EDGE_LOOP('',(#1054,#1055,#1056,#1057)) ;
#1090=EDGE_LOOP('',(#1091,#1092,#1093,#1094)) ;
#1113=EDGE_LOOP('',(#1114,#1115,#1116,#1117)) ;
#1130=EDGE_LOOP('',(#1131,#1132,#1133,#1134)) ;
#1292=EDGE_LOOP('',(#1293,#1294,#1295,#1296,#1297,#1298,#1299,#1300,#1301,#1302,#1303,#1304)) ;
#1320=EDGE_LOOP('',(#1321,#1322)) ;
#1324=EDGE_LOOP('',(#1325,#1326)) ;
#1344=EDGE_LOOP('',(#1345,#1346,#1347,#1348)) ;
#1361=EDGE_LOOP('',(#1362,#1363,#1364,#1365)) ;
#1378=EDGE_LOOP('',(#1379,#1380,#1381,#1382)) ;
#1395=EDGE_LOOP('',(#1396,#1397,#1398,#1399)) ;
#1412=EDGE_LOOP('',(#1413,#1414,#1415,#1416)) ;
#1429=EDGE_LOOP('',(#1430,#1431,#1432,#1433)) ;
#1446=EDGE_LOOP('',(#1447,#1448,#1449,#1450)) ;
#1463=EDGE_LOOP('',(#1464,#1465,#1466,#1467)) ;
#1480=EDGE_LOOP('',(#1481,#1482,#1483,#1484)) ;
#1497=EDGE_LOOP('',(#1498,#1499,#1500,#1501)) ;
#1516=EDGE_LOOP('',(#1517,#1518,#1519,#1520)) ;
#1528=EDGE_LOOP('',(#1529,#1530,#1531,#1532)) ;
#1550=EDGE_LOOP('',(#1551,#1552,#1553,#1554)) ;
#1562=EDGE_LOOP('',(#1563,#1564,#1565,#1566)) ;
#1629=EDGE_LOOP('',(#1630,#1631,#1632,#1633)) ;
#1707=EDGE_LOOP('',(#1708,#1709,#1710,#1711,#1712,#1713)) ;
#1720=EDGE_LOOP('',(#1721,#1722)) ;
#1735=EDGE_LOOP('',(#1736,#1737,#1738,#1739)) ;
#1789=EDGE_LOOP('',(#1790,#1791,#1792,#1793,#1794,#1795)) ;
#1797=EDGE_LOOP('',(#1798,#1799)) ;
#1817=EDGE_LOOP('',(#1818,#1819,#1820,#1821)) ;
#1834=EDGE_LOOP('',(#1835,#1836,#1837,#1838)) ;
#1851=EDGE_LOOP('',(#1852,#1853,#1854,#1855)) ;
#1882=EDGE_LOOP('',(#1883,#1884,#1885,#1886)) ;
#1904=EDGE_LOOP('',(#1905,#1906,#1907,#1908)) ;
#1916=EDGE_LOOP('',(#1917,#1918,#1919,#1920)) ;
#1947=EDGE_LOOP('',(#1948,#1949,#1950,#1951)) ;
#1964=EDGE_LOOP('',(#1965,#1966,#1967,#1968)) ;
#2009=EDGE_LOOP('',(#2010,#2011,#2012,#2013,#2014,#2015)) ;
#2031=EDGE_LOOP('',(#2032,#2033)) ;
#2049=EDGE_LOOP('',(#2050,#2051)) ;
#2064=EDGE_LOOP('',(#2065,#2066,#2067,#2068)) ;
#2109=EDGE_LOOP('',(#2110,#2111,#2112,#2113,#2114,#2115)) ;
#2131=EDGE_LOOP('',(#2132,#2133)) ;
#2149=EDGE_LOOP('',(#2150,#2151)) ;
#2164=EDGE_LOOP('',(#2165,#2166,#2167,#2168)) ;
#2181=EDGE_LOOP('',(#2182,#2183,#2184,#2185)) ;
#2198=EDGE_LOOP('',(#2199,#2200,#2201,#2202)) ;
#2215=EDGE_LOOP('',(#2216,#2217,#2218,#2219)) ;
#2227=EDGE_LOOP('',(#2228,#2229,#2230,#2231)) ;
#2249=EDGE_LOOP('',(#2250,#2251,#2252,#2253)) ;
#2261=EDGE_LOOP('',(#2262,#2263,#2264,#2265)) ;
#2283=EDGE_LOOP('',(#2284,#2285,#2286,#2287)) ;
#2295=EDGE_LOOP('',(#2296,#2297,#2298,#2299)) ;
#2362=EDGE_LOOP('',(#2363,#2364,#2365,#2366)) ;
#2540=EDGE_LOOP('',(#2541,#2542,#2543,#2544,#2545,#2546,#2547,#2548,#2549,#2550,#2551,#2552,#2553,#2554,#2555,#2556)) ;
#2608=EDGE_LOOP('',(#2609,#2610)) ;
#2662=EDGE_LOOP('',(#2663,#2664)) ;
#2716=EDGE_LOOP('',(#2717,#2718)) ;
#2838=EDGE_LOOP('',(#2839,#2840,#2841,#2842,#2843,#2844,#2845,#2846,#2847,#2848)) ;
#2900=EDGE_LOOP('',(#2901,#2902)) ;
#2960=EDGE_LOOP('',(#2961,#2962)) ;
#3014=EDGE_LOOP('',(#3015,#3016)) ;
#3068=EDGE_LOOP('',(#3069,#3070)) ;
#3107=EDGE_LOOP('',(#3108,#3109,#3110,#3111,#3112)) ;
#3132=EDGE_LOOP('',(#3133,#3134,#3135,#3136)) ;
#3310=EDGE_LOOP('',(#3311,#3312,#3313,#3314,#3315,#3316,#3317,#3318,#3319,#3320,#3321,#3322,#3323,#3324,#3325,#3326)) ;
#3378=EDGE_LOOP('',(#3379,#3380)) ;
#3500=EDGE_LOOP('',(#3501,#3502,#3503,#3504,#3505,#3506,#3507,#3508,#3509,#3510)) ;
#3562=EDGE_LOOP('',(#3563,#3564)) ;
#3622=EDGE_LOOP('',(#3623,#3624)) ;
#3676=EDGE_LOOP('',(#3677,#3678)) ;
#3730=EDGE_LOOP('',(#3731,#3732)) ;
#3784=EDGE_LOOP('',(#3785,#3786)) ;
#3838=EDGE_LOOP('',(#3839,#3840)) ;
#3861=EDGE_LOOP('',(#3862,#3863,#3864,#3865,#3866)) ;
#3879=EDGE_LOOP('',(#3880,#3881,#3882,#3883)) ;
#3901=EDGE_LOOP('',(#3902,#3903,#3904,#3905)) ;
#3918=EDGE_LOOP('',(#3919,#3920,#3921,#3922)) ;
#3935=EDGE_LOOP('',(#3936,#3937,#3938,#3939)) ;
#3952=EDGE_LOOP('',(#3953,#3954,#3955,#3956)) ;
#3969=EDGE_LOOP('',(#3970,#3971,#3972,#3973)) ;
#3986=EDGE_LOOP('',(#3987,#3988,#3989,#3990)) ;
#4003=EDGE_LOOP('',(#4004,#4005,#4006,#4007)) ;
#4020=EDGE_LOOP('',(#4021,#4022,#4023,#4024)) ;
#4037=EDGE_LOOP('',(#4038,#4039,#4040,#4041)) ;
#4054=EDGE_LOOP('',(#4055,#4056,#4057,#4058)) ;
#4071=EDGE_LOOP('',(#4072,#4073,#4074,#4075)) ;
#4088=EDGE_LOOP('',(#4089,#4090,#4091,#4092)) ;
#4105=EDGE_LOOP('',(#4106,#4107,#4108,#4109)) ;
#4122=EDGE_LOOP('',(#4123,#4124,#4125,#4126)) ;
#4139=EDGE_LOOP('',(#4140,#4141,#4142,#4143)) ;
#4151=EDGE_LOOP('',(#4152,#4153,#4154,#4155)) ;
#4173=EDGE_LOOP('',(#4174,#4175,#4176,#4177)) ;
#4185=EDGE_LOOP('',(#4186,#4187,#4188,#4189)) ;
#4207=EDGE_LOOP('',(#4208,#4209,#4210,#4211)) ;
#4219=EDGE_LOOP('',(#4220,#4221,#4222,#4223)) ;
#4241=EDGE_LOOP('',(#4242,#4243,#4244,#4245)) ;
#4253=EDGE_LOOP('',(#4254,#4255,#4256,#4257)) ;
#4275=EDGE_LOOP('',(#4276,#4277,#4278,#4279)) ;
#4292=EDGE_LOOP('',(#4293,#4294,#4295,#4296)) ;
#4309=EDGE_LOOP('',(#4310,#4311,#4312,#4313)) ;
#4326=EDGE_LOOP('',(#4327,#4328,#4329,#4330)) ;
#4343=EDGE_LOOP('',(#4344,#4345,#4346,#4347)) ;
#4360=EDGE_LOOP('',(#4361,#4362,#4363,#4364)) ;
#4377=EDGE_LOOP('',(#4378,#4379,#4380,#4381)) ;
#4394=EDGE_LOOP('',(#4395,#4396,#4397,#4398)) ;
#4411=EDGE_LOOP('',(#4412,#4413,#4414,#4415)) ;
#4423=EDGE_LOOP('',(#4424,#4425,#4426,#4427)) ;
#4445=EDGE_LOOP('',(#4446,#4447,#4448,#4449)) ;
#4457=EDGE_LOOP('',(#4458,#4459,#4460,#4461)) ;
#4479=EDGE_LOOP('',(#4480,#4481,#4482,#4483)) ;
#4491=EDGE_LOOP('',(#4492,#4493,#4494,#4495)) ;
#4513=EDGE_LOOP('',(#4514,#4515,#4516,#4517)) ;
#4525=EDGE_LOOP('',(#4526,#4527,#4528,#4529)) ;
#4547=EDGE_LOOP('',(#4548,#4549,#4550,#4551)) ;
#4559=EDGE_LOOP('',(#4560,#4561,#4562,#4563)) ;
#4576=EDGE_LOOP('',(#4577,#4578,#4579,#4580)) ;
#4588=EDGE_LOOP('',(#4589,#4590,#4591,#4592)) ;
#4655=EDGE_LOOP('',(#4656,#4657,#4658,#4659)) ;
#5443=EDGE_LOOP('',(#5444,#5445,#5446,#5447,#5448,#5449,#5450,#5451,#5452,#5453,#5454,#5455,#5456,#5457,#5458,#5459,#5460,#5461,#5462,#5463,#5464,#5465,#5466,#5467,#5468,#5469,#5470,#5471,#5472,#5473,#5474,#5475,#5476,#5477,#5478,#5479,#5480,#5481,#5482,#5483,#5484,#5485,#5486,#5487,#5488,#5489,#5490,#5491,#5492,#5493,#5494,#5495,#5496,#5497,#5498,#5499,#5500,#5501,#5502,#5503,#5504,#5505,#5506,#5507,#5508,#5509,#5510,#5511,#5512,#5513,#5514,#5515,#5516,#5517,#5518,#5519,#5520,#5521,#5522,#5523,#5524,#5525,#5526,#5527,#5528,#5529,#5530,#5531,#5532,#5533,#5534,#5535)) ;
#5551=EDGE_LOOP('',(#5552,#5553)) ;
#5560=EDGE_LOOP('',(#5561,#5562)) ;
#5575=EDGE_LOOP('',(#5576,#5577,#5578,#5579)) ;
#6363=EDGE_LOOP('',(#6364,#6365,#6366,#6367,#6368,#6369,#6370,#6371,#6372,#6373,#6374,#6375,#6376,#6377,#6378,#6379,#6380,#6381,#6382,#6383,#6384,#6385,#6386,#6387,#6388,#6389,#6390,#6391,#6392,#6393,#6394,#6395,#6396,#6397,#6398,#6399,#6400,#6401,#6402,#6403,#6404,#6405,#6406,#6407,#6408,#6409,#6410,#6411,#6412,#6413,#6414,#6415,#6416,#6417,#6418,#6419,#6420,#6421,#6422,#6423,#6424,#6425,#6426,#6427,#6428,#6429,#6430,#6431,#6432,#6433,#6434,#6435,#6436,#6437,#6438,#6439,#6440,#6441,#6442,#6443,#6444,#6445,#6446,#6447,#6448,#6449,#6450,#6451,#6452,#6453,#6454,#6455)) ;
#6471=EDGE_LOOP('',(#6472,#6473)) ;
#6475=EDGE_LOOP('',(#6476,#6477)) ;
#6495=EDGE_LOOP('',(#6496,#6497,#6498,#6499)) ;
#6515=EDGE_LOOP('',(#6516,#6517,#6518,#6519)) ;
#6532=EDGE_LOOP('',(#6533,#6534,#6535,#6536)) ;
#6552=EDGE_LOOP('',(#6553,#6554,#6555,#6556)) ;
#6569=EDGE_LOOP('',(#6570,#6571,#6572,#6573)) ;
#6589=EDGE_LOOP('',(#6590,#6591,#6592,#6593)) ;
#6606=EDGE_LOOP('',(#6607,#6608,#6609,#6610)) ;
#6626=EDGE_LOOP('',(#6627,#6628,#6629,#6630)) ;
#6643=EDGE_LOOP('',(#6644,#6645,#6646,#6647)) ;
#6663=EDGE_LOOP('',(#6664,#6665,#6666,#6667)) ;
#6680=EDGE_LOOP('',(#6681,#6682,#6683,#6684)) ;
#6700=EDGE_LOOP('',(#6701,#6702,#6703,#6704)) ;
#6717=EDGE_LOOP('',(#6718,#6719,#6720,#6721)) ;
#6737=EDGE_LOOP('',(#6738,#6739,#6740,#6741)) ;
#6754=EDGE_LOOP('',(#6755,#6756,#6757,#6758)) ;
#6774=EDGE_LOOP('',(#6775,#6776,#6777,#6778)) ;
#6791=EDGE_LOOP('',(#6792,#6793,#6794,#6795)) ;
#6811=EDGE_LOOP('',(#6812,#6813,#6814,#6815)) ;
#6828=EDGE_LOOP('',(#6829,#6830,#6831,#6832)) ;
#6848=EDGE_LOOP('',(#6849,#6850,#6851,#6852)) ;
#6865=EDGE_LOOP('',(#6866,#6867,#6868,#6869)) ;
#6885=EDGE_LOOP('',(#6886,#6887,#6888,#6889)) ;
#6902=EDGE_LOOP('',(#6903,#6904,#6905,#6906)) ;
#6922=EDGE_LOOP('',(#6923,#6924,#6925,#6926)) ;
#6939=EDGE_LOOP('',(#6940,#6941,#6942,#6943)) ;
#6959=EDGE_LOOP('',(#6960,#6961,#6962,#6963)) ;
#6976=EDGE_LOOP('',(#6977,#6978,#6979,#6980)) ;
#6996=EDGE_LOOP('',(#6997,#6998,#6999,#7000)) ;
#7013=EDGE_LOOP('',(#7014,#7015,#7016,#7017)) ;
#7033=EDGE_LOOP('',(#7034,#7035,#7036,#7037)) ;
#7050=EDGE_LOOP('',(#7051,#7052,#7053,#7054)) ;
#7070=EDGE_LOOP('',(#7071,#7072,#7073,#7074)) ;
#7087=EDGE_LOOP('',(#7088,#7089,#7090,#7091)) ;
#7107=EDGE_LOOP('',(#7108,#7109,#7110,#7111)) ;
#7124=EDGE_LOOP('',(#7125,#7126,#7127,#7128)) ;
#7144=EDGE_LOOP('',(#7145,#7146,#7147,#7148)) ;
#7161=EDGE_LOOP('',(#7162,#7163,#7164,#7165)) ;
#7181=EDGE_LOOP('',(#7182,#7183,#7184,#7185)) ;
#7198=EDGE_LOOP('',(#7199,#7200,#7201,#7202)) ;
#7218=EDGE_LOOP('',(#7219,#7220,#7221,#7222)) ;
#7235=EDGE_LOOP('',(#7236,#7237,#7238,#7239)) ;
#7255=EDGE_LOOP('',(#7256,#7257,#7258,#7259)) ;
#7272=EDGE_LOOP('',(#7273,#7274,#7275,#7276)) ;
#7292=EDGE_LOOP('',(#7293,#7294,#7295,#7296)) ;
#7309=EDGE_LOOP('',(#7310,#7311,#7312,#7313)) ;
#7326=EDGE_LOOP('',(#7327,#7328,#7329,#7330)) ;
#7346=EDGE_LOOP('',(#7347,#7348,#7349,#7350)) ;
#7363=EDGE_LOOP('',(#7364,#7365,#7366,#7367)) ;
#7383=EDGE_LOOP('',(#7384,#7385,#7386,#7387)) ;
#7400=EDGE_LOOP('',(#7401,#7402,#7403,#7404)) ;
#7420=EDGE_LOOP('',(#7421,#7422,#7423,#7424)) ;
#7437=EDGE_LOOP('',(#7438,#7439,#7440,#7441)) ;
#7457=EDGE_LOOP('',(#7458,#7459,#7460,#7461)) ;
#7474=EDGE_LOOP('',(#7475,#7476,#7477,#7478)) ;
#7494=EDGE_LOOP('',(#7495,#7496,#7497,#7498)) ;
#7511=EDGE_LOOP('',(#7512,#7513,#7514,#7515)) ;
#7531=EDGE_LOOP('',(#7532,#7533,#7534,#7535)) ;
#7548=EDGE_LOOP('',(#7549,#7550,#7551,#7552)) ;
#7568=EDGE_LOOP('',(#7569,#7570,#7571,#7572)) ;
#7585=EDGE_LOOP('',(#7586,#7587,#7588,#7589)) ;
#7605=EDGE_LOOP('',(#7606,#7607,#7608,#7609)) ;
#7622=EDGE_LOOP('',(#7623,#7624,#7625,#7626)) ;
#7642=EDGE_LOOP('',(#7643,#7644,#7645,#7646)) ;
#7659=EDGE_LOOP('',(#7660,#7661,#7662,#7663)) ;
#7679=EDGE_LOOP('',(#7680,#7681,#7682,#7683)) ;
#7696=EDGE_LOOP('',(#7697,#7698,#7699,#7700)) ;
#7713=EDGE_LOOP('',(#7714,#7715,#7716,#7717)) ;
#7730=EDGE_LOOP('',(#7731,#7732,#7733,#7734)) ;
#7750=EDGE_LOOP('',(#7751,#7752,#7753,#7754)) ;
#7767=EDGE_LOOP('',(#7768,#7769,#7770,#7771)) ;
#7787=EDGE_LOOP('',(#7788,#7789,#7790,#7791)) ;
#7804=EDGE_LOOP('',(#7805,#7806,#7807,#7808)) ;
#7824=EDGE_LOOP('',(#7825,#7826,#7827,#7828)) ;
#7841=EDGE_LOOP('',(#7842,#7843,#7844,#7845)) ;
#7861=EDGE_LOOP('',(#7862,#7863,#7864,#7865)) ;
#7878=EDGE_LOOP('',(#7879,#7880,#7881,#7882)) ;
#7898=EDGE_LOOP('',(#7899,#7900,#7901,#7902)) ;
#7915=EDGE_LOOP('',(#7916,#7917,#7918,#7919)) ;
#7935=EDGE_LOOP('',(#7936,#7937,#7938,#7939)) ;
#7952=EDGE_LOOP('',(#7953,#7954,#7955,#7956)) ;
#7972=EDGE_LOOP('',(#7973,#7974,#7975,#7976)) ;
#7989=EDGE_LOOP('',(#7990,#7991,#7992,#7993)) ;
#8009=EDGE_LOOP('',(#8010,#8011,#8012,#8013)) ;
#8026=EDGE_LOOP('',(#8027,#8028,#8029,#8030)) ;
#8046=EDGE_LOOP('',(#8047,#8048,#8049,#8050)) ;
#8063=EDGE_LOOP('',(#8064,#8065,#8066,#8067)) ;
#8083=EDGE_LOOP('',(#8084,#8085,#8086,#8087)) ;
#8100=EDGE_LOOP('',(#8101,#8102,#8103,#8104)) ;
#8117=EDGE_LOOP('',(#8118,#8119,#8120,#8121)) ;
#8137=EDGE_LOOP('',(#8138,#8139,#8140,#8141)) ;
#8154=EDGE_LOOP('',(#8155,#8156,#8157,#8158)) ;
#8170=EDGE_LOOP('',(#8171,#8172,#8173,#8174)) ;
#8192=EDGE_LOOP('',(#8193,#8194,#8195,#8196)) ;
#8204=EDGE_LOOP('',(#8205,#8206,#8207,#8208)) ;
#8271=EDGE_LOOP('',(#8272,#8273,#8274,#8275)) ;
#8921=EDGE_LOOP('',(#8922,#8923,#8924,#8925,#8926,#8927,#8928,#8929,#8930,#8931,#8932,#8933,#8934,#8935,#8936,#8937,#8938,#8939,#8940,#8941,#8942,#8943,#8944,#8945,#8946,#8947,#8948,#8949,#8950,#8951,#8952,#8953,#8954,#8955,#8956,#8957,#8958,#8959,#8960,#8961,#8962,#8963,#8964,#8965,#8966,#8967,#8968,#8969,#8970,#8971,#8972,#8973,#8974,#8975,#8976,#8977)) ;
#9029=EDGE_LOOP('',(#9030,#9031)) ;
#9083=EDGE_LOOP('',(#9084,#9085)) ;
#9137=EDGE_LOOP('',(#9138,#9139)) ;
#9164=EDGE_LOOP('',(#9165,#9166)) ;
#9179=EDGE_LOOP('',(#9180,#9181,#9182,#9183)) ;
#9829=EDGE_LOOP('',(#9830,#9831,#9832,#9833,#9834,#9835,#9836,#9837,#9838,#9839,#9840,#9841,#9842,#9843,#9844,#9845,#9846,#9847,#9848,#9849,#9850,#9851,#9852,#9853,#9854,#9855,#9856,#9857,#9858,#9859,#9860,#9861,#9862,#9863,#9864,#9865,#9866,#9867,#9868,#9869,#9870,#9871,#9872,#9873,#9874,#9875,#9876,#9877,#9878,#9879,#9880,#9881,#9882,#9883,#9884,#9885)) ;
#9937=EDGE_LOOP('',(#9938,#9939)) ;
#9991=EDGE_LOOP('',(#9992,#9993)) ;
#10045=EDGE_LOOP('',(#10046,#10047)) ;
#10049=EDGE_LOOP('',(#10050,#10051)) ;
#10069=EDGE_LOOP('',(#10070,#10071,#10072,#10073)) ;
#10086=EDGE_LOOP('',(#10087,#10088,#10089,#10090)) ;
#10103=EDGE_LOOP('',(#10104,#10105,#10106,#10107)) ;
#10120=EDGE_LOOP('',(#10121,#10122,#10123,#10124)) ;
#10137=EDGE_LOOP('',(#10138,#10139,#10140,#10141)) ;
#10154=EDGE_LOOP('',(#10155,#10156,#10157,#10158)) ;
#10171=EDGE_LOOP('',(#10172,#10173,#10174,#10175)) ;
#10188=EDGE_LOOP('',(#10189,#10190,#10191,#10192)) ;
#10208=EDGE_LOOP('',(#10209,#10210,#10211,#10212)) ;
#10226=EDGE_LOOP('',(#10227,#10228,#10229,#10230)) ;
#10246=EDGE_LOOP('',(#10247,#10248,#10249,#10250)) ;
#10266=EDGE_LOOP('',(#10267,#10268,#10269,#10270)) ;
#10286=EDGE_LOOP('',(#10287,#10288,#10289,#10290)) ;
#10304=EDGE_LOOP('',(#10305,#10306,#10307,#10308)) ;
#10324=EDGE_LOOP('',(#10325,#10326,#10327,#10328)) ;
#10344=EDGE_LOOP('',(#10345,#10346,#10347,#10348)) ;
#10364=EDGE_LOOP('',(#10365,#10366,#10367,#10368)) ;
#10382=EDGE_LOOP('',(#10383,#10384,#10385,#10386)) ;
#10402=EDGE_LOOP('',(#10403,#10404,#10405,#10406)) ;
#10422=EDGE_LOOP('',(#10423,#10424,#10425,#10426)) ;
#10442=EDGE_LOOP('',(#10443,#10444,#10445,#10446)) ;
#10460=EDGE_LOOP('',(#10461,#10462,#10463,#10464)) ;
#10480=EDGE_LOOP('',(#10481,#10482,#10483,#10484)) ;
#10500=EDGE_LOOP('',(#10501,#10502,#10503,#10504)) ;
#10520=EDGE_LOOP('',(#10521,#10522,#10523,#10524)) ;
#10538=EDGE_LOOP('',(#10539,#10540,#10541,#10542)) ;
#10558=EDGE_LOOP('',(#10559,#10560,#10561,#10562)) ;
#10578=EDGE_LOOP('',(#10579,#10580,#10581,#10582)) ;
#10598=EDGE_LOOP('',(#10599,#10600,#10601,#10602)) ;
#10616=EDGE_LOOP('',(#10617,#10618,#10619,#10620)) ;
#10636=EDGE_LOOP('',(#10637,#10638,#10639,#10640)) ;
#10656=EDGE_LOOP('',(#10657,#10658,#10659,#10660)) ;
#10676=EDGE_LOOP('',(#10677,#10678,#10679,#10680)) ;
#10694=EDGE_LOOP('',(#10695,#10696,#10697,#10698)) ;
#10714=EDGE_LOOP('',(#10715,#10716,#10717,#10718)) ;
#10734=EDGE_LOOP('',(#10735,#10736,#10737,#10738)) ;
#10754=EDGE_LOOP('',(#10755,#10756,#10757,#10758)) ;
#10772=EDGE_LOOP('',(#10773,#10774,#10775,#10776)) ;
#10792=EDGE_LOOP('',(#10793,#10794,#10795,#10796)) ;
#10812=EDGE_LOOP('',(#10813,#10814,#10815,#10816)) ;
#10832=EDGE_LOOP('',(#10833,#10834,#10835,#10836)) ;
#10850=EDGE_LOOP('',(#10851,#10852,#10853,#10854)) ;
#10870=EDGE_LOOP('',(#10871,#10872,#10873,#10874)) ;
#10890=EDGE_LOOP('',(#10891,#10892,#10893,#10894)) ;
#10910=EDGE_LOOP('',(#10911,#10912,#10913,#10914)) ;
#10928=EDGE_LOOP('',(#10929,#10930,#10931,#10932)) ;
#10948=EDGE_LOOP('',(#10949,#10950,#10951,#10952)) ;
#10968=EDGE_LOOP('',(#10969,#10970,#10971,#10972)) ;
#10988=EDGE_LOOP('',(#10989,#10990,#10991,#10992)) ;
#11006=EDGE_LOOP('',(#11007,#11008,#11009,#11010)) ;
#11026=EDGE_LOOP('',(#11027,#11028,#11029,#11030)) ;
#11044=EDGE_LOOP('',(#11045,#11046,#11047,#11048)) ;
#11061=EDGE_LOOP('',(#11062,#11063,#11064,#11065)) ;
#11078=EDGE_LOOP('',(#11079,#11080,#11081,#11082)) ;
#11095=EDGE_LOOP('',(#11096,#11097,#11098,#11099)) ;
#11107=EDGE_LOOP('',(#11108,#11109,#11110,#11111)) ;
#11129=EDGE_LOOP('',(#11130,#11131,#11132,#11133)) ;
#11141=EDGE_LOOP('',(#11142,#11143,#11144,#11145)) ;
#11163=EDGE_LOOP('',(#11164,#11165,#11166,#11167)) ;
#11175=EDGE_LOOP('',(#11176,#11177,#11178,#11179)) ;
#11197=EDGE_LOOP('',(#11198,#11199,#11200,#11201)) ;
#11209=EDGE_LOOP('',(#11210,#11211,#11212,#11213)) ;
#11291=EDGE_LOOP('',(#11292,#11293,#11294,#11295)) ;
#11531=EDGE_LOOP('',(#11532,#11533,#11534,#11535,#11536,#11537,#11538,#11539,#11540,#11541,#11542,#11543,#11544,#11545,#11546,#11547,#11548,#11549,#11550,#11551,#11552,#11553,#11554,#11555,#11556,#11557,#11558)) ;
#11610=EDGE_LOOP('',(#11611,#11612)) ;
#11637=EDGE_LOOP('',(#11638,#11639)) ;
#11652=EDGE_LOOP('',(#11653,#11654,#11655,#11656)) ;
#11892=EDGE_LOOP('',(#11893,#11894,#11895,#11896,#11897,#11898,#11899,#11900,#11901,#11902,#11903,#11904,#11905,#11906,#11907,#11908,#11909,#11910,#11911,#11912,#11913,#11914,#11915,#11916,#11917,#11918,#11919)) ;
#11971=EDGE_LOOP('',(#11972,#11973)) ;
#11975=EDGE_LOOP('',(#11976,#11977)) ;
#11995=EDGE_LOOP('',(#11996,#11997,#11998,#11999)) ;
#12012=EDGE_LOOP('',(#12013,#12014,#12015,#12016)) ;
#12029=EDGE_LOOP('',(#12030,#12031,#12032,#12033)) ;
#12046=EDGE_LOOP('',(#12047,#12048,#12049,#12050)) ;
#12063=EDGE_LOOP('',(#12064,#12065,#12066,#12067)) ;
#12080=EDGE_LOOP('',(#12081,#12082,#12083,#12084)) ;
#12097=EDGE_LOOP('',(#12098,#12099,#12100,#12101)) ;
#12114=EDGE_LOOP('',(#12115,#12116,#12117,#12118)) ;
#12131=EDGE_LOOP('',(#12132,#12133,#12134,#12135)) ;
#12148=EDGE_LOOP('',(#12149,#12150,#12151,#12152)) ;
#12165=EDGE_LOOP('',(#12166,#12167,#12168,#12169)) ;
#12182=EDGE_LOOP('',(#12183,#12184,#12185,#12186)) ;
#12199=EDGE_LOOP('',(#12200,#12201,#12202,#12203)) ;
#12216=EDGE_LOOP('',(#12217,#12218,#12219,#12220)) ;
#12233=EDGE_LOOP('',(#12234,#12235,#12236,#12237)) ;
#12250=EDGE_LOOP('',(#12251,#12252,#12253,#12254)) ;
#12267=EDGE_LOOP('',(#12268,#12269,#12270,#12271)) ;
#12284=EDGE_LOOP('',(#12285,#12286,#12287,#12288)) ;
#12301=EDGE_LOOP('',(#12302,#12303,#12304,#12305)) ;
#12318=EDGE_LOOP('',(#12319,#12320,#12321,#12322)) ;
#12335=EDGE_LOOP('',(#12336,#12337,#12338,#12339)) ;
#12352=EDGE_LOOP('',(#12353,#12354,#12355,#12356)) ;
#12369=EDGE_LOOP('',(#12370,#12371,#12372,#12373)) ;
#12386=EDGE_LOOP('',(#12387,#12388,#12389,#12390)) ;
#12403=EDGE_LOOP('',(#12404,#12405,#12406,#12407)) ;
#12420=EDGE_LOOP('',(#12421,#12422,#12423,#12424)) ;
#12432=EDGE_LOOP('',(#12433,#12434,#12435,#12436)) ;
#12454=EDGE_LOOP('',(#12455,#12456,#12457,#12458)) ;
#12466=EDGE_LOOP('',(#12467,#12468,#12469,#12470)) ;
#13174=EDGE_LOOP('',(#13175,#13176,#13177,#13178,#13179,#13180,#13181,#13182,#13183,#13184,#13185,#13186,#13187,#13188,#13189,#13190,#13191,#13192,#13193,#13194,#13195,#13196,#13197,#13198,#13199,#13200,#13201,#13202,#13203,#13204,#13205,#13206,#13207,#13208,#13209,#13210,#13211,#13212,#13213,#13214,#13215,#13216,#13217,#13218,#13219,#13220,#13221,#13222,#13223,#13224,#13225,#13226,#13227,#13228)) ;
#13244=EDGE_LOOP('',(#13245,#13246)) ;
#13277=EDGE_LOOP('',(#13278,#13279,#13280,#13281)) ;
#13301=EDGE_LOOP('',(#13302,#13303,#13304,#13305)) ;
#13325=EDGE_LOOP('',(#13326,#13327,#13328,#13329)) ;
#13354=EDGE_LOOP('',(#13355,#13356,#13357,#13358)) ;
#13378=EDGE_LOOP('',(#13379,#13380,#13381,#13382)) ;
#13407=EDGE_LOOP('',(#13408,#13409,#13410,#13411)) ;
#13431=EDGE_LOOP('',(#13432,#13433,#13434,#13435)) ;
#13460=EDGE_LOOP('',(#13461,#13462,#13463,#13464)) ;
#13484=EDGE_LOOP('',(#13485,#13486,#13487,#13488)) ;
#13513=EDGE_LOOP('',(#13514,#13515,#13516,#13517)) ;
#13537=EDGE_LOOP('',(#13538,#13539,#13540,#13541)) ;
#13566=EDGE_LOOP('',(#13567,#13568,#13569,#13570)) ;
#13590=EDGE_LOOP('',(#13591,#13592,#13593,#13594)) ;
#13619=EDGE_LOOP('',(#13620,#13621,#13622,#13623)) ;
#13643=EDGE_LOOP('',(#13644,#13645,#13646,#13647)) ;
#13672=EDGE_LOOP('',(#13673,#13674,#13675,#13676)) ;
#13696=EDGE_LOOP('',(#13697,#13698,#13699,#13700)) ;
#13725=EDGE_LOOP('',(#13726,#13727,#13728,#13729)) ;
#13749=EDGE_LOOP('',(#13750,#13751,#13752,#13753)) ;
#13778=EDGE_LOOP('',(#13779,#13780,#13781,#13782)) ;
#13802=EDGE_LOOP('',(#13803,#13804,#13805,#13806)) ;
#13831=EDGE_LOOP('',(#13832,#13833,#13834,#13835)) ;
#13855=EDGE_LOOP('',(#13856,#13857,#13858,#13859)) ;
#13884=EDGE_LOOP('',(#13885,#13886,#13887,#13888)) ;
#13908=EDGE_LOOP('',(#13909,#13910,#13911,#13912)) ;
#13937=EDGE_LOOP('',(#13938,#13939,#13940,#13941)) ;
#13961=EDGE_LOOP('',(#13962,#13963,#13964,#13965)) ;
#13990=EDGE_LOOP('',(#13991,#13992,#13993,#13994)) ;
#14014=EDGE_LOOP('',(#14015,#14016,#14017,#14018)) ;
#14038=EDGE_LOOP('',(#14039,#14040,#14041,#14042)) ;
#14067=EDGE_LOOP('',(#14068,#14069,#14070,#14071)) ;
#14091=EDGE_LOOP('',(#14092,#14093,#14094,#14095)) ;
#14120=EDGE_LOOP('',(#14121,#14122,#14123,#14124)) ;
#14144=EDGE_LOOP('',(#14145,#14146,#14147,#14148)) ;
#14173=EDGE_LOOP('',(#14174,#14175,#14176,#14177)) ;
#14197=EDGE_LOOP('',(#14198,#14199,#14200,#14201)) ;
#14226=EDGE_LOOP('',(#14227,#14228,#14229,#14230)) ;
#14250=EDGE_LOOP('',(#14251,#14252,#14253,#14254)) ;
#14279=EDGE_LOOP('',(#14280,#14281,#14282,#14283)) ;
#14303=EDGE_LOOP('',(#14304,#14305,#14306,#14307)) ;
#14332=EDGE_LOOP('',(#14333,#14334,#14335,#14336)) ;
#14356=EDGE_LOOP('',(#14357,#14358,#14359,#14360)) ;
#14385=EDGE_LOOP('',(#14386,#14387,#14388,#14389)) ;
#14409=EDGE_LOOP('',(#14410,#14411,#14412,#14413)) ;
#14438=EDGE_LOOP('',(#14439,#14440,#14441,#14442)) ;
#14462=EDGE_LOOP('',(#14463,#14464,#14465,#14466)) ;
#14491=EDGE_LOOP('',(#14492,#14493,#14494,#14495)) ;
#14515=EDGE_LOOP('',(#14516,#14517,#14518,#14519)) ;
#14544=EDGE_LOOP('',(#14545,#14546,#14547,#14548)) ;
#14568=EDGE_LOOP('',(#14569,#14570,#14571,#14572)) ;
#14597=EDGE_LOOP('',(#14598,#14599,#14600,#14601)) ;
#14621=EDGE_LOOP('',(#14622,#14623,#14624,#14625)) ;
#14650=EDGE_LOOP('',(#14651,#14652,#14653,#14654)) ;
#14667=EDGE_LOOP('',(#14668,#14669,#14670,#14671)) ;
#14698=EDGE_LOOP('',(#14699,#14700,#14701,#14702)) ;
#14715=EDGE_LOOP('',(#14716,#14717,#14718,#14719)) ;
#14727=EDGE_LOOP('',(#14728,#14729,#14730,#14731,#14732,#14733,#14734,#14735,#14736,#14737,#14738,#14739,#14740,#14741,#14742,#14743,#14744,#14745,#14746,#14747,#14748,#14749,#14750,#14751,#14752,#14753,#14754,#14755,#14756,#14757,#14758,#14759,#14760,#14761,#14762,#14763,#14764,#14765,#14766,#14767,#14768,#14769,#14770,#14771,#14772,#14773,#14774,#14775,#14776,#14777,#14778,#14779,#14780,#14781)) ;
#14783=EDGE_LOOP('',(#14784,#14785)) ;
#101=FACE_OUTER_BOUND('',#96,.T.) ;
#229=FACE_OUTER_BOUND('',#216,.T.) ;
#327=FACE_OUTER_BOUND('',#322,.T.) ;
#364=FACE_OUTER_BOUND('',#359,.T.) ;
#395=FACE_OUTER_BOUND('',#390,.T.) ;
#419=FACE_OUTER_BOUND('',#414,.T.) ;
#443=FACE_OUTER_BOUND('',#438,.T.) ;
#467=FACE_OUTER_BOUND('',#462,.T.) ;
#491=FACE_OUTER_BOUND('',#486,.T.) ;
#515=FACE_OUTER_BOUND('',#510,.T.) ;
#539=FACE_OUTER_BOUND('',#534,.T.) ;
#563=FACE_OUTER_BOUND('',#558,.T.) ;
#587=FACE_OUTER_BOUND('',#582,.T.) ;
#611=FACE_OUTER_BOUND('',#606,.T.) ;
#635=FACE_OUTER_BOUND('',#630,.T.) ;
#652=FACE_OUTER_BOUND('',#647,.T.) ;
#683=FACE_OUTER_BOUND('',#678,.T.) ;
#700=FACE_OUTER_BOUND('',#695,.T.) ;
#723=FACE_OUTER_BOUND('',#718,.T.) ;
#754=FACE_OUTER_BOUND('',#749,.T.) ;
#787=FACE_OUTER_BOUND('',#782,.T.) ;
#811=FACE_OUTER_BOUND('',#806,.T.) ;
#835=FACE_OUTER_BOUND('',#830,.T.) ;
#859=FACE_OUTER_BOUND('',#854,.T.) ;
#883=FACE_OUTER_BOUND('',#878,.T.) ;
#909=FACE_OUTER_BOUND('',#904,.T.) ;
#933=FACE_OUTER_BOUND('',#928,.T.) ;
#969=FACE_OUTER_BOUND('',#964,.T.) ;
#993=FACE_OUTER_BOUND('',#988,.T.) ;
#1017=FACE_OUTER_BOUND('',#1012,.T.) ;
#1041=FACE_OUTER_BOUND('',#1036,.T.) ;
#1058=FACE_OUTER_BOUND('',#1053,.T.) ;
#1095=FACE_OUTER_BOUND('',#1090,.T.) ;
#1118=FACE_OUTER_BOUND('',#1113,.T.) ;
#1135=FACE_OUTER_BOUND('',#1130,.T.) ;
#1305=FACE_OUTER_BOUND('',#1292,.T.) ;
#1349=FACE_OUTER_BOUND('',#1344,.T.) ;
#1366=FACE_OUTER_BOUND('',#1361,.T.) ;
#1383=FACE_OUTER_BOUND('',#1378,.T.) ;
#1400=FACE_OUTER_BOUND('',#1395,.T.) ;
#1417=FACE_OUTER_BOUND('',#1412,.T.) ;
#1434=FACE_OUTER_BOUND('',#1429,.T.) ;
#1451=FACE_OUTER_BOUND('',#1446,.T.) ;
#1468=FACE_OUTER_BOUND('',#1463,.T.) ;
#1485=FACE_OUTER_BOUND('',#1480,.T.) ;
#1502=FACE_OUTER_BOUND('',#1497,.T.) ;
#1521=FACE_OUTER_BOUND('',#1516,.T.) ;
#1533=FACE_OUTER_BOUND('',#1528,.T.) ;
#1555=FACE_OUTER_BOUND('',#1550,.T.) ;
#1567=FACE_OUTER_BOUND('',#1562,.T.) ;
#1634=FACE_OUTER_BOUND('',#1629,.T.) ;
#1714=FACE_OUTER_BOUND('',#1707,.T.) ;
#1740=FACE_OUTER_BOUND('',#1735,.T.) ;
#1796=FACE_OUTER_BOUND('',#1789,.T.) ;
#1822=FACE_OUTER_BOUND('',#1817,.T.) ;
#1839=FACE_OUTER_BOUND('',#1834,.T.) ;
#1856=FACE_OUTER_BOUND('',#1851,.T.) ;
#1887=FACE_OUTER_BOUND('',#1882,.T.) ;
#1909=FACE_OUTER_BOUND('',#1904,.T.) ;
#1921=FACE_OUTER_BOUND('',#1916,.T.) ;
#1952=FACE_OUTER_BOUND('',#1947,.T.) ;
#1969=FACE_OUTER_BOUND('',#1964,.T.) ;
#2016=FACE_OUTER_BOUND('',#2009,.T.) ;
#2069=FACE_OUTER_BOUND('',#2064,.T.) ;
#2116=FACE_OUTER_BOUND('',#2109,.T.) ;
#2169=FACE_OUTER_BOUND('',#2164,.T.) ;
#2186=FACE_OUTER_BOUND('',#2181,.T.) ;
#2203=FACE_OUTER_BOUND('',#2198,.T.) ;
#2220=FACE_OUTER_BOUND('',#2215,.T.) ;
#2232=FACE_OUTER_BOUND('',#2227,.T.) ;
#2254=FACE_OUTER_BOUND('',#2249,.T.) ;
#2266=FACE_OUTER_BOUND('',#2261,.T.) ;
#2288=FACE_OUTER_BOUND('',#2283,.T.) ;
#2300=FACE_OUTER_BOUND('',#2295,.T.) ;
#2367=FACE_OUTER_BOUND('',#2362,.T.) ;
#2557=FACE_OUTER_BOUND('',#2540,.T.) ;
#3137=FACE_OUTER_BOUND('',#3132,.T.) ;
#3327=FACE_OUTER_BOUND('',#3310,.T.) ;
#3884=FACE_OUTER_BOUND('',#3879,.T.) ;
#3906=FACE_OUTER_BOUND('',#3901,.T.) ;
#3923=FACE_OUTER_BOUND('',#3918,.T.) ;
#3940=FACE_OUTER_BOUND('',#3935,.T.) ;
#3957=FACE_OUTER_BOUND('',#3952,.T.) ;
#3974=FACE_OUTER_BOUND('',#3969,.T.) ;
#3991=FACE_OUTER_BOUND('',#3986,.T.) ;
#4008=FACE_OUTER_BOUND('',#4003,.T.) ;
#4025=FACE_OUTER_BOUND('',#4020,.T.) ;
#4042=FACE_OUTER_BOUND('',#4037,.T.) ;
#4059=FACE_OUTER_BOUND('',#4054,.T.) ;
#4076=FACE_OUTER_BOUND('',#4071,.T.) ;
#4093=FACE_OUTER_BOUND('',#4088,.T.) ;
#4110=FACE_OUTER_BOUND('',#4105,.T.) ;
#4127=FACE_OUTER_BOUND('',#4122,.T.) ;
#4144=FACE_OUTER_BOUND('',#4139,.T.) ;
#4156=FACE_OUTER_BOUND('',#4151,.T.) ;
#4178=FACE_OUTER_BOUND('',#4173,.T.) ;
#4190=FACE_OUTER_BOUND('',#4185,.T.) ;
#4212=FACE_OUTER_BOUND('',#4207,.T.) ;
#4224=FACE_OUTER_BOUND('',#4219,.T.) ;
#4246=FACE_OUTER_BOUND('',#4241,.T.) ;
#4258=FACE_OUTER_BOUND('',#4253,.T.) ;
#4280=FACE_OUTER_BOUND('',#4275,.T.) ;
#4297=FACE_OUTER_BOUND('',#4292,.T.) ;
#4314=FACE_OUTER_BOUND('',#4309,.T.) ;
#4331=FACE_OUTER_BOUND('',#4326,.T.) ;
#4348=FACE_OUTER_BOUND('',#4343,.T.) ;
#4365=FACE_OUTER_BOUND('',#4360,.T.) ;
#4382=FACE_OUTER_BOUND('',#4377,.T.) ;
#4399=FACE_OUTER_BOUND('',#4394,.T.) ;
#4416=FACE_OUTER_BOUND('',#4411,.T.) ;
#4428=FACE_OUTER_BOUND('',#4423,.T.) ;
#4450=FACE_OUTER_BOUND('',#4445,.T.) ;
#4462=FACE_OUTER_BOUND('',#4457,.T.) ;
#4484=FACE_OUTER_BOUND('',#4479,.T.) ;
#4496=FACE_OUTER_BOUND('',#4491,.T.) ;
#4518=FACE_OUTER_BOUND('',#4513,.T.) ;
#4530=FACE_OUTER_BOUND('',#4525,.T.) ;
#4552=FACE_OUTER_BOUND('',#4547,.T.) ;
#4564=FACE_OUTER_BOUND('',#4559,.T.) ;
#4581=FACE_OUTER_BOUND('',#4576,.T.) ;
#4593=FACE_OUTER_BOUND('',#4588,.T.) ;
#4660=FACE_OUTER_BOUND('',#4655,.T.) ;
#5536=FACE_OUTER_BOUND('',#5443,.T.) ;
#5580=FACE_OUTER_BOUND('',#5575,.T.) ;
#6456=FACE_OUTER_BOUND('',#6363,.T.) ;
#6500=FACE_OUTER_BOUND('',#6495,.T.) ;
#6520=FACE_OUTER_BOUND('',#6515,.T.) ;
#6537=FACE_OUTER_BOUND('',#6532,.T.) ;
#6557=FACE_OUTER_BOUND('',#6552,.T.) ;
#6574=FACE_OUTER_BOUND('',#6569,.T.) ;
#6594=FACE_OUTER_BOUND('',#6589,.T.) ;
#6611=FACE_OUTER_BOUND('',#6606,.T.) ;
#6631=FACE_OUTER_BOUND('',#6626,.T.) ;
#6648=FACE_OUTER_BOUND('',#6643,.T.) ;
#6668=FACE_OUTER_BOUND('',#6663,.T.) ;
#6685=FACE_OUTER_BOUND('',#6680,.T.) ;
#6705=FACE_OUTER_BOUND('',#6700,.T.) ;
#6722=FACE_OUTER_BOUND('',#6717,.T.) ;
#6742=FACE_OUTER_BOUND('',#6737,.T.) ;
#6759=FACE_OUTER_BOUND('',#6754,.T.) ;
#6779=FACE_OUTER_BOUND('',#6774,.T.) ;
#6796=FACE_OUTER_BOUND('',#6791,.T.) ;
#6816=FACE_OUTER_BOUND('',#6811,.T.) ;
#6833=FACE_OUTER_BOUND('',#6828,.T.) ;
#6853=FACE_OUTER_BOUND('',#6848,.T.) ;
#6870=FACE_OUTER_BOUND('',#6865,.T.) ;
#6890=FACE_OUTER_BOUND('',#6885,.T.) ;
#6907=FACE_OUTER_BOUND('',#6902,.T.) ;
#6927=FACE_OUTER_BOUND('',#6922,.T.) ;
#6944=FACE_OUTER_BOUND('',#6939,.T.) ;
#6964=FACE_OUTER_BOUND('',#6959,.T.) ;
#6981=FACE_OUTER_BOUND('',#6976,.T.) ;
#7001=FACE_OUTER_BOUND('',#6996,.T.) ;
#7018=FACE_OUTER_BOUND('',#7013,.T.) ;
#7038=FACE_OUTER_BOUND('',#7033,.T.) ;
#7055=FACE_OUTER_BOUND('',#7050,.T.) ;
#7075=FACE_OUTER_BOUND('',#7070,.T.) ;
#7092=FACE_OUTER_BOUND('',#7087,.T.) ;
#7112=FACE_OUTER_BOUND('',#7107,.T.) ;
#7129=FACE_OUTER_BOUND('',#7124,.T.) ;
#7149=FACE_OUTER_BOUND('',#7144,.T.) ;
#7166=FACE_OUTER_BOUND('',#7161,.T.) ;
#7186=FACE_OUTER_BOUND('',#7181,.T.) ;
#7203=FACE_OUTER_BOUND('',#7198,.T.) ;
#7223=FACE_OUTER_BOUND('',#7218,.T.) ;
#7240=FACE_OUTER_BOUND('',#7235,.T.) ;
#7260=FACE_OUTER_BOUND('',#7255,.T.) ;
#7277=FACE_OUTER_BOUND('',#7272,.T.) ;
#7297=FACE_OUTER_BOUND('',#7292,.T.) ;
#7314=FACE_OUTER_BOUND('',#7309,.T.) ;
#7331=FACE_OUTER_BOUND('',#7326,.T.) ;
#7351=FACE_OUTER_BOUND('',#7346,.T.) ;
#7368=FACE_OUTER_BOUND('',#7363,.T.) ;
#7388=FACE_OUTER_BOUND('',#7383,.T.) ;
#7405=FACE_OUTER_BOUND('',#7400,.T.) ;
#7425=FACE_OUTER_BOUND('',#7420,.T.) ;
#7442=FACE_OUTER_BOUND('',#7437,.T.) ;
#7462=FACE_OUTER_BOUND('',#7457,.T.) ;
#7479=FACE_OUTER_BOUND('',#7474,.T.) ;
#7499=FACE_OUTER_BOUND('',#7494,.T.) ;
#7516=FACE_OUTER_BOUND('',#7511,.T.) ;
#7536=FACE_OUTER_BOUND('',#7531,.T.) ;
#7553=FACE_OUTER_BOUND('',#7548,.T.) ;
#7573=FACE_OUTER_BOUND('',#7568,.T.) ;
#7590=FACE_OUTER_BOUND('',#7585,.T.) ;
#7610=FACE_OUTER_BOUND('',#7605,.T.) ;
#7627=FACE_OUTER_BOUND('',#7622,.T.) ;
#7647=FACE_OUTER_BOUND('',#7642,.T.) ;
#7664=FACE_OUTER_BOUND('',#7659,.T.) ;
#7684=FACE_OUTER_BOUND('',#7679,.T.) ;
#7701=FACE_OUTER_BOUND('',#7696,.T.) ;
#7718=FACE_OUTER_BOUND('',#7713,.T.) ;
#7735=FACE_OUTER_BOUND('',#7730,.T.) ;
#7755=FACE_OUTER_BOUND('',#7750,.T.) ;
#7772=FACE_OUTER_BOUND('',#7767,.T.) ;
#7792=FACE_OUTER_BOUND('',#7787,.T.) ;
#7809=FACE_OUTER_BOUND('',#7804,.T.) ;
#7829=FACE_OUTER_BOUND('',#7824,.T.) ;
#7846=FACE_OUTER_BOUND('',#7841,.T.) ;
#7866=FACE_OUTER_BOUND('',#7861,.T.) ;
#7883=FACE_OUTER_BOUND('',#7878,.T.) ;
#7903=FACE_OUTER_BOUND('',#7898,.T.) ;
#7920=FACE_OUTER_BOUND('',#7915,.T.) ;
#7940=FACE_OUTER_BOUND('',#7935,.T.) ;
#7957=FACE_OUTER_BOUND('',#7952,.T.) ;
#7977=FACE_OUTER_BOUND('',#7972,.T.) ;
#7994=FACE_OUTER_BOUND('',#7989,.T.) ;
#8014=FACE_OUTER_BOUND('',#8009,.T.) ;
#8031=FACE_OUTER_BOUND('',#8026,.T.) ;
#8051=FACE_OUTER_BOUND('',#8046,.T.) ;
#8068=FACE_OUTER_BOUND('',#8063,.T.) ;
#8088=FACE_OUTER_BOUND('',#8083,.T.) ;
#8105=FACE_OUTER_BOUND('',#8100,.T.) ;
#8122=FACE_OUTER_BOUND('',#8117,.T.) ;
#8142=FACE_OUTER_BOUND('',#8137,.T.) ;
#8159=FACE_OUTER_BOUND('',#8154,.T.) ;
#8175=FACE_OUTER_BOUND('',#8170,.T.) ;
#8197=FACE_OUTER_BOUND('',#8192,.T.) ;
#8209=FACE_OUTER_BOUND('',#8204,.T.) ;
#8276=FACE_OUTER_BOUND('',#8271,.T.) ;
#8978=FACE_OUTER_BOUND('',#8921,.T.) ;
#9184=FACE_OUTER_BOUND('',#9179,.T.) ;
#9886=FACE_OUTER_BOUND('',#9829,.T.) ;
#10074=FACE_OUTER_BOUND('',#10069,.T.) ;
#10091=FACE_OUTER_BOUND('',#10086,.T.) ;
#10108=FACE_OUTER_BOUND('',#10103,.T.) ;
#10125=FACE_OUTER_BOUND('',#10120,.T.) ;
#10142=FACE_OUTER_BOUND('',#10137,.T.) ;
#10159=FACE_OUTER_BOUND('',#10154,.T.) ;
#10176=FACE_OUTER_BOUND('',#10171,.T.) ;
#10193=FACE_OUTER_BOUND('',#10188,.T.) ;
#10213=FACE_OUTER_BOUND('',#10208,.T.) ;
#10231=FACE_OUTER_BOUND('',#10226,.T.) ;
#10251=FACE_OUTER_BOUND('',#10246,.T.) ;
#10271=FACE_OUTER_BOUND('',#10266,.T.) ;
#10291=FACE_OUTER_BOUND('',#10286,.T.) ;
#10309=FACE_OUTER_BOUND('',#10304,.T.) ;
#10329=FACE_OUTER_BOUND('',#10324,.T.) ;
#10349=FACE_OUTER_BOUND('',#10344,.T.) ;
#10369=FACE_OUTER_BOUND('',#10364,.T.) ;
#10387=FACE_OUTER_BOUND('',#10382,.T.) ;
#10407=FACE_OUTER_BOUND('',#10402,.T.) ;
#10427=FACE_OUTER_BOUND('',#10422,.T.) ;
#10447=FACE_OUTER_BOUND('',#10442,.T.) ;
#10465=FACE_OUTER_BOUND('',#10460,.T.) ;
#10485=FACE_OUTER_BOUND('',#10480,.T.) ;
#10505=FACE_OUTER_BOUND('',#10500,.T.) ;
#10525=FACE_OUTER_BOUND('',#10520,.T.) ;
#10543=FACE_OUTER_BOUND('',#10538,.T.) ;
#10563=FACE_OUTER_BOUND('',#10558,.T.) ;
#10583=FACE_OUTER_BOUND('',#10578,.T.) ;
#10603=FACE_OUTER_BOUND('',#10598,.T.) ;
#10621=FACE_OUTER_BOUND('',#10616,.T.) ;
#10641=FACE_OUTER_BOUND('',#10636,.T.) ;
#10661=FACE_OUTER_BOUND('',#10656,.T.) ;
#10681=FACE_OUTER_BOUND('',#10676,.T.) ;
#10699=FACE_OUTER_BOUND('',#10694,.T.) ;
#10719=FACE_OUTER_BOUND('',#10714,.T.) ;
#10739=FACE_OUTER_BOUND('',#10734,.T.) ;
#10759=FACE_OUTER_BOUND('',#10754,.T.) ;
#10777=FACE_OUTER_BOUND('',#10772,.T.) ;
#10797=FACE_OUTER_BOUND('',#10792,.T.) ;
#10817=FACE_OUTER_BOUND('',#10812,.T.) ;
#10837=FACE_OUTER_BOUND('',#10832,.T.) ;
#10855=FACE_OUTER_BOUND('',#10850,.T.) ;
#10875=FACE_OUTER_BOUND('',#10870,.T.) ;
#10895=FACE_OUTER_BOUND('',#10890,.T.) ;
#10915=FACE_OUTER_BOUND('',#10910,.T.) ;
#10933=FACE_OUTER_BOUND('',#10928,.T.) ;
#10953=FACE_OUTER_BOUND('',#10948,.T.) ;
#10973=FACE_OUTER_BOUND('',#10968,.T.) ;
#10993=FACE_OUTER_BOUND('',#10988,.T.) ;
#11011=FACE_OUTER_BOUND('',#11006,.T.) ;
#11031=FACE_OUTER_BOUND('',#11026,.T.) ;
#11049=FACE_OUTER_BOUND('',#11044,.T.) ;
#11066=FACE_OUTER_BOUND('',#11061,.T.) ;
#11083=FACE_OUTER_BOUND('',#11078,.T.) ;
#11100=FACE_OUTER_BOUND('',#11095,.T.) ;
#11112=FACE_OUTER_BOUND('',#11107,.T.) ;
#11134=FACE_OUTER_BOUND('',#11129,.T.) ;
#11146=FACE_OUTER_BOUND('',#11141,.T.) ;
#11168=FACE_OUTER_BOUND('',#11163,.T.) ;
#11180=FACE_OUTER_BOUND('',#11175,.T.) ;
#11202=FACE_OUTER_BOUND('',#11197,.T.) ;
#11214=FACE_OUTER_BOUND('',#11209,.T.) ;
#11296=FACE_OUTER_BOUND('',#11291,.T.) ;
#11559=FACE_OUTER_BOUND('',#11531,.T.) ;
#11657=FACE_OUTER_BOUND('',#11652,.T.) ;
#11920=FACE_OUTER_BOUND('',#11892,.T.) ;
#12000=FACE_OUTER_BOUND('',#11995,.T.) ;
#12017=FACE_OUTER_BOUND('',#12012,.T.) ;
#12034=FACE_OUTER_BOUND('',#12029,.T.) ;
#12051=FACE_OUTER_BOUND('',#12046,.T.) ;
#12068=FACE_OUTER_BOUND('',#12063,.T.) ;
#12085=FACE_OUTER_BOUND('',#12080,.T.) ;
#12102=FACE_OUTER_BOUND('',#12097,.T.) ;
#12119=FACE_OUTER_BOUND('',#12114,.T.) ;
#12136=FACE_OUTER_BOUND('',#12131,.T.) ;
#12153=FACE_OUTER_BOUND('',#12148,.T.) ;
#12170=FACE_OUTER_BOUND('',#12165,.T.) ;
#12187=FACE_OUTER_BOUND('',#12182,.T.) ;
#12204=FACE_OUTER_BOUND('',#12199,.T.) ;
#12221=FACE_OUTER_BOUND('',#12216,.T.) ;
#12238=FACE_OUTER_BOUND('',#12233,.T.) ;
#12255=FACE_OUTER_BOUND('',#12250,.T.) ;
#12272=FACE_OUTER_BOUND('',#12267,.T.) ;
#12289=FACE_OUTER_BOUND('',#12284,.T.) ;
#12306=FACE_OUTER_BOUND('',#12301,.T.) ;
#12323=FACE_OUTER_BOUND('',#12318,.T.) ;
#12340=FACE_OUTER_BOUND('',#12335,.T.) ;
#12357=FACE_OUTER_BOUND('',#12352,.T.) ;
#12374=FACE_OUTER_BOUND('',#12369,.T.) ;
#12391=FACE_OUTER_BOUND('',#12386,.T.) ;
#12408=FACE_OUTER_BOUND('',#12403,.T.) ;
#12425=FACE_OUTER_BOUND('',#12420,.T.) ;
#12437=FACE_OUTER_BOUND('',#12432,.T.) ;
#12459=FACE_OUTER_BOUND('',#12454,.T.) ;
#12471=FACE_OUTER_BOUND('',#12466,.T.) ;
#13229=FACE_OUTER_BOUND('',#13174,.T.) ;
#13282=FACE_OUTER_BOUND('',#13277,.T.) ;
#13306=FACE_OUTER_BOUND('',#13301,.T.) ;
#13330=FACE_OUTER_BOUND('',#13325,.T.) ;
#13359=FACE_OUTER_BOUND('',#13354,.T.) ;
#13383=FACE_OUTER_BOUND('',#13378,.T.) ;
#13412=FACE_OUTER_BOUND('',#13407,.T.) ;
#13436=FACE_OUTER_BOUND('',#13431,.T.) ;
#13465=FACE_OUTER_BOUND('',#13460,.T.) ;
#13489=FACE_OUTER_BOUND('',#13484,.T.) ;
#13518=FACE_OUTER_BOUND('',#13513,.T.) ;
#13542=FACE_OUTER_BOUND('',#13537,.T.) ;
#13571=FACE_OUTER_BOUND('',#13566,.T.) ;
#13595=FACE_OUTER_BOUND('',#13590,.T.) ;
#13624=FACE_OUTER_BOUND('',#13619,.T.) ;
#13648=FACE_OUTER_BOUND('',#13643,.T.) ;
#13677=FACE_OUTER_BOUND('',#13672,.T.) ;
#13701=FACE_OUTER_BOUND('',#13696,.T.) ;
#13730=FACE_OUTER_BOUND('',#13725,.T.) ;
#13754=FACE_OUTER_BOUND('',#13749,.T.) ;
#13783=FACE_OUTER_BOUND('',#13778,.T.) ;
#13807=FACE_OUTER_BOUND('',#13802,.T.) ;
#13836=FACE_OUTER_BOUND('',#13831,.T.) ;
#13860=FACE_OUTER_BOUND('',#13855,.T.) ;
#13889=FACE_OUTER_BOUND('',#13884,.T.) ;
#13913=FACE_OUTER_BOUND('',#13908,.T.) ;
#13942=FACE_OUTER_BOUND('',#13937,.T.) ;
#13966=FACE_OUTER_BOUND('',#13961,.T.) ;
#13995=FACE_OUTER_BOUND('',#13990,.T.) ;
#14019=FACE_OUTER_BOUND('',#14014,.T.) ;
#14043=FACE_OUTER_BOUND('',#14038,.T.) ;
#14072=FACE_OUTER_BOUND('',#14067,.T.) ;
#14096=FACE_OUTER_BOUND('',#14091,.T.) ;
#14125=FACE_OUTER_BOUND('',#14120,.T.) ;
#14149=FACE_OUTER_BOUND('',#14144,.T.) ;
#14178=FACE_OUTER_BOUND('',#14173,.T.) ;
#14202=FACE_OUTER_BOUND('',#14197,.T.) ;
#14231=FACE_OUTER_BOUND('',#14226,.T.) ;
#14255=FACE_OUTER_BOUND('',#14250,.T.) ;
#14284=FACE_OUTER_BOUND('',#14279,.T.) ;
#14308=FACE_OUTER_BOUND('',#14303,.T.) ;
#14337=FACE_OUTER_BOUND('',#14332,.T.) ;
#14361=FACE_OUTER_BOUND('',#14356,.T.) ;
#14390=FACE_OUTER_BOUND('',#14385,.T.) ;
#14414=FACE_OUTER_BOUND('',#14409,.T.) ;
#14443=FACE_OUTER_BOUND('',#14438,.T.) ;
#14467=FACE_OUTER_BOUND('',#14462,.T.) ;
#14496=FACE_OUTER_BOUND('',#14491,.T.) ;
#14520=FACE_OUTER_BOUND('',#14515,.T.) ;
#14549=FACE_OUTER_BOUND('',#14544,.T.) ;
#14573=FACE_OUTER_BOUND('',#14568,.T.) ;
#14602=FACE_OUTER_BOUND('',#14597,.T.) ;
#14626=FACE_OUTER_BOUND('',#14621,.T.) ;
#14655=FACE_OUTER_BOUND('',#14650,.T.) ;
#14672=FACE_OUTER_BOUND('',#14667,.T.) ;
#14703=FACE_OUTER_BOUND('',#14698,.T.) ;
#14720=FACE_OUTER_BOUND('',#14715,.T.) ;
#14782=FACE_OUTER_BOUND('',#14727,.T.) ;
#50=UNCERTAINTY_MEASURE_WITH_UNIT(LENGTH_MEASURE(0.005),#46,'distance_accuracy_value','CONFUSED CURVE UNCERTAINTY') ;
#52=UNCERTAINTY_MEASURE_WITH_UNIT(LENGTH_MEASURE(0.005),#46,'distance_accuracy_value','CONFUSED CURVE UNCERTAINTY') ;
#1585=UNCERTAINTY_MEASURE_WITH_UNIT(LENGTH_MEASURE(0.005),#46,'distance_accuracy_value','CONFUSED CURVE UNCERTAINTY') ;
#2318=UNCERTAINTY_MEASURE_WITH_UNIT(LENGTH_MEASURE(0.005),#46,'distance_accuracy_value','CONFUSED CURVE UNCERTAINTY') ;
#4611=UNCERTAINTY_MEASURE_WITH_UNIT(LENGTH_MEASURE(0.005),#46,'distance_accuracy_value','CONFUSED CURVE UNCERTAINTY') ;
#8227=UNCERTAINTY_MEASURE_WITH_UNIT(LENGTH_MEASURE(0.005),#46,'distance_accuracy_value','CONFUSED CURVE UNCERTAINTY') ;
#11232=UNCERTAINTY_MEASURE_WITH_UNIT(LENGTH_MEASURE(0.005),#46,'distance_accuracy_value','CONFUSED CURVE UNCERTAINTY') ;
#11247=UNCERTAINTY_MEASURE_WITH_UNIT(LENGTH_MEASURE(0.005),#46,'distance_accuracy_value','CONFUSED CURVE UNCERTAINTY') ;
#12489=UNCERTAINTY_MEASURE_WITH_UNIT(LENGTH_MEASURE(0.005),#46,'distance_accuracy_value','CONFUSED CURVE UNCERTAINTY') ;
#12504=UNCERTAINTY_MEASURE_WITH_UNIT(LENGTH_MEASURE(0.005),#46,'distance_accuracy_value','CONFUSED CURVE UNCERTAINTY') ;
#12519=UNCERTAINTY_MEASURE_WITH_UNIT(LENGTH_MEASURE(0.005),#46,'distance_accuracy_value','CONFUSED CURVE UNCERTAINTY') ;
#12534=UNCERTAINTY_MEASURE_WITH_UNIT(LENGTH_MEASURE(0.005),#46,'distance_accuracy_value','CONFUSED CURVE UNCERTAINTY') ;
#12549=UNCERTAINTY_MEASURE_WITH_UNIT(LENGTH_MEASURE(0.005),#46,'distance_accuracy_value','CONFUSED CURVE UNCERTAINTY') ;
#12564=UNCERTAINTY_MEASURE_WITH_UNIT(LENGTH_MEASURE(0.005),#46,'distance_accuracy_value','CONFUSED CURVE UNCERTAINTY') ;
#12579=UNCERTAINTY_MEASURE_WITH_UNIT(LENGTH_MEASURE(0.005),#46,'distance_accuracy_value','CONFUSED CURVE UNCERTAINTY') ;
#12594=UNCERTAINTY_MEASURE_WITH_UNIT(LENGTH_MEASURE(0.005),#46,'distance_accuracy_value','CONFUSED CURVE UNCERTAINTY') ;
#12609=UNCERTAINTY_MEASURE_WITH_UNIT(LENGTH_MEASURE(0.005),#46,'distance_accuracy_value','CONFUSED CURVE UNCERTAINTY') ;
#12624=UNCERTAINTY_MEASURE_WITH_UNIT(LENGTH_MEASURE(0.005),#46,'distance_accuracy_value','CONFUSED CURVE UNCERTAINTY') ;
#147=LINE('Line',#144,#146) ;
#201=LINE('Line',#198,#200) ;
#337=LINE('Line',#334,#336) ;
#344=LINE('Line',#341,#343) ;
#484=LINE('Line',#481,#483) ;
#621=LINE('Line',#618,#620) ;
#764=LINE('Line',#761,#763) ;
#771=LINE('Line',#768,#770) ;
#804=LINE('Line',#801,#803) ;
#828=LINE('Line',#825,#827) ;
#852=LINE('Line',#849,#851) ;
#869=LINE('Line',#866,#868) ;
#876=LINE('Line',#873,#875) ;
#902=LINE('Line',#899,#901) ;
#919=LINE('Line',#916,#918) ;
#943=LINE('Line',#940,#942) ;
#986=LINE('Line',#983,#985) ;
#1010=LINE('Line',#1007,#1009) ;
#1027=LINE('Line',#1024,#1026) ;
#1034=LINE('Line',#1031,#1033) ;
#1068=LINE('Line',#1065,#1067) ;
#1088=LINE('Line',#1085,#1087) ;
#1208=LINE('Line',#1205,#1207) ;
#1283=LINE('Line',#1280,#1282) ;
#1613=LINE('Line',#1610,#1612) ;
#1627=LINE('Line',#1624,#1626) ;
#1644=LINE('Line',#1641,#1643) ;
#1672=LINE('Line',#1669,#1671) ;
#1679=LINE('Line',#1676,#1678) ;
#1686=LINE('Line',#1683,#1685) ;
#1750=LINE('Line',#1747,#1749) ;
#1766=LINE('Line',#1763,#1765) ;
#1780=LINE('Line',#1777,#1779) ;
#1787=LINE('Line',#1784,#1786) ;
#1810=LINE('Line',#1807,#1809) ;
#1815=LINE('Line',#1812,#1814) ;
#1832=LINE('Line',#1829,#1831) ;
#1849=LINE('Line',#1846,#1848) ;
#1866=LINE('Line',#1863,#1865) ;
#1897=LINE('Line',#1894,#1896) ;
#1902=LINE('Line',#1899,#1901) ;
#1931=LINE('Line',#1928,#1930) ;
#1962=LINE('Line',#1959,#1961) ;
#1979=LINE('Line',#1976,#1978) ;
#1993=LINE('Line',#1990,#1992) ;
#2007=LINE('Line',#2004,#2006) ;
#2062=LINE('Line',#2059,#2061) ;
#2079=LINE('Line',#2076,#2078) ;
#2086=LINE('Line',#2083,#2085) ;
#2100=LINE('Line',#2097,#2099) ;
#2162=LINE('Line',#2159,#2161) ;
#2179=LINE('Line',#2176,#2178) ;
#2196=LINE('Line',#2193,#2195) ;
#2213=LINE('Line',#2210,#2212) ;
#2242=LINE('Line',#2239,#2241) ;
#2247=LINE('Line',#2244,#2246) ;
#2276=LINE('Line',#2273,#2275) ;
#2281=LINE('Line',#2278,#2280) ;
#2346=LINE('Line',#2343,#2345) ;
#2360=LINE('Line',#2357,#2359) ;
#2392=LINE('Line',#2389,#2391) ;
#2412=LINE('Line',#2409,#2411) ;
#2432=LINE('Line',#2429,#2431) ;
#2455=LINE('Line',#2452,#2454) ;
#2478=LINE('Line',#2475,#2477) ;
#2498=LINE('Line',#2495,#2497) ;
#2518=LINE('Line',#2515,#2517) ;
#2538=LINE('Line',#2535,#2537) ;
#2770=LINE('Line',#2767,#2769) ;
#2784=LINE('Line',#2781,#2783) ;
#3082=LINE('Line',#3079,#3081) ;
#3123=LINE('Line',#3120,#3122) ;
#3162=LINE('Line',#3159,#3161) ;
#3182=LINE('Line',#3179,#3181) ;
#3202=LINE('Line',#3199,#3201) ;
#3222=LINE('Line',#3219,#3221) ;
#3245=LINE('Line',#3242,#3244) ;
#3268=LINE('Line',#3265,#3267) ;
#3288=LINE('Line',#3285,#3287) ;
#3308=LINE('Line',#3305,#3307) ;
#3484=LINE('Line',#3481,#3483) ;
#3498=LINE('Line',#3495,#3497) ;
#3859=LINE('Line',#3856,#3858) ;
#3877=LINE('Line',#3874,#3876) ;
#3894=LINE('Line',#3891,#3893) ;
#3899=LINE('Line',#3896,#3898) ;
#3916=LINE('Line',#3913,#3915) ;
#3933=LINE('Line',#3930,#3932) ;
#3950=LINE('Line',#3947,#3949) ;
#3967=LINE('Line',#3964,#3966) ;
#3984=LINE('Line',#3981,#3983) ;
#4001=LINE('Line',#3998,#4000) ;
#4018=LINE('Line',#4015,#4017) ;
#4035=LINE('Line',#4032,#4034) ;
#4052=LINE('Line',#4049,#4051) ;
#4069=LINE('Line',#4066,#4068) ;
#4086=LINE('Line',#4083,#4085) ;
#4103=LINE('Line',#4100,#4102) ;
#4120=LINE('Line',#4117,#4119) ;
#4137=LINE('Line',#4134,#4136) ;
#4166=LINE('Line',#4163,#4165) ;
#4171=LINE('Line',#4168,#4170) ;
#4200=LINE('Line',#4197,#4199) ;
#4205=LINE('Line',#4202,#4204) ;
#4234=LINE('Line',#4231,#4233) ;
#4239=LINE('Line',#4236,#4238) ;
#4268=LINE('Line',#4265,#4267) ;
#4273=LINE('Line',#4270,#4272) ;
#4290=LINE('Line',#4287,#4289) ;
#4307=LINE('Line',#4304,#4306) ;
#4324=LINE('Line',#4321,#4323) ;
#4341=LINE('Line',#4338,#4340) ;
#4358=LINE('Line',#4355,#4357) ;
#4375=LINE('Line',#4372,#4374) ;
#4392=LINE('Line',#4389,#4391) ;
#4409=LINE('Line',#4406,#4408) ;
#4438=LINE('Line',#4435,#4437) ;
#4443=LINE('Line',#4440,#4442) ;
#4472=LINE('Line',#4469,#4471) ;
#4477=LINE('Line',#4474,#4476) ;
#4506=LINE('Line',#4503,#4505) ;
#4511=LINE('Line',#4508,#4510) ;
#4540=LINE('Line',#4537,#4539) ;
#4545=LINE('Line',#4542,#4544) ;
#4574=LINE('Line',#4571,#4573) ;
#4639=LINE('Line',#4636,#4638) ;
#4653=LINE('Line',#4650,#4652) ;
#5223=LINE('Line',#5220,#5222) ;
#5237=LINE('Line',#5234,#5236) ;
#5803=LINE('Line',#5800,#5802) ;
#5817=LINE('Line',#5814,#5816) ;
#6488=LINE('Line',#6485,#6487) ;
#6493=LINE('Line',#6490,#6492) ;
#6530=LINE('Line',#6527,#6529) ;
#6567=LINE('Line',#6564,#6566) ;
#6604=LINE('Line',#6601,#6603) ;
#6641=LINE('Line',#6638,#6640) ;
#6678=LINE('Line',#6675,#6677) ;
#6715=LINE('Line',#6712,#6714) ;
#6752=LINE('Line',#6749,#6751) ;
#6789=LINE('Line',#6786,#6788) ;
#6826=LINE('Line',#6823,#6825) ;
#6863=LINE('Line',#6860,#6862) ;
#6900=LINE('Line',#6897,#6899) ;
#6937=LINE('Line',#6934,#6936) ;
#6974=LINE('Line',#6971,#6973) ;
#7011=LINE('Line',#7008,#7010) ;
#7048=LINE('Line',#7045,#7047) ;
#7085=LINE('Line',#7082,#7084) ;
#7122=LINE('Line',#7119,#7121) ;
#7159=LINE('Line',#7156,#7158) ;
#7196=LINE('Line',#7193,#7195) ;
#7233=LINE('Line',#7230,#7232) ;
#7270=LINE('Line',#7267,#7269) ;
#7307=LINE('Line',#7304,#7306) ;
#7324=LINE('Line',#7321,#7323) ;
#7361=LINE('Line',#7358,#7360) ;
#7398=LINE('Line',#7395,#7397) ;
#7435=LINE('Line',#7432,#7434) ;
#7472=LINE('Line',#7469,#7471) ;
#7509=LINE('Line',#7506,#7508) ;
#7546=LINE('Line',#7543,#7545) ;
#7583=LINE('Line',#7580,#7582) ;
#7620=LINE('Line',#7617,#7619) ;
#7657=LINE('Line',#7654,#7656) ;
#7694=LINE('Line',#7691,#7693) ;
#7711=LINE('Line',#7708,#7710) ;
#7728=LINE('Line',#7725,#7727) ;
#7765=LINE('Line',#7762,#7764) ;
#7802=LINE('Line',#7799,#7801) ;
#7839=LINE('Line',#7836,#7838) ;
#7876=LINE('Line',#7873,#7875) ;
#7913=LINE('Line',#7910,#7912) ;
#7950=LINE('Line',#7947,#7949) ;
#7987=LINE('Line',#7984,#7986) ;
#8024=LINE('Line',#8021,#8023) ;
#8061=LINE('Line',#8058,#8060) ;
#8098=LINE('Line',#8095,#8097) ;
#8115=LINE('Line',#8112,#8114) ;
#8152=LINE('Line',#8149,#8151) ;
#8185=LINE('Line',#8182,#8184) ;
#8190=LINE('Line',#8187,#8189) ;
#8255=LINE('Line',#8252,#8254) ;
#8269=LINE('Line',#8266,#8268) ;
#8340=LINE('Line',#8337,#8339) ;
#8919=LINE('Line',#8916,#8918) ;
#9203=LINE('Line',#9200,#9202) ;
#9782=LINE('Line',#9779,#9781) ;
#10062=LINE('Line',#10059,#10061) ;
#10067=LINE('Line',#10064,#10066) ;
#10084=LINE('Line',#10081,#10083) ;
#10101=LINE('Line',#10098,#10100) ;
#10118=LINE('Line',#10115,#10117) ;
#10135=LINE('Line',#10132,#10134) ;
#10152=LINE('Line',#10149,#10151) ;
#10169=LINE('Line',#10166,#10168) ;
#10186=LINE('Line',#10183,#10185) ;
#11059=LINE('Line',#11056,#11058) ;
#11076=LINE('Line',#11073,#11075) ;
#11093=LINE('Line',#11090,#11092) ;
#11122=LINE('Line',#11119,#11121) ;
#11127=LINE('Line',#11124,#11126) ;
#11156=LINE('Line',#11153,#11155) ;
#11161=LINE('Line',#11158,#11160) ;
#11190=LINE('Line',#11187,#11189) ;
#11195=LINE('Line',#11192,#11194) ;
#11275=LINE('Line',#11272,#11274) ;
#11289=LINE('Line',#11286,#11288) ;
#11315=LINE('Line',#11312,#11314) ;
#11336=LINE('Line',#11333,#11335) ;
#11343=LINE('Line',#11340,#11342) ;
#11350=LINE('Line',#11347,#11349) ;
#11357=LINE('Line',#11354,#11356) ;
#11364=LINE('Line',#11361,#11363) ;
#11371=LINE('Line',#11368,#11370) ;
#11378=LINE('Line',#11375,#11377) ;
#11385=LINE('Line',#11382,#11384) ;
#11392=LINE('Line',#11389,#11391) ;
#11399=LINE('Line',#11396,#11398) ;
#11406=LINE('Line',#11403,#11405) ;
#11413=LINE('Line',#11410,#11412) ;
#11433=LINE('Line',#11430,#11432) ;
#11460=LINE('Line',#11457,#11459) ;
#11474=LINE('Line',#11471,#11473) ;
#11509=LINE('Line',#11506,#11508) ;
#11529=LINE('Line',#11526,#11528) ;
#11676=LINE('Line',#11673,#11675) ;
#11696=LINE('Line',#11693,#11695) ;
#11731=LINE('Line',#11728,#11730) ;
#11745=LINE('Line',#11742,#11744) ;
#11772=LINE('Line',#11769,#11771) ;
#11792=LINE('Line',#11789,#11791) ;
#11799=LINE('Line',#11796,#11798) ;
#11806=LINE('Line',#11803,#11805) ;
#11813=LINE('Line',#11810,#11812) ;
#11820=LINE('Line',#11817,#11819) ;
#11827=LINE('Line',#11824,#11826) ;
#11834=LINE('Line',#11831,#11833) ;
#11841=LINE('Line',#11838,#11840) ;
#11848=LINE('Line',#11845,#11847) ;
#11855=LINE('Line',#11852,#11854) ;
#11862=LINE('Line',#11859,#11861) ;
#11869=LINE('Line',#11866,#11868) ;
#11890=LINE('Line',#11887,#11889) ;
#11988=LINE('Line',#11985,#11987) ;
#11993=LINE('Line',#11990,#11992) ;
#12010=LINE('Line',#12007,#12009) ;
#12027=LINE('Line',#12024,#12026) ;
#12044=LINE('Line',#12041,#12043) ;
#12061=LINE('Line',#12058,#12060) ;
#12078=LINE('Line',#12075,#12077) ;
#12095=LINE('Line',#12092,#12094) ;
#12112=LINE('Line',#12109,#12111) ;
#12129=LINE('Line',#12126,#12128) ;
#12146=LINE('Line',#12143,#12145) ;
#12163=LINE('Line',#12160,#12162) ;
#12180=LINE('Line',#12177,#12179) ;
#12197=LINE('Line',#12194,#12196) ;
#12214=LINE('Line',#12211,#12213) ;
#12231=LINE('Line',#12228,#12230) ;
#12248=LINE('Line',#12245,#12247) ;
#12265=LINE('Line',#12262,#12264) ;
#12282=LINE('Line',#12279,#12281) ;
#12299=LINE('Line',#12296,#12298) ;
#12316=LINE('Line',#12313,#12315) ;
#12333=LINE('Line',#12330,#12332) ;
#12350=LINE('Line',#12347,#12349) ;
#12367=LINE('Line',#12364,#12366) ;
#12384=LINE('Line',#12381,#12383) ;
#12401=LINE('Line',#12398,#12400) ;
#12418=LINE('Line',#12415,#12417) ;
#12447=LINE('Line',#12444,#12446) ;
#12452=LINE('Line',#12449,#12451) ;
#13292=LINE('Line',#13289,#13291) ;
#13316=LINE('Line',#13313,#13315) ;
#13369=LINE('Line',#13366,#13368) ;
#13422=LINE('Line',#13419,#13421) ;
#13475=LINE('Line',#13472,#13474) ;
#13528=LINE('Line',#13525,#13527) ;
#13581=LINE('Line',#13578,#13580) ;
#13634=LINE('Line',#13631,#13633) ;
#13687=LINE('Line',#13684,#13686) ;
#13740=LINE('Line',#13737,#13739) ;
#13793=LINE('Line',#13790,#13792) ;
#13846=LINE('Line',#13843,#13845) ;
#13899=LINE('Line',#13896,#13898) ;
#13952=LINE('Line',#13949,#13951) ;
#14005=LINE('Line',#14002,#14004) ;
#14029=LINE('Line',#14026,#14028) ;
#14082=LINE('Line',#14079,#14081) ;
#14135=LINE('Line',#14132,#14134) ;
#14188=LINE('Line',#14185,#14187) ;
#14241=LINE('Line',#14238,#14240) ;
#14294=LINE('Line',#14291,#14293) ;
#14347=LINE('Line',#14344,#14346) ;
#14400=LINE('Line',#14397,#14399) ;
#14453=LINE('Line',#14450,#14452) ;
#14506=LINE('Line',#14503,#14505) ;
#14559=LINE('Line',#14556,#14558) ;
#14612=LINE('Line',#14609,#14611) ;
#14691=LINE('Line',#14688,#14690) ;
#14696=LINE('Line',#14693,#14695) ;
#2=MECHANICAL_CONTEXT(' ',#1,'mechanical') ;
#1572=NEXT_ASSEMBLY_USAGE_OCCURRENCE('link.1','link.1','',#17,#58,' ') ;
#2305=NEXT_ASSEMBLY_USAGE_OCCURRENCE('Base Mounting Bracket.1','Base Mounting Bracket.1','',#17,#1591,' ') ;
#4598=NEXT_ASSEMBLY_USAGE_OCCURRENCE('Base Plate.1','Base Plate.1','',#17,#2324,' ') ;
#8214=NEXT_ASSEMBLY_USAGE_OCCURRENCE('Gear Link 1.1','Gear Link 1.1','',#17,#4617,' ') ;
#11219=NEXT_ASSEMBLY_USAGE_OCCURRENCE('Gear Link 2.1','Gear Link 2.1','',#17,#8233,' ') ;
#11234=NEXT_ASSEMBLY_USAGE_OCCURRENCE('Base Plate.2','Base Plate.2','',#17,#2324,' ') ;
#12476=NEXT_ASSEMBLY_USAGE_OCCURRENCE('Gripper.1','Gripper.1','',#17,#11253,' ') ;
#12491=NEXT_ASSEMBLY_USAGE_OCCURRENCE('Gripper.2','Gripper.2','',#17,#11253,' ') ;
#12506=NEXT_ASSEMBLY_USAGE_OCCURRENCE('Gripper.3','Gripper.3','',#17,#11253,' ') ;
#12521=NEXT_ASSEMBLY_USAGE_OCCURRENCE('Gripper.4','Gripper.4','',#17,#11253,' ') ;
#12536=NEXT_ASSEMBLY_USAGE_OCCURRENCE('Base Mounting Bracket.2','Base Mounting Bracket.2','',#17,#1591,' ') ;
#12551=NEXT_ASSEMBLY_USAGE_OCCURRENCE('link.2','link.2','',#17,#58,' ') ;
#12566=NEXT_ASSEMBLY_USAGE_OCCURRENCE('link.3','link.3','',#17,#58,' ') ;
#12581=NEXT_ASSEMBLY_USAGE_OCCURRENCE('link.4','link.4','',#17,#58,' ') ;
#12596=NEXT_ASSEMBLY_USAGE_OCCURRENCE('link.5','link.5','',#17,#58,' ') ;
#12611=NEXT_ASSEMBLY_USAGE_OCCURRENCE('link.6','link.6','',#17,#58,' ') ;
#14791=NEXT_ASSEMBLY_USAGE_OCCURRENCE('farkli.1','farkli.1','',#17,#12630,' ') ;
#27=PERSONAL_ADDRESS(' ',' ',' ',' ',' ',' ',' ',' ',' ',' ',' ',' ',(#25),' ') ;
#107=PLANE('',#106) ;
#865=PLANE('',#864) ;
#1023=PLANE('',#1022) ;
#1141=PLANE('',#1140) ;
#1640=PLANE('',#1639) ;
#1746=PLANE('',#1745) ;
#1806=PLANE('',#1805) ;
#1845=PLANE('',#1844) ;
#1893=PLANE('',#1892) ;
#1958=PLANE('',#1957) ;
#1975=PLANE('',#1974) ;
#2058=PLANE('',#2057) ;
#2075=PLANE('',#2074) ;
#2158=PLANE('',#2157) ;
#2192=PLANE('',#2191) ;
#2226=PLANE('',#2225) ;
#2373=PLANE('',#2372) ;
#3143=PLANE('',#3142) ;
#3912=PLANE('',#3911) ;
#3946=PLANE('',#3945) ;
#3980=PLANE('',#3979) ;
#4014=PLANE('',#4013) ;
#4048=PLANE('',#4047) ;
#4082=PLANE('',#4081) ;
#4116=PLANE('',#4115) ;
#4150=PLANE('',#4149) ;
#4320=PLANE('',#4319) ;
#4354=PLANE('',#4353) ;
#4570=PLANE('',#4569) ;
#4666=PLANE('',#4665) ;
#5586=PLANE('',#5585) ;
#7690=PLANE('',#7689) ;
#7724=PLANE('',#7723) ;
#8282=PLANE('',#8281) ;
#9190=PLANE('',#9189) ;
#10131=PLANE('',#10130) ;
#11106=PLANE('',#11105) ;
#11302=PLANE('',#11301) ;
#11663=PLANE('',#11662) ;
#12006=PLANE('',#12005) ;
#12057=PLANE('',#12056) ;
#12074=PLANE('',#12073) ;
#12091=PLANE('',#12090) ;
#12108=PLANE('',#12107) ;
#12125=PLANE('',#12124) ;
#12142=PLANE('',#12141) ;
#12159=PLANE('',#12158) ;
#12176=PLANE('',#12175) ;
#12193=PLANE('',#12192) ;
#12210=PLANE('',#12209) ;
#12227=PLANE('',#12226) ;
#12244=PLANE('',#12243) ;
#12278=PLANE('',#12277) ;
#12329=PLANE('',#12328) ;
#12363=PLANE('',#12362) ;
#12397=PLANE('',#12396) ;
#12431=PLANE('',#12430) ;
#12639=PLANE('',#12638) ;
#14726=PLANE('',#14725) ;
#48=PLANE_ANGLE_MEASURE_WITH_UNIT(PLANE_ANGLE_MEASURE(0.0174532925199),#47) ;
#7=PRODUCT_CATEGORY('part',$) ;
#14=PRODUCT_CATEGORY('part',$) ;
#9=PRODUCT_CATEGORY_RELATIONSHIP(' ',' ',#7,#8) ;
#16=PRODUCT_CATEGORY_RELATIONSHIP(' ',' ',#14,#15) ;
#6=PRODUCT_DEFINITION_FORMATION_WITH_SPECIFIED_SOURCE('',' ',#5,.NOT_KNOWN.) ;
#57=PRODUCT_DEFINITION_FORMATION_WITH_SPECIFIED_SOURCE('HERHANG\X2\00DD\X0\',' ',#56,.NOT_KNOWN.) ;
#1590=PRODUCT_DEFINITION_FORMATION_WITH_SPECIFIED_SOURCE('HERHANG\X2\00DD\X0\',' ',#1589,.NOT_KNOWN.) ;
#2323=PRODUCT_DEFINITION_FORMATION_WITH_SPECIFIED_SOURCE('HERHANG\X2\00DD\X0\',' ',#2322,.NOT_KNOWN.) ;
#4616=PRODUCT_DEFINITION_FORMATION_WITH_SPECIFIED_SOURCE('HERHANG\X2\00DD\X0\',' ',#4615,.NOT_KNOWN.) ;
#8232=PRODUCT_DEFINITION_FORMATION_WITH_SPECIFIED_SOURCE('HERHANG\X2\00DD\X0\',' ',#8231,.NOT_KNOWN.) ;
#11252=PRODUCT_DEFINITION_FORMATION_WITH_SPECIFIED_SOURCE('HERHANG\X2\00DD\X0\',' ',#11251,.NOT_KNOWN.) ;
#12629=PRODUCT_DEFINITION_FORMATION_WITH_SPECIFIED_SOURCE('',' ',#12628,.NOT_KNOWN.) ;
#58=PRODUCT_DEFINITION_WITH_ASSOCIATED_DOCUMENTS('B\X2\00DD\X0\L\X2\00DD\X0\NMEYEN',' ',#57,#3,(#60)) ;
#1591=PRODUCT_DEFINITION_WITH_ASSOCIATED_DOCUMENTS('B\X2\00DD\X0\L\X2\00DD\X0\NMEYEN',' ',#1590,#3,(#1593)) ;
#2324=PRODUCT_DEFINITION_WITH_ASSOCIATED_DOCUMENTS('B\X2\00DD\X0\L\X2\00DD\X0\NMEYEN',' ',#2323,#3,(#2326)) ;
#4617=PRODUCT_DEFINITION_WITH_ASSOCIATED_DOCUMENTS('B\X2\00DD\X0\L\X2\00DD\X0\NMEYEN',' ',#4616,#3,(#4619)) ;
#8233=PRODUCT_DEFINITION_WITH_ASSOCIATED_DOCUMENTS('B\X2\00DD\X0\L\X2\00DD\X0\NMEYEN',' ',#8232,#3,(#8235)) ;
#11253=PRODUCT_DEFINITION_WITH_ASSOCIATED_DOCUMENTS('B\X2\00DD\X0\L\X2\00DD\X0\NMEYEN',' ',#11252,#3,(#11255)) ;
#12630=PRODUCT_DEFINITION_WITH_ASSOCIATED_DOCUMENTS('',' ',#12629,#3,(#12632)) ;
#8=PRODUCT_RELATED_PRODUCT_CATEGORY('detail',$,(#56,#1589,#2322,#4615,#8231,#11251,#12628)) ;
#15=PRODUCT_RELATED_PRODUCT_CATEGORY('part',$,(#5)) ;
#43=SHAPE_DEFINITION_REPRESENTATION(#45,#44) ;
#55=SHAPE_DEFINITION_REPRESENTATION(#61,#54) ;
#1588=SHAPE_DEFINITION_REPRESENTATION(#1594,#1587) ;
#2321=SHAPE_DEFINITION_REPRESENTATION(#2327,#2320) ;
#4614=SHAPE_DEFINITION_REPRESENTATION(#4620,#4613) ;
#8230=SHAPE_DEFINITION_REPRESENTATION(#8236,#8229) ;
#11250=SHAPE_DEFINITION_REPRESENTATION(#11256,#11249) ;
#12627=SHAPE_DEFINITION_REPRESENTATION(#12633,#12626) ;
#73=VERTEX_POINT('',#72) ;
#75=VERTEX_POINT('',#74) ;
#82=VERTEX_POINT('',#81) ;
#89=VERTEX_POINT('',#88) ;
#113=VERTEX_POINT('',#112) ;
#115=VERTEX_POINT('',#114) ;
#122=VERTEX_POINT('',#121) ;
#129=VERTEX_POINT('',#128) ;
#142=VERTEX_POINT('',#141) ;
#149=VERTEX_POINT('',#148) ;
#162=VERTEX_POINT('',#161) ;
#169=VERTEX_POINT('',#168) ;
#176=VERTEX_POINT('',#175) ;
#183=VERTEX_POINT('',#182) ;
#196=VERTEX_POINT('',#195) ;
#203=VERTEX_POINT('',#202) ;
#253=VERTEX_POINT('',#252) ;
#255=VERTEX_POINT('',#254) ;
#339=VERTEX_POINT('',#338) ;
#346=VERTEX_POINT('',#345) ;
#376=VERTEX_POINT('',#375) ;
#378=VERTEX_POINT('',#377) ;
#407=VERTEX_POINT('',#406) ;
#431=VERTEX_POINT('',#430) ;
#455=VERTEX_POINT('',#454) ;
#479=VERTEX_POINT('',#478) ;
#503=VERTEX_POINT('',#502) ;
#527=VERTEX_POINT('',#526) ;
#551=VERTEX_POINT('',#550) ;
#575=VERTEX_POINT('',#574) ;
#599=VERTEX_POINT('',#598) ;
#623=VERTEX_POINT('',#622) ;
#664=VERTEX_POINT('',#663) ;
#671=VERTEX_POINT('',#670) ;
#735=VERTEX_POINT('',#734) ;
#742=VERTEX_POINT('',#741) ;
#766=VERTEX_POINT('',#765) ;
#773=VERTEX_POINT('',#772) ;
#799=VERTEX_POINT('',#798) ;
#823=VERTEX_POINT('',#822) ;
#847=VERTEX_POINT('',#846) ;
#871=VERTEX_POINT('',#870) ;
#897=VERTEX_POINT('',#896) ;
#921=VERTEX_POINT('',#920) ;
#945=VERTEX_POINT('',#944) ;
#981=VERTEX_POINT('',#980) ;
#1005=VERTEX_POINT('',#1004) ;
#1029=VERTEX_POINT('',#1028) ;
#1070=VERTEX_POINT('',#1069) ;
#1083=VERTEX_POINT('',#1082) ;
#1153=VERTEX_POINT('',#1152) ;
#1155=VERTEX_POINT('',#1154) ;
#1183=VERTEX_POINT('',#1182) ;
#1196=VERTEX_POINT('',#1195) ;
#1203=VERTEX_POINT('',#1202) ;
#1210=VERTEX_POINT('',#1209) ;
#1217=VERTEX_POINT('',#1216) ;
#1230=VERTEX_POINT('',#1229) ;
#1258=VERTEX_POINT('',#1257) ;
#1271=VERTEX_POINT('',#1270) ;
#1278=VERTEX_POINT('',#1277) ;
#1285=VERTEX_POINT('',#1284) ;
#1311=VERTEX_POINT('',#1310) ;
#1313=VERTEX_POINT('',#1312) ;
#1606=VERTEX_POINT('',#1605) ;
#1608=VERTEX_POINT('',#1607) ;
#1615=VERTEX_POINT('',#1614) ;
#1622=VERTEX_POINT('',#1621) ;
#1646=VERTEX_POINT('',#1645) ;
#1648=VERTEX_POINT('',#1647) ;
#1667=VERTEX_POINT('',#1666) ;
#1674=VERTEX_POINT('',#1673) ;
#1681=VERTEX_POINT('',#1680) ;
#1688=VERTEX_POINT('',#1687) ;
#1752=VERTEX_POINT('',#1751) ;
#1754=VERTEX_POINT('',#1753) ;
#1761=VERTEX_POINT('',#1760) ;
#1768=VERTEX_POINT('',#1767) ;
#1775=VERTEX_POINT('',#1774) ;
#1782=VERTEX_POINT('',#1781) ;
#1868=VERTEX_POINT('',#1867) ;
#1870=VERTEX_POINT('',#1869) ;
#1933=VERTEX_POINT('',#1932) ;
#1935=VERTEX_POINT('',#1934) ;
#1981=VERTEX_POINT('',#1980) ;
#1988=VERTEX_POINT('',#1987) ;
#1995=VERTEX_POINT('',#1994) ;
#2002=VERTEX_POINT('',#2001) ;
#2022=VERTEX_POINT('',#2021) ;
#2024=VERTEX_POINT('',#2023) ;
#2040=VERTEX_POINT('',#2039) ;
#2042=VERTEX_POINT('',#2041) ;
#2081=VERTEX_POINT('',#2080) ;
#2088=VERTEX_POINT('',#2087) ;
#2095=VERTEX_POINT('',#2094) ;
#2102=VERTEX_POINT('',#2101) ;
#2122=VERTEX_POINT('',#2121) ;
#2124=VERTEX_POINT('',#2123) ;
#2140=VERTEX_POINT('',#2139) ;
#2142=VERTEX_POINT('',#2141) ;
#2339=VERTEX_POINT('',#2338) ;
#2341=VERTEX_POINT('',#2340) ;
#2348=VERTEX_POINT('',#2347) ;
#2355=VERTEX_POINT('',#2354) ;
#2385=VERTEX_POINT('',#2384) ;
#2387=VERTEX_POINT('',#2386) ;
#2394=VERTEX_POINT('',#2393) ;
#2407=VERTEX_POINT('',#2406) ;
#2414=VERTEX_POINT('',#2413) ;
#2427=VERTEX_POINT('',#2426) ;
#2434=VERTEX_POINT('',#2433) ;
#2450=VERTEX_POINT('',#2449) ;
#2457=VERTEX_POINT('',#2456) ;
#2473=VERTEX_POINT('',#2472) ;
#2480=VERTEX_POINT('',#2479) ;
#2493=VERTEX_POINT('',#2492) ;
#2500=VERTEX_POINT('',#2499) ;
#2513=VERTEX_POINT('',#2512) ;
#2520=VERTEX_POINT('',#2519) ;
#2533=VERTEX_POINT('',#2532) ;
#2581=VERTEX_POINT('',#2580) ;
#2583=VERTEX_POINT('',#2582) ;
#2635=VERTEX_POINT('',#2634) ;
#2637=VERTEX_POINT('',#2636) ;
#2689=VERTEX_POINT('',#2688) ;
#2691=VERTEX_POINT('',#2690) ;
#2725=VERTEX_POINT('',#2724) ;
#2727=VERTEX_POINT('',#2726) ;
#2746=VERTEX_POINT('',#2745) ;
#2765=VERTEX_POINT('',#2764) ;
#2772=VERTEX_POINT('',#2771) ;
#2779=VERTEX_POINT('',#2778) ;
#2786=VERTEX_POINT('',#2785) ;
#2793=VERTEX_POINT('',#2792) ;
#2821=VERTEX_POINT('',#2820) ;
#2831=VERTEX_POINT('',#2830) ;
#2873=VERTEX_POINT('',#2872) ;
#2875=VERTEX_POINT('',#2874) ;
#2930=VERTEX_POINT('',#2929) ;
#2932=VERTEX_POINT('',#2931) ;
#2987=VERTEX_POINT('',#2986) ;
#2989=VERTEX_POINT('',#2988) ;
#3041=VERTEX_POINT('',#3040) ;
#3043=VERTEX_POINT('',#3042) ;
#3077=VERTEX_POINT('',#3076) ;
#3084=VERTEX_POINT('',#3083) ;
#3091=VERTEX_POINT('',#3090) ;
#3125=VERTEX_POINT('',#3124) ;
#3155=VERTEX_POINT('',#3154) ;
#3157=VERTEX_POINT('',#3156) ;
#3164=VERTEX_POINT('',#3163) ;
#3177=VERTEX_POINT('',#3176) ;
#3184=VERTEX_POINT('',#3183) ;
#3197=VERTEX_POINT('',#3196) ;
#3204=VERTEX_POINT('',#3203) ;
#3217=VERTEX_POINT('',#3216) ;
#3224=VERTEX_POINT('',#3223) ;
#3240=VERTEX_POINT('',#3239) ;
#3247=VERTEX_POINT('',#3246) ;
#3263=VERTEX_POINT('',#3262) ;
#3270=VERTEX_POINT('',#3269) ;
#3283=VERTEX_POINT('',#3282) ;
#3290=VERTEX_POINT('',#3289) ;
#3303=VERTEX_POINT('',#3302) ;
#3351=VERTEX_POINT('',#3350) ;
#3353=VERTEX_POINT('',#3352) ;
#3399=VERTEX_POINT('',#3398) ;
#3401=VERTEX_POINT('',#3400) ;
#3420=VERTEX_POINT('',#3419) ;
#3427=VERTEX_POINT('',#3426) ;
#3434=VERTEX_POINT('',#3433) ;
#3444=VERTEX_POINT('',#3443) ;
#3472=VERTEX_POINT('',#3471) ;
#3479=VERTEX_POINT('',#3478) ;
#3486=VERTEX_POINT('',#3485) ;
#3493=VERTEX_POINT('',#3492) ;
#3535=VERTEX_POINT('',#3534) ;
#3537=VERTEX_POINT('',#3536) ;
#3592=VERTEX_POINT('',#3591) ;
#3594=VERTEX_POINT('',#3593) ;
#3649=VERTEX_POINT('',#3648) ;
#3651=VERTEX_POINT('',#3650) ;
#3703=VERTEX_POINT('',#3702) ;
#3705=VERTEX_POINT('',#3704) ;
#3757=VERTEX_POINT('',#3756) ;
#3759=VERTEX_POINT('',#3758) ;
#3811=VERTEX_POINT('',#3810) ;
#3813=VERTEX_POINT('',#3812) ;
#3847=VERTEX_POINT('',#3846) ;
#3854=VERTEX_POINT('',#3853) ;
#4632=VERTEX_POINT('',#4631) ;
#4634=VERTEX_POINT('',#4633) ;
#4641=VERTEX_POINT('',#4640) ;
#4648=VERTEX_POINT('',#4647) ;
#4672=VERTEX_POINT('',#4671) ;
#4674=VERTEX_POINT('',#4673) ;
#4684=VERTEX_POINT('',#4683) ;
#4691=VERTEX_POINT('',#4690) ;
#4701=VERTEX_POINT('',#4700) ;
#4708=VERTEX_POINT('',#4707) ;
#4718=VERTEX_POINT('',#4717) ;
#4725=VERTEX_POINT('',#4724) ;
#4735=VERTEX_POINT('',#4734) ;
#4742=VERTEX_POINT('',#4741) ;
#4752=VERTEX_POINT('',#4751) ;
#4759=VERTEX_POINT('',#4758) ;
#4769=VERTEX_POINT('',#4768) ;
#4776=VERTEX_POINT('',#4775) ;
#4786=VERTEX_POINT('',#4785) ;
#4793=VERTEX_POINT('',#4792) ;
#4803=VERTEX_POINT('',#4802) ;
#4810=VERTEX_POINT('',#4809) ;
#4820=VERTEX_POINT('',#4819) ;
#4827=VERTEX_POINT('',#4826) ;
#4837=VERTEX_POINT('',#4836) ;
#4844=VERTEX_POINT('',#4843) ;
#4854=VERTEX_POINT('',#4853) ;
#4861=VERTEX_POINT('',#4860) ;
#4871=VERTEX_POINT('',#4870) ;
#4878=VERTEX_POINT('',#4877) ;
#4888=VERTEX_POINT('',#4887) ;
#4895=VERTEX_POINT('',#4894) ;
#4905=VERTEX_POINT('',#4904) ;
#4912=VERTEX_POINT('',#4911) ;
#4922=VERTEX_POINT('',#4921) ;
#4929=VERTEX_POINT('',#4928) ;
#4939=VERTEX_POINT('',#4938) ;
#4946=VERTEX_POINT('',#4945) ;
#4956=VERTEX_POINT('',#4955) ;
#4963=VERTEX_POINT('',#4962) ;
#4973=VERTEX_POINT('',#4972) ;
#4980=VERTEX_POINT('',#4979) ;
#4990=VERTEX_POINT('',#4989) ;
#4997=VERTEX_POINT('',#4996) ;
#5007=VERTEX_POINT('',#5006) ;
#5014=VERTEX_POINT('',#5013) ;
#5024=VERTEX_POINT('',#5023) ;
#5031=VERTEX_POINT('',#5030) ;
#5041=VERTEX_POINT('',#5040) ;
#5048=VERTEX_POINT('',#5047) ;
#5055=VERTEX_POINT('',#5054) ;
#5065=VERTEX_POINT('',#5064) ;
#5072=VERTEX_POINT('',#5071) ;
#5082=VERTEX_POINT('',#5081) ;
#5089=VERTEX_POINT('',#5088) ;
#5099=VERTEX_POINT('',#5098) ;
#5106=VERTEX_POINT('',#5105) ;
#5116=VERTEX_POINT('',#5115) ;
#5123=VERTEX_POINT('',#5122) ;
#5133=VERTEX_POINT('',#5132) ;
#5140=VERTEX_POINT('',#5139) ;
#5150=VERTEX_POINT('',#5149) ;
#5157=VERTEX_POINT('',#5156) ;
#5167=VERTEX_POINT('',#5166) ;
#5174=VERTEX_POINT('',#5173) ;
#5184=VERTEX_POINT('',#5183) ;
#5191=VERTEX_POINT('',#5190) ;
#5201=VERTEX_POINT('',#5200) ;
#5208=VERTEX_POINT('',#5207) ;
#5218=VERTEX_POINT('',#5217) ;
#5225=VERTEX_POINT('',#5224) ;
#5232=VERTEX_POINT('',#5231) ;
#5239=VERTEX_POINT('',#5238) ;
#5249=VERTEX_POINT('',#5248) ;
#5256=VERTEX_POINT('',#5255) ;
#5266=VERTEX_POINT('',#5265) ;
#5273=VERTEX_POINT('',#5272) ;
#5283=VERTEX_POINT('',#5282) ;
#5290=VERTEX_POINT('',#5289) ;
#5300=VERTEX_POINT('',#5299) ;
#5307=VERTEX_POINT('',#5306) ;
#5317=VERTEX_POINT('',#5316) ;
#5324=VERTEX_POINT('',#5323) ;
#5334=VERTEX_POINT('',#5333) ;
#5341=VERTEX_POINT('',#5340) ;
#5351=VERTEX_POINT('',#5350) ;
#5358=VERTEX_POINT('',#5357) ;
#5368=VERTEX_POINT('',#5367) ;
#5375=VERTEX_POINT('',#5374) ;
#5385=VERTEX_POINT('',#5384) ;
#5392=VERTEX_POINT('',#5391) ;
#5402=VERTEX_POINT('',#5401) ;
#5409=VERTEX_POINT('',#5408) ;
#5416=VERTEX_POINT('',#5415) ;
#5426=VERTEX_POINT('',#5425) ;
#5433=VERTEX_POINT('',#5432) ;
#5542=VERTEX_POINT('',#5541) ;
#5544=VERTEX_POINT('',#5543) ;
#5592=VERTEX_POINT('',#5591) ;
#5594=VERTEX_POINT('',#5593) ;
#5604=VERTEX_POINT('',#5603) ;
#5611=VERTEX_POINT('',#5610) ;
#5621=VERTEX_POINT('',#5620) ;
#5628=VERTEX_POINT('',#5627) ;
#5635=VERTEX_POINT('',#5634) ;
#5645=VERTEX_POINT('',#5644) ;
#5652=VERTEX_POINT('',#5651) ;
#5662=VERTEX_POINT('',#5661) ;
#5669=VERTEX_POINT('',#5668) ;
#5679=VERTEX_POINT('',#5678) ;
#5686=VERTEX_POINT('',#5685) ;
#5696=VERTEX_POINT('',#5695) ;
#5703=VERTEX_POINT('',#5702) ;
#5713=VERTEX_POINT('',#5712) ;
#5720=VERTEX_POINT('',#5719) ;
#5730=VERTEX_POINT('',#5729) ;
#5737=VERTEX_POINT('',#5736) ;
#5747=VERTEX_POINT('',#5746) ;
#5754=VERTEX_POINT('',#5753) ;
#5764=VERTEX_POINT('',#5763) ;
#5771=VERTEX_POINT('',#5770) ;
#5781=VERTEX_POINT('',#5780) ;
#5788=VERTEX_POINT('',#5787) ;
#5798=VERTEX_POINT('',#5797) ;
#5805=VERTEX_POINT('',#5804) ;
#5812=VERTEX_POINT('',#5811) ;
#5819=VERTEX_POINT('',#5818) ;
#5829=VERTEX_POINT('',#5828) ;
#5836=VERTEX_POINT('',#5835) ;
#5846=VERTEX_POINT('',#5845) ;
#5853=VERTEX_POINT('',#5852) ;
#5863=VERTEX_POINT('',#5862) ;
#5870=VERTEX_POINT('',#5869) ;
#5880=VERTEX_POINT('',#5879) ;
#5887=VERTEX_POINT('',#5886) ;
#5897=VERTEX_POINT('',#5896) ;
#5904=VERTEX_POINT('',#5903) ;
#5914=VERTEX_POINT('',#5913) ;
#5921=VERTEX_POINT('',#5920) ;
#5931=VERTEX_POINT('',#5930) ;
#5938=VERTEX_POINT('',#5937) ;
#5948=VERTEX_POINT('',#5947) ;
#5955=VERTEX_POINT('',#5954) ;
#5965=VERTEX_POINT('',#5964) ;
#5972=VERTEX_POINT('',#5971) ;
#5982=VERTEX_POINT('',#5981) ;
#5989=VERTEX_POINT('',#5988) ;
#5996=VERTEX_POINT('',#5995) ;
#6006=VERTEX_POINT('',#6005) ;
#6013=VERTEX_POINT('',#6012) ;
#6023=VERTEX_POINT('',#6022) ;
#6030=VERTEX_POINT('',#6029) ;
#6040=VERTEX_POINT('',#6039) ;
#6047=VERTEX_POINT('',#6046) ;
#6057=VERTEX_POINT('',#6056) ;
#6064=VERTEX_POINT('',#6063) ;
#6074=VERTEX_POINT('',#6073) ;
#6081=VERTEX_POINT('',#6080) ;
#6091=VERTEX_POINT('',#6090) ;
#6098=VERTEX_POINT('',#6097) ;
#6108=VERTEX_POINT('',#6107) ;
#6115=VERTEX_POINT('',#6114) ;
#6125=VERTEX_POINT('',#6124) ;
#6132=VERTEX_POINT('',#6131) ;
#6142=VERTEX_POINT('',#6141) ;
#6149=VERTEX_POINT('',#6148) ;
#6159=VERTEX_POINT('',#6158) ;
#6166=VERTEX_POINT('',#6165) ;
#6176=VERTEX_POINT('',#6175) ;
#6183=VERTEX_POINT('',#6182) ;
#6193=VERTEX_POINT('',#6192) ;
#6200=VERTEX_POINT('',#6199) ;
#6210=VERTEX_POINT('',#6209) ;
#6217=VERTEX_POINT('',#6216) ;
#6227=VERTEX_POINT('',#6226) ;
#6234=VERTEX_POINT('',#6233) ;
#6244=VERTEX_POINT('',#6243) ;
#6251=VERTEX_POINT('',#6250) ;
#6261=VERTEX_POINT('',#6260) ;
#6268=VERTEX_POINT('',#6267) ;
#6278=VERTEX_POINT('',#6277) ;
#6285=VERTEX_POINT('',#6284) ;
#6295=VERTEX_POINT('',#6294) ;
#6302=VERTEX_POINT('',#6301) ;
#6312=VERTEX_POINT('',#6311) ;
#6319=VERTEX_POINT('',#6318) ;
#6329=VERTEX_POINT('',#6328) ;
#6336=VERTEX_POINT('',#6335) ;
#6346=VERTEX_POINT('',#6345) ;
#6353=VERTEX_POINT('',#6352) ;
#6462=VERTEX_POINT('',#6461) ;
#6464=VERTEX_POINT('',#6463) ;
#8248=VERTEX_POINT('',#8247) ;
#8250=VERTEX_POINT('',#8249) ;
#8257=VERTEX_POINT('',#8256) ;
#8264=VERTEX_POINT('',#8263) ;
#8288=VERTEX_POINT('',#8287) ;
#8290=VERTEX_POINT('',#8289) ;
#8315=VERTEX_POINT('',#8314) ;
#8325=VERTEX_POINT('',#8324) ;
#8335=VERTEX_POINT('',#8334) ;
#8342=VERTEX_POINT('',#8341) ;
#8349=VERTEX_POINT('',#8348) ;
#8356=VERTEX_POINT('',#8355) ;
#8366=VERTEX_POINT('',#8365) ;
#8379=VERTEX_POINT('',#8378) ;
#8389=VERTEX_POINT('',#8388) ;
#8402=VERTEX_POINT('',#8401) ;
#8412=VERTEX_POINT('',#8411) ;
#8425=VERTEX_POINT('',#8424) ;
#8435=VERTEX_POINT('',#8434) ;
#8448=VERTEX_POINT('',#8447) ;
#8458=VERTEX_POINT('',#8457) ;
#8471=VERTEX_POINT('',#8470) ;
#8481=VERTEX_POINT('',#8480) ;
#8494=VERTEX_POINT('',#8493) ;
#8504=VERTEX_POINT('',#8503) ;
#8517=VERTEX_POINT('',#8516) ;
#8527=VERTEX_POINT('',#8526) ;
#8540=VERTEX_POINT('',#8539) ;
#8550=VERTEX_POINT('',#8549) ;
#8563=VERTEX_POINT('',#8562) ;
#8573=VERTEX_POINT('',#8572) ;
#8586=VERTEX_POINT('',#8585) ;
#8596=VERTEX_POINT('',#8595) ;
#8609=VERTEX_POINT('',#8608) ;
#8619=VERTEX_POINT('',#8618) ;
#8632=VERTEX_POINT('',#8631) ;
#8642=VERTEX_POINT('',#8641) ;
#8655=VERTEX_POINT('',#8654) ;
#8665=VERTEX_POINT('',#8664) ;
#8678=VERTEX_POINT('',#8677) ;
#8688=VERTEX_POINT('',#8687) ;
#8701=VERTEX_POINT('',#8700) ;
#8711=VERTEX_POINT('',#8710) ;
#8724=VERTEX_POINT('',#8723) ;
#8734=VERTEX_POINT('',#8733) ;
#8747=VERTEX_POINT('',#8746) ;
#8757=VERTEX_POINT('',#8756) ;
#8770=VERTEX_POINT('',#8769) ;
#8780=VERTEX_POINT('',#8779) ;
#8793=VERTEX_POINT('',#8792) ;
#8803=VERTEX_POINT('',#8802) ;
#8816=VERTEX_POINT('',#8815) ;
#8826=VERTEX_POINT('',#8825) ;
#8839=VERTEX_POINT('',#8838) ;
#8849=VERTEX_POINT('',#8848) ;
#8862=VERTEX_POINT('',#8861) ;
#8872=VERTEX_POINT('',#8871) ;
#8888=VERTEX_POINT('',#8887) ;
#8907=VERTEX_POINT('',#8906) ;
#8914=VERTEX_POINT('',#8913) ;
#9002=VERTEX_POINT('',#9001) ;
#9004=VERTEX_POINT('',#9003) ;
#9056=VERTEX_POINT('',#9055) ;
#9058=VERTEX_POINT('',#9057) ;
#9110=VERTEX_POINT('',#9109) ;
#9112=VERTEX_POINT('',#9111) ;
#9196=VERTEX_POINT('',#9195) ;
#9198=VERTEX_POINT('',#9197) ;
#9205=VERTEX_POINT('',#9204) ;
#9212=VERTEX_POINT('',#9211) ;
#9231=VERTEX_POINT('',#9230) ;
#9247=VERTEX_POINT('',#9246) ;
#9257=VERTEX_POINT('',#9256) ;
#9270=VERTEX_POINT('',#9269) ;
#9280=VERTEX_POINT('',#9279) ;
#9293=VERTEX_POINT('',#9292) ;
#9303=VERTEX_POINT('',#9302) ;
#9316=VERTEX_POINT('',#9315) ;
#9326=VERTEX_POINT('',#9325) ;
#9339=VERTEX_POINT('',#9338) ;
#9349=VERTEX_POINT('',#9348) ;
#9362=VERTEX_POINT('',#9361) ;
#9372=VERTEX_POINT('',#9371) ;
#9385=VERTEX_POINT('',#9384) ;
#9395=VERTEX_POINT('',#9394) ;
#9408=VERTEX_POINT('',#9407) ;
#9418=VERTEX_POINT('',#9417) ;
#9431=VERTEX_POINT('',#9430) ;
#9441=VERTEX_POINT('',#9440) ;
#9454=VERTEX_POINT('',#9453) ;
#9464=VERTEX_POINT('',#9463) ;
#9477=VERTEX_POINT('',#9476) ;
#9487=VERTEX_POINT('',#9486) ;
#9500=VERTEX_POINT('',#9499) ;
#9510=VERTEX_POINT('',#9509) ;
#9523=VERTEX_POINT('',#9522) ;
#9533=VERTEX_POINT('',#9532) ;
#9546=VERTEX_POINT('',#9545) ;
#9556=VERTEX_POINT('',#9555) ;
#9569=VERTEX_POINT('',#9568) ;
#9579=VERTEX_POINT('',#9578) ;
#9592=VERTEX_POINT('',#9591) ;
#9602=VERTEX_POINT('',#9601) ;
#9615=VERTEX_POINT('',#9614) ;
#9625=VERTEX_POINT('',#9624) ;
#9638=VERTEX_POINT('',#9637) ;
#9648=VERTEX_POINT('',#9647) ;
#9661=VERTEX_POINT('',#9660) ;
#9671=VERTEX_POINT('',#9670) ;
#9684=VERTEX_POINT('',#9683) ;
#9694=VERTEX_POINT('',#9693) ;
#9707=VERTEX_POINT('',#9706) ;
#9717=VERTEX_POINT('',#9716) ;
#9730=VERTEX_POINT('',#9729) ;
#9740=VERTEX_POINT('',#9739) ;
#9753=VERTEX_POINT('',#9752) ;
#9763=VERTEX_POINT('',#9762) ;
#9770=VERTEX_POINT('',#9769) ;
#9777=VERTEX_POINT('',#9776) ;
#9784=VERTEX_POINT('',#9783) ;
#9794=VERTEX_POINT('',#9793) ;
#9804=VERTEX_POINT('',#9803) ;
#9910=VERTEX_POINT('',#9909) ;
#9912=VERTEX_POINT('',#9911) ;
#9964=VERTEX_POINT('',#9963) ;
#9966=VERTEX_POINT('',#9965) ;
#10018=VERTEX_POINT('',#10017) ;
#10020=VERTEX_POINT('',#10019) ;
#11268=VERTEX_POINT('',#11267) ;
#11270=VERTEX_POINT('',#11269) ;
#11277=VERTEX_POINT('',#11276) ;
#11284=VERTEX_POINT('',#11283) ;
#11308=VERTEX_POINT('',#11307) ;
#11310=VERTEX_POINT('',#11309) ;
#11317=VERTEX_POINT('',#11316) ;
#11324=VERTEX_POINT('',#11323) ;
#11331=VERTEX_POINT('',#11330) ;
#11338=VERTEX_POINT('',#11337) ;
#11345=VERTEX_POINT('',#11344) ;
#11352=VERTEX_POINT('',#11351) ;
#11359=VERTEX_POINT('',#11358) ;
#11366=VERTEX_POINT('',#11365) ;
#11373=VERTEX_POINT('',#11372) ;
#11380=VERTEX_POINT('',#11379) ;
#11387=VERTEX_POINT('',#11386) ;
#11394=VERTEX_POINT('',#11393) ;
#11401=VERTEX_POINT('',#11400) ;
#11408=VERTEX_POINT('',#11407) ;
#11415=VERTEX_POINT('',#11414) ;
#11428=VERTEX_POINT('',#11427) ;
#11435=VERTEX_POINT('',#11434) ;
#11445=VERTEX_POINT('',#11444) ;
#11455=VERTEX_POINT('',#11454) ;
#11462=VERTEX_POINT('',#11461) ;
#11469=VERTEX_POINT('',#11468) ;
#11476=VERTEX_POINT('',#11475) ;
#11504=VERTEX_POINT('',#11503) ;
#11511=VERTEX_POINT('',#11510) ;
#11524=VERTEX_POINT('',#11523) ;
#11583=VERTEX_POINT('',#11582) ;
#11585=VERTEX_POINT('',#11584) ;
#11669=VERTEX_POINT('',#11668) ;
#11671=VERTEX_POINT('',#11670) ;
#11678=VERTEX_POINT('',#11677) ;
#11691=VERTEX_POINT('',#11690) ;
#11698=VERTEX_POINT('',#11697) ;
#11726=VERTEX_POINT('',#11725) ;
#11733=VERTEX_POINT('',#11732) ;
#11740=VERTEX_POINT('',#11739) ;
#11747=VERTEX_POINT('',#11746) ;
#11757=VERTEX_POINT('',#11756) ;
#11767=VERTEX_POINT('',#11766) ;
#11774=VERTEX_POINT('',#11773) ;
#11787=VERTEX_POINT('',#11786) ;
#11794=VERTEX_POINT('',#11793) ;
#11801=VERTEX_POINT('',#11800) ;
#11808=VERTEX_POINT('',#11807) ;
#11815=VERTEX_POINT('',#11814) ;
#11822=VERTEX_POINT('',#11821) ;
#11829=VERTEX_POINT('',#11828) ;
#11836=VERTEX_POINT('',#11835) ;
#11843=VERTEX_POINT('',#11842) ;
#11850=VERTEX_POINT('',#11849) ;
#11857=VERTEX_POINT('',#11856) ;
#11864=VERTEX_POINT('',#11863) ;
#11871=VERTEX_POINT('',#11870) ;
#11878=VERTEX_POINT('',#11877) ;
#11885=VERTEX_POINT('',#11884) ;
#11944=VERTEX_POINT('',#11943) ;
#11946=VERTEX_POINT('',#11945) ;
#12651=VERTEX_POINT('',#12650) ;
#12653=VERTEX_POINT('',#12652) ;
#12660=VERTEX_POINT('',#12659) ;
#12667=VERTEX_POINT('',#12666) ;
#12680=VERTEX_POINT('',#12679) ;
#12687=VERTEX_POINT('',#12686) ;
#12700=VERTEX_POINT('',#12699) ;
#12707=VERTEX_POINT('',#12706) ;
#12720=VERTEX_POINT('',#12719) ;
#12727=VERTEX_POINT('',#12726) ;
#12740=VERTEX_POINT('',#12739) ;
#12747=VERTEX_POINT('',#12746) ;
#12760=VERTEX_POINT('',#12759) ;
#12767=VERTEX_POINT('',#12766) ;
#12780=VERTEX_POINT('',#12779) ;
#12787=VERTEX_POINT('',#12786) ;
#12800=VERTEX_POINT('',#12799) ;
#12807=VERTEX_POINT('',#12806) ;
#12820=VERTEX_POINT('',#12819) ;
#12827=VERTEX_POINT('',#12826) ;
#12840=VERTEX_POINT('',#12839) ;
#12847=VERTEX_POINT('',#12846) ;
#12860=VERTEX_POINT('',#12859) ;
#12867=VERTEX_POINT('',#12866) ;
#12880=VERTEX_POINT('',#12879) ;
#12887=VERTEX_POINT('',#12886) ;
#12900=VERTEX_POINT('',#12899) ;
#12907=VERTEX_POINT('',#12906) ;
#12920=VERTEX_POINT('',#12919) ;
#12927=VERTEX_POINT('',#12926) ;
#12934=VERTEX_POINT('',#12933) ;
#12947=VERTEX_POINT('',#12946) ;
#12954=VERTEX_POINT('',#12953) ;
#12967=VERTEX_POINT('',#12966) ;
#12974=VERTEX_POINT('',#12973) ;
#12987=VERTEX_POINT('',#12986) ;
#12994=VERTEX_POINT('',#12993) ;
#13007=VERTEX_POINT('',#13006) ;
#13014=VERTEX_POINT('',#13013) ;
#13027=VERTEX_POINT('',#13026) ;
#13034=VERTEX_POINT('',#13033) ;
#13047=VERTEX_POINT('',#13046) ;
#13054=VERTEX_POINT('',#13053) ;
#13067=VERTEX_POINT('',#13066) ;
#13074=VERTEX_POINT('',#13073) ;
#13087=VERTEX_POINT('',#13086) ;
#13094=VERTEX_POINT('',#13093) ;
#13107=VERTEX_POINT('',#13106) ;
#13114=VERTEX_POINT('',#13113) ;
#13127=VERTEX_POINT('',#13126) ;
#13134=VERTEX_POINT('',#13133) ;
#13147=VERTEX_POINT('',#13146) ;
#13154=VERTEX_POINT('',#13153) ;
#13167=VERTEX_POINT('',#13166) ;
#13235=VERTEX_POINT('',#13234) ;
#13237=VERTEX_POINT('',#13236) ;
#13262=VERTEX_POINT('',#13261) ;
#13268=VERTEX_POINT('',#13267) ;
#13294=VERTEX_POINT('',#13293) ;
#13318=VERTEX_POINT('',#13317) ;
#13345=VERTEX_POINT('',#13344) ;
#13371=VERTEX_POINT('',#13370) ;
#13398=VERTEX_POINT('',#13397) ;
#13424=VERTEX_POINT('',#13423) ;
#13451=VERTEX_POINT('',#13450) ;
#13477=VERTEX_POINT('',#13476) ;
#13504=VERTEX_POINT('',#13503) ;
#13530=VERTEX_POINT('',#13529) ;
#13557=VERTEX_POINT('',#13556) ;
#13583=VERTEX_POINT('',#13582) ;
#13610=VERTEX_POINT('',#13609) ;
#13636=VERTEX_POINT('',#13635) ;
#13663=VERTEX_POINT('',#13662) ;
#13689=VERTEX_POINT('',#13688) ;
#13716=VERTEX_POINT('',#13715) ;
#13742=VERTEX_POINT('',#13741) ;
#13769=VERTEX_POINT('',#13768) ;
#13795=VERTEX_POINT('',#13794) ;
#13822=VERTEX_POINT('',#13821) ;
#13848=VERTEX_POINT('',#13847) ;
#13875=VERTEX_POINT('',#13874) ;
#13901=VERTEX_POINT('',#13900) ;
#13928=VERTEX_POINT('',#13927) ;
#13954=VERTEX_POINT('',#13953) ;
#13981=VERTEX_POINT('',#13980) ;
#14007=VERTEX_POINT('',#14006) ;
#14031=VERTEX_POINT('',#14030) ;
#14058=VERTEX_POINT('',#14057) ;
#14084=VERTEX_POINT('',#14083) ;
#14111=VERTEX_POINT('',#14110) ;
#14137=VERTEX_POINT('',#14136) ;
#14164=VERTEX_POINT('',#14163) ;
#14190=VERTEX_POINT('',#14189) ;
#14217=VERTEX_POINT('',#14216) ;
#14243=VERTEX_POINT('',#14242) ;
#14270=VERTEX_POINT('',#14269) ;
#14296=VERTEX_POINT('',#14295) ;
#14323=VERTEX_POINT('',#14322) ;
#14349=VERTEX_POINT('',#14348) ;
#14376=VERTEX_POINT('',#14375) ;
#14402=VERTEX_POINT('',#14401) ;
#14429=VERTEX_POINT('',#14428) ;
#14455=VERTEX_POINT('',#14454) ;
#14482=VERTEX_POINT('',#14481) ;
#14508=VERTEX_POINT('',#14507) ;
#14535=VERTEX_POINT('',#14534) ;
#14561=VERTEX_POINT('',#14560) ;
#14588=VERTEX_POINT('',#14587) ;
#14614=VERTEX_POINT('',#14613) ;
#14641=VERTEX_POINT('',#14640) ;
#14684=VERTEX_POINT('',#14683) ;
#14686=VERTEX_POINT('',#14685) ;
#46=(LENGTH_UNIT()NAMED_UNIT(*)SI_UNIT(.MILLI.,.METRE.)) ;
#47=(NAMED_UNIT(*)PLANE_ANGLE_UNIT()SI_UNIT($,.RADIAN.)) ;
#49=(NAMED_UNIT(*)SI_UNIT($,.STERADIAN.)SOLID_ANGLE_UNIT()) ;
#51=(GEOMETRIC_REPRESENTATION_CONTEXT(3)GLOBAL_UNCERTAINTY_ASSIGNED_CONTEXT((#50))GLOBAL_UNIT_ASSIGNED_CONTEXT((#46,#47,#49))REPRESENTATION_CONTEXT(' ',' ')) ;
#53=(GEOMETRIC_REPRESENTATION_CONTEXT(3)GLOBAL_UNCERTAINTY_ASSIGNED_CONTEXT((#52))GLOBAL_UNIT_ASSIGNED_CONTEXT((#46,#47,#49))REPRESENTATION_CONTEXT(' ',' ')) ;
#1586=(GEOMETRIC_REPRESENTATION_CONTEXT(3)GLOBAL_UNCERTAINTY_ASSIGNED_CONTEXT((#1585))GLOBAL_UNIT_ASSIGNED_CONTEXT((#46,#47,#49))REPRESENTATION_CONTEXT(' ',' ')) ;
#2319=(GEOMETRIC_REPRESENTATION_CONTEXT(3)GLOBAL_UNCERTAINTY_ASSIGNED_CONTEXT((#2318))GLOBAL_UNIT_ASSIGNED_CONTEXT((#46,#47,#49))REPRESENTATION_CONTEXT(' ',' ')) ;
#4612=(GEOMETRIC_REPRESENTATION_CONTEXT(3)GLOBAL_UNCERTAINTY_ASSIGNED_CONTEXT((#4611))GLOBAL_UNIT_ASSIGNED_CONTEXT((#46,#47,#49))REPRESENTATION_CONTEXT(' ',' ')) ;
#8228=(GEOMETRIC_REPRESENTATION_CONTEXT(3)GLOBAL_UNCERTAINTY_ASSIGNED_CONTEXT((#8227))GLOBAL_UNIT_ASSIGNED_CONTEXT((#46,#47,#49))REPRESENTATION_CONTEXT(' ',' ')) ;
#11233=(GEOMETRIC_REPRESENTATION_CONTEXT(3)GLOBAL_UNCERTAINTY_ASSIGNED_CONTEXT((#11232))GLOBAL_UNIT_ASSIGNED_CONTEXT((#46,#47,#49))REPRESENTATION_CONTEXT(' ',' ')) ;
#11248=(GEOMETRIC_REPRESENTATION_CONTEXT(3)GLOBAL_UNCERTAINTY_ASSIGNED_CONTEXT((#11247))GLOBAL_UNIT_ASSIGNED_CONTEXT((#46,#47,#49))REPRESENTATION_CONTEXT(' ',' ')) ;
#12490=(GEOMETRIC_REPRESENTATION_CONTEXT(3)GLOBAL_UNCERTAINTY_ASSIGNED_CONTEXT((#12489))GLOBAL_UNIT_ASSIGNED_CONTEXT((#46,#47,#49))REPRESENTATION_CONTEXT(' ',' ')) ;
#12505=(GEOMETRIC_REPRESENTATION_CONTEXT(3)GLOBAL_UNCERTAINTY_ASSIGNED_CONTEXT((#12504))GLOBAL_UNIT_ASSIGNED_CONTEXT((#46,#47,#49))REPRESENTATION_CONTEXT(' ',' ')) ;
#12520=(GEOMETRIC_REPRESENTATION_CONTEXT(3)GLOBAL_UNCERTAINTY_ASSIGNED_CONTEXT((#12519))GLOBAL_UNIT_ASSIGNED_CONTEXT((#46,#47,#49))REPRESENTATION_CONTEXT(' ',' ')) ;
#12535=(GEOMETRIC_REPRESENTATION_CONTEXT(3)GLOBAL_UNCERTAINTY_ASSIGNED_CONTEXT((#12534))GLOBAL_UNIT_ASSIGNED_CONTEXT((#46,#47,#49))REPRESENTATION_CONTEXT(' ',' ')) ;
#12550=(GEOMETRIC_REPRESENTATION_CONTEXT(3)GLOBAL_UNCERTAINTY_ASSIGNED_CONTEXT((#12549))GLOBAL_UNIT_ASSIGNED_CONTEXT((#46,#47,#49))REPRESENTATION_CONTEXT(' ',' ')) ;
#12565=(GEOMETRIC_REPRESENTATION_CONTEXT(3)GLOBAL_UNCERTAINTY_ASSIGNED_CONTEXT((#12564))GLOBAL_UNIT_ASSIGNED_CONTEXT((#46,#47,#49))REPRESENTATION_CONTEXT(' ',' ')) ;
#12580=(GEOMETRIC_REPRESENTATION_CONTEXT(3)GLOBAL_UNCERTAINTY_ASSIGNED_CONTEXT((#12579))GLOBAL_UNIT_ASSIGNED_CONTEXT((#46,#47,#49))REPRESENTATION_CONTEXT(' ',' ')) ;
#12595=(GEOMETRIC_REPRESENTATION_CONTEXT(3)GLOBAL_UNCERTAINTY_ASSIGNED_CONTEXT((#12594))GLOBAL_UNIT_ASSIGNED_CONTEXT((#46,#47,#49))REPRESENTATION_CONTEXT(' ',' ')) ;
#12610=(GEOMETRIC_REPRESENTATION_CONTEXT(3)GLOBAL_UNCERTAINTY_ASSIGNED_CONTEXT((#12609))GLOBAL_UNIT_ASSIGNED_CONTEXT((#46,#47,#49))REPRESENTATION_CONTEXT(' ',' ')) ;
#12625=(GEOMETRIC_REPRESENTATION_CONTEXT(3)GLOBAL_UNCERTAINTY_ASSIGNED_CONTEXT((#12624))GLOBAL_UNIT_ASSIGNED_CONTEXT((#46,#47,#49))REPRESENTATION_CONTEXT(' ',' ')) ;
#1575=(REPRESENTATION_RELATIONSHIP(' ',' ',#54,#44)REPRESENTATION_RELATIONSHIP_WITH_TRANSFORMATION(#1576)SHAPE_REPRESENTATION_RELATIONSHIP()) ;
#2308=(REPRESENTATION_RELATIONSHIP(' ',' ',#1587,#44)REPRESENTATION_RELATIONSHIP_WITH_TRANSFORMATION(#2309)SHAPE_REPRESENTATION_RELATIONSHIP()) ;
#4601=(REPRESENTATION_RELATIONSHIP(' ',' ',#2320,#44)REPRESENTATION_RELATIONSHIP_WITH_TRANSFORMATION(#4602)SHAPE_REPRESENTATION_RELATIONSHIP()) ;
#8217=(REPRESENTATION_RELATIONSHIP(' ',' ',#4613,#44)REPRESENTATION_RELATIONSHIP_WITH_TRANSFORMATION(#8218)SHAPE_REPRESENTATION_RELATIONSHIP()) ;
#11222=(REPRESENTATION_RELATIONSHIP(' ',' ',#8229,#44)REPRESENTATION_RELATIONSHIP_WITH_TRANSFORMATION(#11223)SHAPE_REPRESENTATION_RELATIONSHIP()) ;
#11237=(REPRESENTATION_RELATIONSHIP(' ',' ',#2320,#44)REPRESENTATION_RELATIONSHIP_WITH_TRANSFORMATION(#11238)SHAPE_REPRESENTATION_RELATIONSHIP()) ;
#12479=(REPRESENTATION_RELATIONSHIP(' ',' ',#11249,#44)REPRESENTATION_RELATIONSHIP_WITH_TRANSFORMATION(#12480)SHAPE_REPRESENTATION_RELATIONSHIP()) ;
#12494=(REPRESENTATION_RELATIONSHIP(' ',' ',#11249,#44)REPRESENTATION_RELATIONSHIP_WITH_TRANSFORMATION(#12495)SHAPE_REPRESENTATION_RELATIONSHIP()) ;
#12509=(REPRESENTATION_RELATIONSHIP(' ',' ',#11249,#44)REPRESENTATION_RELATIONSHIP_WITH_TRANSFORMATION(#12510)SHAPE_REPRESENTATION_RELATIONSHIP()) ;
#12524=(REPRESENTATION_RELATIONSHIP(' ',' ',#11249,#44)REPRESENTATION_RELATIONSHIP_WITH_TRANSFORMATION(#12525)SHAPE_REPRESENTATION_RELATIONSHIP()) ;
#12539=(REPRESENTATION_RELATIONSHIP(' ',' ',#1587,#44)REPRESENTATION_RELATIONSHIP_WITH_TRANSFORMATION(#12540)SHAPE_REPRESENTATION_RELATIONSHIP()) ;
#12554=(REPRESENTATION_RELATIONSHIP(' ',' ',#54,#44)REPRESENTATION_RELATIONSHIP_WITH_TRANSFORMATION(#12555)SHAPE_REPRESENTATION_RELATIONSHIP()) ;
#12569=(REPRESENTATION_RELATIONSHIP(' ',' ',#54,#44)REPRESENTATION_RELATIONSHIP_WITH_TRANSFORMATION(#12570)SHAPE_REPRESENTATION_RELATIONSHIP()) ;
#12584=(REPRESENTATION_RELATIONSHIP(' ',' ',#54,#44)REPRESENTATION_RELATIONSHIP_WITH_TRANSFORMATION(#12585)SHAPE_REPRESENTATION_RELATIONSHIP()) ;
#12599=(REPRESENTATION_RELATIONSHIP(' ',' ',#54,#44)REPRESENTATION_RELATIONSHIP_WITH_TRANSFORMATION(#12600)SHAPE_REPRESENTATION_RELATIONSHIP()) ;
#12614=(REPRESENTATION_RELATIONSHIP(' ',' ',#54,#44)REPRESENTATION_RELATIONSHIP_WITH_TRANSFORMATION(#12615)SHAPE_REPRESENTATION_RELATIONSHIP()) ;
#14794=(REPRESENTATION_RELATIONSHIP(' ',' ',#12626,#44)REPRESENTATION_RELATIONSHIP_WITH_TRANSFORMATION(#14795)SHAPE_REPRESENTATION_RELATIONSHIP()) ;
ENDSEC;
END-ISO-10303-21;
