ISO-10303-21;
HEADER;
FILE_DESCRIPTION(('STEP AP214'),'1');
FILE_NAME('Servo EMAX ES08MAII.stp','2024-11-16T13:51:06',(' '),(' '),'Spatial InterOp 3D',' ',' ');
FILE_SCHEMA(('AUTOMOTIVE_DESIGN { 1 0 10303 214 1 1 1 1 }'));
ENDSEC;
DATA;
#1=MECHANICAL_DESIGN_GEOMETRIC_PRESENTATION_REPRESENTATION(' ',(#10,#11,#12,#13,#14,#15,#16,#17,#18,#19,#20,#21,#22,#23,#24,#25,#26,#27,#28,#29,#30,#31,#32,#33,#34,#35,#36,#37,#38,#39,#40,#41,#42,#43,#44,#45,#46,#47,#48,#49,#50,#51,#52,#53,#54,#55,#56,#57,#58,#59,#60,#61,#62,#63,#64,#65,#66),#6);
#2=PRODUCT_DEFINITION_CONTEXT('',#67,'design');
#3=APPLICATION_PROTOCOL_DEFINITION('INTERNATIONAL STANDARD','automotive_design',1994,#67);
#4=PRODUCT_CATEGORY_RELATIONSHIP('NONE','NONE',#68,#69);
#5=SHAPE_DEFINITION_REPRESENTATION(#70,#71);
#6= (GEOMETRIC_REPRESENTATION_CONTEXT(3)GLOBAL_UNCERTAINTY_ASSIGNED_CONTEXT((#74))GLOBAL_UNIT_ASSIGNED_CONTEXT((#76,#77,#78))REPRESENTATION_CONTEXT('NONE','WORKSPACE'));
#10=STYLED_ITEM('',(#80),#81);
#11=STYLED_ITEM('',(#82),#83);
#12=STYLED_ITEM('',(#84),#85);
#13=STYLED_ITEM('',(#86),#87);
#14=STYLED_ITEM('',(#88),#89);
#15=STYLED_ITEM('',(#90),#91);
#16=STYLED_ITEM('',(#92),#93);
#17=STYLED_ITEM('',(#94),#95);
#18=STYLED_ITEM('',(#96),#97);
#19=STYLED_ITEM('',(#98),#99);
#20=STYLED_ITEM('',(#100),#101);
#21=STYLED_ITEM('',(#102),#103);
#22=STYLED_ITEM('',(#104),#105);
#23=STYLED_ITEM('',(#106),#107);
#24=STYLED_ITEM('',(#108),#109);
#25=STYLED_ITEM('',(#110),#111);
#26=STYLED_ITEM('',(#112),#113);
#27=STYLED_ITEM('',(#114),#115);
#28=STYLED_ITEM('',(#116),#117);
#29=STYLED_ITEM('',(#118),#119);
#30=STYLED_ITEM('',(#120),#121);
#31=STYLED_ITEM('',(#122),#123);
#32=STYLED_ITEM('',(#124),#125);
#33=STYLED_ITEM('',(#126),#127);
#34=STYLED_ITEM('',(#128),#129);
#35=STYLED_ITEM('',(#130),#131);
#36=STYLED_ITEM('',(#132),#133);
#37=STYLED_ITEM('',(#134),#135);
#38=STYLED_ITEM('',(#136),#137);
#39=STYLED_ITEM('',(#138),#139);
#40=STYLED_ITEM('',(#140),#141);
#41=STYLED_ITEM('',(#142),#143);
#42=STYLED_ITEM('',(#144),#145);
#43=STYLED_ITEM('',(#146),#147);
#44=STYLED_ITEM('',(#148),#149);
#45=STYLED_ITEM('',(#150),#151);
#46=STYLED_ITEM('',(#152),#153);
#47=STYLED_ITEM('',(#154),#155);
#48=STYLED_ITEM('',(#156),#157);
#49=STYLED_ITEM('',(#158),#159);
#50=STYLED_ITEM('',(#160),#161);
#51=STYLED_ITEM('',(#162),#163);
#52=STYLED_ITEM('',(#164),#165);
#53=STYLED_ITEM('',(#166),#167);
#54=STYLED_ITEM('',(#168),#169);
#55=STYLED_ITEM('',(#170),#171);
#56=STYLED_ITEM('',(#172),#173);
#57=STYLED_ITEM('',(#174),#175);
#58=STYLED_ITEM('',(#176),#177);
#59=STYLED_ITEM('',(#178),#179);
#60=STYLED_ITEM('',(#180),#181);
#61=STYLED_ITEM('',(#182),#183);
#62=STYLED_ITEM('',(#184),#185);
#63=STYLED_ITEM('',(#186),#187);
#64=STYLED_ITEM('',(#188),#189);
#65=STYLED_ITEM('',(#190),#191);
#66=STYLED_ITEM('',(#192),#193);
#67=APPLICATION_CONTEXT(' ');
#68=PRODUCT_CATEGORY('part','NONE');
#69=PRODUCT_RELATED_PRODUCT_CATEGORY('detail',' ',(#194));
#70=PRODUCT_DEFINITION_SHAPE('NONE','NONE',#195);
#71=ADVANCED_BREP_SHAPE_REPRESENTATION('Solid',(#193,#196),#6);
#74=UNCERTAINTY_MEASURE_WITH_UNIT(LENGTH_MEASURE(1.0E-05),#76,'','');
#76= (CONVERSION_BASED_UNIT('MILLIMETRE',#199)LENGTH_UNIT()NAMED_UNIT(#202));
#77= (NAMED_UNIT(#204)PLANE_ANGLE_UNIT()SI_UNIT($,.RADIAN.));
#78= (NAMED_UNIT(#204)SOLID_ANGLE_UNIT()SI_UNIT($,.STERADIAN.));
#80=PRESENTATION_STYLE_ASSIGNMENT((#210));
#81=ADVANCED_FACE('4:2357',(#211),#212,.T.);
#82=PRESENTATION_STYLE_ASSIGNMENT((#213));
#83=ADVANCED_FACE('4:4474',(#214),#215,.T.);
#84=PRESENTATION_STYLE_ASSIGNMENT((#216));
#85=ADVANCED_FACE('7:343',(#217),#218,.T.);
#86=PRESENTATION_STYLE_ASSIGNMENT((#219));
#87=ADVANCED_FACE('7:212',(#220),#221,.T.);
#88=PRESENTATION_STYLE_ASSIGNMENT((#222));
#89=ADVANCED_FACE('7:215',(#223),#224,.T.);
#90=PRESENTATION_STYLE_ASSIGNMENT((#225));
#91=ADVANCED_FACE('4:4471',(#226),#227,.T.);
#92=PRESENTATION_STYLE_ASSIGNMENT((#228));
#93=ADVANCED_FACE('4:41477',(#229),#230,.T.);
#94=PRESENTATION_STYLE_ASSIGNMENT((#231));
#95=ADVANCED_FACE('5:9265',(#232),#233,.T.);
#96=PRESENTATION_STYLE_ASSIGNMENT((#234));
#97=ADVANCED_FACE('4:225',(#235),#236,.T.);
#98=PRESENTATION_STYLE_ASSIGNMENT((#237));
#99=ADVANCED_FACE('5:9460',(#238),#239,.T.);
#100=PRESENTATION_STYLE_ASSIGNMENT((#240));
#101=ADVANCED_FACE('4:3125',(#241),#242,.F.);
#102=PRESENTATION_STYLE_ASSIGNMENT((#243));
#103=ADVANCED_FACE('19:15760',(#244),#245,.F.);
#104=PRESENTATION_STYLE_ASSIGNMENT((#246));
#105=ADVANCED_FACE('4:3125',(#247),#248,.F.);
#106=PRESENTATION_STYLE_ASSIGNMENT((#249));
#107=ADVANCED_FACE('4:3090',(#250,#251),#252,.T.);
#108=PRESENTATION_STYLE_ASSIGNMENT((#253));
#109=ADVANCED_FACE('5:8817',(#254),#255,.T.);
#110=PRESENTATION_STYLE_ASSIGNMENT((#256));
#111=ADVANCED_FACE('4:4826',(#257),#258,.T.);
#112=PRESENTATION_STYLE_ASSIGNMENT((#259));
#113=ADVANCED_FACE('5:9460',(#260),#261,.T.);
#114=PRESENTATION_STYLE_ASSIGNMENT((#262));
#115=ADVANCED_FACE('5:8811',(#263),#264,.F.);
#116=PRESENTATION_STYLE_ASSIGNMENT((#265));
#117=ADVANCED_FACE('5:9280',(#266),#267,.T.);
#118=PRESENTATION_STYLE_ASSIGNMENT((#268));
#119=ADVANCED_FACE('5:8808',(#269),#270,.F.);
#120=PRESENTATION_STYLE_ASSIGNMENT((#271));
#121=ADVANCED_FACE('5:8805',(#272),#273,.F.);
#122=PRESENTATION_STYLE_ASSIGNMENT((#274));
#123=ADVANCED_FACE('5:8802',(#275),#276,.F.);
#124=PRESENTATION_STYLE_ASSIGNMENT((#277));
#125=ADVANCED_FACE('5:9277',(#278),#279,.T.);
#126=PRESENTATION_STYLE_ASSIGNMENT((#280));
#127=ADVANCED_FACE('5:8799',(#281),#282,.F.);
#128=PRESENTATION_STYLE_ASSIGNMENT((#283));
#129=ADVANCED_FACE('5:8796',(#284),#285,.F.);
#130=PRESENTATION_STYLE_ASSIGNMENT((#286));
#131=ADVANCED_FACE('5:9286',(#287),#288,.T.);
#132=PRESENTATION_STYLE_ASSIGNMENT((#289));
#133=ADVANCED_FACE('5:8790',(#290),#291,.F.);
#134=PRESENTATION_STYLE_ASSIGNMENT((#292));
#135=ADVANCED_FACE('5:8784',(#293),#294,.F.);
#136=PRESENTATION_STYLE_ASSIGNMENT((#295));
#137=ADVANCED_FACE('5:9283',(#296),#297,.T.);
#138=PRESENTATION_STYLE_ASSIGNMENT((#298));
#139=ADVANCED_FACE('5:8778',(#299),#300,.F.);
#140=PRESENTATION_STYLE_ASSIGNMENT((#301));
#141=ADVANCED_FACE('4:41489',(#302),#303,.T.);
#142=PRESENTATION_STYLE_ASSIGNMENT((#304));
#143=ADVANCED_FACE('4:28381',(#305),#306,.F.);
#144=PRESENTATION_STYLE_ASSIGNMENT((#307));
#145=ADVANCED_FACE('4:28371',(#308),#309,.F.);
#146=PRESENTATION_STYLE_ASSIGNMENT((#310));
#147=ADVANCED_FACE('4:41498',(#311),#312,.T.);
#148=PRESENTATION_STYLE_ASSIGNMENT((#313));
#149=ADVANCED_FACE('4:27964',(#314),#315,.F.);
#150=PRESENTATION_STYLE_ASSIGNMENT((#316));
#151=ADVANCED_FACE('4:28405',(#317),#318,.F.);
#152=PRESENTATION_STYLE_ASSIGNMENT((#319));
#153=ADVANCED_FACE('4:41495',(#320),#321,.T.);
#154=PRESENTATION_STYLE_ASSIGNMENT((#322));
#155=ADVANCED_FACE('4:28368',(#323),#324,.F.);
#156=PRESENTATION_STYLE_ASSIGNMENT((#325));
#157=ADVANCED_FACE('4:28246',(#326),#327,.F.);
#158=PRESENTATION_STYLE_ASSIGNMENT((#328));
#159=ADVANCED_FACE('4:28378',(#329),#330,.F.);
#160=PRESENTATION_STYLE_ASSIGNMENT((#331));
#161=ADVANCED_FACE('4:41492',(#332),#333,.T.);
#162=PRESENTATION_STYLE_ASSIGNMENT((#334));
#163=ADVANCED_FACE('4:28402',(#335),#336,.F.);
#164=PRESENTATION_STYLE_ASSIGNMENT((#337));
#165=ADVANCED_FACE('4:27958',(#338),#339,.F.);
#166=PRESENTATION_STYLE_ASSIGNMENT((#340));
#167=ADVANCED_FACE('4:225',(#341),#342,.T.);
#168=PRESENTATION_STYLE_ASSIGNMENT((#343));
#169=ADVANCED_FACE('5:9265',(#344),#345,.T.);
#170=PRESENTATION_STYLE_ASSIGNMENT((#346));
#171=ADVANCED_FACE('7:152',(#347),#348,.T.);
#172=PRESENTATION_STYLE_ASSIGNMENT((#349));
#173=ADVANCED_FACE('7:155',(#350),#351,.T.);
#174=PRESENTATION_STYLE_ASSIGNMENT((#352));
#175=ADVANCED_FACE('7:165',(#353),#354,.T.);
#176=PRESENTATION_STYLE_ASSIGNMENT((#355));
#177=ADVANCED_FACE('4:41477',(#356),#357,.T.);
#178=PRESENTATION_STYLE_ASSIGNMENT((#358));
#179=ADVANCED_FACE('4:2360',(#359,#360),#361,.F.);
#180=PRESENTATION_STYLE_ASSIGNMENT((#362));
#181=ADVANCED_FACE('4:4471',(#363),#364,.T.);
#182=PRESENTATION_STYLE_ASSIGNMENT((#365));
#183=ADVANCED_FACE('7:215',(#366),#367,.T.);
#184=PRESENTATION_STYLE_ASSIGNMENT((#368));
#185=ADVANCED_FACE('7:212',(#369),#370,.T.);
#186=PRESENTATION_STYLE_ASSIGNMENT((#371));
#187=ADVANCED_FACE('7:343',(#372),#373,.T.);
#188=PRESENTATION_STYLE_ASSIGNMENT((#374));
#189=ADVANCED_FACE('4:4474',(#375),#376,.T.);
#190=PRESENTATION_STYLE_ASSIGNMENT((#377));
#191=ADVANCED_FACE('4:2357',(#378),#379,.T.);
#192=PRESENTATION_STYLE_ASSIGNMENT((#380));
#193=MANIFOLD_SOLID_BREP('Solid',#381);
#194=PRODUCT('Solid','','PART--DESC',(#382));
#195=PRODUCT_DEFINITION('','NONE',#383,#2);
#196=AXIS2_PLACEMENT_3D('',#384,#385,#386);
#199=LENGTH_MEASURE_WITH_UNIT(LENGTH_MEASURE(1.0),#387);
#202=DIMENSIONAL_EXPONENTS(1.0,0.0,0.0,0.0,0.0,0.0,0.0);
#204=DIMENSIONAL_EXPONENTS(0.0,0.0,0.0,0.0,0.0,0.0,0.0);
#210=SURFACE_STYLE_USAGE(.BOTH.,#388);
#211=FACE_OUTER_BOUND('',#389,.T.);
#212=CYLINDRICAL_SURFACE('',#390,2.1);
#213=SURFACE_STYLE_USAGE(.BOTH.,#391);
#214=FACE_OUTER_BOUND('',#392,.T.);
#215=CYLINDRICAL_SURFACE('',#393,0.925);
#216=SURFACE_STYLE_USAGE(.BOTH.,#394);
#217=FACE_OUTER_BOUND('',#395,.T.);
#218=CYLINDRICAL_SURFACE('',#396,0.63);
#219=SURFACE_STYLE_USAGE(.BOTH.,#397);
#220=FACE_OUTER_BOUND('',#398,.T.);
#221=CYLINDRICAL_SURFACE('',#399,0.63);
#222=SURFACE_STYLE_USAGE(.BOTH.,#400);
#223=FACE_OUTER_BOUND('',#401,.T.);
#224=CYLINDRICAL_SURFACE('',#402,0.63);
#225=SURFACE_STYLE_USAGE(.BOTH.,#403);
#226=FACE_OUTER_BOUND('',#404,.T.);
#227=CYLINDRICAL_SURFACE('',#405,0.925);
#228=SURFACE_STYLE_USAGE(.BOTH.,#406);
#229=FACE_OUTER_BOUND('',#407,.T.);
#230=TOROIDAL_SURFACE('',#408,0.425,0.5);
#231=SURFACE_STYLE_USAGE(.BOTH.,#409);
#232=FACE_OUTER_BOUND('',#410,.T.);
#233=TOROIDAL_SURFACE('',#411,0.425,0.5);
#234=SURFACE_STYLE_USAGE(.BOTH.,#412);
#235=FACE_OUTER_BOUND('',#413,.T.);
#236=CYLINDRICAL_SURFACE('',#414,2.475);
#237=SURFACE_STYLE_USAGE(.BOTH.,#415);
#238=FACE_OUTER_BOUND('',#416,.T.);
#239=CONICAL_SURFACE('',#417,1.975,0.785398163397448);
#240=SURFACE_STYLE_USAGE(.BOTH.,#418);
#241=FACE_OUTER_BOUND('',#419,.T.);
#242=CYLINDRICAL_SURFACE('',#420,1.25);
#243=SURFACE_STYLE_USAGE(.BOTH.,#421);
#244=FACE_OUTER_BOUND('',#422,.T.);
#245=PLANE('',#423);
#246=SURFACE_STYLE_USAGE(.BOTH.,#424);
#247=FACE_OUTER_BOUND('',#425,.T.);
#248=CYLINDRICAL_SURFACE('',#426,1.25);
#249=SURFACE_STYLE_USAGE(.BOTH.,#427);
#250=FACE_BOUND('',#428,.T.);
#251=FACE_OUTER_BOUND('',#429,.T.);
#252=PLANE('',#430);
#253=SURFACE_STYLE_USAGE(.BOTH.,#431);
#254=FACE_OUTER_BOUND('',#432,.T.);
#255=PLANE('',#433);
#256=SURFACE_STYLE_USAGE(.BOTH.,#434);
#257=FACE_OUTER_BOUND('',#435,.T.);
#258=PLANE('',#436);
#259=SURFACE_STYLE_USAGE(.BOTH.,#437);
#260=FACE_OUTER_BOUND('',#438,.T.);
#261=CONICAL_SURFACE('',#439,1.975,0.785398163397448);
#262=SURFACE_STYLE_USAGE(.BOTH.,#440);
#263=FACE_OUTER_BOUND('',#441,.T.);
#264=PLANE('',#442);
#265=SURFACE_STYLE_USAGE(.BOTH.,#443);
#266=FACE_OUTER_BOUND('',#444,.T.);
#267=PLANE('',#445);
#268=SURFACE_STYLE_USAGE(.BOTH.,#446);
#269=FACE_OUTER_BOUND('',#447,.T.);
#270=PLANE('',#448);
#271=SURFACE_STYLE_USAGE(.BOTH.,#449);
#272=FACE_OUTER_BOUND('',#450,.T.);
#273=PLANE('',#451);
#274=SURFACE_STYLE_USAGE(.BOTH.,#452);
#275=FACE_OUTER_BOUND('',#453,.T.);
#276=PLANE('',#454);
#277=SURFACE_STYLE_USAGE(.BOTH.,#455);
#278=FACE_OUTER_BOUND('',#456,.T.);
#279=PLANE('',#457);
#280=SURFACE_STYLE_USAGE(.BOTH.,#458);
#281=FACE_OUTER_BOUND('',#459,.T.);
#282=PLANE('',#460);
#283=SURFACE_STYLE_USAGE(.BOTH.,#461);
#284=FACE_OUTER_BOUND('',#462,.T.);
#285=PLANE('',#463);
#286=SURFACE_STYLE_USAGE(.BOTH.,#464);
#287=FACE_OUTER_BOUND('',#465,.T.);
#288=PLANE('',#466);
#289=SURFACE_STYLE_USAGE(.BOTH.,#467);
#290=FACE_OUTER_BOUND('',#468,.T.);
#291=PLANE('',#469);
#292=SURFACE_STYLE_USAGE(.BOTH.,#470);
#293=FACE_OUTER_BOUND('',#471,.T.);
#294=PLANE('',#472);
#295=SURFACE_STYLE_USAGE(.BOTH.,#473);
#296=FACE_OUTER_BOUND('',#474,.T.);
#297=PLANE('',#475);
#298=SURFACE_STYLE_USAGE(.BOTH.,#476);
#299=FACE_OUTER_BOUND('',#477,.T.);
#300=PLANE('',#478);
#301=SURFACE_STYLE_USAGE(.BOTH.,#479);
#302=FACE_OUTER_BOUND('',#480,.T.);
#303=PLANE('',#481);
#304=SURFACE_STYLE_USAGE(.BOTH.,#482);
#305=FACE_OUTER_BOUND('',#483,.T.);
#306=PLANE('',#484);
#307=SURFACE_STYLE_USAGE(.BOTH.,#485);
#308=FACE_OUTER_BOUND('',#486,.T.);
#309=PLANE('',#487);
#310=SURFACE_STYLE_USAGE(.BOTH.,#488);
#311=FACE_OUTER_BOUND('',#489,.T.);
#312=PLANE('',#490);
#313=SURFACE_STYLE_USAGE(.BOTH.,#491);
#314=FACE_OUTER_BOUND('',#492,.T.);
#315=PLANE('',#493);
#316=SURFACE_STYLE_USAGE(.BOTH.,#494);
#317=FACE_OUTER_BOUND('',#495,.T.);
#318=PLANE('',#496);
#319=SURFACE_STYLE_USAGE(.BOTH.,#497);
#320=FACE_OUTER_BOUND('',#498,.T.);
#321=PLANE('',#499);
#322=SURFACE_STYLE_USAGE(.BOTH.,#500);
#323=FACE_OUTER_BOUND('',#501,.T.);
#324=PLANE('',#502);
#325=SURFACE_STYLE_USAGE(.BOTH.,#503);
#326=FACE_OUTER_BOUND('',#504,.T.);
#327=PLANE('',#505);
#328=SURFACE_STYLE_USAGE(.BOTH.,#506);
#329=FACE_OUTER_BOUND('',#507,.T.);
#330=PLANE('',#508);
#331=SURFACE_STYLE_USAGE(.BOTH.,#509);
#332=FACE_OUTER_BOUND('',#510,.T.);
#333=PLANE('',#511);
#334=SURFACE_STYLE_USAGE(.BOTH.,#512);
#335=FACE_OUTER_BOUND('',#513,.T.);
#336=PLANE('',#514);
#337=SURFACE_STYLE_USAGE(.BOTH.,#515);
#338=FACE_OUTER_BOUND('',#516,.T.);
#339=PLANE('',#517);
#340=SURFACE_STYLE_USAGE(.BOTH.,#518);
#341=FACE_OUTER_BOUND('',#519,.T.);
#342=CYLINDRICAL_SURFACE('',#520,2.475);
#343=SURFACE_STYLE_USAGE(.BOTH.,#521);
#344=FACE_OUTER_BOUND('',#522,.T.);
#345=TOROIDAL_SURFACE('',#523,0.425,0.5);
#346=SURFACE_STYLE_USAGE(.BOTH.,#524);
#347=FACE_OUTER_BOUND('',#525,.T.);
#348=PLANE('',#526);
#349=SURFACE_STYLE_USAGE(.BOTH.,#527);
#350=FACE_OUTER_BOUND('',#528,.T.);
#351=PLANE('',#529);
#352=SURFACE_STYLE_USAGE(.BOTH.,#530);
#353=FACE_OUTER_BOUND('',#531,.T.);
#354=PLANE('',#532);
#355=SURFACE_STYLE_USAGE(.BOTH.,#533);
#356=FACE_OUTER_BOUND('',#534,.T.);
#357=TOROIDAL_SURFACE('',#535,0.425,0.5);
#358=SURFACE_STYLE_USAGE(.BOTH.,#536);
#359=FACE_OUTER_BOUND('',#537,.T.);
#360=FACE_BOUND('',#538,.T.);
#361=PLANE('',#539);
#362=SURFACE_STYLE_USAGE(.BOTH.,#540);
#363=FACE_OUTER_BOUND('',#541,.T.);
#364=CYLINDRICAL_SURFACE('',#542,0.925);
#365=SURFACE_STYLE_USAGE(.BOTH.,#543);
#366=FACE_OUTER_BOUND('',#544,.T.);
#367=CYLINDRICAL_SURFACE('',#545,0.63);
#368=SURFACE_STYLE_USAGE(.BOTH.,#546);
#369=FACE_OUTER_BOUND('',#547,.T.);
#370=CYLINDRICAL_SURFACE('',#548,0.63);
#371=SURFACE_STYLE_USAGE(.BOTH.,#549);
#372=FACE_OUTER_BOUND('',#550,.T.);
#373=CYLINDRICAL_SURFACE('',#551,0.63);
#374=SURFACE_STYLE_USAGE(.BOTH.,#552);
#375=FACE_OUTER_BOUND('',#553,.T.);
#376=CYLINDRICAL_SURFACE('',#554,0.925);
#377=SURFACE_STYLE_USAGE(.BOTH.,#555);
#378=FACE_OUTER_BOUND('',#556,.T.);
#379=CYLINDRICAL_SURFACE('',#557,2.1);
#380=SURFACE_STYLE_USAGE(.BOTH.,#558);
#381=CLOSED_SHELL('',(#559,#560,#561,#562,#81,#563,#564,#565,#83,#566,#85,#87,#89,#567,#568,#91,#93,#95,#97,#99,#101,#569,#570,#571,#572,#573,#574,#575,#576,#577,#103,#578,#105,#107,#109,#111,#113,#115,#117,#119,#121,#123,#125,#127,#129,#579,#131,#133,#580,#135,#137,#581,#139,#582,#141,#143,#583,#145,#147,#584,#149,#151,#153,#155,#157,#159,#161,#163,#165,#167,#169,#171,#173,#175,#177,#179,#181,#585,#586,#587,#588,#589,#183,#185,#187,#590,#591,#189,#592,#593,#594,#595,#596,#597,#598,#599,#191,#600,#601,#602,#603,#604,#605,#606,#607,#608,#609,#610,#611,#612,#613,#614,#615,#616,#617,#618,#619,#620,#621,#622,#623,#624));
#382=PRODUCT_CONTEXT('',#67,'mechanical');
#383=PRODUCT_DEFINITION_FORMATION_WITH_SPECIFIED_SOURCE(' ','NONE',#194,.NOT_KNOWN.);
#384=CARTESIAN_POINT('',(0.0,0.0,0.0));
#385=DIRECTION('',(0.0,0.0,1.0));
#386=DIRECTION('',(1.0,0.0,0.0));
#387= (NAMED_UNIT(#202)LENGTH_UNIT()SI_UNIT(.MILLI.,.METRE.));
#388=SURFACE_SIDE_STYLE('',(#626));
#389=EDGE_LOOP('',(#627,#628,#629,#630));
#390=AXIS2_PLACEMENT_3D('',#631,#632,#633);
#391=SURFACE_SIDE_STYLE('',(#634));
#392=EDGE_LOOP('',(#635,#636,#637,#638,#639));
#393=AXIS2_PLACEMENT_3D('',#640,#641,#642);
#394=SURFACE_SIDE_STYLE('',(#643));
#395=EDGE_LOOP('',(#644,#645,#646,#647));
#396=AXIS2_PLACEMENT_3D('',#648,#649,#650);
#397=SURFACE_SIDE_STYLE('',(#651));
#398=EDGE_LOOP('',(#652,#653,#654,#655));
#399=AXIS2_PLACEMENT_3D('',#656,#657,#658);
#400=SURFACE_SIDE_STYLE('',(#659));
#401=EDGE_LOOP('',(#660,#661,#662,#663));
#402=AXIS2_PLACEMENT_3D('',#664,#665,#666);
#403=SURFACE_SIDE_STYLE('',(#667));
#404=EDGE_LOOP('',(#668,#669,#670,#671));
#405=AXIS2_PLACEMENT_3D('',#672,#673,#674);
#406=SURFACE_SIDE_STYLE('',(#675));
#407=EDGE_LOOP('',(#676,#677,#678,#679,#680,#681,#682,#683,#684,#685,#686,#687));
#408=AXIS2_PLACEMENT_3D('',#688,#689,#690);
#409=SURFACE_SIDE_STYLE('',(#691));
#410=EDGE_LOOP('',(#692,#693,#694,#695,#696,#697,#698,#699,#700,#701,#702,#703));
#411=AXIS2_PLACEMENT_3D('',#704,#705,#706);
#412=SURFACE_SIDE_STYLE('',(#707));
#413=EDGE_LOOP('',(#708,#709,#710,#711));
#414=AXIS2_PLACEMENT_3D('',#712,#713,#714);
#415=SURFACE_SIDE_STYLE('',(#715));
#416=EDGE_LOOP('',(#716,#717,#718,#719));
#417=AXIS2_PLACEMENT_3D('',#720,#721,#722);
#418=SURFACE_SIDE_STYLE('',(#723));
#419=EDGE_LOOP('',(#724,#725,#726,#727));
#420=AXIS2_PLACEMENT_3D('',#728,#729,#730);
#421=SURFACE_SIDE_STYLE('',(#731));
#422=EDGE_LOOP('',(#732,#733,#734,#735,#736,#737,#738,#739,#740,#741,#742,#743));
#423=AXIS2_PLACEMENT_3D('',#744,#745,#746);
#424=SURFACE_SIDE_STYLE('',(#747));
#425=EDGE_LOOP('',(#748,#749,#750,#751));
#426=AXIS2_PLACEMENT_3D('',#752,#753,#754);
#427=SURFACE_SIDE_STYLE('',(#755));
#428=EDGE_LOOP('',(#756,#757));
#429=EDGE_LOOP('',(#758,#759));
#430=AXIS2_PLACEMENT_3D('',#760,#761,#762);
#431=SURFACE_SIDE_STYLE('',(#763));
#432=EDGE_LOOP('',(#764,#765,#766,#767,#768,#769,#770,#771,#772,#773,#774,#775));
#433=AXIS2_PLACEMENT_3D('',#776,#777,#778);
#434=SURFACE_SIDE_STYLE('',(#779));
#435=EDGE_LOOP('',(#780,#781,#782,#783,#784,#785,#786,#787,#788,#789,#790,#791));
#436=AXIS2_PLACEMENT_3D('',#792,#793,#794);
#437=SURFACE_SIDE_STYLE('',(#795));
#438=EDGE_LOOP('',(#796,#797,#798,#799));
#439=AXIS2_PLACEMENT_3D('',#800,#801,#802);
#440=SURFACE_SIDE_STYLE('',(#803));
#441=EDGE_LOOP('',(#804,#805,#806,#807,#808));
#442=AXIS2_PLACEMENT_3D('',#809,#810,#811);
#443=SURFACE_SIDE_STYLE('',(#812));
#444=EDGE_LOOP('',(#813,#814,#815));
#445=AXIS2_PLACEMENT_3D('',#816,#817,#818);
#446=SURFACE_SIDE_STYLE('',(#819));
#447=EDGE_LOOP('',(#820,#821,#822,#823,#824));
#448=AXIS2_PLACEMENT_3D('',#825,#826,#827);
#449=SURFACE_SIDE_STYLE('',(#828));
#450=EDGE_LOOP('',(#829,#830,#831,#832));
#451=AXIS2_PLACEMENT_3D('',#833,#834,#835);
#452=SURFACE_SIDE_STYLE('',(#836));
#453=EDGE_LOOP('',(#837,#838,#839,#840,#841));
#454=AXIS2_PLACEMENT_3D('',#842,#843,#844);
#455=SURFACE_SIDE_STYLE('',(#845));
#456=EDGE_LOOP('',(#846,#847,#848));
#457=AXIS2_PLACEMENT_3D('',#849,#850,#851);
#458=SURFACE_SIDE_STYLE('',(#852));
#459=EDGE_LOOP('',(#853,#854,#855,#856,#857));
#460=AXIS2_PLACEMENT_3D('',#858,#859,#860);
#461=SURFACE_SIDE_STYLE('',(#861));
#462=EDGE_LOOP('',(#862,#863,#864,#865,#866));
#463=AXIS2_PLACEMENT_3D('',#867,#868,#869);
#464=SURFACE_SIDE_STYLE('',(#870));
#465=EDGE_LOOP('',(#871,#872,#873));
#466=AXIS2_PLACEMENT_3D('',#874,#875,#876);
#467=SURFACE_SIDE_STYLE('',(#877));
#468=EDGE_LOOP('',(#878,#879,#880,#881,#882));
#469=AXIS2_PLACEMENT_3D('',#883,#884,#885);
#470=SURFACE_SIDE_STYLE('',(#886));
#471=EDGE_LOOP('',(#887,#888,#889,#890,#891));
#472=AXIS2_PLACEMENT_3D('',#892,#893,#894);
#473=SURFACE_SIDE_STYLE('',(#895));
#474=EDGE_LOOP('',(#896,#897,#898));
#475=AXIS2_PLACEMENT_3D('',#899,#900,#901);
#476=SURFACE_SIDE_STYLE('',(#902));
#477=EDGE_LOOP('',(#903,#904,#905,#906,#907));
#478=AXIS2_PLACEMENT_3D('',#908,#909,#910);
#479=SURFACE_SIDE_STYLE('',(#911));
#480=EDGE_LOOP('',(#912,#913,#914));
#481=AXIS2_PLACEMENT_3D('',#915,#916,#917);
#482=SURFACE_SIDE_STYLE('',(#918));
#483=EDGE_LOOP('',(#919,#920,#921,#922,#923));
#484=AXIS2_PLACEMENT_3D('',#924,#925,#926);
#485=SURFACE_SIDE_STYLE('',(#927));
#486=EDGE_LOOP('',(#928,#929,#930,#931,#932));
#487=AXIS2_PLACEMENT_3D('',#933,#934,#935);
#488=SURFACE_SIDE_STYLE('',(#936));
#489=EDGE_LOOP('',(#937,#938,#939));
#490=AXIS2_PLACEMENT_3D('',#940,#941,#942);
#491=SURFACE_SIDE_STYLE('',(#943));
#492=EDGE_LOOP('',(#944,#945,#946,#947,#948));
#493=AXIS2_PLACEMENT_3D('',#949,#950,#951);
#494=SURFACE_SIDE_STYLE('',(#952));
#495=EDGE_LOOP('',(#953,#954,#955,#956,#957));
#496=AXIS2_PLACEMENT_3D('',#958,#959,#960);
#497=SURFACE_SIDE_STYLE('',(#961));
#498=EDGE_LOOP('',(#962,#963,#964));
#499=AXIS2_PLACEMENT_3D('',#965,#966,#967);
#500=SURFACE_SIDE_STYLE('',(#968));
#501=EDGE_LOOP('',(#969,#970,#971,#972,#973));
#502=AXIS2_PLACEMENT_3D('',#974,#975,#976);
#503=SURFACE_SIDE_STYLE('',(#977));
#504=EDGE_LOOP('',(#978,#979,#980,#981));
#505=AXIS2_PLACEMENT_3D('',#982,#983,#984);
#506=SURFACE_SIDE_STYLE('',(#985));
#507=EDGE_LOOP('',(#986,#987,#988,#989,#990));
#508=AXIS2_PLACEMENT_3D('',#991,#992,#993);
#509=SURFACE_SIDE_STYLE('',(#994));
#510=EDGE_LOOP('',(#995,#996,#997));
#511=AXIS2_PLACEMENT_3D('',#998,#999,#1000);
#512=SURFACE_SIDE_STYLE('',(#1001));
#513=EDGE_LOOP('',(#1002,#1003,#1004,#1005,#1006));
#514=AXIS2_PLACEMENT_3D('',#1007,#1008,#1009);
#515=SURFACE_SIDE_STYLE('',(#1010));
#516=EDGE_LOOP('',(#1011,#1012,#1013,#1014,#1015));
#517=AXIS2_PLACEMENT_3D('',#1016,#1017,#1018);
#518=SURFACE_SIDE_STYLE('',(#1019));
#519=EDGE_LOOP('',(#1020,#1021,#1022,#1023));
#520=AXIS2_PLACEMENT_3D('',#1024,#1025,#1026);
#521=SURFACE_SIDE_STYLE('',(#1027));
#522=EDGE_LOOP('',(#1028,#1029,#1030,#1031,#1032,#1033,#1034,#1035,#1036,#1037,#1038,#1039));
#523=AXIS2_PLACEMENT_3D('',#1040,#1041,#1042);
#524=SURFACE_SIDE_STYLE('',(#1043));
#525=EDGE_LOOP('',(#1044,#1045));
#526=AXIS2_PLACEMENT_3D('',#1046,#1047,#1048);
#527=SURFACE_SIDE_STYLE('',(#1049));
#528=EDGE_LOOP('',(#1050,#1051));
#529=AXIS2_PLACEMENT_3D('',#1052,#1053,#1054);
#530=SURFACE_SIDE_STYLE('',(#1055));
#531=EDGE_LOOP('',(#1056,#1057));
#532=AXIS2_PLACEMENT_3D('',#1058,#1059,#1060);
#533=SURFACE_SIDE_STYLE('',(#1061));
#534=EDGE_LOOP('',(#1062,#1063,#1064,#1065,#1066,#1067,#1068,#1069,#1070,#1071,#1072,#1073));
#535=AXIS2_PLACEMENT_3D('',#1074,#1075,#1076);
#536=SURFACE_SIDE_STYLE('',(#1077));
#537=EDGE_LOOP('',(#1078,#1079));
#538=EDGE_LOOP('',(#1080,#1081));
#539=AXIS2_PLACEMENT_3D('',#1082,#1083,#1084);
#540=SURFACE_SIDE_STYLE('',(#1085));
#541=EDGE_LOOP('',(#1086,#1087,#1088,#1089,#1090,#1091));
#542=AXIS2_PLACEMENT_3D('',#1092,#1093,#1094);
#543=SURFACE_SIDE_STYLE('',(#1095));
#544=EDGE_LOOP('',(#1096,#1097,#1098,#1099));
#545=AXIS2_PLACEMENT_3D('',#1100,#1101,#1102);
#546=SURFACE_SIDE_STYLE('',(#1103));
#547=EDGE_LOOP('',(#1104,#1105,#1106,#1107));
#548=AXIS2_PLACEMENT_3D('',#1108,#1109,#1110);
#549=SURFACE_SIDE_STYLE('',(#1111));
#550=EDGE_LOOP('',(#1112,#1113,#1114,#1115));
#551=AXIS2_PLACEMENT_3D('',#1116,#1117,#1118);
#552=SURFACE_SIDE_STYLE('',(#1119));
#553=EDGE_LOOP('',(#1120,#1121,#1122,#1123));
#554=AXIS2_PLACEMENT_3D('',#1124,#1125,#1126);
#555=SURFACE_SIDE_STYLE('',(#1127));
#556=EDGE_LOOP('',(#1128,#1129,#1130,#1131));
#557=AXIS2_PLACEMENT_3D('',#1132,#1133,#1134);
#558=SURFACE_SIDE_STYLE('',(#1135));
#559=ADVANCED_FACE('3:1007',(#1136),#1137,.T.);
#560=ADVANCED_FACE('3:1001',(#1138),#1139,.T.);
#561=ADVANCED_FACE('3:1004',(#1140),#1141,.T.);
#562=ADVANCED_FACE('3:998',(#1142),#1143,.T.);
#563=ADVANCED_FACE('4:3615',(#1144),#1145,.F.);
#564=ADVANCED_FACE('4:3890',(#1146),#1147,.F.);
#565=ADVANCED_FACE('3:2827',(#1148),#1149,.F.);
#566=ADVANCED_FACE('3:2830',(#1150),#1151,.F.);
#567=ADVANCED_FACE('3:2833',(#1152),#1153,.F.);
#568=ADVANCED_FACE('3:2836',(#1154),#1155,.F.);
#569=ADVANCED_FACE('2:2125',(#1156),#1157,.T.);
#570=ADVANCED_FACE('2:2125',(#1158),#1159,.T.);
#571=ADVANCED_FACE('19:17631',(#1160),#1161,.T.);
#572=ADVANCED_FACE('19:17631',(#1162),#1163,.T.);
#573=ADVANCED_FACE('19:17596',(#1164,#1165,#1166),#1167,.T.);
#574=ADVANCED_FACE('19:17272',(#1168),#1169,.T.);
#575=ADVANCED_FACE('19:17050',(#1170),#1171,.T.);
#576=ADVANCED_FACE('19:16497',(#1172),#1173,.T.);
#577=ADVANCED_FACE('2:2125',(#1174),#1175,.T.);
#578=ADVANCED_FACE('4:3093',(#1176),#1177,.T.);
#579=ADVANCED_FACE('5:8793',(#1178),#1179,.F.);
#580=ADVANCED_FACE('5:8787',(#1180),#1181,.F.);
#581=ADVANCED_FACE('5:8781',(#1182),#1183,.F.);
#582=ADVANCED_FACE('4:28388',(#1184),#1185,.F.);
#583=ADVANCED_FACE('4:28240',(#1186),#1187,.F.);
#584=ADVANCED_FACE('4:28391',(#1188),#1189,.F.);
#585=ADVANCED_FACE('18:7491',(#1190),#1191,.F.);
#586=ADVANCED_FACE('3:2836',(#1192),#1193,.F.);
#587=ADVANCED_FACE('3:2449',(#1194),#1195,.T.);
#588=ADVANCED_FACE('3:2464',(#1196),#1197,.T.);
#589=ADVANCED_FACE('3:2833',(#1198),#1199,.F.);
#590=ADVANCED_FACE('3:2830',(#1200),#1201,.F.);
#591=ADVANCED_FACE('18:3898',(#1202),#1203,.T.);
#592=ADVANCED_FACE('3:2827',(#1204),#1205,.F.);
#593=ADVANCED_FACE('18:3908',(#1206),#1207,.T.);
#594=ADVANCED_FACE('18:3911',(#1208),#1209,.F.);
#595=ADVANCED_FACE('18:3901',(#1210),#1211,.F.);
#596=ADVANCED_FACE('4:3890',(#1212),#1213,.F.);
#597=ADVANCED_FACE('3:573',(#1214),#1215,.T.);
#598=ADVANCED_FACE('3:515',(#1216),#1217,.T.);
#599=ADVANCED_FACE('4:3615',(#1218),#1219,.F.);
#600=ADVANCED_FACE('3:998',(#1220),#1221,.T.);
#601=ADVANCED_FACE('3:2255',(#1222),#1223,.T.);
#602=ADVANCED_FACE('3:2458',(#1224),#1225,.T.);
#603=ADVANCED_FACE('3:2467',(#1226),#1227,.T.);
#604=ADVANCED_FACE('18:7488',(#1228),#1229,.T.);
#605=ADVANCED_FACE('3:1004',(#1230),#1231,.T.);
#606=ADVANCED_FACE('3:1445',(#1232,#1233),#1234,.T.);
#607=ADVANCED_FACE('3:1553',(#1235),#1236,.T.);
#608=ADVANCED_FACE('3:2261',(#1237),#1238,.T.);
#609=ADVANCED_FACE('3:2446',(#1239),#1240,.T.);
#610=ADVANCED_FACE('3:2258',(#1241),#1242,.T.);
#611=ADVANCED_FACE('4:4077',(#1243,#1244,#1245,#1246),#1247,.T.);
#612=ADVANCED_FACE('3:2452',(#1248),#1249,.T.);
#613=ADVANCED_FACE('14:240',(#1250,#1251),#1252,.T.);
#614=ADVANCED_FACE('3:3121',(#1253),#1254,.T.);
#615=ADVANCED_FACE('3:1451',(#1255,#1256),#1257,.T.);
#616=ADVANCED_FACE('3:1001',(#1258),#1259,.T.);
#617=ADVANCED_FACE('14:608',(#1260,#1261),#1262,.F.);
#618=ADVANCED_FACE('3:1007',(#1263),#1264,.T.);
#619=ADVANCED_FACE('14:605',(#1265,#1266),#1267,.F.);
#620=ADVANCED_FACE('2:5014',(#1268),#1269,.T.);
#621=ADVANCED_FACE('2:5017',(#1270),#1271,.T.);
#622=ADVANCED_FACE('2:5020',(#1272),#1273,.T.);
#623=ADVANCED_FACE('2:5023',(#1274),#1275,.T.);
#624=ADVANCED_FACE('19:17599',(#1276),#1277,.T.);
#626=SURFACE_STYLE_FILL_AREA(#1278);
#627=ORIENTED_EDGE('',*,*,#1279,.F.);
#628=ORIENTED_EDGE('',*,*,#1280,.F.);
#629=ORIENTED_EDGE('',*,*,#1281,.F.);
#630=ORIENTED_EDGE('',*,*,#1282,.T.);
#631=CARTESIAN_POINT('',(3.07472870589051,8.67361737988404E-16,10.96));
#632=DIRECTION('',(0.0,0.0,1.0));
#633=DIRECTION('',(1.0,0.0,-0.0));
#634=SURFACE_STYLE_FILL_AREA(#1283);
#635=ORIENTED_EDGE('',*,*,#1284,.F.);
#636=ORIENTED_EDGE('',*,*,#1285,.T.);
#637=ORIENTED_EDGE('',*,*,#1286,.T.);
#638=ORIENTED_EDGE('',*,*,#1287,.F.);
#639=ORIENTED_EDGE('',*,*,#1288,.F.);
#640=CARTESIAN_POINT('',(-1.82527129410949,4.75,-11.84));
#641=DIRECTION('',(0.0,0.0,-1.0));
#642=DIRECTION('',(-1.0,0.0,0.0));
#643=SURFACE_STYLE_FILL_AREA(#1289);
#644=ORIENTED_EDGE('',*,*,#1290,.F.);
#645=ORIENTED_EDGE('',*,*,#1291,.T.);
#646=ORIENTED_EDGE('',*,*,#1292,.F.);
#647=ORIENTED_EDGE('',*,*,#1293,.F.);
#648=CARTESIAN_POINT('',(3.07472870589051,4.30387933772334,-13.2898053834248));
#649=DIRECTION('',(-7.09409014975812E-32,0.526939668861675,-0.849902691712379));
#650=DIRECTION('',(-1.0,5.98649783001416E-32,1.20585726270593E-31));
#651=SURFACE_STYLE_FILL_AREA(#1294);
#652=ORIENTED_EDGE('',*,*,#1295,.F.);
#653=ORIENTED_EDGE('',*,*,#1296,.T.);
#654=ORIENTED_EDGE('',*,*,#1297,.F.);
#655=ORIENTED_EDGE('',*,*,#1298,.F.);
#656=CARTESIAN_POINT('',(1.77472870589049,4.30387933772334,-13.2898053834248));
#657=DIRECTION('',(-7.09409014975812E-32,0.526939668861675,-0.849902691712379));
#658=DIRECTION('',(-1.0,5.98649783001416E-32,1.20585726270593E-31));
#659=SURFACE_STYLE_FILL_AREA(#1299);
#660=ORIENTED_EDGE('',*,*,#1300,.F.);
#661=ORIENTED_EDGE('',*,*,#1301,.T.);
#662=ORIENTED_EDGE('',*,*,#1302,.F.);
#663=ORIENTED_EDGE('',*,*,#1303,.F.);
#664=CARTESIAN_POINT('',(4.3747287058905,4.30387933772334,-13.2898053834248));
#665=DIRECTION('',(-7.09409014975812E-32,0.526939668861675,-0.84990269171238));
#666=DIRECTION('',(-1.0,5.98649783001416E-32,1.20585726270593E-31));
#667=SURFACE_STYLE_FILL_AREA(#1304);
#668=ORIENTED_EDGE('',*,*,#1305,.F.);
#669=ORIENTED_EDGE('',*,*,#1306,.T.);
#670=ORIENTED_EDGE('',*,*,#1307,.F.);
#671=ORIENTED_EDGE('',*,*,#1308,.F.);
#672=CARTESIAN_POINT('',(7.97472870589051,-17.25,-11.84));
#673=DIRECTION('',(0.0,0.0,-1.0));
#674=DIRECTION('',(-1.0,0.0,0.0));
#675=SURFACE_STYLE_FILL_AREA(#1309);
#676=ORIENTED_EDGE('',*,*,#1310,.F.);
#677=ORIENTED_EDGE('',*,*,#1288,.T.);
#678=ORIENTED_EDGE('',*,*,#1311,.F.);
#679=ORIENTED_EDGE('',*,*,#1312,.T.);
#680=ORIENTED_EDGE('',*,*,#1313,.T.);
#681=ORIENTED_EDGE('',*,*,#1314,.T.);
#682=ORIENTED_EDGE('',*,*,#1315,.T.);
#683=ORIENTED_EDGE('',*,*,#1316,.T.);
#684=ORIENTED_EDGE('',*,*,#1317,.T.);
#685=ORIENTED_EDGE('',*,*,#1318,.T.);
#686=ORIENTED_EDGE('',*,*,#1319,.T.);
#687=ORIENTED_EDGE('',*,*,#1320,.T.);
#688=CARTESIAN_POINT('',(-1.82527129410949,4.74999999999999,-10.54));
#689=DIRECTION('',(0.0,0.0,-1.0));
#690=DIRECTION('',(-1.0,1.34628128587909E-31,0.0));
#691=SURFACE_STYLE_FILL_AREA(#1321);
#692=ORIENTED_EDGE('',*,*,#1322,.F.);
#693=ORIENTED_EDGE('',*,*,#1308,.T.);
#694=ORIENTED_EDGE('',*,*,#1323,.F.);
#695=ORIENTED_EDGE('',*,*,#1324,.T.);
#696=ORIENTED_EDGE('',*,*,#1325,.T.);
#697=ORIENTED_EDGE('',*,*,#1326,.T.);
#698=ORIENTED_EDGE('',*,*,#1327,.T.);
#699=ORIENTED_EDGE('',*,*,#1328,.T.);
#700=ORIENTED_EDGE('',*,*,#1329,.T.);
#701=ORIENTED_EDGE('',*,*,#1330,.T.);
#702=ORIENTED_EDGE('',*,*,#1331,.T.);
#703=ORIENTED_EDGE('',*,*,#1332,.T.);
#704=CARTESIAN_POINT('',(7.97472870589051,-17.25,-10.54));
#705=DIRECTION('',(0.0,0.0,-1.0));
#706=DIRECTION('',(-1.0,1.34628128587909E-31,0.0));
#707=SURFACE_STYLE_FILL_AREA(#1333);
#708=ORIENTED_EDGE('',*,*,#1334,.F.);
#709=ORIENTED_EDGE('',*,*,#1335,.T.);
#710=ORIENTED_EDGE('',*,*,#1336,.F.);
#711=ORIENTED_EDGE('',*,*,#1337,.F.);
#712=CARTESIAN_POINT('',(3.07472870589051,8.67361737988404E-16,10.96));
#713=DIRECTION('',(0.0,0.0,1.0));
#714=DIRECTION('',(1.0,0.0,-0.0));
#715=SURFACE_STYLE_FILL_AREA(#1338);
#716=ORIENTED_EDGE('',*,*,#1339,.F.);
#717=ORIENTED_EDGE('',*,*,#1340,.T.);
#718=ORIENTED_EDGE('',*,*,#1341,.F.);
#719=ORIENTED_EDGE('',*,*,#1342,.T.);
#720=CARTESIAN_POINT('',(3.07472870589051,8.67361737988404E-16,15.06));
#721=DIRECTION('',(0.0,-0.0,-1.0));
#722=DIRECTION('',(-1.0,-0.0,-0.0));
#723=SURFACE_STYLE_FILL_AREA(#1343);
#724=ORIENTED_EDGE('',*,*,#1344,.F.);
#725=ORIENTED_EDGE('',*,*,#1345,.T.);
#726=ORIENTED_EDGE('',*,*,#1346,.F.);
#727=ORIENTED_EDGE('',*,*,#1347,.F.);
#728=CARTESIAN_POINT('',(3.07472870589051,0.0,15.06));
#729=DIRECTION('',(0.0,0.0,1.0));
#730=DIRECTION('',(1.0,0.0,-0.0));
#731=SURFACE_STYLE_FILL_AREA(#1348);
#732=ORIENTED_EDGE('',*,*,#1349,.T.);
#733=ORIENTED_EDGE('',*,*,#1350,.T.);
#734=ORIENTED_EDGE('',*,*,#1351,.T.);
#735=ORIENTED_EDGE('',*,*,#1352,.F.);
#736=ORIENTED_EDGE('',*,*,#1353,.F.);
#737=ORIENTED_EDGE('',*,*,#1354,.F.);
#738=ORIENTED_EDGE('',*,*,#1355,.F.);
#739=ORIENTED_EDGE('',*,*,#1356,.F.);
#740=ORIENTED_EDGE('',*,*,#1357,.T.);
#741=ORIENTED_EDGE('',*,*,#1358,.T.);
#742=ORIENTED_EDGE('',*,*,#1359,.T.);
#743=ORIENTED_EDGE('',*,*,#1360,.T.);
#744=CARTESIAN_POINT('',(3.07472870589051,-1.92,7.56));
#745=DIRECTION('',(0.0,0.0,-1.0));
#746=DIRECTION('',(-1.0,0.0,0.0));
#747=SURFACE_STYLE_FILL_AREA(#1361);
#748=ORIENTED_EDGE('',*,*,#1344,.T.);
#749=ORIENTED_EDGE('',*,*,#1362,.F.);
#750=ORIENTED_EDGE('',*,*,#1346,.T.);
#751=ORIENTED_EDGE('',*,*,#1363,.T.);
#752=CARTESIAN_POINT('',(3.07472870589051,0.0,15.06));
#753=DIRECTION('',(0.0,0.0,1.0));
#754=DIRECTION('',(1.0,0.0,-0.0));
#755=SURFACE_STYLE_FILL_AREA(#1364);
#756=ORIENTED_EDGE('',*,*,#1363,.F.);
#757=ORIENTED_EDGE('',*,*,#1345,.F.);
#758=ORIENTED_EDGE('',*,*,#1342,.F.);
#759=ORIENTED_EDGE('',*,*,#1365,.F.);
#760=CARTESIAN_POINT('',(3.07472870589051,0.0,15.06));
#761=DIRECTION('',(0.0,0.0,1.0));
#762=DIRECTION('',(1.0,0.0,0.0));
#763=SURFACE_STYLE_FILL_AREA(#1366);
#764=ORIENTED_EDGE('',*,*,#1367,.T.);
#765=ORIENTED_EDGE('',*,*,#1368,.T.);
#766=ORIENTED_EDGE('',*,*,#1369,.T.);
#767=ORIENTED_EDGE('',*,*,#1370,.T.);
#768=ORIENTED_EDGE('',*,*,#1371,.T.);
#769=ORIENTED_EDGE('',*,*,#1372,.T.);
#770=ORIENTED_EDGE('',*,*,#1373,.T.);
#771=ORIENTED_EDGE('',*,*,#1374,.T.);
#772=ORIENTED_EDGE('',*,*,#1375,.T.);
#773=ORIENTED_EDGE('',*,*,#1376,.T.);
#774=ORIENTED_EDGE('',*,*,#1377,.T.);
#775=ORIENTED_EDGE('',*,*,#1378,.T.);
#776=CARTESIAN_POINT('',(12.8747287058905,-28.25,-10.54));
#777=DIRECTION('',(0.0,0.0,-1.0));
#778=DIRECTION('',(-1.0,1.34628128587909E-31,0.0));
#779=SURFACE_STYLE_FILL_AREA(#1379);
#780=ORIENTED_EDGE('',*,*,#1380,.T.);
#781=ORIENTED_EDGE('',*,*,#1381,.T.);
#782=ORIENTED_EDGE('',*,*,#1382,.T.);
#783=ORIENTED_EDGE('',*,*,#1383,.T.);
#784=ORIENTED_EDGE('',*,*,#1384,.T.);
#785=ORIENTED_EDGE('',*,*,#1385,.T.);
#786=ORIENTED_EDGE('',*,*,#1386,.T.);
#787=ORIENTED_EDGE('',*,*,#1387,.T.);
#788=ORIENTED_EDGE('',*,*,#1388,.T.);
#789=ORIENTED_EDGE('',*,*,#1389,.T.);
#790=ORIENTED_EDGE('',*,*,#1390,.T.);
#791=ORIENTED_EDGE('',*,*,#1391,.T.);
#792=CARTESIAN_POINT('',(3.07472870589051,-6.25000000000001,-10.32));
#793=DIRECTION('',(0.0,0.0,-1.0));
#794=DIRECTION('',(-1.0,1.34628128587909E-31,0.0));
#795=SURFACE_STYLE_FILL_AREA(#1392);
#796=ORIENTED_EDGE('',*,*,#1339,.T.);
#797=ORIENTED_EDGE('',*,*,#1365,.T.);
#798=ORIENTED_EDGE('',*,*,#1341,.T.);
#799=ORIENTED_EDGE('',*,*,#1337,.T.);
#800=CARTESIAN_POINT('',(3.07472870589051,8.67361737988404E-16,15.06));
#801=DIRECTION('',(0.0,-0.0,-1.0));
#802=DIRECTION('',(-1.0,-0.0,-0.0));
#803=SURFACE_STYLE_FILL_AREA(#1393);
#804=ORIENTED_EDGE('',*,*,#1331,.F.);
#805=ORIENTED_EDGE('',*,*,#1394,.F.);
#806=ORIENTED_EDGE('',*,*,#1395,.F.);
#807=ORIENTED_EDGE('',*,*,#1367,.F.);
#808=ORIENTED_EDGE('',*,*,#1396,.T.);
#809=CARTESIAN_POINT('',(7.52472870589051,-17.05,-12.34));
#810=DIRECTION('',(-0.0,1.0,0.0));
#811=DIRECTION('',(1.0,0.0,0.0));
#812=SURFACE_STYLE_FILL_AREA(#1397);
#813=ORIENTED_EDGE('',*,*,#1330,.F.);
#814=ORIENTED_EDGE('',*,*,#1398,.T.);
#815=ORIENTED_EDGE('',*,*,#1394,.T.);
#816=CARTESIAN_POINT('',(3.07472870589051,-6.25000000000001,-11.04));
#817=DIRECTION('',(0.0,0.0,-1.0));
#818=DIRECTION('',(-1.0,1.34628128587909E-31,0.0));
#819=SURFACE_STYLE_FILL_AREA(#1399);
#820=ORIENTED_EDGE('',*,*,#1329,.F.);
#821=ORIENTED_EDGE('',*,*,#1400,.F.);
#822=ORIENTED_EDGE('',*,*,#1368,.F.);
#823=ORIENTED_EDGE('',*,*,#1395,.T.);
#824=ORIENTED_EDGE('',*,*,#1398,.F.);
#825=CARTESIAN_POINT('',(7.77472870589051,-16.8,-12.34));
#826=DIRECTION('',(-1.0,3.49148336110938E-15,0.0));
#827=DIRECTION('',(3.49148336110938E-15,1.0,0.0));
#828=SURFACE_STYLE_FILL_AREA(#1401);
#829=ORIENTED_EDGE('',*,*,#1328,.F.);
#830=ORIENTED_EDGE('',*,*,#1402,.F.);
#831=ORIENTED_EDGE('',*,*,#1369,.F.);
#832=ORIENTED_EDGE('',*,*,#1400,.T.);
#833=CARTESIAN_POINT('',(7.97472870589051,-16.55,-12.34));
#834=DIRECTION('',(3.49148336110938E-15,1.0,0.0));
#835=DIRECTION('',(1.0,-3.49148336110938E-15,0.0));
#836=SURFACE_STYLE_FILL_AREA(#1403);
#837=ORIENTED_EDGE('',*,*,#1327,.F.);
#838=ORIENTED_EDGE('',*,*,#1404,.F.);
#839=ORIENTED_EDGE('',*,*,#1405,.F.);
#840=ORIENTED_EDGE('',*,*,#1370,.F.);
#841=ORIENTED_EDGE('',*,*,#1402,.T.);
#842=CARTESIAN_POINT('',(8.17472870589051,-16.8,-12.34));
#843=DIRECTION('',(1.0,-3.49148336110938E-15,0.0));
#844=DIRECTION('',(-3.49148336110938E-15,-1.0,-0.0));
#845=SURFACE_STYLE_FILL_AREA(#1406);
#846=ORIENTED_EDGE('',*,*,#1326,.F.);
#847=ORIENTED_EDGE('',*,*,#1407,.T.);
#848=ORIENTED_EDGE('',*,*,#1404,.T.);
#849=CARTESIAN_POINT('',(3.07472870589051,-6.25000000000001,-11.04));
#850=DIRECTION('',(0.0,0.0,-1.0));
#851=DIRECTION('',(-1.0,1.34628128587909E-31,0.0));
#852=SURFACE_STYLE_FILL_AREA(#1408);
#853=ORIENTED_EDGE('',*,*,#1325,.F.);
#854=ORIENTED_EDGE('',*,*,#1409,.F.);
#855=ORIENTED_EDGE('',*,*,#1371,.F.);
#856=ORIENTED_EDGE('',*,*,#1405,.T.);
#857=ORIENTED_EDGE('',*,*,#1407,.F.);
#858=CARTESIAN_POINT('',(8.42472870589051,-17.05,-12.34));
#859=DIRECTION('',(-0.0,1.0,0.0));
#860=DIRECTION('',(1.0,0.0,0.0));
#861=SURFACE_STYLE_FILL_AREA(#1410);
#862=ORIENTED_EDGE('',*,*,#1411,.F.);
#863=ORIENTED_EDGE('',*,*,#1412,.F.);
#864=ORIENTED_EDGE('',*,*,#1372,.F.);
#865=ORIENTED_EDGE('',*,*,#1409,.T.);
#866=ORIENTED_EDGE('',*,*,#1324,.F.);
#867=CARTESIAN_POINT('',(8.67472870589051,-17.25,-12.34));
#868=DIRECTION('',(1.0,-0.0,0.0));
#869=DIRECTION('',(-0.0,-1.0,-0.0));
#870=SURFACE_STYLE_FILL_AREA(#1413);
#871=ORIENTED_EDGE('',*,*,#1414,.F.);
#872=ORIENTED_EDGE('',*,*,#1415,.T.);
#873=ORIENTED_EDGE('',*,*,#1416,.T.);
#874=CARTESIAN_POINT('',(3.07472870589051,-6.25000000000001,-11.04));
#875=DIRECTION('',(0.0,0.0,-1.0));
#876=DIRECTION('',(-1.0,1.34628128587909E-31,0.0));
#877=SURFACE_STYLE_FILL_AREA(#1417);
#878=ORIENTED_EDGE('',*,*,#1418,.F.);
#879=ORIENTED_EDGE('',*,*,#1419,.F.);
#880=ORIENTED_EDGE('',*,*,#1374,.F.);
#881=ORIENTED_EDGE('',*,*,#1420,.T.);
#882=ORIENTED_EDGE('',*,*,#1415,.F.);
#883=CARTESIAN_POINT('',(8.17472870589051,-17.7,-12.34));
#884=DIRECTION('',(1.0,-3.49148336110938E-15,0.0));
#885=DIRECTION('',(-3.49148336110938E-15,-1.0,-0.0));
#886=SURFACE_STYLE_FILL_AREA(#1421);
#887=ORIENTED_EDGE('',*,*,#1422,.F.);
#888=ORIENTED_EDGE('',*,*,#1423,.F.);
#889=ORIENTED_EDGE('',*,*,#1424,.F.);
#890=ORIENTED_EDGE('',*,*,#1376,.F.);
#891=ORIENTED_EDGE('',*,*,#1425,.T.);
#892=CARTESIAN_POINT('',(7.7747287058905,-17.7,-12.34));
#893=DIRECTION('',(-1.0,3.49148336110938E-15,0.0));
#894=DIRECTION('',(3.49148336110938E-15,1.0,0.0));
#895=SURFACE_STYLE_FILL_AREA(#1426);
#896=ORIENTED_EDGE('',*,*,#1427,.F.);
#897=ORIENTED_EDGE('',*,*,#1428,.T.);
#898=ORIENTED_EDGE('',*,*,#1423,.T.);
#899=CARTESIAN_POINT('',(3.07472870589051,-6.25000000000001,-11.04));
#900=DIRECTION('',(0.0,0.0,-1.0));
#901=DIRECTION('',(-1.0,1.34628128587909E-31,0.0));
#902=SURFACE_STYLE_FILL_AREA(#1429);
#903=ORIENTED_EDGE('',*,*,#1332,.F.);
#904=ORIENTED_EDGE('',*,*,#1396,.F.);
#905=ORIENTED_EDGE('',*,*,#1378,.F.);
#906=ORIENTED_EDGE('',*,*,#1430,.T.);
#907=ORIENTED_EDGE('',*,*,#1431,.F.);
#908=CARTESIAN_POINT('',(7.27472870589051,-17.25,-12.34));
#909=DIRECTION('',(-1.0,0.0,0.0));
#910=DIRECTION('',(0.0,1.0,0.0));
#911=SURFACE_STYLE_FILL_AREA(#1432);
#912=ORIENTED_EDGE('',*,*,#1318,.F.);
#913=ORIENTED_EDGE('',*,*,#1433,.T.);
#914=ORIENTED_EDGE('',*,*,#1434,.T.);
#915=CARTESIAN_POINT('',(3.07472870589051,-6.25000000000001,-11.04));
#916=DIRECTION('',(0.0,0.0,-1.0));
#917=DIRECTION('',(-1.0,1.34628128587909E-31,0.0));
#918=SURFACE_STYLE_FILL_AREA(#1435);
#919=ORIENTED_EDGE('',*,*,#1317,.F.);
#920=ORIENTED_EDGE('',*,*,#1436,.T.);
#921=ORIENTED_EDGE('',*,*,#1381,.F.);
#922=ORIENTED_EDGE('',*,*,#1437,.F.);
#923=ORIENTED_EDGE('',*,*,#1433,.F.);
#924=CARTESIAN_POINT('',(-2.02527129410949,4.75,-12.84));
#925=DIRECTION('',(-1.0,3.49148336110938E-15,0.0));
#926=DIRECTION('',(-3.49148336110938E-15,-1.0,0.0));
#927=SURFACE_STYLE_FILL_AREA(#1438);
#928=ORIENTED_EDGE('',*,*,#1315,.F.);
#929=ORIENTED_EDGE('',*,*,#1439,.F.);
#930=ORIENTED_EDGE('',*,*,#1440,.F.);
#931=ORIENTED_EDGE('',*,*,#1383,.F.);
#932=ORIENTED_EDGE('',*,*,#1441,.F.);
#933=CARTESIAN_POINT('',(-1.62527129410949,4.75,-12.84));
#934=DIRECTION('',(1.0,-3.49148336110938E-15,0.0));
#935=DIRECTION('',(3.49148336110938E-15,1.0,0.0));
#936=SURFACE_STYLE_FILL_AREA(#1442);
#937=ORIENTED_EDGE('',*,*,#1314,.F.);
#938=ORIENTED_EDGE('',*,*,#1443,.T.);
#939=ORIENTED_EDGE('',*,*,#1439,.T.);
#940=CARTESIAN_POINT('',(3.07472870589051,-6.25000000000001,-11.04));
#941=DIRECTION('',(0.0,0.0,-1.0));
#942=DIRECTION('',(-1.0,1.34628128587909E-31,0.0));
#943=SURFACE_STYLE_FILL_AREA(#1444);
#944=ORIENTED_EDGE('',*,*,#1445,.F.);
#945=ORIENTED_EDGE('',*,*,#1446,.T.);
#946=ORIENTED_EDGE('',*,*,#1385,.F.);
#947=ORIENTED_EDGE('',*,*,#1447,.F.);
#948=ORIENTED_EDGE('',*,*,#1312,.F.);
#949=CARTESIAN_POINT('',(-1.12527129410949,4.75,-12.84));
#950=DIRECTION('',(1.0,-0.0,0.0));
#951=DIRECTION('',(0.0,1.0,0.0));
#952=SURFACE_STYLE_FILL_AREA(#1448);
#953=ORIENTED_EDGE('',*,*,#1449,.F.);
#954=ORIENTED_EDGE('',*,*,#1450,.F.);
#955=ORIENTED_EDGE('',*,*,#1451,.T.);
#956=ORIENTED_EDGE('',*,*,#1386,.F.);
#957=ORIENTED_EDGE('',*,*,#1446,.F.);
#958=CARTESIAN_POINT('',(-1.82527129410949,4.55,-12.84));
#959=DIRECTION('',(0.0,-1.0,0.0));
#960=DIRECTION('',(1.0,0.0,0.0));
#961=SURFACE_STYLE_FILL_AREA(#1452);
#962=ORIENTED_EDGE('',*,*,#1453,.F.);
#963=ORIENTED_EDGE('',*,*,#1454,.T.);
#964=ORIENTED_EDGE('',*,*,#1450,.T.);
#965=CARTESIAN_POINT('',(3.07472870589051,-6.25000000000001,-11.04));
#966=DIRECTION('',(0.0,0.0,-1.0));
#967=DIRECTION('',(-1.0,1.34628128587909E-31,0.0));
#968=SURFACE_STYLE_FILL_AREA(#1455);
#969=ORIENTED_EDGE('',*,*,#1456,.F.);
#970=ORIENTED_EDGE('',*,*,#1457,.T.);
#971=ORIENTED_EDGE('',*,*,#1387,.F.);
#972=ORIENTED_EDGE('',*,*,#1451,.F.);
#973=ORIENTED_EDGE('',*,*,#1454,.F.);
#974=CARTESIAN_POINT('',(-1.62527129410949,4.75,-12.84));
#975=DIRECTION('',(1.0,-3.49148336110938E-15,0.0));
#976=DIRECTION('',(3.49148336110938E-15,1.0,0.0));
#977=SURFACE_STYLE_FILL_AREA(#1458);
#978=ORIENTED_EDGE('',*,*,#1459,.F.);
#979=ORIENTED_EDGE('',*,*,#1460,.T.);
#980=ORIENTED_EDGE('',*,*,#1388,.F.);
#981=ORIENTED_EDGE('',*,*,#1457,.F.);
#982=CARTESIAN_POINT('',(-1.82527129410949,4.05,-12.84));
#983=DIRECTION('',(-3.49148336110938E-15,-1.0,0.0));
#984=DIRECTION('',(1.0,-3.49148336110938E-15,0.0));
#985=SURFACE_STYLE_FILL_AREA(#1461);
#986=ORIENTED_EDGE('',*,*,#1462,.F.);
#987=ORIENTED_EDGE('',*,*,#1463,.F.);
#988=ORIENTED_EDGE('',*,*,#1464,.F.);
#989=ORIENTED_EDGE('',*,*,#1389,.F.);
#990=ORIENTED_EDGE('',*,*,#1460,.F.);
#991=CARTESIAN_POINT('',(-2.02527129410949,4.75,-12.84));
#992=DIRECTION('',(-1.0,3.49148336110938E-15,0.0));
#993=DIRECTION('',(-3.49148336110938E-15,-1.0,0.0));
#994=SURFACE_STYLE_FILL_AREA(#1465);
#995=ORIENTED_EDGE('',*,*,#1466,.F.);
#996=ORIENTED_EDGE('',*,*,#1467,.T.);
#997=ORIENTED_EDGE('',*,*,#1463,.T.);
#998=CARTESIAN_POINT('',(3.07472870589051,-6.25000000000001,-11.04));
#999=DIRECTION('',(0.0,0.0,-1.0));
#1000=DIRECTION('',(-1.0,1.34628128587909E-31,0.0));
#1001=SURFACE_STYLE_FILL_AREA(#1468);
#1002=ORIENTED_EDGE('',*,*,#1469,.F.);
#1003=ORIENTED_EDGE('',*,*,#1470,.T.);
#1004=ORIENTED_EDGE('',*,*,#1390,.F.);
#1005=ORIENTED_EDGE('',*,*,#1464,.T.);
#1006=ORIENTED_EDGE('',*,*,#1467,.F.);
#1007=CARTESIAN_POINT('',(-1.82527129410949,4.55,-12.84));
#1008=DIRECTION('',(0.0,-1.0,0.0));
#1009=DIRECTION('',(1.0,0.0,0.0));
#1010=SURFACE_STYLE_FILL_AREA(#1471);
#1011=ORIENTED_EDGE('',*,*,#1320,.F.);
#1012=ORIENTED_EDGE('',*,*,#1472,.T.);
#1013=ORIENTED_EDGE('',*,*,#1391,.F.);
#1014=ORIENTED_EDGE('',*,*,#1470,.F.);
#1015=ORIENTED_EDGE('',*,*,#1473,.F.);
#1016=CARTESIAN_POINT('',(-2.52527129410949,4.75,-12.84));
#1017=DIRECTION('',(-1.0,-0.0,0.0));
#1018=DIRECTION('',(0.0,-1.0,0.0));
#1019=SURFACE_STYLE_FILL_AREA(#1474);
#1020=ORIENTED_EDGE('',*,*,#1334,.T.);
#1021=ORIENTED_EDGE('',*,*,#1340,.F.);
#1022=ORIENTED_EDGE('',*,*,#1336,.T.);
#1023=ORIENTED_EDGE('',*,*,#1475,.T.);
#1024=CARTESIAN_POINT('',(3.07472870589051,8.67361737988404E-16,10.96));
#1025=DIRECTION('',(0.0,0.0,1.0));
#1026=DIRECTION('',(1.0,0.0,-0.0));
#1027=SURFACE_STYLE_FILL_AREA(#1476);
#1028=ORIENTED_EDGE('',*,*,#1322,.T.);
#1029=ORIENTED_EDGE('',*,*,#1431,.T.);
#1030=ORIENTED_EDGE('',*,*,#1477,.T.);
#1031=ORIENTED_EDGE('',*,*,#1427,.T.);
#1032=ORIENTED_EDGE('',*,*,#1422,.T.);
#1033=ORIENTED_EDGE('',*,*,#1478,.T.);
#1034=ORIENTED_EDGE('',*,*,#1418,.T.);
#1035=ORIENTED_EDGE('',*,*,#1414,.T.);
#1036=ORIENTED_EDGE('',*,*,#1479,.T.);
#1037=ORIENTED_EDGE('',*,*,#1411,.T.);
#1038=ORIENTED_EDGE('',*,*,#1323,.T.);
#1039=ORIENTED_EDGE('',*,*,#1480,.T.);
#1040=CARTESIAN_POINT('',(7.97472870589051,-17.25,-10.54));
#1041=DIRECTION('',(0.0,0.0,-1.0));
#1042=DIRECTION('',(-1.0,1.34628128587909E-31,0.0));
#1043=SURFACE_STYLE_FILL_AREA(#1481);
#1044=ORIENTED_EDGE('',*,*,#1482,.T.);
#1045=ORIENTED_EDGE('',*,*,#1303,.T.);
#1046=CARTESIAN_POINT('',(3.07472870589051,1.80387933772334,-14.8398053834248));
#1047=DIRECTION('',(-7.09409014975812E-32,0.526939668861675,-0.84990269171238));
#1048=DIRECTION('',(-1.0,5.98649783001416E-32,1.20585726270593E-31));
#1049=SURFACE_STYLE_FILL_AREA(#1483);
#1050=ORIENTED_EDGE('',*,*,#1484,.T.);
#1051=ORIENTED_EDGE('',*,*,#1298,.T.);
#1052=CARTESIAN_POINT('',(3.07472870589051,1.80387933772334,-14.8398053834248));
#1053=DIRECTION('',(-7.09409014975812E-32,0.526939668861675,-0.84990269171238));
#1054=DIRECTION('',(-1.0,5.98649783001416E-32,1.20585726270593E-31));
#1055=SURFACE_STYLE_FILL_AREA(#1485);
#1056=ORIENTED_EDGE('',*,*,#1486,.T.);
#1057=ORIENTED_EDGE('',*,*,#1293,.T.);
#1058=CARTESIAN_POINT('',(3.07472870589051,1.80387933772334,-14.8398053834248));
#1059=DIRECTION('',(-7.09409014975812E-32,0.526939668861675,-0.84990269171238));
#1060=DIRECTION('',(-1.0,5.98649783001416E-32,1.20585726270593E-31));
#1061=SURFACE_STYLE_FILL_AREA(#1487);
#1062=ORIENTED_EDGE('',*,*,#1310,.T.);
#1063=ORIENTED_EDGE('',*,*,#1473,.T.);
#1064=ORIENTED_EDGE('',*,*,#1469,.T.);
#1065=ORIENTED_EDGE('',*,*,#1466,.T.);
#1066=ORIENTED_EDGE('',*,*,#1462,.T.);
#1067=ORIENTED_EDGE('',*,*,#1459,.T.);
#1068=ORIENTED_EDGE('',*,*,#1456,.T.);
#1069=ORIENTED_EDGE('',*,*,#1453,.T.);
#1070=ORIENTED_EDGE('',*,*,#1449,.T.);
#1071=ORIENTED_EDGE('',*,*,#1445,.T.);
#1072=ORIENTED_EDGE('',*,*,#1311,.T.);
#1073=ORIENTED_EDGE('',*,*,#1488,.T.);
#1074=CARTESIAN_POINT('',(-1.82527129410949,4.74999999999999,-10.54));
#1075=DIRECTION('',(0.0,0.0,-1.0));
#1076=DIRECTION('',(-1.0,1.34628128587909E-31,0.0));
#1077=SURFACE_STYLE_FILL_AREA(#1489);
#1078=ORIENTED_EDGE('',*,*,#1335,.F.);
#1079=ORIENTED_EDGE('',*,*,#1475,.F.);
#1080=ORIENTED_EDGE('',*,*,#1282,.F.);
#1081=ORIENTED_EDGE('',*,*,#1490,.F.);
#1082=CARTESIAN_POINT('',(0.599728705890505,5.64261655199434E-16,12.06));
#1083=DIRECTION('',(-0.0,0.0,1.0));
#1084=DIRECTION('',(1.0,-0.0,0.0));
#1085=SURFACE_STYLE_FILL_AREA(#1491);
#1086=ORIENTED_EDGE('',*,*,#1305,.T.);
#1087=ORIENTED_EDGE('',*,*,#1480,.F.);
#1088=ORIENTED_EDGE('',*,*,#1307,.T.);
#1089=ORIENTED_EDGE('',*,*,#1492,.T.);
#1090=ORIENTED_EDGE('',*,*,#1493,.T.);
#1091=ORIENTED_EDGE('',*,*,#1494,.T.);
#1092=CARTESIAN_POINT('',(7.97472870589051,-17.25,-11.84));
#1093=DIRECTION('',(0.0,0.0,-1.0));
#1094=DIRECTION('',(-1.0,0.0,0.0));
#1095=SURFACE_STYLE_FILL_AREA(#1495);
#1096=ORIENTED_EDGE('',*,*,#1300,.T.);
#1097=ORIENTED_EDGE('',*,*,#1482,.F.);
#1098=ORIENTED_EDGE('',*,*,#1302,.T.);
#1099=ORIENTED_EDGE('',*,*,#1496,.T.);
#1100=CARTESIAN_POINT('',(4.3747287058905,4.30387933772334,-13.2898053834248));
#1101=DIRECTION('',(-7.09409014975812E-32,0.526939668861675,-0.84990269171238));
#1102=DIRECTION('',(-1.0,5.98649783001416E-32,1.20585726270593E-31));
#1103=SURFACE_STYLE_FILL_AREA(#1497);
#1104=ORIENTED_EDGE('',*,*,#1295,.T.);
#1105=ORIENTED_EDGE('',*,*,#1484,.F.);
#1106=ORIENTED_EDGE('',*,*,#1297,.T.);
#1107=ORIENTED_EDGE('',*,*,#1498,.T.);
#1108=CARTESIAN_POINT('',(1.77472870589049,4.30387933772334,-13.2898053834248));
#1109=DIRECTION('',(-7.09409014975812E-32,0.526939668861675,-0.849902691712379));
#1110=DIRECTION('',(-1.0,5.98649783001416E-32,1.20585726270593E-31));
#1111=SURFACE_STYLE_FILL_AREA(#1499);
#1112=ORIENTED_EDGE('',*,*,#1290,.T.);
#1113=ORIENTED_EDGE('',*,*,#1486,.F.);
#1114=ORIENTED_EDGE('',*,*,#1292,.T.);
#1115=ORIENTED_EDGE('',*,*,#1500,.T.);
#1116=CARTESIAN_POINT('',(3.07472870589051,4.30387933772334,-13.2898053834248));
#1117=DIRECTION('',(-7.09409014975812E-32,0.526939668861675,-0.849902691712379));
#1118=DIRECTION('',(-1.0,5.98649783001416E-32,1.20585726270593E-31));
#1119=SURFACE_STYLE_FILL_AREA(#1501);
#1120=ORIENTED_EDGE('',*,*,#1284,.T.);
#1121=ORIENTED_EDGE('',*,*,#1488,.F.);
#1122=ORIENTED_EDGE('',*,*,#1287,.T.);
#1123=ORIENTED_EDGE('',*,*,#1502,.T.);
#1124=CARTESIAN_POINT('',(-1.82527129410949,4.75,-11.84));
#1125=DIRECTION('',(0.0,0.0,-1.0));
#1126=DIRECTION('',(-1.0,0.0,0.0));
#1127=SURFACE_STYLE_FILL_AREA(#1503);
#1128=ORIENTED_EDGE('',*,*,#1279,.T.);
#1129=ORIENTED_EDGE('',*,*,#1490,.T.);
#1130=ORIENTED_EDGE('',*,*,#1281,.T.);
#1131=ORIENTED_EDGE('',*,*,#1504,.F.);
#1132=CARTESIAN_POINT('',(3.07472870589051,8.67361737988404E-16,10.96));
#1133=DIRECTION('',(0.0,0.0,1.0));
#1134=DIRECTION('',(1.0,0.0,-0.0));
#1135=SURFACE_STYLE_FILL_AREA(#1505);
#1136=FACE_OUTER_BOUND('',#1506,.T.);
#1137=CYLINDRICAL_SURFACE('',#1507,1.0);
#1138=FACE_OUTER_BOUND('',#1508,.T.);
#1139=CYLINDRICAL_SURFACE('',#1509,1.0);
#1140=FACE_OUTER_BOUND('',#1510,.T.);
#1141=CYLINDRICAL_SURFACE('',#1511,1.0);
#1142=FACE_OUTER_BOUND('',#1512,.T.);
#1143=CYLINDRICAL_SURFACE('',#1513,1.0);
#1144=FACE_OUTER_BOUND('',#1514,.T.);
#1145=CYLINDRICAL_SURFACE('',#1515,1.3);
#1146=FACE_OUTER_BOUND('',#1516,.T.);
#1147=CYLINDRICAL_SURFACE('',#1517,1.3);
#1148=FACE_OUTER_BOUND('',#1518,.T.);
#1149=CYLINDRICAL_SURFACE('',#1519,1.0);
#1150=FACE_OUTER_BOUND('',#1520,.T.);
#1151=CYLINDRICAL_SURFACE('',#1521,1.0);
#1152=FACE_OUTER_BOUND('',#1522,.T.);
#1153=CYLINDRICAL_SURFACE('',#1523,1.0);
#1154=FACE_OUTER_BOUND('',#1524,.T.);
#1155=CYLINDRICAL_SURFACE('',#1525,1.0);
#1156=FACE_OUTER_BOUND('',#1526,.T.);
#1157=CYLINDRICAL_SURFACE('',#1527,5.8);
#1158=FACE_OUTER_BOUND('',#1528,.T.);
#1159=CYLINDRICAL_SURFACE('',#1529,5.8);
#1160=FACE_OUTER_BOUND('',#1530,.T.);
#1161=CYLINDRICAL_SURFACE('',#1531,1.0);
#1162=FACE_OUTER_BOUND('',#1532,.T.);
#1163=CYLINDRICAL_SURFACE('',#1533,1.0);
#1164=FACE_BOUND('',#1534,.T.);
#1165=FACE_BOUND('',#1535,.T.);
#1166=FACE_OUTER_BOUND('',#1536,.T.);
#1167=PLANE('',#1537);
#1168=FACE_OUTER_BOUND('',#1538,.T.);
#1169=PLANE('',#1539);
#1170=FACE_OUTER_BOUND('',#1540,.T.);
#1171=PLANE('',#1541);
#1172=FACE_OUTER_BOUND('',#1542,.T.);
#1173=CYLINDRICAL_SURFACE('',#1543,2.6);
#1174=FACE_OUTER_BOUND('',#1544,.T.);
#1175=CYLINDRICAL_SURFACE('',#1545,5.8);
#1176=FACE_OUTER_BOUND('',#1546,.T.);
#1177=PLANE('',#1547);
#1178=FACE_OUTER_BOUND('',#1548,.T.);
#1179=PLANE('',#1549);
#1180=FACE_OUTER_BOUND('',#1550,.T.);
#1181=PLANE('',#1551);
#1182=FACE_OUTER_BOUND('',#1552,.T.);
#1183=PLANE('',#1553);
#1184=FACE_OUTER_BOUND('',#1554,.T.);
#1185=PLANE('',#1555);
#1186=FACE_OUTER_BOUND('',#1556,.T.);
#1187=PLANE('',#1557);
#1188=FACE_OUTER_BOUND('',#1558,.T.);
#1189=PLANE('',#1559);
#1190=FACE_OUTER_BOUND('',#1560,.T.);
#1191=PLANE('',#1561);
#1192=FACE_OUTER_BOUND('',#1562,.T.);
#1193=CYLINDRICAL_SURFACE('',#1563,1.0);
#1194=FACE_OUTER_BOUND('',#1564,.T.);
#1195=PLANE('',#1565);
#1196=FACE_OUTER_BOUND('',#1566,.T.);
#1197=PLANE('',#1567);
#1198=FACE_OUTER_BOUND('',#1568,.T.);
#1199=CYLINDRICAL_SURFACE('',#1569,1.0);
#1200=FACE_OUTER_BOUND('',#1570,.T.);
#1201=CYLINDRICAL_SURFACE('',#1571,1.0);
#1202=FACE_OUTER_BOUND('',#1572,.T.);
#1203=PLANE('',#1573);
#1204=FACE_OUTER_BOUND('',#1574,.T.);
#1205=CYLINDRICAL_SURFACE('',#1575,1.0);
#1206=FACE_OUTER_BOUND('',#1576,.T.);
#1207=PLANE('',#1577);
#1208=FACE_OUTER_BOUND('',#1578,.T.);
#1209=PLANE('',#1579);
#1210=FACE_OUTER_BOUND('',#1580,.T.);
#1211=PLANE('',#1581);
#1212=FACE_OUTER_BOUND('',#1582,.T.);
#1213=CYLINDRICAL_SURFACE('',#1583,1.3);
#1214=FACE_OUTER_BOUND('',#1584,.T.);
#1215=PLANE('',#1585);
#1216=FACE_OUTER_BOUND('',#1586,.T.);
#1217=PLANE('',#1587);
#1218=FACE_OUTER_BOUND('',#1588,.T.);
#1219=CYLINDRICAL_SURFACE('',#1589,1.3);
#1220=FACE_OUTER_BOUND('',#1590,.T.);
#1221=CYLINDRICAL_SURFACE('',#1591,1.0);
#1222=FACE_OUTER_BOUND('',#1592,.T.);
#1223=PLANE('',#1593);
#1224=FACE_OUTER_BOUND('',#1594,.T.);
#1225=PLANE('',#1595);
#1226=FACE_OUTER_BOUND('',#1596,.T.);
#1227=PLANE('',#1597);
#1228=FACE_OUTER_BOUND('',#1598,.T.);
#1229=PLANE('',#1599);
#1230=FACE_OUTER_BOUND('',#1600,.T.);
#1231=CYLINDRICAL_SURFACE('',#1601,1.0);
#1232=FACE_OUTER_BOUND('',#1602,.T.);
#1233=FACE_BOUND('',#1603,.T.);
#1234=PLANE('',#1604);
#1235=FACE_OUTER_BOUND('',#1605,.T.);
#1236=PLANE('',#1606);
#1237=FACE_OUTER_BOUND('',#1607,.T.);
#1238=PLANE('',#1608);
#1239=FACE_OUTER_BOUND('',#1609,.T.);
#1240=PLANE('',#1610);
#1241=FACE_OUTER_BOUND('',#1611,.T.);
#1242=PLANE('',#1612);
#1243=FACE_OUTER_BOUND('',#1613,.T.);
#1244=FACE_BOUND('',#1614,.T.);
#1245=FACE_BOUND('',#1615,.T.);
#1246=FACE_BOUND('',#1616,.T.);
#1247=PLANE('',#1617);
#1248=FACE_OUTER_BOUND('',#1618,.T.);
#1249=PLANE('',#1619);
#1250=FACE_OUTER_BOUND('',#1620,.T.);
#1251=FACE_BOUND('',#1621,.T.);
#1252=PLANE('',#1622);
#1253=FACE_OUTER_BOUND('',#1623,.T.);
#1254=PLANE('',#1624);
#1255=FACE_OUTER_BOUND('',#1625,.T.);
#1256=FACE_BOUND('',#1626,.T.);
#1257=PLANE('',#1627);
#1258=FACE_OUTER_BOUND('',#1628,.T.);
#1259=CYLINDRICAL_SURFACE('',#1629,1.0);
#1260=FACE_OUTER_BOUND('',#1630,.T.);
#1261=FACE_BOUND('',#1631,.T.);
#1262=PLANE('',#1632);
#1263=FACE_OUTER_BOUND('',#1633,.T.);
#1264=CYLINDRICAL_SURFACE('',#1634,1.0);
#1265=FACE_BOUND('',#1635,.T.);
#1266=FACE_OUTER_BOUND('',#1636,.T.);
#1267=PLANE('',#1637);
#1268=FACE_OUTER_BOUND('',#1638,.T.);
#1269=PLANE('',#1639);
#1270=FACE_OUTER_BOUND('',#1640,.T.);
#1271=PLANE('',#1641);
#1272=FACE_OUTER_BOUND('',#1642,.T.);
#1273=PLANE('',#1643);
#1274=FACE_OUTER_BOUND('',#1644,.T.);
#1275=PLANE('',#1645);
#1276=FACE_OUTER_BOUND('',#1646,.T.);
#1277=PLANE('',#1647);
#1278=FILL_AREA_STYLE('',(#1648));
#1279=EDGE_CURVE('',#1649,#1650,#1651,.T.);
#1280=EDGE_CURVE('4:2382',#1652,#1649,#1653,.F.);
#1281=EDGE_CURVE('',#1654,#1652,#1655,.T.);
#1282=EDGE_CURVE('4:2371',#1654,#1650,#1656,.T.);
#1283=FILL_AREA_STYLE('',(#1657));
#1284=EDGE_CURVE('',#1658,#1659,#1660,.T.);
#1285=EDGE_CURVE('14:282',#1658,#1661,#1662,.T.);
#1286=EDGE_CURVE('14:282',#1661,#1663,#1664,.T.);
#1287=EDGE_CURVE('',#1665,#1663,#1666,.T.);
#1288=EDGE_CURVE('4:41572',#1659,#1665,#1667,.T.);
#1289=FILL_AREA_STYLE('',(#1668));
#1290=EDGE_CURVE('',#1669,#1670,#1671,.T.);
#1291=EDGE_CURVE('7:354',#1669,#1672,#1673,.F.);
#1292=EDGE_CURVE('',#1674,#1672,#1675,.T.);
#1293=EDGE_CURVE('7:351',#1670,#1674,#1676,.F.);
#1294=FILL_AREA_STYLE('',(#1677));
#1295=EDGE_CURVE('',#1678,#1679,#1680,.T.);
#1296=EDGE_CURVE('7:239',#1678,#1681,#1682,.F.);
#1297=EDGE_CURVE('',#1683,#1681,#1684,.T.);
#1298=EDGE_CURVE('7:236',#1679,#1683,#1685,.F.);
#1299=FILL_AREA_STYLE('',(#1686));
#1300=EDGE_CURVE('',#1687,#1688,#1689,.T.);
#1301=EDGE_CURVE('7:249',#1687,#1690,#1691,.F.);
#1302=EDGE_CURVE('',#1692,#1690,#1693,.T.);
#1303=EDGE_CURVE('7:246',#1688,#1692,#1694,.F.);
#1304=FILL_AREA_STYLE('',(#1695));
#1305=EDGE_CURVE('',#1696,#1697,#1698,.T.);
#1306=EDGE_CURVE('18:7511',#1696,#1699,#1700,.T.);
#1307=EDGE_CURVE('',#1701,#1699,#1702,.T.);
#1308=EDGE_CURVE('5:9348',#1697,#1701,#1703,.T.);
#1309=FILL_AREA_STYLE('',(#1704));
#1310=EDGE_CURVE('',#1659,#1705,#1706,.T.);
#1311=EDGE_CURVE('',#1707,#1665,#1708,.T.);
#1312=EDGE_CURVE('4:41569',#1707,#1709,#1710,.T.);
#1313=EDGE_CURVE('4:41557',#1709,#1711,#1712,.T.);
#1314=EDGE_CURVE('4:41548',#1711,#1713,#1714,.T.);
#1315=EDGE_CURVE('4:41527',#1713,#1715,#1716,.T.);
#1316=EDGE_CURVE('4:41536',#1715,#1717,#1718,.T.);
#1317=EDGE_CURVE('4:41524',#1717,#1719,#1720,.T.);
#1318=EDGE_CURVE('4:41545',#1719,#1721,#1722,.T.);
#1319=EDGE_CURVE('4:41566',#1721,#1723,#1724,.T.);
#1320=EDGE_CURVE('4:41563',#1723,#1705,#1725,.T.);
#1321=FILL_AREA_STYLE('',(#1726));
#1322=EDGE_CURVE('',#1697,#1727,#1728,.T.);
#1323=EDGE_CURVE('',#1729,#1701,#1730,.T.);
#1324=EDGE_CURVE('5:9312',#1729,#1731,#1732,.T.);
#1325=EDGE_CURVE('5:9315',#1731,#1733,#1734,.T.);
#1326=EDGE_CURVE('5:9354',#1733,#1735,#1736,.T.);
#1327=EDGE_CURVE('5:9318',#1735,#1737,#1738,.T.);
#1328=EDGE_CURVE('5:9321',#1737,#1739,#1740,.T.);
#1329=EDGE_CURVE('5:9324',#1739,#1741,#1742,.T.);
#1330=EDGE_CURVE('5:9351',#1741,#1743,#1744,.T.);
#1331=EDGE_CURVE('5:9327',#1743,#1745,#1746,.T.);
#1332=EDGE_CURVE('5:9330',#1745,#1727,#1747,.T.);
#1333=FILL_AREA_STYLE('',(#1748));
#1334=EDGE_CURVE('',#1749,#1750,#1751,.T.);
#1335=EDGE_CURVE('4:2367',#1749,#1752,#1753,.T.);
#1336=EDGE_CURVE('',#1754,#1752,#1755,.T.);
#1337=EDGE_CURVE('5:9474',#1750,#1754,#1756,.T.);
#1338=FILL_AREA_STYLE('',(#1757));
#1339=EDGE_CURVE('',#1754,#1758,#1759,.T.);
#1340=EDGE_CURVE('5:9474',#1754,#1750,#1760,.T.);
#1341=EDGE_CURVE('',#1761,#1750,#1762,.T.);
#1342=EDGE_CURVE('5:9471',#1761,#1758,#1763,.T.);
#1343=FILL_AREA_STYLE('',(#1764));
#1344=EDGE_CURVE('',#1765,#1766,#1767,.T.);
#1345=EDGE_CURVE('4:3132',#1765,#1768,#1769,.T.);
#1346=EDGE_CURVE('',#1770,#1768,#1771,.T.);
#1347=EDGE_CURVE('4:3129',#1766,#1770,#1772,.F.);
#1348=FILL_AREA_STYLE('',(#1773));
#1349=EDGE_CURVE('19:17302',#1774,#1775,#1776,.T.);
#1350=EDGE_CURVE('19:16851',#1775,#1777,#1778,.F.);
#1351=EDGE_CURVE('19:16851',#1777,#1779,#1780,.F.);
#1352=EDGE_CURVE('16:255',#1781,#1779,#1782,.F.);
#1353=EDGE_CURVE('16:316',#1783,#1781,#1784,.F.);
#1354=EDGE_CURVE('2:5044',#1785,#1783,#1786,.F.);
#1355=EDGE_CURVE('16:303',#1787,#1785,#1788,.F.);
#1356=EDGE_CURVE('16:258',#1779,#1787,#1789,.F.);
#1357=EDGE_CURVE('19:16847',#1779,#1790,#1791,.F.);
#1358=EDGE_CURVE('19:16847',#1790,#1792,#1793,.F.);
#1359=EDGE_CURVE('19:17074',#1792,#1794,#1795,.T.);
#1360=EDGE_CURVE('19:16509',#1794,#1774,#1796,.T.);
#1361=FILL_AREA_STYLE('',(#1797));
#1362=EDGE_CURVE('4:3129',#1770,#1766,#1798,.F.);
#1363=EDGE_CURVE('4:3132',#1768,#1765,#1799,.T.);
#1364=FILL_AREA_STYLE('',(#1800));
#1365=EDGE_CURVE('5:9471',#1758,#1761,#1801,.T.);
#1366=FILL_AREA_STYLE('',(#1802));
#1367=EDGE_CURVE('5:8925',#1803,#1804,#1805,.T.);
#1368=EDGE_CURVE('5:8919',#1804,#1806,#1807,.T.);
#1369=EDGE_CURVE('5:8910',#1806,#1808,#1809,.T.);
#1370=EDGE_CURVE('5:8901',#1808,#1810,#1811,.T.);
#1371=EDGE_CURVE('5:8892',#1810,#1812,#1813,.T.);
#1372=EDGE_CURVE('5:8883',#1812,#1814,#1815,.T.);
#1373=EDGE_CURVE('5:8874',#1814,#1816,#1817,.T.);
#1374=EDGE_CURVE('5:8865',#1816,#1818,#1819,.T.);
#1375=EDGE_CURVE('5:8856',#1818,#1820,#1821,.T.);
#1376=EDGE_CURVE('5:8847',#1820,#1822,#1823,.T.);
#1377=EDGE_CURVE('5:8838',#1822,#1824,#1825,.T.);
#1378=EDGE_CURVE('5:8826',#1824,#1803,#1826,.T.);
#1379=FILL_AREA_STYLE('',(#1827));
#1380=EDGE_CURVE('4:28458',#1828,#1829,#1830,.T.);
#1381=EDGE_CURVE('4:28450',#1829,#1831,#1832,.T.);
#1382=EDGE_CURVE('4:28267',#1831,#1833,#1834,.T.);
#1383=EDGE_CURVE('4:28434',#1833,#1835,#1836,.T.);
#1384=EDGE_CURVE('4:28462',#1835,#1837,#1838,.T.);
#1385=EDGE_CURVE('4:28154',#1837,#1839,#1840,.T.);
#1386=EDGE_CURVE('4:28480',#1839,#1841,#1842,.T.);
#1387=EDGE_CURVE('4:28438',#1841,#1843,#1844,.T.);
#1388=EDGE_CURVE('4:28285',#1843,#1845,#1846,.T.);
#1389=EDGE_CURVE('4:28446',#1845,#1847,#1848,.T.);
#1390=EDGE_CURVE('4:28484',#1847,#1849,#1850,.T.);
#1391=EDGE_CURVE('4:28121',#1849,#1828,#1851,.T.);
#1392=FILL_AREA_STYLE('',(#1852));
#1393=FILL_AREA_STYLE('',(#1853));
#1394=EDGE_CURVE('5:9025',#1854,#1743,#1855,.T.);
#1395=EDGE_CURVE('5:8916',#1804,#1854,#1856,.T.);
#1396=EDGE_CURVE('5:8829',#1803,#1745,#1857,.T.);
#1397=FILL_AREA_STYLE('',(#1858));
#1398=EDGE_CURVE('5:9022',#1741,#1854,#1859,.T.);
#1399=FILL_AREA_STYLE('',(#1860));
#1400=EDGE_CURVE('5:8907',#1806,#1739,#1861,.T.);
#1401=FILL_AREA_STYLE('',(#1862));
#1402=EDGE_CURVE('5:8898',#1808,#1737,#1863,.T.);
#1403=FILL_AREA_STYLE('',(#1864));
#1404=EDGE_CURVE('5:9016',#1865,#1735,#1866,.T.);
#1405=EDGE_CURVE('5:8889',#1810,#1865,#1867,.T.);
#1406=FILL_AREA_STYLE('',(#1868));
#1407=EDGE_CURVE('5:9013',#1733,#1865,#1869,.T.);
#1408=FILL_AREA_STYLE('',(#1870));
#1409=EDGE_CURVE('5:8880',#1812,#1731,#1871,.T.);
#1410=FILL_AREA_STYLE('',(#1872));
#1411=EDGE_CURVE('5:9312',#1873,#1729,#1874,.T.);
#1412=EDGE_CURVE('5:8871',#1814,#1873,#1875,.T.);
#1413=FILL_AREA_STYLE('',(#1876));
#1414=EDGE_CURVE('5:9357',#1877,#1878,#1879,.T.);
#1415=EDGE_CURVE('5:9004',#1877,#1880,#1881,.T.);
#1416=EDGE_CURVE('5:9007',#1880,#1878,#1882,.T.);
#1417=FILL_AREA_STYLE('',(#1883));
#1418=EDGE_CURVE('5:9342',#1884,#1877,#1885,.T.);
#1419=EDGE_CURVE('5:8853',#1818,#1884,#1886,.T.);
#1420=EDGE_CURVE('5:8862',#1816,#1880,#1887,.T.);
#1421=FILL_AREA_STYLE('',(#1888));
#1422=EDGE_CURVE('5:9336',#1889,#1890,#1891,.T.);
#1423=EDGE_CURVE('5:8998',#1892,#1889,#1893,.T.);
#1424=EDGE_CURVE('5:8835',#1822,#1892,#1894,.T.);
#1425=EDGE_CURVE('5:8844',#1820,#1890,#1895,.T.);
#1426=FILL_AREA_STYLE('',(#1896));
#1427=EDGE_CURVE('5:9360',#1897,#1889,#1898,.T.);
#1428=EDGE_CURVE('5:8995',#1897,#1892,#1899,.T.);
#1429=FILL_AREA_STYLE('',(#1900));
#1430=EDGE_CURVE('5:8823',#1824,#1901,#1902,.T.);
#1431=EDGE_CURVE('5:9330',#1727,#1901,#1903,.T.);
#1432=FILL_AREA_STYLE('',(#1904));
#1433=EDGE_CURVE('4:28514',#1719,#1905,#1906,.T.);
#1434=EDGE_CURVE('4:28473',#1905,#1721,#1907,.T.);
#1435=FILL_AREA_STYLE('',(#1908));
#1436=EDGE_CURVE('4:28258',#1717,#1831,#1909,.T.);
#1437=EDGE_CURVE('4:28424',#1905,#1829,#1910,.T.);
#1438=FILL_AREA_STYLE('',(#1911));
#1439=EDGE_CURVE('4:28502',#1912,#1713,#1913,.T.);
#1440=EDGE_CURVE('4:28430',#1835,#1912,#1914,.T.);
#1441=EDGE_CURVE('4:28270',#1715,#1833,#1915,.T.);
#1442=FILL_AREA_STYLE('',(#1916));
#1443=EDGE_CURVE('4:28470',#1711,#1912,#1917,.T.);
#1444=FILL_AREA_STYLE('',(#1918));
#1445=EDGE_CURVE('4:41569',#1919,#1707,#1920,.T.);
#1446=EDGE_CURVE('4:27982',#1919,#1839,#1921,.T.);
#1447=EDGE_CURVE('4:27997',#1709,#1837,#1922,.T.);
#1448=FILL_AREA_STYLE('',(#1923));
#1449=EDGE_CURVE('4:41542',#1924,#1919,#1925,.T.);
#1450=EDGE_CURVE('4:28495',#1926,#1924,#1927,.T.);
#1451=EDGE_CURVE('4:28427',#1926,#1841,#1928,.T.);
#1452=FILL_AREA_STYLE('',(#1929));
#1453=EDGE_CURVE('4:41551',#1930,#1924,#1931,.T.);
#1454=EDGE_CURVE('4:28506',#1930,#1926,#1932,.T.);
#1455=FILL_AREA_STYLE('',(#1933));
#1456=EDGE_CURVE('4:41530',#1934,#1930,#1935,.T.);
#1457=EDGE_CURVE('4:28279',#1934,#1843,#1936,.T.);
#1458=FILL_AREA_STYLE('',(#1937));
#1459=EDGE_CURVE('4:41539',#1938,#1934,#1939,.T.);
#1460=EDGE_CURVE('4:28264',#1938,#1845,#1940,.T.);
#1461=FILL_AREA_STYLE('',(#1941));
#1462=EDGE_CURVE('4:41533',#1942,#1938,#1943,.T.);
#1463=EDGE_CURVE('4:28518',#1944,#1942,#1945,.T.);
#1464=EDGE_CURVE('4:28421',#1847,#1944,#1946,.T.);
#1465=FILL_AREA_STYLE('',(#1947));
#1466=EDGE_CURVE('4:41554',#1948,#1942,#1949,.T.);
#1467=EDGE_CURVE('4:28492',#1948,#1944,#1950,.T.);
#1468=FILL_AREA_STYLE('',(#1951));
#1469=EDGE_CURVE('4:41560',#1952,#1948,#1953,.T.);
#1470=EDGE_CURVE('4:27976',#1952,#1849,#1954,.T.);
#1471=FILL_AREA_STYLE('',(#1955));
#1472=EDGE_CURVE('4:27988',#1723,#1828,#1956,.T.);
#1473=EDGE_CURVE('4:41563',#1705,#1952,#1957,.T.);
#1474=FILL_AREA_STYLE('',(#1958));
#1475=EDGE_CURVE('4:2367',#1752,#1749,#1959,.T.);
#1476=FILL_AREA_STYLE('',(#1960));
#1477=EDGE_CURVE('5:9333',#1901,#1897,#1961,.T.);
#1478=EDGE_CURVE('5:9339',#1890,#1884,#1962,.T.);
#1479=EDGE_CURVE('5:9345',#1878,#1873,#1963,.T.);
#1480=EDGE_CURVE('5:9348',#1701,#1697,#1964,.T.);
#1481=FILL_AREA_STYLE('',(#1965));
#1482=EDGE_CURVE('7:246',#1692,#1688,#1966,.F.);
#1483=FILL_AREA_STYLE('',(#1967));
#1484=EDGE_CURVE('7:236',#1683,#1679,#1968,.F.);
#1485=FILL_AREA_STYLE('',(#1969));
#1486=EDGE_CURVE('7:351',#1674,#1670,#1970,.F.);
#1487=FILL_AREA_STYLE('',(#1971));
#1488=EDGE_CURVE('4:41572',#1665,#1659,#1972,.T.);
#1489=FILL_AREA_STYLE('',(#1973));
#1490=EDGE_CURVE('4:2371',#1650,#1654,#1974,.T.);
#1491=FILL_AREA_STYLE('',(#1975));
#1492=EDGE_CURVE('18:7511',#1699,#1976,#1977,.T.);
#1493=EDGE_CURVE('18:7514',#1976,#1978,#1979,.T.);
#1494=EDGE_CURVE('18:7511',#1978,#1696,#1980,.T.);
#1495=FILL_AREA_STYLE('',(#1981));
#1496=EDGE_CURVE('7:249',#1690,#1687,#1982,.F.);
#1497=FILL_AREA_STYLE('',(#1983));
#1498=EDGE_CURVE('7:239',#1681,#1678,#1984,.F.);
#1499=FILL_AREA_STYLE('',(#1985));
#1500=EDGE_CURVE('7:354',#1672,#1669,#1986,.F.);
#1501=FILL_AREA_STYLE('',(#1987));
#1502=EDGE_CURVE('14:282',#1663,#1658,#1988,.T.);
#1503=FILL_AREA_STYLE('',(#1989));
#1504=EDGE_CURVE('4:2382',#1649,#1652,#1990,.F.);
#1505=FILL_AREA_STYLE('',(#1991));
#1506=EDGE_LOOP('',(#1992,#1993,#1994,#1995));
#1507=AXIS2_PLACEMENT_3D('',#1996,#1997,#1998);
#1508=EDGE_LOOP('',(#1999,#2000,#2001,#2002));
#1509=AXIS2_PLACEMENT_3D('',#2003,#2004,#2005);
#1510=EDGE_LOOP('',(#2006,#2007,#2008,#2009));
#1511=AXIS2_PLACEMENT_3D('',#2010,#2011,#2012);
#1512=EDGE_LOOP('',(#2013,#2014,#2015,#2016));
#1513=AXIS2_PLACEMENT_3D('',#2017,#2018,#2019);
#1514=EDGE_LOOP('',(#2020,#2021,#2022,#2023));
#1515=AXIS2_PLACEMENT_3D('',#2024,#2025,#2026);
#1516=EDGE_LOOP('',(#2027,#2028,#2029,#2030));
#1517=AXIS2_PLACEMENT_3D('',#2031,#2032,#2033);
#1518=EDGE_LOOP('',(#2034,#2035,#2036,#2037));
#1519=AXIS2_PLACEMENT_3D('',#2038,#2039,#2040);
#1520=EDGE_LOOP('',(#2041,#2042,#2043,#2044));
#1521=AXIS2_PLACEMENT_3D('',#2045,#2046,#2047);
#1522=EDGE_LOOP('',(#2048,#2049,#2050,#2051));
#1523=AXIS2_PLACEMENT_3D('',#2052,#2053,#2054);
#1524=EDGE_LOOP('',(#2055,#2056,#2057,#2058));
#1525=AXIS2_PLACEMENT_3D('',#2059,#2060,#2061);
#1526=EDGE_LOOP('',(#2062,#2063,#2064,#2065));
#1527=AXIS2_PLACEMENT_3D('',#2066,#2067,#2068);
#1528=EDGE_LOOP('',(#2069,#2070,#2071,#2072,#2073));
#1529=AXIS2_PLACEMENT_3D('',#2074,#2075,#2076);
#1530=EDGE_LOOP('',(#2077,#2078,#2079,#2080));
#1531=AXIS2_PLACEMENT_3D('',#2081,#2082,#2083);
#1532=EDGE_LOOP('',(#2084,#2085,#2086,#2087));
#1533=AXIS2_PLACEMENT_3D('',#2088,#2089,#2090);
#1534=EDGE_LOOP('',(#2091,#2092));
#1535=EDGE_LOOP('',(#2093,#2094));
#1536=EDGE_LOOP('',(#2095,#2096,#2097,#2098,#2099,#2100));
#1537=AXIS2_PLACEMENT_3D('',#2101,#2102,#2103);
#1538=EDGE_LOOP('',(#2104,#2105,#2106,#2107));
#1539=AXIS2_PLACEMENT_3D('',#2108,#2109,#2110);
#1540=EDGE_LOOP('',(#2111,#2112,#2113,#2114));
#1541=AXIS2_PLACEMENT_3D('',#2115,#2116,#2117);
#1542=EDGE_LOOP('',(#2118,#2119,#2120,#2121));
#1543=AXIS2_PLACEMENT_3D('',#2122,#2123,#2124);
#1544=EDGE_LOOP('',(#2125,#2126,#2127,#2128));
#1545=AXIS2_PLACEMENT_3D('',#2129,#2130,#2131);
#1546=EDGE_LOOP('',(#2132,#2133));
#1547=AXIS2_PLACEMENT_3D('',#2134,#2135,#2136);
#1548=EDGE_LOOP('',(#2137,#2138,#2139,#2140,#2141));
#1549=AXIS2_PLACEMENT_3D('',#2142,#2143,#2144);
#1550=EDGE_LOOP('',(#2145,#2146,#2147,#2148));
#1551=AXIS2_PLACEMENT_3D('',#2149,#2150,#2151);
#1552=EDGE_LOOP('',(#2152,#2153,#2154,#2155,#2156));
#1553=AXIS2_PLACEMENT_3D('',#2157,#2158,#2159);
#1554=EDGE_LOOP('',(#2160,#2161,#2162,#2163,#2164));
#1555=AXIS2_PLACEMENT_3D('',#2165,#2166,#2167);
#1556=EDGE_LOOP('',(#2168,#2169,#2170,#2171));
#1557=AXIS2_PLACEMENT_3D('',#2172,#2173,#2174);
#1558=EDGE_LOOP('',(#2175,#2176,#2177,#2178,#2179));
#1559=AXIS2_PLACEMENT_3D('',#2180,#2181,#2182);
#1560=EDGE_LOOP('',(#2183,#2184));
#1561=AXIS2_PLACEMENT_3D('',#2185,#2186,#2187);
#1562=EDGE_LOOP('',(#2188,#2189,#2190,#2191));
#1563=AXIS2_PLACEMENT_3D('',#2192,#2193,#2194);
#1564=EDGE_LOOP('',(#2195,#2196,#2197,#2198));
#1565=AXIS2_PLACEMENT_3D('',#2199,#2200,#2201);
#1566=EDGE_LOOP('',(#2202,#2203,#2204,#2205));
#1567=AXIS2_PLACEMENT_3D('',#2206,#2207,#2208);
#1568=EDGE_LOOP('',(#2209,#2210,#2211,#2212));
#1569=AXIS2_PLACEMENT_3D('',#2213,#2214,#2215);
#1570=EDGE_LOOP('',(#2216,#2217,#2218,#2219));
#1571=AXIS2_PLACEMENT_3D('',#2220,#2221,#2222);
#1572=EDGE_LOOP('',(#2223,#2224,#2225));
#1573=AXIS2_PLACEMENT_3D('',#2226,#2227,#2228);
#1574=EDGE_LOOP('',(#2229,#2230,#2231,#2232));
#1575=AXIS2_PLACEMENT_3D('',#2233,#2234,#2235);
#1576=EDGE_LOOP('',(#2236,#2237,#2238));
#1577=AXIS2_PLACEMENT_3D('',#2239,#2240,#2241);
#1578=EDGE_LOOP('',(#2242,#2243,#2244));
#1579=AXIS2_PLACEMENT_3D('',#2245,#2246,#2247);
#1580=EDGE_LOOP('',(#2248,#2249,#2250));
#1581=AXIS2_PLACEMENT_3D('',#2251,#2252,#2253);
#1582=EDGE_LOOP('',(#2254,#2255,#2256,#2257));
#1583=AXIS2_PLACEMENT_3D('',#2258,#2259,#2260);
#1584=EDGE_LOOP('',(#2261,#2262,#2263,#2264));
#1585=AXIS2_PLACEMENT_3D('',#2265,#2266,#2267);
#1586=EDGE_LOOP('',(#2268,#2269,#2270,#2271));
#1587=AXIS2_PLACEMENT_3D('',#2272,#2273,#2274);
#1588=EDGE_LOOP('',(#2275,#2276,#2277,#2278));
#1589=AXIS2_PLACEMENT_3D('',#2279,#2280,#2281);
#1590=EDGE_LOOP('',(#2282,#2283,#2284,#2285));
#1591=AXIS2_PLACEMENT_3D('',#2286,#2287,#2288);
#1592=EDGE_LOOP('',(#2289,#2290,#2291,#2292,#2293,#2294,#2295));
#1593=AXIS2_PLACEMENT_3D('',#2296,#2297,#2298);
#1594=EDGE_LOOP('',(#2299,#2300,#2301,#2302));
#1595=AXIS2_PLACEMENT_3D('',#2303,#2304,#2305);
#1596=EDGE_LOOP('',(#2306,#2307,#2308,#2309));
#1597=AXIS2_PLACEMENT_3D('',#2310,#2311,#2312);
#1598=EDGE_LOOP('',(#2313,#2314,#2315,#2316,#2317,#2318,#2319,#2320,#2321,#2322));
#1599=AXIS2_PLACEMENT_3D('',#2323,#2324,#2325);
#1600=EDGE_LOOP('',(#2326,#2327,#2328,#2329));
#1601=AXIS2_PLACEMENT_3D('',#2330,#2331,#2332);
#1602=EDGE_LOOP('',(#2333,#2334,#2335,#2336,#2337,#2338,#2339,#2340));
#1603=EDGE_LOOP('',(#2341,#2342));
#1604=AXIS2_PLACEMENT_3D('',#2343,#2344,#2345);
#1605=EDGE_LOOP('',(#2346,#2347,#2348,#2349,#2350,#2351,#2352,#2353,#2354,#2355));
#1606=AXIS2_PLACEMENT_3D('',#2356,#2357,#2358);
#1607=EDGE_LOOP('',(#2359,#2360,#2361,#2362,#2363,#2364));
#1608=AXIS2_PLACEMENT_3D('',#2365,#2366,#2367);
#1609=EDGE_LOOP('',(#2368,#2369,#2370,#2371));
#1610=AXIS2_PLACEMENT_3D('',#2372,#2373,#2374);
#1611=EDGE_LOOP('',(#2375,#2376,#2377,#2378,#2379,#2380,#2381,#2382,#2383,#2384,#2385,#2386));
#1612=AXIS2_PLACEMENT_3D('',#2387,#2388,#2389);
#1613=EDGE_LOOP('',(#2390,#2391,#2392,#2393,#2394,#2395,#2396,#2397,#2398,#2399,#2400,#2401,#2402,#2403));
#1614=EDGE_LOOP('',(#2404,#2405));
#1615=EDGE_LOOP('',(#2406,#2407));
#1616=EDGE_LOOP('',(#2408,#2409));
#1617=AXIS2_PLACEMENT_3D('',#2410,#2411,#2412);
#1618=EDGE_LOOP('',(#2413,#2414,#2415,#2416));
#1619=AXIS2_PLACEMENT_3D('',#2417,#2418,#2419);
#1620=EDGE_LOOP('',(#2420,#2421,#2422,#2423,#2424,#2425,#2426));
#1621=EDGE_LOOP('',(#2427,#2428,#2429));
#1622=AXIS2_PLACEMENT_3D('',#2430,#2431,#2432);
#1623=EDGE_LOOP('',(#2433,#2434,#2435,#2436,#2437,#2438,#2439,#2440));
#1624=AXIS2_PLACEMENT_3D('',#2441,#2442,#2443);
#1625=EDGE_LOOP('',(#2444,#2445,#2446,#2447,#2448,#2449,#2450,#2451));
#1626=EDGE_LOOP('',(#2452,#2453));
#1627=AXIS2_PLACEMENT_3D('',#2454,#2455,#2456);
#1628=EDGE_LOOP('',(#2457,#2458,#2459,#2460));
#1629=AXIS2_PLACEMENT_3D('',#2461,#2462,#2463);
#1630=EDGE_LOOP('',(#2464,#2465,#2466,#2467,#2468,#2469,#2470,#2471));
#1631=EDGE_LOOP('',(#2472,#2473));
#1632=AXIS2_PLACEMENT_3D('',#2474,#2475,#2476);
#1633=EDGE_LOOP('',(#2477,#2478,#2479,#2480));
#1634=AXIS2_PLACEMENT_3D('',#2481,#2482,#2483);
#1635=EDGE_LOOP('',(#2484,#2485));
#1636=EDGE_LOOP('',(#2486,#2487,#2488,#2489,#2490,#2491,#2492,#2493));
#1637=AXIS2_PLACEMENT_3D('',#2494,#2495,#2496);
#1638=EDGE_LOOP('',(#2497,#2498,#2499,#2500,#2501,#2502,#2503,#2504,#2505,#2506,#2507,#2508,#2509,#2510,#2511,#2512,#2513));
#1639=AXIS2_PLACEMENT_3D('',#2514,#2515,#2516);
#1640=EDGE_LOOP('',(#2517,#2518,#2519,#2520));
#1641=AXIS2_PLACEMENT_3D('',#2521,#2522,#2523);
#1642=EDGE_LOOP('',(#2524,#2525,#2526,#2527,#2528,#2529,#2530,#2531,#2532,#2533,#2534,#2535,#2536,#2537,#2538,#2539,#2540));
#1643=AXIS2_PLACEMENT_3D('',#2541,#2542,#2543);
#1644=EDGE_LOOP('',(#2544,#2545,#2546,#2547,#2548));
#1645=AXIS2_PLACEMENT_3D('',#2549,#2550,#2551);
#1646=EDGE_LOOP('',(#2552,#2553));
#1647=AXIS2_PLACEMENT_3D('',#2554,#2555,#2556);
#1648=FILL_AREA_STYLE_COLOUR('',#2557);
#1649=VERTEX_POINT('',#2558);
#1650=VERTEX_POINT('',#2559);
#1651=LINE('',#2560,#2561);
#1652=VERTEX_POINT('',#2562);
#1653=CIRCLE('',#2563,2.1);
#1654=VERTEX_POINT('',#2564);
#1655=LINE('',#2565,#2566);
#1656=CIRCLE('',#2567,2.1);
#1657=FILL_AREA_STYLE_COLOUR('',#2568);
#1658=VERTEX_POINT('',#2569);
#1659=VERTEX_POINT('',#2570);
#1660=LINE('',#2571,#2572);
#1661=VERTEX_POINT('',#2573);
#1662=CIRCLE('',#2574,0.925);
#1663=VERTEX_POINT('',#2575);
#1664=CIRCLE('',#2576,0.925);
#1665=VERTEX_POINT('',#2577);
#1666=LINE('',#2578,#2579);
#1667=CIRCLE('',#2580,0.925);
#1668=FILL_AREA_STYLE_COLOUR('',#2581);
#1669=VERTEX_POINT('',#2582);
#1670=VERTEX_POINT('',#2583);
#1671=LINE('',#2584,#2585);
#1672=VERTEX_POINT('',#2586);
#1673=CIRCLE('',#2587,0.63);
#1674=VERTEX_POINT('',#2588);
#1675=LINE('',#2589,#2590);
#1676=CIRCLE('',#2591,0.63);
#1677=FILL_AREA_STYLE_COLOUR('',#2592);
#1678=VERTEX_POINT('',#2593);
#1679=VERTEX_POINT('',#2594);
#1680=LINE('',#2595,#2596);
#1681=VERTEX_POINT('',#2597);
#1682=CIRCLE('',#2598,0.63);
#1683=VERTEX_POINT('',#2599);
#1684=LINE('',#2600,#2601);
#1685=CIRCLE('',#2602,0.63);
#1686=FILL_AREA_STYLE_COLOUR('',#2603);
#1687=VERTEX_POINT('',#2604);
#1688=VERTEX_POINT('',#2605);
#1689=LINE('',#2606,#2607);
#1690=VERTEX_POINT('',#2608);
#1691=CIRCLE('',#2609,0.63);
#1692=VERTEX_POINT('',#2610);
#1693=LINE('',#2611,#2612);
#1694=CIRCLE('',#2613,0.63);
#1695=FILL_AREA_STYLE_COLOUR('',#2614);
#1696=VERTEX_POINT('',#2615);
#1697=VERTEX_POINT('',#2616);
#1698=LINE('',#2617,#2618);
#1699=VERTEX_POINT('',#2619);
#1700=CIRCLE('',#2620,0.925);
#1701=VERTEX_POINT('',#2621);
#1702=LINE('',#2622,#2623);
#1703=CIRCLE('',#2624,0.925);
#1704=FILL_AREA_STYLE_COLOUR('',#2625);
#1705=VERTEX_POINT('',#2626);
#1706=CIRCLE('',#2627,0.5);
#1707=VERTEX_POINT('',#2628);
#1708=CIRCLE('',#2629,0.5);
#1709=VERTEX_POINT('',#2630);
#1710=B_SPLINE_CURVE_WITH_KNOTS('',3,(#2631,#2632,#2633,#2634,#2635,#2636,#2637,#2638,#2639,#2640),.UNSPECIFIED.,.F.,.F.,(4,3,3,4),(0.00134921196976703,0.00151694132068053,0.00168600070213589,0.00172589311613424),.UNSPECIFIED.);
#1711=VERTEX_POINT('',#2641);
#1712=B_SPLINE_CURVE_WITH_KNOTS('',3,(#2642,#2643,#2644,#2645,#2646,#2647,#2648,#2649,#2650,#2651),.UNSPECIFIED.,.F.,.F.,(4,3,3,4),(0.0015597127045859,0.00168442446453564,0.0018475664291645,0.00188635384336979),.UNSPECIFIED.);
#1713=VERTEX_POINT('',#2652);
#1714=CIRCLE('',#2653,0.425);
#1715=VERTEX_POINT('',#2654);
#1716=B_SPLINE_CURVE_WITH_KNOTS('',3,(#2655,#2656,#2657,#2658,#2659,#2660,#2661,#2662,#2663,#2664),.UNSPECIFIED.,.F.,.F.,(4,3,3,4),(0.00260233253587577,0.00272676749225803,0.00288336828628261,0.00292897367465966),.UNSPECIFIED.);
#1717=VERTEX_POINT('',#2665);
#1718=B_SPLINE_CURVE_WITH_KNOTS('',3,(#2666,#2667,#2668,#2669,#2670,#2671,#2672,#2673,#2674,#2675),.UNSPECIFIED.,.F.,.F.,(4,3,3,4),(0.00134921196976703,0.00151694132068067,0.00168600070213589,0.00172589311613424),.UNSPECIFIED.);
#1719=VERTEX_POINT('',#2676);
#1720=B_SPLINE_CURVE_WITH_KNOTS('',3,(#2677,#2678,#2679,#2680,#2681,#2682,#2683,#2684,#2685,#2686),.UNSPECIFIED.,.F.,.F.,(4,3,3,4),(0.0015597127045859,0.00168442446453565,0.00184756642916449,0.00188635384336979),.UNSPECIFIED.);
#1721=VERTEX_POINT('',#2687);
#1722=CIRCLE('',#2688,0.425);
#1723=VERTEX_POINT('',#2689);
#1724=B_SPLINE_CURVE_WITH_KNOTS('',3,(#2690,#2691,#2692,#2693,#2694,#2695,#2696,#2697,#2698,#2699),.UNSPECIFIED.,.F.,.F.,(4,3,3,4),(0.00260233253587578,0.00272676749225825,0.00288336828628248,0.00292897367465967),.UNSPECIFIED.);
#1725=B_SPLINE_CURVE_WITH_KNOTS('',3,(#2700,#2701,#2702,#2703,#2704,#2705,#2706,#2707,#2708,#2709),.UNSPECIFIED.,.F.,.F.,(4,3,3,4),(0.00134921196976704,0.00151694132068059,0.00168600070213588,0.00172589311613425),.UNSPECIFIED.);
#1726=FILL_AREA_STYLE_COLOUR('',#2710);
#1727=VERTEX_POINT('',#2711);
#1728=CIRCLE('',#2712,0.5);
#1729=VERTEX_POINT('',#2713);
#1730=CIRCLE('',#2714,0.5);
#1731=VERTEX_POINT('',#2715);
#1732=B_SPLINE_CURVE_WITH_KNOTS('',3,(#2716,#2717,#2718,#2719,#2720,#2721,#2722,#2723,#2724,#2725),.UNSPECIFIED.,.F.,.F.,(4,3,3,4),(0.00134921196976704,0.00151694132068032,0.00168600070213589,0.00172589311613425),.UNSPECIFIED.);
#1733=VERTEX_POINT('',#2726);
#1734=B_SPLINE_CURVE_WITH_KNOTS('',3,(#2727,#2728,#2729,#2730,#2731,#2732,#2733,#2734,#2735,#2736),.UNSPECIFIED.,.F.,.F.,(4,3,3,4),(0.0015597127045859,0.00168442446453559,0.00184756642916456,0.00188635384336979),.UNSPECIFIED.);
#1735=VERTEX_POINT('',#2737);
#1736=CIRCLE('',#2738,0.425);
#1737=VERTEX_POINT('',#2739);
#1738=B_SPLINE_CURVE_WITH_KNOTS('',3,(#2740,#2741,#2742,#2743,#2744,#2745,#2746,#2747,#2748,#2749),.UNSPECIFIED.,.F.,.F.,(4,3,3,4),(0.00260233253587578,0.00272676749225766,0.00288336828628278,0.00292897367465967),.UNSPECIFIED.);
#1739=VERTEX_POINT('',#2750);
#1740=B_SPLINE_CURVE_WITH_KNOTS('',3,(#2751,#2752,#2753,#2754,#2755,#2756,#2757,#2758,#2759,#2760),.UNSPECIFIED.,.F.,.F.,(4,3,3,4),(0.00134921196976704,0.00151694132068095,0.00168600070213585,0.00172589311613424),.UNSPECIFIED.);
#1741=VERTEX_POINT('',#2761);
#1742=B_SPLINE_CURVE_WITH_KNOTS('',3,(#2762,#2763,#2764,#2765,#2766,#2767,#2768,#2769,#2770,#2771),.UNSPECIFIED.,.F.,.F.,(4,3,3,4),(0.0015597127045859,0.00168442446453578,0.00184756642916441,0.00188635384336979),.UNSPECIFIED.);
#1743=VERTEX_POINT('',#2772);
#1744=CIRCLE('',#2773,0.425);
#1745=VERTEX_POINT('',#2774);
#1746=B_SPLINE_CURVE_WITH_KNOTS('',3,(#2775,#2776,#2777,#2778,#2779,#2780,#2781,#2782,#2783,#2784),.UNSPECIFIED.,.F.,.F.,(4,3,3,4),(0.00260233253587578,0.00272676749225778,0.00288336828628277,0.00292897367465967),.UNSPECIFIED.);
#1747=B_SPLINE_CURVE_WITH_KNOTS('',3,(#2785,#2786,#2787,#2788,#2789,#2790,#2791,#2792,#2793,#2794),.UNSPECIFIED.,.F.,.F.,(4,3,3,4),(0.00134921196976704,0.00151694132068042,0.00168600070213591,0.00172589311613424),.UNSPECIFIED.);
#1748=FILL_AREA_STYLE_COLOUR('',#2795);
#1749=VERTEX_POINT('',#2796);
#1750=VERTEX_POINT('',#2797);
#1751=LINE('',#2798,#2799);
#1752=VERTEX_POINT('',#2800);
#1753=CIRCLE('',#2801,2.475);
#1754=VERTEX_POINT('',#2802);
#1755=LINE('',#2803,#2804);
#1756=CIRCLE('',#2805,2.475);
#1757=FILL_AREA_STYLE_COLOUR('',#2806);
#1758=VERTEX_POINT('',#2807);
#1759=LINE('',#2808,#2809);
#1760=CIRCLE('',#2810,2.475);
#1761=VERTEX_POINT('',#2811);
#1762=LINE('',#2812,#2813);
#1763=CIRCLE('',#2814,1.975);
#1764=FILL_AREA_STYLE_COLOUR('',#2815);
#1765=VERTEX_POINT('',#2816);
#1766=VERTEX_POINT('',#2817);
#1767=LINE('',#2818,#2819);
#1768=VERTEX_POINT('',#2820);
#1769=CIRCLE('',#2821,1.25);
#1770=VERTEX_POINT('',#2822);
#1771=LINE('',#2823,#2824);
#1772=CIRCLE('',#2825,1.25);
#1773=FILL_AREA_STYLE_COLOUR('',#2826);
#1774=VERTEX_POINT('',#2827);
#1775=VERTEX_POINT('',#2828);
#1776=LINE('',#2829,#2830);
#1777=VERTEX_POINT('',#2831);
#1778=CIRCLE('',#2832,5.8);
#1779=VERTEX_POINT('',#2833);
#1780=CIRCLE('',#2834,5.8);
#1781=VERTEX_POINT('',#2835);
#1782=LINE('',#2836,#2837);
#1783=VERTEX_POINT('',#2838);
#1784=LINE('',#2839,#2840);
#1785=VERTEX_POINT('',#2841);
#1786=LINE('',#2842,#2843);
#1787=VERTEX_POINT('',#2844);
#1788=LINE('',#2845,#2846);
#1789=LINE('',#2847,#2848);
#1790=VERTEX_POINT('',#2849);
#1791=CIRCLE('',#2850,5.8);
#1792=VERTEX_POINT('',#2851);
#1793=CIRCLE('',#2852,5.8);
#1794=VERTEX_POINT('',#2853);
#1795=LINE('',#2854,#2855);
#1796=CIRCLE('',#2856,2.6);
#1797=FILL_AREA_STYLE_COLOUR('',#2857);
#1798=CIRCLE('',#2858,1.25);
#1799=CIRCLE('',#2859,1.25);
#1800=FILL_AREA_STYLE_COLOUR('',#2860);
#1801=CIRCLE('',#2861,1.975);
#1802=FILL_AREA_STYLE_COLOUR('',#2862);
#1803=VERTEX_POINT('',#2863);
#1804=VERTEX_POINT('',#2864);
#1805=LINE('',#2865,#2866);
#1806=VERTEX_POINT('',#2867);
#1807=LINE('',#2868,#2869);
#1808=VERTEX_POINT('',#2870);
#1809=LINE('',#2871,#2872);
#1810=VERTEX_POINT('',#2873);
#1811=LINE('',#2874,#2875);
#1812=VERTEX_POINT('',#2876);
#1813=LINE('',#2877,#2878);
#1814=VERTEX_POINT('',#2879);
#1815=LINE('',#2880,#2881);
#1816=VERTEX_POINT('',#2882);
#1817=LINE('',#2883,#2884);
#1818=VERTEX_POINT('',#2885);
#1819=LINE('',#2886,#2887);
#1820=VERTEX_POINT('',#2888);
#1821=LINE('',#2889,#2890);
#1822=VERTEX_POINT('',#2891);
#1823=LINE('',#2892,#2893);
#1824=VERTEX_POINT('',#2894);
#1825=LINE('',#2895,#2896);
#1826=LINE('',#2897,#2898);
#1827=FILL_AREA_STYLE_COLOUR('',#2899);
#1828=VERTEX_POINT('',#2900);
#1829=VERTEX_POINT('',#2901);
#1830=LINE('',#2902,#2903);
#1831=VERTEX_POINT('',#2904);
#1832=LINE('',#2905,#2906);
#1833=VERTEX_POINT('',#2907);
#1834=LINE('',#2908,#2909);
#1835=VERTEX_POINT('',#2910);
#1836=LINE('',#2911,#2912);
#1837=VERTEX_POINT('',#2913);
#1838=LINE('',#2914,#2915);
#1839=VERTEX_POINT('',#2916);
#1840=LINE('',#2917,#2918);
#1841=VERTEX_POINT('',#2919);
#1842=LINE('',#2920,#2921);
#1843=VERTEX_POINT('',#2922);
#1844=LINE('',#2923,#2924);
#1845=VERTEX_POINT('',#2925);
#1846=LINE('',#2926,#2927);
#1847=VERTEX_POINT('',#2928);
#1848=LINE('',#2929,#2930);
#1849=VERTEX_POINT('',#2931);
#1850=LINE('',#2932,#2933);
#1851=LINE('',#2934,#2935);
#1852=FILL_AREA_STYLE_COLOUR('',#2936);
#1853=FILL_AREA_STYLE_COLOUR('',#2937);
#1854=VERTEX_POINT('',#2938);
#1855=LINE('',#2939,#2940);
#1856=LINE('',#2941,#2942);
#1857=LINE('',#2943,#2944);
#1858=FILL_AREA_STYLE_COLOUR('',#2945);
#1859=LINE('',#2946,#2947);
#1860=FILL_AREA_STYLE_COLOUR('',#2948);
#1861=LINE('',#2949,#2950);
#1862=FILL_AREA_STYLE_COLOUR('',#2951);
#1863=LINE('',#2952,#2953);
#1864=FILL_AREA_STYLE_COLOUR('',#2954);
#1865=VERTEX_POINT('',#2955);
#1866=LINE('',#2956,#2957);
#1867=LINE('',#2958,#2959);
#1868=FILL_AREA_STYLE_COLOUR('',#2960);
#1869=LINE('',#2961,#2962);
#1870=FILL_AREA_STYLE_COLOUR('',#2963);
#1871=LINE('',#2964,#2965);
#1872=FILL_AREA_STYLE_COLOUR('',#2966);
#1873=VERTEX_POINT('',#2967);
#1874=B_SPLINE_CURVE_WITH_KNOTS('',3,(#2968,#2969,#2970,#2971,#2972,#2973,#2974,#2975,#2976,#2977),.UNSPECIFIED.,.F.,.F.,(4,3,3,4),(0.00134921196976704,0.00151694132068032,0.00168600070213589,0.00172589311613425),.UNSPECIFIED.);
#1875=LINE('',#2978,#2979);
#1876=FILL_AREA_STYLE_COLOUR('',#2980);
#1877=VERTEX_POINT('',#2981);
#1878=VERTEX_POINT('',#2982);
#1879=CIRCLE('',#2983,0.425);
#1880=VERTEX_POINT('',#2984);
#1881=LINE('',#2985,#2986);
#1882=LINE('',#2987,#2988);
#1883=FILL_AREA_STYLE_COLOUR('',#2989);
#1884=VERTEX_POINT('',#2990);
#1885=B_SPLINE_CURVE_WITH_KNOTS('',3,(#2991,#2992,#2993,#2994,#2995,#2996,#2997,#2998,#2999,#3000),.UNSPECIFIED.,.F.,.F.,(4,3,3,4),(0.0015597127045859,0.00168442446453559,0.00184756642916444,0.00188635384336979),.UNSPECIFIED.);
#1886=LINE('',#3001,#3002);
#1887=LINE('',#3003,#3004);
#1888=FILL_AREA_STYLE_COLOUR('',#3005);
#1889=VERTEX_POINT('',#3006);
#1890=VERTEX_POINT('',#3007);
#1891=B_SPLINE_CURVE_WITH_KNOTS('',3,(#3008,#3009,#3010,#3011,#3012,#3013,#3014,#3015,#3016,#3017),.UNSPECIFIED.,.F.,.F.,(4,3,3,4),(0.00260233253587578,0.00272676749225896,0.00288336828628201,0.00292897367465967),.UNSPECIFIED.);
#1892=VERTEX_POINT('',#3018);
#1893=LINE('',#3019,#3020);
#1894=LINE('',#3021,#3022);
#1895=LINE('',#3023,#3024);
#1896=FILL_AREA_STYLE_COLOUR('',#3025);
#1897=VERTEX_POINT('',#3026);
#1898=CIRCLE('',#3027,0.425);
#1899=LINE('',#3028,#3029);
#1900=FILL_AREA_STYLE_COLOUR('',#3030);
#1901=VERTEX_POINT('',#3031);
#1902=LINE('',#3032,#3033);
#1903=B_SPLINE_CURVE_WITH_KNOTS('',3,(#3034,#3035,#3036,#3037,#3038,#3039,#3040,#3041,#3042,#3043),.UNSPECIFIED.,.F.,.F.,(4,3,3,4),(0.00134921196976704,0.00151694132068042,0.00168600070213591,0.00172589311613424),.UNSPECIFIED.);
#1904=FILL_AREA_STYLE_COLOUR('',#3044);
#1905=VERTEX_POINT('',#3045);
#1906=LINE('',#3046,#3047);
#1907=LINE('',#3048,#3049);
#1908=FILL_AREA_STYLE_COLOUR('',#3050);
#1909=LINE('',#3051,#3052);
#1910=LINE('',#3053,#3054);
#1911=FILL_AREA_STYLE_COLOUR('',#3055);
#1912=VERTEX_POINT('',#3056);
#1913=LINE('',#3057,#3058);
#1914=LINE('',#3059,#3060);
#1915=LINE('',#3061,#3062);
#1916=FILL_AREA_STYLE_COLOUR('',#3063);
#1917=LINE('',#3064,#3065);
#1918=FILL_AREA_STYLE_COLOUR('',#3066);
#1919=VERTEX_POINT('',#3067);
#1920=B_SPLINE_CURVE_WITH_KNOTS('',3,(#3068,#3069,#3070,#3071,#3072,#3073,#3074,#3075,#3076,#3077),.UNSPECIFIED.,.F.,.F.,(4,3,3,4),(0.00134921196976703,0.00151694132068053,0.00168600070213589,0.00172589311613424),.UNSPECIFIED.);
#1921=LINE('',#3078,#3079);
#1922=LINE('',#3080,#3081);
#1923=FILL_AREA_STYLE_COLOUR('',#3082);
#1924=VERTEX_POINT('',#3083);
#1925=B_SPLINE_CURVE_WITH_KNOTS('',3,(#3084,#3085,#3086,#3087,#3088,#3089,#3090,#3091,#3092,#3093),.UNSPECIFIED.,.F.,.F.,(4,3,3,4),(0.00260233253587578,0.00272676749225762,0.00288336828628286,0.00292897367465967),.UNSPECIFIED.);
#1926=VERTEX_POINT('',#3094);
#1927=LINE('',#3095,#3096);
#1928=LINE('',#3097,#3098);
#1929=FILL_AREA_STYLE_COLOUR('',#3099);
#1930=VERTEX_POINT('',#3100);
#1931=CIRCLE('',#3101,0.425);
#1932=LINE('',#3102,#3103);
#1933=FILL_AREA_STYLE_COLOUR('',#3104);
#1934=VERTEX_POINT('',#3105);
#1935=B_SPLINE_CURVE_WITH_KNOTS('',3,(#3106,#3107,#3108,#3109,#3110,#3111,#3112,#3113,#3114,#3115),.UNSPECIFIED.,.F.,.F.,(4,3,3,4),(0.0015597127045859,0.00168442446453568,0.00184756642916447,0.00188635384336979),.UNSPECIFIED.);
#1936=LINE('',#3116,#3117);
#1937=FILL_AREA_STYLE_COLOUR('',#3118);
#1938=VERTEX_POINT('',#3119);
#1939=B_SPLINE_CURVE_WITH_KNOTS('',3,(#3120,#3121,#3122,#3123,#3124,#3125,#3126,#3127,#3128,#3129),.UNSPECIFIED.,.F.,.F.,(4,3,3,4),(0.00134921196976704,0.00151694132068063,0.00168600070213589,0.00172589311613425),.UNSPECIFIED.);
#1940=LINE('',#3130,#3131);
#1941=FILL_AREA_STYLE_COLOUR('',#3132);
#1942=VERTEX_POINT('',#3133);
#1943=B_SPLINE_CURVE_WITH_KNOTS('',3,(#3134,#3135,#3136,#3137,#3138,#3139,#3140,#3141,#3142,#3143),.UNSPECIFIED.,.F.,.F.,(4,3,3,4),(0.00260233253587578,0.00272676749225779,0.00288336828628272,0.00292897367465967),.UNSPECIFIED.);
#1944=VERTEX_POINT('',#3144);
#1945=LINE('',#3145,#3146);
#1946=LINE('',#3147,#3148);
#1947=FILL_AREA_STYLE_COLOUR('',#3149);
#1948=VERTEX_POINT('',#3150);
#1949=CIRCLE('',#3151,0.425);
#1950=LINE('',#3152,#3153);
#1951=FILL_AREA_STYLE_COLOUR('',#3154);
#1952=VERTEX_POINT('',#3155);
#1953=B_SPLINE_CURVE_WITH_KNOTS('',3,(#3156,#3157,#3158,#3159,#3160,#3161,#3162,#3163,#3164,#3165),.UNSPECIFIED.,.F.,.F.,(4,3,3,4),(0.0015597127045859,0.00168442446453567,0.00184756642916448,0.00188635384336979),.UNSPECIFIED.);
#1954=LINE('',#3166,#3167);
#1955=FILL_AREA_STYLE_COLOUR('',#3168);
#1956=LINE('',#3169,#3170);
#1957=B_SPLINE_CURVE_WITH_KNOTS('',3,(#3171,#3172,#3173,#3174,#3175,#3176,#3177,#3178,#3179,#3180),.UNSPECIFIED.,.F.,.F.,(4,3,3,4),(0.00134921196976704,0.00151694132068059,0.00168600070213588,0.00172589311613425),.UNSPECIFIED.);
#1958=FILL_AREA_STYLE_COLOUR('',#3181);
#1959=CIRCLE('',#3182,2.475);
#1960=FILL_AREA_STYLE_COLOUR('',#3183);
#1961=B_SPLINE_CURVE_WITH_KNOTS('',3,(#3184,#3185,#3186,#3187,#3188,#3189,#3190,#3191,#3192,#3193),.UNSPECIFIED.,.F.,.F.,(4,3,3,4),(0.0015597127045859,0.00168442446453563,0.00184756642916453,0.00188635384336979),.UNSPECIFIED.);
#1962=B_SPLINE_CURVE_WITH_KNOTS('',3,(#3194,#3195,#3196,#3197,#3198,#3199,#3200,#3201,#3202,#3203),.UNSPECIFIED.,.F.,.F.,(4,3,3,4),(0.00134921196976704,0.00151694132068058,0.00168600070213589,0.00172589311613424),.UNSPECIFIED.);
#1963=B_SPLINE_CURVE_WITH_KNOTS('',3,(#3204,#3205,#3206,#3207,#3208,#3209,#3210,#3211,#3212,#3213),.UNSPECIFIED.,.F.,.F.,(4,3,3,4),(0.00260233253587578,0.00272676749225786,0.00288336828628272,0.00292897367465967),.UNSPECIFIED.);
#1964=CIRCLE('',#3214,0.925);
#1965=FILL_AREA_STYLE_COLOUR('',#3215);
#1966=CIRCLE('',#3216,0.63);
#1967=FILL_AREA_STYLE_COLOUR('',#3217);
#1968=CIRCLE('',#3218,0.63);
#1969=FILL_AREA_STYLE_COLOUR('',#3219);
#1970=CIRCLE('',#3220,0.63);
#1971=FILL_AREA_STYLE_COLOUR('',#3221);
#1972=CIRCLE('',#3222,0.925);
#1973=FILL_AREA_STYLE_COLOUR('',#3223);
#1974=CIRCLE('',#3224,2.1);
#1975=FILL_AREA_STYLE_COLOUR('',#3225);
#1976=VERTEX_POINT('',#3226);
#1977=CIRCLE('',#3227,0.925);
#1978=VERTEX_POINT('',#3228);
#1979=CIRCLE('',#3229,0.925);
#1980=CIRCLE('',#3230,0.925);
#1981=FILL_AREA_STYLE_COLOUR('',#3231);
#1982=CIRCLE('',#3232,0.63);
#1983=FILL_AREA_STYLE_COLOUR('',#3233);
#1984=CIRCLE('',#3234,0.63);
#1985=FILL_AREA_STYLE_COLOUR('',#3235);
#1986=CIRCLE('',#3236,0.63);
#1987=FILL_AREA_STYLE_COLOUR('',#3237);
#1988=CIRCLE('',#3238,0.925);
#1989=FILL_AREA_STYLE_COLOUR('',#3239);
#1990=CIRCLE('',#3240,2.1);
#1991=FILL_AREA_STYLE_COLOUR('',#3241);
#1992=ORIENTED_EDGE('',*,*,#3242,.F.);
#1993=ORIENTED_EDGE('',*,*,#3243,.T.);
#1994=ORIENTED_EDGE('',*,*,#3244,.T.);
#1995=ORIENTED_EDGE('',*,*,#3245,.T.);
#1996=CARTESIAN_POINT('',(-1.9252712941095,-21.1,3.76));
#1997=DIRECTION('',(0.0,0.0,1.0));
#1998=DIRECTION('',(-0.707106781186547,-0.707106781186548,0.0));
#1999=ORIENTED_EDGE('',*,*,#3246,.F.);
#2000=ORIENTED_EDGE('',*,*,#3247,.T.);
#2001=ORIENTED_EDGE('',*,*,#3248,.T.);
#2002=ORIENTED_EDGE('',*,*,#3249,.T.);
#2003=CARTESIAN_POINT('',(-1.9252712941095,9.0,3.76));
#2004=DIRECTION('',(0.0,0.0,1.0));
#2005=DIRECTION('',(-0.707106781186547,0.707106781186548,0.0));
#2006=ORIENTED_EDGE('',*,*,#3250,.F.);
#2007=ORIENTED_EDGE('',*,*,#3251,.T.);
#2008=ORIENTED_EDGE('',*,*,#3252,.T.);
#2009=ORIENTED_EDGE('',*,*,#3253,.T.);
#2010=CARTESIAN_POINT('',(8.0747287058905,-21.1,3.76));
#2011=DIRECTION('',(-0.0,0.0,1.0));
#2012=DIRECTION('',(0.707106781186547,-0.707106781186547,0.0));
#2013=ORIENTED_EDGE('',*,*,#3254,.F.);
#2014=ORIENTED_EDGE('',*,*,#3255,.T.);
#2015=ORIENTED_EDGE('',*,*,#3256,.T.);
#2016=ORIENTED_EDGE('',*,*,#3257,.T.);
#2017=CARTESIAN_POINT('',(8.0747287058905,9.0,3.76));
#2018=DIRECTION('',(0.0,-0.0,1.0));
#2019=DIRECTION('',(0.707106781186547,0.707106781186547,0.0));
#2020=ORIENTED_EDGE('',*,*,#3258,.F.);
#2021=ORIENTED_EDGE('',*,*,#3259,.T.);
#2022=ORIENTED_EDGE('',*,*,#3260,.F.);
#2023=ORIENTED_EDGE('',*,*,#3261,.T.);
#2024=CARTESIAN_POINT('',(3.0747287058905,7.75,3.75999999999999));
#2025=DIRECTION('',(0.0,0.0,1.0));
#2026=DIRECTION('',(1.0,-1.34628128587909E-31,0.0));
#2027=ORIENTED_EDGE('',*,*,#3262,.F.);
#2028=ORIENTED_EDGE('',*,*,#3263,.T.);
#2029=ORIENTED_EDGE('',*,*,#3264,.F.);
#2030=ORIENTED_EDGE('',*,*,#3265,.T.);
#2031=CARTESIAN_POINT('',(3.0747287058905,-19.85,3.76));
#2032=DIRECTION('',(0.0,0.0,1.0));
#2033=DIRECTION('',(1.0,-1.34628128587909E-31,0.0));
#2034=ORIENTED_EDGE('',*,*,#3266,.F.);
#2035=ORIENTED_EDGE('',*,*,#3267,.T.);
#2036=ORIENTED_EDGE('',*,*,#3268,.T.);
#2037=ORIENTED_EDGE('',*,*,#3269,.F.);
#2038=CARTESIAN_POINT('',(-1.82527129410949,4.75,-14.94));
#2039=DIRECTION('',(-0.0,0.0,1.0));
#2040=DIRECTION('',(0.707106781186548,-0.707106781186547,0.0));
#2041=ORIENTED_EDGE('',*,*,#3270,.F.);
#2042=ORIENTED_EDGE('',*,*,#3271,.T.);
#2043=ORIENTED_EDGE('',*,*,#3272,.T.);
#2044=ORIENTED_EDGE('',*,*,#3273,.F.);
#2045=CARTESIAN_POINT('',(7.97472870589051,4.75,-14.94));
#2046=DIRECTION('',(0.0,0.0,1.0));
#2047=DIRECTION('',(-0.707106781186548,-0.707106781186547,0.0));
#2048=ORIENTED_EDGE('',*,*,#3274,.F.);
#2049=ORIENTED_EDGE('',*,*,#3275,.T.);
#2050=ORIENTED_EDGE('',*,*,#3276,.T.);
#2051=ORIENTED_EDGE('',*,*,#3277,.F.);
#2052=CARTESIAN_POINT('',(7.97472870589051,-17.25,-14.94));
#2053=DIRECTION('',(0.0,-0.0,1.0));
#2054=DIRECTION('',(-0.707106781186547,0.707106781186547,0.0));
#2055=ORIENTED_EDGE('',*,*,#3278,.F.);
#2056=ORIENTED_EDGE('',*,*,#3279,.T.);
#2057=ORIENTED_EDGE('',*,*,#3280,.T.);
#2058=ORIENTED_EDGE('',*,*,#3281,.F.);
#2059=CARTESIAN_POINT('',(-1.82527129410949,-17.25,-14.94));
#2060=DIRECTION('',(0.0,-0.0,1.0));
#2061=DIRECTION('',(0.707106781186547,0.707106781186548,0.0));
#2062=ORIENTED_EDGE('',*,*,#3282,.T.);
#2063=ORIENTED_EDGE('',*,*,#1350,.F.);
#2064=ORIENTED_EDGE('',*,*,#3283,.T.);
#2065=ORIENTED_EDGE('',*,*,#3284,.T.);
#2066=CARTESIAN_POINT('',(3.0747287058905,0.0,7.56));
#2067=DIRECTION('',(0.0,0.0,1.0));
#2068=DIRECTION('',(1.0,0.0,0.0));
#2069=ORIENTED_EDGE('',*,*,#3285,.F.);
#2070=ORIENTED_EDGE('',*,*,#1357,.F.);
#2071=ORIENTED_EDGE('',*,*,#1351,.F.);
#2072=ORIENTED_EDGE('',*,*,#3282,.F.);
#2073=ORIENTED_EDGE('',*,*,#3286,.T.);
#2074=CARTESIAN_POINT('',(3.0747287058905,0.0,7.56));
#2075=DIRECTION('',(0.0,0.0,1.0));
#2076=DIRECTION('',(1.0,0.0,0.0));
#2077=ORIENTED_EDGE('',*,*,#3287,.F.);
#2078=ORIENTED_EDGE('',*,*,#3288,.F.);
#2079=ORIENTED_EDGE('',*,*,#3289,.F.);
#2080=ORIENTED_EDGE('',*,*,#3290,.T.);
#2081=CARTESIAN_POINT('',(3.0747287058905,-6.0,11.06));
#2082=DIRECTION('',(0.0,0.0,1.0));
#2083=DIRECTION('',(1.0,0.0,-0.0));
#2084=ORIENTED_EDGE('',*,*,#3287,.T.);
#2085=ORIENTED_EDGE('',*,*,#3291,.T.);
#2086=ORIENTED_EDGE('',*,*,#3289,.T.);
#2087=ORIENTED_EDGE('',*,*,#3292,.F.);
#2088=CARTESIAN_POINT('',(3.0747287058905,-6.0,11.06));
#2089=DIRECTION('',(0.0,0.0,1.0));
#2090=DIRECTION('',(1.0,0.0,-0.0));
#2091=ORIENTED_EDGE('',*,*,#3290,.F.);
#2092=ORIENTED_EDGE('',*,*,#3291,.F.);
#2093=ORIENTED_EDGE('',*,*,#1280,.T.);
#2094=ORIENTED_EDGE('',*,*,#1504,.T.);
#2095=ORIENTED_EDGE('',*,*,#3284,.F.);
#2096=ORIENTED_EDGE('',*,*,#3293,.T.);
#2097=ORIENTED_EDGE('',*,*,#3294,.T.);
#2098=ORIENTED_EDGE('',*,*,#3295,.T.);
#2099=ORIENTED_EDGE('',*,*,#3296,.F.);
#2100=ORIENTED_EDGE('',*,*,#3286,.F.);
#2101=CARTESIAN_POINT('',(3.07472870589051,0.0,11.06));
#2102=DIRECTION('',(0.0,0.0,1.0));
#2103=DIRECTION('',(1.0,0.0,0.0));
#2104=ORIENTED_EDGE('',*,*,#1349,.F.);
#2105=ORIENTED_EDGE('',*,*,#3297,.F.);
#2106=ORIENTED_EDGE('',*,*,#3293,.F.);
#2107=ORIENTED_EDGE('',*,*,#3283,.F.);
#2108=CARTESIAN_POINT('',(0.474728705890505,-5.59229627936314,11.06));
#2109=DIRECTION('',(-1.0,0.0,0.0));
#2110=DIRECTION('',(0.0,1.0,-0.0));
#2111=ORIENTED_EDGE('',*,*,#1359,.F.);
#2112=ORIENTED_EDGE('',*,*,#3298,.F.);
#2113=ORIENTED_EDGE('',*,*,#3295,.F.);
#2114=ORIENTED_EDGE('',*,*,#3299,.T.);
#2115=CARTESIAN_POINT('',(5.6747287058905,-5.59229627936314,11.06));
#2116=DIRECTION('',(1.0,0.0,0.0));
#2117=DIRECTION('',(0.0,-1.0,0.0));
#2118=ORIENTED_EDGE('',*,*,#3297,.T.);
#2119=ORIENTED_EDGE('',*,*,#1360,.F.);
#2120=ORIENTED_EDGE('',*,*,#3299,.F.);
#2121=ORIENTED_EDGE('',*,*,#3294,.F.);
#2122=CARTESIAN_POINT('',(3.0747287058905,-6.0,11.06));
#2123=DIRECTION('',(0.0,0.0,-1.0));
#2124=DIRECTION('',(1.0,0.0,0.0));
#2125=ORIENTED_EDGE('',*,*,#3285,.T.);
#2126=ORIENTED_EDGE('',*,*,#3296,.T.);
#2127=ORIENTED_EDGE('',*,*,#3298,.T.);
#2128=ORIENTED_EDGE('',*,*,#1358,.F.);
#2129=CARTESIAN_POINT('',(3.0747287058905,0.0,7.56));
#2130=DIRECTION('',(0.0,0.0,1.0));
#2131=DIRECTION('',(1.0,0.0,0.0));
#2132=ORIENTED_EDGE('',*,*,#1362,.T.);
#2133=ORIENTED_EDGE('',*,*,#1347,.T.);
#2134=CARTESIAN_POINT('',(3.07472870589051,0.0,10.96));
#2135=DIRECTION('',(0.0,0.0,1.0));
#2136=DIRECTION('',(1.0,0.0,0.0));
#2137=ORIENTED_EDGE('',*,*,#1479,.F.);
#2138=ORIENTED_EDGE('',*,*,#1416,.F.);
#2139=ORIENTED_EDGE('',*,*,#1420,.F.);
#2140=ORIENTED_EDGE('',*,*,#1373,.F.);
#2141=ORIENTED_EDGE('',*,*,#1412,.T.);
#2142=CARTESIAN_POINT('',(8.42472870589051,-17.45,-12.34));
#2143=DIRECTION('',(0.0,-1.0,-0.0));
#2144=DIRECTION('',(-1.0,0.0,-0.0));
#2145=ORIENTED_EDGE('',*,*,#1478,.F.);
#2146=ORIENTED_EDGE('',*,*,#1425,.F.);
#2147=ORIENTED_EDGE('',*,*,#1375,.F.);
#2148=ORIENTED_EDGE('',*,*,#1419,.T.);
#2149=CARTESIAN_POINT('',(7.9747287058905,-17.95,-12.34));
#2150=DIRECTION('',(-3.49148336110938E-15,-1.0,-0.0));
#2151=DIRECTION('',(-1.0,3.49148336110938E-15,0.0));
#2152=ORIENTED_EDGE('',*,*,#1477,.F.);
#2153=ORIENTED_EDGE('',*,*,#1430,.F.);
#2154=ORIENTED_EDGE('',*,*,#1377,.F.);
#2155=ORIENTED_EDGE('',*,*,#1424,.T.);
#2156=ORIENTED_EDGE('',*,*,#1428,.F.);
#2157=CARTESIAN_POINT('',(7.52472870589051,-17.45,-12.34));
#2158=DIRECTION('',(0.0,-1.0,-0.0));
#2159=DIRECTION('',(-1.0,0.0,-0.0));
#2160=ORIENTED_EDGE('',*,*,#1319,.F.);
#2161=ORIENTED_EDGE('',*,*,#1434,.F.);
#2162=ORIENTED_EDGE('',*,*,#1437,.T.);
#2163=ORIENTED_EDGE('',*,*,#1380,.F.);
#2164=ORIENTED_EDGE('',*,*,#1472,.F.);
#2165=CARTESIAN_POINT('',(-1.82527129410949,4.95,-12.84));
#2166=DIRECTION('',(0.0,1.0,0.0));
#2167=DIRECTION('',(-1.0,0.0,0.0));
#2168=ORIENTED_EDGE('',*,*,#1316,.F.);
#2169=ORIENTED_EDGE('',*,*,#1441,.T.);
#2170=ORIENTED_EDGE('',*,*,#1382,.F.);
#2171=ORIENTED_EDGE('',*,*,#1436,.F.);
#2172=CARTESIAN_POINT('',(-1.82527129410949,5.45,-12.84));
#2173=DIRECTION('',(3.49148336110938E-15,1.0,0.0));
#2174=DIRECTION('',(-1.0,3.49148336110938E-15,0.0));
#2175=ORIENTED_EDGE('',*,*,#1313,.F.);
#2176=ORIENTED_EDGE('',*,*,#1447,.T.);
#2177=ORIENTED_EDGE('',*,*,#1384,.F.);
#2178=ORIENTED_EDGE('',*,*,#1440,.T.);
#2179=ORIENTED_EDGE('',*,*,#1443,.F.);
#2180=CARTESIAN_POINT('',(-1.82527129410949,4.95,-12.84));
#2181=DIRECTION('',(0.0,1.0,0.0));
#2182=DIRECTION('',(-1.0,0.0,0.0));
#2183=ORIENTED_EDGE('',*,*,#1493,.F.);
#2184=ORIENTED_EDGE('',*,*,#3300,.T.);
#2185=CARTESIAN_POINT('',(3.07472870589051,-6.25000000000001,-10.04));
#2186=DIRECTION('',(0.0,0.0,-1.0));
#2187=DIRECTION('',(-1.0,1.34628128587909E-31,0.0));
#2188=ORIENTED_EDGE('',*,*,#3278,.T.);
#2189=ORIENTED_EDGE('',*,*,#3301,.F.);
#2190=ORIENTED_EDGE('',*,*,#3302,.T.);
#2191=ORIENTED_EDGE('',*,*,#3303,.T.);
#2192=CARTESIAN_POINT('',(-1.82527129410949,-17.25,-14.94));
#2193=DIRECTION('',(0.0,-0.0,1.0));
#2194=DIRECTION('',(0.707106781186547,0.707106781186548,0.0));
#2195=ORIENTED_EDGE('',*,*,#3280,.F.);
#2196=ORIENTED_EDGE('',*,*,#3304,.F.);
#2197=ORIENTED_EDGE('',*,*,#3305,.F.);
#2198=ORIENTED_EDGE('',*,*,#3306,.T.);
#2199=CARTESIAN_POINT('',(-0.825271294109492,-17.25,-14.94));
#2200=DIRECTION('',(-1.0,0.0,0.0));
#2201=DIRECTION('',(0.0,-0.0,1.0));
#2202=ORIENTED_EDGE('',*,*,#3307,.F.);
#2203=ORIENTED_EDGE('',*,*,#3308,.T.);
#2204=ORIENTED_EDGE('',*,*,#3309,.F.);
#2205=ORIENTED_EDGE('',*,*,#3310,.F.);
#2206=CARTESIAN_POINT('',(6.9747287058905,-17.25,-14.94));
#2207=DIRECTION('',(1.0,0.0,0.0));
#2208=DIRECTION('',(0.0,0.0,-1.0));
#2209=ORIENTED_EDGE('',*,*,#3274,.T.);
#2210=ORIENTED_EDGE('',*,*,#3311,.F.);
#2211=ORIENTED_EDGE('',*,*,#3307,.T.);
#2212=ORIENTED_EDGE('',*,*,#3312,.T.);
#2213=CARTESIAN_POINT('',(7.97472870589051,-17.25,-14.94));
#2214=DIRECTION('',(0.0,-0.0,1.0));
#2215=DIRECTION('',(-0.707106781186547,0.707106781186547,0.0));
#2216=ORIENTED_EDGE('',*,*,#3270,.T.);
#2217=ORIENTED_EDGE('',*,*,#3313,.F.);
#2218=ORIENTED_EDGE('',*,*,#3314,.T.);
#2219=ORIENTED_EDGE('',*,*,#3315,.T.);
#2220=CARTESIAN_POINT('',(7.97472870589051,4.75,-14.94));
#2221=DIRECTION('',(0.0,0.0,1.0));
#2222=DIRECTION('',(-0.707106781186548,-0.707106781186547,0.0));
#2223=ORIENTED_EDGE('',*,*,#3316,.F.);
#2224=ORIENTED_EDGE('',*,*,#3317,.T.);
#2225=ORIENTED_EDGE('',*,*,#3272,.F.);
#2226=CARTESIAN_POINT('',(6.97472870589051,4.75,-14.94));
#2227=DIRECTION('',(1.0,0.0,0.0));
#2228=DIRECTION('',(0.0,0.0,-1.0));
#2229=ORIENTED_EDGE('',*,*,#3266,.T.);
#2230=ORIENTED_EDGE('',*,*,#3318,.F.);
#2231=ORIENTED_EDGE('',*,*,#3319,.T.);
#2232=ORIENTED_EDGE('',*,*,#3320,.T.);
#2233=CARTESIAN_POINT('',(-1.82527129410949,4.75,-14.94));
#2234=DIRECTION('',(-0.0,0.0,1.0));
#2235=DIRECTION('',(0.707106781186548,-0.707106781186547,0.0));
#2236=ORIENTED_EDGE('',*,*,#3321,.F.);
#2237=ORIENTED_EDGE('',*,*,#3322,.F.);
#2238=ORIENTED_EDGE('',*,*,#3319,.F.);
#2239=CARTESIAN_POINT('',(-0.825271294109492,4.75,-14.94));
#2240=DIRECTION('',(-1.0,0.0,0.0));
#2241=DIRECTION('',(0.0,0.0,1.0));
#2242=ORIENTED_EDGE('',*,*,#3323,.F.);
#2243=ORIENTED_EDGE('',*,*,#3324,.F.);
#2244=ORIENTED_EDGE('',*,*,#3325,.F.);
#2245=CARTESIAN_POINT('',(-0.825271294109492,4.75,-14.94));
#2246=DIRECTION('',(-1.0,0.0,0.0));
#2247=DIRECTION('',(0.0,0.0,1.0));
#2248=ORIENTED_EDGE('',*,*,#3326,.T.);
#2249=ORIENTED_EDGE('',*,*,#3327,.F.);
#2250=ORIENTED_EDGE('',*,*,#3328,.F.);
#2251=CARTESIAN_POINT('',(6.97472870589051,4.75,-14.94));
#2252=DIRECTION('',(1.0,0.0,0.0));
#2253=DIRECTION('',(0.0,0.0,-1.0));
#2254=ORIENTED_EDGE('',*,*,#3262,.T.);
#2255=ORIENTED_EDGE('',*,*,#3329,.T.);
#2256=ORIENTED_EDGE('',*,*,#3264,.T.);
#2257=ORIENTED_EDGE('',*,*,#3330,.T.);
#2258=CARTESIAN_POINT('',(3.0747287058905,-19.85,3.76));
#2259=DIRECTION('',(0.0,0.0,1.0));
#2260=DIRECTION('',(1.0,-1.34628128587909E-31,0.0));
#2261=ORIENTED_EDGE('',*,*,#3244,.F.);
#2262=ORIENTED_EDGE('',*,*,#3331,.T.);
#2263=ORIENTED_EDGE('',*,*,#3332,.F.);
#2264=ORIENTED_EDGE('',*,*,#3333,.T.);
#2265=CARTESIAN_POINT('',(2.57472870589051,-22.1,3.76));
#2266=DIRECTION('',(-0.0,-1.0,0.0));
#2267=DIRECTION('',(-1.0,0.0,0.0));
#2268=ORIENTED_EDGE('',*,*,#3334,.F.);
#2269=ORIENTED_EDGE('',*,*,#3335,.T.);
#2270=ORIENTED_EDGE('',*,*,#3256,.F.);
#2271=ORIENTED_EDGE('',*,*,#3336,.T.);
#2272=CARTESIAN_POINT('',(3.07472870589051,10.0,3.76));
#2273=DIRECTION('',(-0.0,1.0,0.0));
#2274=DIRECTION('',(1.0,0.0,0.0));
#2275=ORIENTED_EDGE('',*,*,#3258,.T.);
#2276=ORIENTED_EDGE('',*,*,#3337,.T.);
#2277=ORIENTED_EDGE('',*,*,#3260,.T.);
#2278=ORIENTED_EDGE('',*,*,#3338,.T.);
#2279=CARTESIAN_POINT('',(3.0747287058905,7.75,3.75999999999999));
#2280=DIRECTION('',(0.0,0.0,1.0));
#2281=DIRECTION('',(1.0,-1.34628128587909E-31,0.0));
#2282=ORIENTED_EDGE('',*,*,#3254,.T.);
#2283=ORIENTED_EDGE('',*,*,#3339,.T.);
#2284=ORIENTED_EDGE('',*,*,#3340,.T.);
#2285=ORIENTED_EDGE('',*,*,#3341,.T.);
#2286=CARTESIAN_POINT('',(8.0747287058905,9.0,3.76));
#2287=DIRECTION('',(0.0,-0.0,1.0));
#2288=DIRECTION('',(0.707106781186547,0.707106781186547,0.0));
#2289=ORIENTED_EDGE('',*,*,#3342,.T.);
#2290=ORIENTED_EDGE('',*,*,#3343,.F.);
#2291=ORIENTED_EDGE('',*,*,#3344,.F.);
#2292=ORIENTED_EDGE('',*,*,#3313,.T.);
#2293=ORIENTED_EDGE('',*,*,#3273,.T.);
#2294=ORIENTED_EDGE('',*,*,#3317,.F.);
#2295=ORIENTED_EDGE('',*,*,#3326,.F.);
#2296=CARTESIAN_POINT('',(3.07472870589051,-6.25000000000001,-10.04));
#2297=DIRECTION('',(0.0,0.0,-1.0));
#2298=DIRECTION('',(-1.0,1.34628128587909E-31,0.0));
#2299=ORIENTED_EDGE('',*,*,#3344,.T.);
#2300=ORIENTED_EDGE('',*,*,#3345,.T.);
#2301=ORIENTED_EDGE('',*,*,#3346,.T.);
#2302=ORIENTED_EDGE('',*,*,#3314,.F.);
#2303=CARTESIAN_POINT('',(7.97472870589051,3.75,-14.94));
#2304=DIRECTION('',(-0.0,1.0,0.0));
#2305=DIRECTION('',(0.0,-0.0,1.0));
#2306=ORIENTED_EDGE('',*,*,#3347,.F.);
#2307=ORIENTED_EDGE('',*,*,#3348,.T.);
#2308=ORIENTED_EDGE('',*,*,#3349,.T.);
#2309=ORIENTED_EDGE('',*,*,#3276,.F.);
#2310=CARTESIAN_POINT('',(7.97472870589051,-16.25,-14.94));
#2311=DIRECTION('',(0.0,-1.0,-0.0));
#2312=DIRECTION('',(0.0,0.0,-1.0));
#2313=ORIENTED_EDGE('',*,*,#3350,.T.);
#2314=ORIENTED_EDGE('',*,*,#1492,.F.);
#2315=ORIENTED_EDGE('',*,*,#1306,.F.);
#2316=ORIENTED_EDGE('',*,*,#1494,.F.);
#2317=ORIENTED_EDGE('',*,*,#3351,.T.);
#2318=ORIENTED_EDGE('',*,*,#3308,.F.);
#2319=ORIENTED_EDGE('',*,*,#3311,.T.);
#2320=ORIENTED_EDGE('',*,*,#3277,.T.);
#2321=ORIENTED_EDGE('',*,*,#3349,.F.);
#2322=ORIENTED_EDGE('',*,*,#3352,.F.);
#2323=CARTESIAN_POINT('',(3.07472870589051,-6.25000000000001,-10.04));
#2324=DIRECTION('',(0.0,0.0,-1.0));
#2325=DIRECTION('',(-1.0,1.34628128587909E-31,0.0));
#2326=ORIENTED_EDGE('',*,*,#3250,.T.);
#2327=ORIENTED_EDGE('',*,*,#3353,.T.);
#2328=ORIENTED_EDGE('',*,*,#3332,.T.);
#2329=ORIENTED_EDGE('',*,*,#3354,.T.);
#2330=CARTESIAN_POINT('',(8.0747287058905,-21.1,3.76));
#2331=DIRECTION('',(-0.0,0.0,1.0));
#2332=DIRECTION('',(0.707106781186547,-0.707106781186547,0.0));
#2333=ORIENTED_EDGE('',*,*,#3355,.F.);
#2334=ORIENTED_EDGE('',*,*,#3356,.F.);
#2335=ORIENTED_EDGE('',*,*,#3357,.T.);
#2336=ORIENTED_EDGE('',*,*,#3358,.F.);
#2337=ORIENTED_EDGE('',*,*,#3251,.F.);
#2338=ORIENTED_EDGE('',*,*,#3354,.F.);
#2339=ORIENTED_EDGE('',*,*,#3331,.F.);
#2340=ORIENTED_EDGE('',*,*,#3243,.F.);
#2341=ORIENTED_EDGE('',*,*,#3330,.F.);
#2342=ORIENTED_EDGE('',*,*,#3263,.F.);
#2343=CARTESIAN_POINT('',(3.07472870589051,-6.25,2.46));
#2344=DIRECTION('',(0.0,0.0,-1.0));
#2345=DIRECTION('',(-1.0,0.0,0.0));
#2346=ORIENTED_EDGE('',*,*,#3357,.F.);
#2347=ORIENTED_EDGE('',*,*,#3359,.T.);
#2348=ORIENTED_EDGE('',*,*,#3360,.F.);
#2349=ORIENTED_EDGE('',*,*,#3305,.T.);
#2350=ORIENTED_EDGE('',*,*,#3361,.F.);
#2351=ORIENTED_EDGE('',*,*,#3309,.T.);
#2352=ORIENTED_EDGE('',*,*,#3351,.F.);
#2353=ORIENTED_EDGE('',*,*,#3300,.F.);
#2354=ORIENTED_EDGE('',*,*,#3350,.F.);
#2355=ORIENTED_EDGE('',*,*,#3362,.T.);
#2356=CARTESIAN_POINT('',(3.07472870589051,-17.9,2.06));
#2357=DIRECTION('',(0.0,-1.0,0.0));
#2358=DIRECTION('',(0.0,0.0,-1.0));
#2359=ORIENTED_EDGE('',*,*,#3360,.T.);
#2360=ORIENTED_EDGE('',*,*,#3363,.F.);
#2361=ORIENTED_EDGE('',*,*,#3364,.F.);
#2362=ORIENTED_EDGE('',*,*,#3301,.T.);
#2363=ORIENTED_EDGE('',*,*,#3281,.T.);
#2364=ORIENTED_EDGE('',*,*,#3306,.F.);
#2365=CARTESIAN_POINT('',(3.07472870589051,-6.25000000000001,-10.04));
#2366=DIRECTION('',(0.0,0.0,-1.0));
#2367=DIRECTION('',(-1.0,1.34628128587909E-31,0.0));
#2368=ORIENTED_EDGE('',*,*,#3364,.T.);
#2369=ORIENTED_EDGE('',*,*,#3365,.T.);
#2370=ORIENTED_EDGE('',*,*,#3366,.F.);
#2371=ORIENTED_EDGE('',*,*,#3302,.F.);
#2372=CARTESIAN_POINT('',(-1.82527129410949,-16.25,-14.94));
#2373=DIRECTION('',(0.0,-1.0,-0.0));
#2374=DIRECTION('',(0.0,0.0,-1.0));
#2375=ORIENTED_EDGE('',*,*,#3366,.T.);
#2376=ORIENTED_EDGE('',*,*,#3367,.F.);
#2377=ORIENTED_EDGE('',*,*,#3368,.T.);
#2378=ORIENTED_EDGE('',*,*,#3369,.F.);
#2379=ORIENTED_EDGE('',*,*,#3347,.T.);
#2380=ORIENTED_EDGE('',*,*,#3275,.F.);
#2381=ORIENTED_EDGE('',*,*,#3312,.F.);
#2382=ORIENTED_EDGE('',*,*,#3310,.T.);
#2383=ORIENTED_EDGE('',*,*,#3361,.T.);
#2384=ORIENTED_EDGE('',*,*,#3304,.T.);
#2385=ORIENTED_EDGE('',*,*,#3279,.F.);
#2386=ORIENTED_EDGE('',*,*,#3303,.F.);
#2387=CARTESIAN_POINT('',(3.07472870589051,-6.25000000000001,-13.14));
#2388=DIRECTION('',(0.0,0.0,-1.0));
#2389=DIRECTION('',(-1.0,1.34628128587909E-31,0.0));
#2390=ORIENTED_EDGE('',*,*,#3368,.F.);
#2391=ORIENTED_EDGE('',*,*,#3370,.F.);
#2392=ORIENTED_EDGE('',*,*,#3371,.F.);
#2393=ORIENTED_EDGE('',*,*,#3267,.F.);
#2394=ORIENTED_EDGE('',*,*,#3320,.F.);
#2395=ORIENTED_EDGE('',*,*,#3322,.T.);
#2396=ORIENTED_EDGE('',*,*,#3323,.T.);
#2397=ORIENTED_EDGE('',*,*,#3372,.T.);
#2398=ORIENTED_EDGE('',*,*,#3327,.T.);
#2399=ORIENTED_EDGE('',*,*,#3316,.T.);
#2400=ORIENTED_EDGE('',*,*,#3271,.F.);
#2401=ORIENTED_EDGE('',*,*,#3315,.F.);
#2402=ORIENTED_EDGE('',*,*,#3346,.F.);
#2403=ORIENTED_EDGE('',*,*,#3373,.F.);
#2404=ORIENTED_EDGE('',*,*,#1500,.F.);
#2405=ORIENTED_EDGE('',*,*,#1291,.F.);
#2406=ORIENTED_EDGE('',*,*,#1498,.F.);
#2407=ORIENTED_EDGE('',*,*,#1296,.F.);
#2408=ORIENTED_EDGE('',*,*,#1496,.F.);
#2409=ORIENTED_EDGE('',*,*,#1301,.F.);
#2410=CARTESIAN_POINT('',(3.07472870589051,0.74999999999999,-13.14));
#2411=DIRECTION('',(-7.09409014975812E-32,0.526939668861675,-0.84990269171238));
#2412=DIRECTION('',(-1.0,5.98649783001416E-32,1.20585726270593E-31));
#2413=ORIENTED_EDGE('',*,*,#3371,.T.);
#2414=ORIENTED_EDGE('',*,*,#3374,.T.);
#2415=ORIENTED_EDGE('',*,*,#3375,.F.);
#2416=ORIENTED_EDGE('',*,*,#3268,.F.);
#2417=CARTESIAN_POINT('',(-1.82527129410949,3.75,-14.94));
#2418=DIRECTION('',(0.0,1.0,0.0));
#2419=DIRECTION('',(0.0,0.0,1.0));
#2420=ORIENTED_EDGE('',*,*,#3376,.T.);
#2421=ORIENTED_EDGE('',*,*,#3324,.T.);
#2422=ORIENTED_EDGE('',*,*,#3321,.T.);
#2423=ORIENTED_EDGE('',*,*,#3318,.T.);
#2424=ORIENTED_EDGE('',*,*,#3269,.T.);
#2425=ORIENTED_EDGE('',*,*,#3375,.T.);
#2426=ORIENTED_EDGE('',*,*,#3377,.F.);
#2427=ORIENTED_EDGE('',*,*,#1286,.F.);
#2428=ORIENTED_EDGE('',*,*,#1285,.F.);
#2429=ORIENTED_EDGE('',*,*,#1502,.F.);
#2430=CARTESIAN_POINT('',(3.07472870589051,-6.25000000000001,-10.04));
#2431=DIRECTION('',(0.0,0.0,-1.0));
#2432=DIRECTION('',(-1.0,1.34628128587909E-31,0.0));
#2433=ORIENTED_EDGE('',*,*,#3376,.F.);
#2434=ORIENTED_EDGE('',*,*,#3378,.T.);
#2435=ORIENTED_EDGE('',*,*,#3379,.T.);
#2436=ORIENTED_EDGE('',*,*,#3380,.T.);
#2437=ORIENTED_EDGE('',*,*,#3342,.F.);
#2438=ORIENTED_EDGE('',*,*,#3328,.T.);
#2439=ORIENTED_EDGE('',*,*,#3372,.F.);
#2440=ORIENTED_EDGE('',*,*,#3325,.T.);
#2441=CARTESIAN_POINT('',(3.07472870589051,5.8,2.06));
#2442=DIRECTION('',(-0.0,1.0,0.0));
#2443=DIRECTION('',(0.0,-0.0,1.0));
#2444=ORIENTED_EDGE('',*,*,#3381,.F.);
#2445=ORIENTED_EDGE('',*,*,#3336,.F.);
#2446=ORIENTED_EDGE('',*,*,#3255,.F.);
#2447=ORIENTED_EDGE('',*,*,#3341,.F.);
#2448=ORIENTED_EDGE('',*,*,#3382,.F.);
#2449=ORIENTED_EDGE('',*,*,#3379,.F.);
#2450=ORIENTED_EDGE('',*,*,#3383,.F.);
#2451=ORIENTED_EDGE('',*,*,#3247,.F.);
#2452=ORIENTED_EDGE('',*,*,#3338,.F.);
#2453=ORIENTED_EDGE('',*,*,#3259,.F.);
#2454=CARTESIAN_POINT('',(3.07472870589051,-6.25,2.46));
#2455=DIRECTION('',(0.0,0.0,-1.0));
#2456=DIRECTION('',(-1.0,0.0,0.0));
#2457=ORIENTED_EDGE('',*,*,#3246,.T.);
#2458=ORIENTED_EDGE('',*,*,#3384,.T.);
#2459=ORIENTED_EDGE('',*,*,#3334,.T.);
#2460=ORIENTED_EDGE('',*,*,#3381,.T.);
#2461=CARTESIAN_POINT('',(-1.9252712941095,9.0,3.76));
#2462=DIRECTION('',(0.0,0.0,1.0));
#2463=DIRECTION('',(-0.707106781186547,0.707106781186548,0.0));
#2464=ORIENTED_EDGE('',*,*,#3245,.F.);
#2465=ORIENTED_EDGE('',*,*,#3333,.F.);
#2466=ORIENTED_EDGE('',*,*,#3353,.F.);
#2467=ORIENTED_EDGE('',*,*,#3253,.F.);
#2468=ORIENTED_EDGE('',*,*,#3385,.F.);
#2469=ORIENTED_EDGE('',*,*,#3386,.F.);
#2470=ORIENTED_EDGE('',*,*,#3387,.F.);
#2471=ORIENTED_EDGE('',*,*,#3388,.F.);
#2472=ORIENTED_EDGE('',*,*,#3265,.F.);
#2473=ORIENTED_EDGE('',*,*,#3329,.F.);
#2474=CARTESIAN_POINT('',(3.07472870589051,-6.25,4.06));
#2475=DIRECTION('',(-0.0,0.0,-1.0));
#2476=DIRECTION('',(-1.0,-0.0,0.0));
#2477=ORIENTED_EDGE('',*,*,#3242,.T.);
#2478=ORIENTED_EDGE('',*,*,#3388,.T.);
#2479=ORIENTED_EDGE('',*,*,#3389,.T.);
#2480=ORIENTED_EDGE('',*,*,#3355,.T.);
#2481=CARTESIAN_POINT('',(-1.9252712941095,-21.1,3.76));
#2482=DIRECTION('',(0.0,0.0,1.0));
#2483=DIRECTION('',(-0.707106781186547,-0.707106781186548,0.0));
#2484=ORIENTED_EDGE('',*,*,#3261,.F.);
#2485=ORIENTED_EDGE('',*,*,#3337,.F.);
#2486=ORIENTED_EDGE('',*,*,#3249,.F.);
#2487=ORIENTED_EDGE('',*,*,#3390,.F.);
#2488=ORIENTED_EDGE('',*,*,#3391,.T.);
#2489=ORIENTED_EDGE('',*,*,#3392,.F.);
#2490=ORIENTED_EDGE('',*,*,#3339,.F.);
#2491=ORIENTED_EDGE('',*,*,#3257,.F.);
#2492=ORIENTED_EDGE('',*,*,#3335,.F.);
#2493=ORIENTED_EDGE('',*,*,#3384,.F.);
#2494=CARTESIAN_POINT('',(3.07472870589051,-6.25,4.06));
#2495=DIRECTION('',(-0.0,0.0,-1.0));
#2496=DIRECTION('',(-1.0,-0.0,0.0));
#2497=ORIENTED_EDGE('',*,*,#3252,.F.);
#2498=ORIENTED_EDGE('',*,*,#3358,.T.);
#2499=ORIENTED_EDGE('',*,*,#3362,.F.);
#2500=ORIENTED_EDGE('',*,*,#3352,.T.);
#2501=ORIENTED_EDGE('',*,*,#3348,.F.);
#2502=ORIENTED_EDGE('',*,*,#3369,.T.);
#2503=ORIENTED_EDGE('',*,*,#3373,.T.);
#2504=ORIENTED_EDGE('',*,*,#3345,.F.);
#2505=ORIENTED_EDGE('',*,*,#3343,.T.);
#2506=ORIENTED_EDGE('',*,*,#3380,.F.);
#2507=ORIENTED_EDGE('',*,*,#3382,.T.);
#2508=ORIENTED_EDGE('',*,*,#3340,.F.);
#2509=ORIENTED_EDGE('',*,*,#3392,.T.);
#2510=ORIENTED_EDGE('',*,*,#3393,.T.);
#2511=ORIENTED_EDGE('',*,*,#1355,.T.);
#2512=ORIENTED_EDGE('',*,*,#3394,.F.);
#2513=ORIENTED_EDGE('',*,*,#3385,.T.);
#2514=CARTESIAN_POINT('',(9.0747287058905,-6.25,3.76));
#2515=DIRECTION('',(1.0,0.0,0.0));
#2516=DIRECTION('',(-0.0,1.0,-0.0));
#2517=ORIENTED_EDGE('',*,*,#1354,.T.);
#2518=ORIENTED_EDGE('',*,*,#3395,.F.);
#2519=ORIENTED_EDGE('',*,*,#3386,.T.);
#2520=ORIENTED_EDGE('',*,*,#3394,.T.);
#2521=CARTESIAN_POINT('',(3.07472870589051,-17.9,3.76));
#2522=DIRECTION('',(0.0,-1.0,0.0));
#2523=DIRECTION('',(1.0,0.0,-0.0));
#2524=ORIENTED_EDGE('',*,*,#3389,.F.);
#2525=ORIENTED_EDGE('',*,*,#3387,.T.);
#2526=ORIENTED_EDGE('',*,*,#3395,.T.);
#2527=ORIENTED_EDGE('',*,*,#1353,.T.);
#2528=ORIENTED_EDGE('',*,*,#3396,.F.);
#2529=ORIENTED_EDGE('',*,*,#3390,.T.);
#2530=ORIENTED_EDGE('',*,*,#3248,.F.);
#2531=ORIENTED_EDGE('',*,*,#3383,.T.);
#2532=ORIENTED_EDGE('',*,*,#3378,.F.);
#2533=ORIENTED_EDGE('',*,*,#3377,.T.);
#2534=ORIENTED_EDGE('',*,*,#3374,.F.);
#2535=ORIENTED_EDGE('',*,*,#3370,.T.);
#2536=ORIENTED_EDGE('',*,*,#3367,.T.);
#2537=ORIENTED_EDGE('',*,*,#3365,.F.);
#2538=ORIENTED_EDGE('',*,*,#3363,.T.);
#2539=ORIENTED_EDGE('',*,*,#3359,.F.);
#2540=ORIENTED_EDGE('',*,*,#3356,.T.);
#2541=CARTESIAN_POINT('',(-2.9252712941095,-6.25,3.76));
#2542=DIRECTION('',(-1.0,-0.0,0.0));
#2543=DIRECTION('',(0.0,-1.0,-0.0));
#2544=ORIENTED_EDGE('',*,*,#3391,.F.);
#2545=ORIENTED_EDGE('',*,*,#3396,.T.);
#2546=ORIENTED_EDGE('',*,*,#1352,.T.);
#2547=ORIENTED_EDGE('',*,*,#1356,.T.);
#2548=ORIENTED_EDGE('',*,*,#3393,.F.);
#2549=CARTESIAN_POINT('',(3.07472870589051,5.8,3.76));
#2550=DIRECTION('',(-0.0,1.0,0.0));
#2551=DIRECTION('',(-1.0,-0.0,-0.0));
#2552=ORIENTED_EDGE('',*,*,#3288,.T.);
#2553=ORIENTED_EDGE('',*,*,#3292,.T.);
#2554=CARTESIAN_POINT('',(3.07472870589051,0.0,12.06));
#2555=DIRECTION('',(0.0,0.0,1.0));
#2556=DIRECTION('',(1.0,0.0,0.0));
#2557=COLOUR_RGB('',0.501960813999176,0.501960813999176,0.0);
#2558=CARTESIAN_POINT('',(5.17472870589051,6.10185910167459E-16,11.06));
#2559=CARTESIAN_POINT('',(5.17472870589051,6.10185910167459E-16,12.06));
#2560=CARTESIAN_POINT('',(5.17472870589051,6.10185910167459E-16,11.56));
#2561=VECTOR('',#3397,1.0);
#2562=CARTESIAN_POINT('',(0.974728705890505,6.10185910167459E-16,11.06));
#2563=AXIS2_PLACEMENT_3D('',#3398,#3399,#3400);
#2564=CARTESIAN_POINT('',(0.974728705890505,1.12453756580935E-15,12.06));
#2565=CARTESIAN_POINT('',(0.974728705890505,1.12453756580935E-15,11.56));
#2566=VECTOR('',#3401,1.0);
#2567=AXIS2_PLACEMENT_3D('',#3402,#3403,#3404);
#2568=COLOUR_RGB('',0.752941191196442,0.752941191196442,0.752941191196442);
#2569=CARTESIAN_POINT('',(-2.75027129410949,4.75,-10.04));
#2570=CARTESIAN_POINT('',(-2.75027129410949,4.74999999999999,-10.54));
#2571=CARTESIAN_POINT('',(-2.75027129410949,4.75,-10.29));
#2572=VECTOR('',#3405,1.0);
#2573=CARTESIAN_POINT('',(-2.67527129410949,5.11486298798315,-10.04));
#2574=AXIS2_PLACEMENT_3D('',#3406,#3407,#3408);
#2575=CARTESIAN_POINT('',(-0.900271294109493,4.75,-10.04));
#2576=AXIS2_PLACEMENT_3D('',#3409,#3410,#3411);
#2577=CARTESIAN_POINT('',(-0.900271294109493,4.74999999999999,-10.54));
#2578=CARTESIAN_POINT('',(-0.900271294109493,4.75,-10.29));
#2579=VECTOR('',#3412,1.0);
#2580=AXIS2_PLACEMENT_3D('',#3413,#3414,#3415);
#2581=COLOUR_RGB('',1.0,0.0,0.0);
#2582=CARTESIAN_POINT('',(2.44472870589051,3.24999999999999,-11.59));
#2583=CARTESIAN_POINT('',(2.44472870589051,4.30387933772334,-13.2898053834248));
#2584=CARTESIAN_POINT('',(2.44472870589051,4.30387933772334,-13.2898053834248));
#2585=VECTOR('',#3416,1.0);
#2586=CARTESIAN_POINT('',(3.70472870589051,3.24999999999999,-11.59));
#2587=AXIS2_PLACEMENT_3D('',#3417,#3418,#3419);
#2588=CARTESIAN_POINT('',(3.70472870589051,4.30387933772334,-13.2898053834248));
#2589=CARTESIAN_POINT('',(3.70472870589051,4.30387933772334,-13.2898053834248));
#2590=VECTOR('',#3420,1.0);
#2591=AXIS2_PLACEMENT_3D('',#3421,#3422,#3423);
#2592=COLOUR_RGB('',0.250980406999588,0.0,0.0);
#2593=CARTESIAN_POINT('',(1.14472870589049,3.24999999999999,-11.59));
#2594=CARTESIAN_POINT('',(1.14472870589049,4.30387933772334,-13.2898053834248));
#2595=CARTESIAN_POINT('',(1.14472870589049,4.30387933772334,-13.2898053834248));
#2596=VECTOR('',#3424,1.0);
#2597=CARTESIAN_POINT('',(2.40472870589049,3.24999999999999,-11.59));
#2598=AXIS2_PLACEMENT_3D('',#3425,#3426,#3427);
#2599=CARTESIAN_POINT('',(2.40472870589049,4.30387933772334,-13.2898053834248));
#2600=CARTESIAN_POINT('',(2.40472870589049,4.30387933772334,-13.2898053834248));
#2601=VECTOR('',#3428,1.0);
#2602=AXIS2_PLACEMENT_3D('',#3429,#3430,#3431);
#2603=COLOUR_RGB('',1.0,0.501960813999176,0.0);
#2604=CARTESIAN_POINT('',(3.7447287058905,3.24999999999999,-11.59));
#2605=CARTESIAN_POINT('',(3.7447287058905,4.30387933772334,-13.2898053834248));
#2606=CARTESIAN_POINT('',(3.7447287058905,4.30387933772334,-13.2898053834248));
#2607=VECTOR('',#3432,1.0);
#2608=CARTESIAN_POINT('',(5.0047287058905,3.24999999999999,-11.59));
#2609=AXIS2_PLACEMENT_3D('',#3433,#3434,#3435);
#2610=CARTESIAN_POINT('',(5.0047287058905,4.30387933772334,-13.2898053834248));
#2611=CARTESIAN_POINT('',(5.0047287058905,4.30387933772334,-13.2898053834248));
#2612=VECTOR('',#3436,1.0);
#2613=AXIS2_PLACEMENT_3D('',#3437,#3438,#3439);
#2614=COLOUR_RGB('',0.752941191196442,0.752941191196442,0.752941191196442);
#2615=CARTESIAN_POINT('',(7.04972870589051,-17.25,-10.04));
#2616=CARTESIAN_POINT('',(7.04972870589051,-17.25,-10.54));
#2617=CARTESIAN_POINT('',(7.04972870589051,-17.25,-10.29));
#2618=VECTOR('',#3440,1.0);
#2619=CARTESIAN_POINT('',(8.89972870589051,-17.25,-10.04));
#2620=AXIS2_PLACEMENT_3D('',#3441,#3442,#3443);
#2621=CARTESIAN_POINT('',(8.89972870589051,-17.25,-10.54));
#2622=CARTESIAN_POINT('',(8.89972870589051,-17.25,-10.29));
#2623=VECTOR('',#3444,1.0);
#2624=AXIS2_PLACEMENT_3D('',#3445,#3446,#3447);
#2625=COLOUR_RGB('',0.752941191196442,0.752941191196442,0.752941191196442);
#2626=CARTESIAN_POINT('',(-2.52527129410949,4.74999999999999,-10.9575823272123));
#2627=AXIS2_PLACEMENT_3D('',#3448,#3449,#3450);
#2628=CARTESIAN_POINT('',(-1.12527129410949,4.74999999999999,-10.9575823272122));
#2629=AXIS2_PLACEMENT_3D('',#3451,#3452,#3453);
#2630=CARTESIAN_POINT('',(-1.12527129410949,4.94999999999999,-10.9377239502329));
#2631=CARTESIAN_POINT('',(-1.12527129410949,4.54999999999999,-10.9377239502329));
#2632=CARTESIAN_POINT('',(-1.12527129410949,4.60923525925978,-10.9501218747836));
#2633=CARTESIAN_POINT('',(-1.12527129410949,4.67181539163814,-10.9562503225776));
#2634=CARTESIAN_POINT('',(-1.12527129410949,4.72912364967025,-10.9573771979899));
#2635=CARTESIAN_POINT('',(-1.12527129410949,4.78688634059124,-10.9585130090994));
#2636=CARTESIAN_POINT('',(-1.12527129410949,4.84645246354794,-10.9551672741286));
#2637=CARTESIAN_POINT('',(-1.12527129410949,4.90727908555828,-10.9455515964224));
#2638=CARTESIAN_POINT('',(-1.12527129410949,4.92163215349494,-10.9432826149992));
#2639=CARTESIAN_POINT('',(-1.12527129410949,4.93591160418362,-10.9406726478592));
#2640=CARTESIAN_POINT('',(-1.12527129410949,4.94999999999999,-10.9377239502329));
#2641=CARTESIAN_POINT('',(-1.45027129410949,4.94999999999999,-11.04));
#2642=CARTESIAN_POINT('',(-1.12527129410954,4.94999999999999,-10.9377239502329));
#2643=CARTESIAN_POINT('',(-1.16059725874144,4.94999999999999,-10.9636019538716));
#2644=CARTESIAN_POINT('',(-1.19739328468697,4.94999999999999,-10.9840877853013));
#2645=CARTESIAN_POINT('',(-1.23969503500502,4.94999999999999,-11.0009185485977));
#2646=CARTESIAN_POINT('',(-1.29503216325104,4.94999999999999,-11.022935748832));
#2647=CARTESIAN_POINT('',(-1.34874197183483,4.94999999999999,-11.0345405367928));
#2648=CARTESIAN_POINT('',(-1.40809353598311,4.94999999999999,-11.038581094066));
#2649=CARTESIAN_POINT('',(-1.42220452028802,4.94999999999999,-11.0395417467647));
#2650=CARTESIAN_POINT('',(-1.43634423268541,4.94999999999999,-11.04));
#2651=CARTESIAN_POINT('',(-1.45027129410949,4.94999999999999,-11.04));
#2652=CARTESIAN_POINT('',(-1.62527129410949,5.12499999999999,-11.04));
#2653=AXIS2_PLACEMENT_3D('',#3454,#3455,#3456);
#2654=CARTESIAN_POINT('',(-1.62527129410949,5.44999999999999,-10.9377239502329));
#2655=CARTESIAN_POINT('',(-1.62527129410949,5.12499999999999,-11.04));
#2656=CARTESIAN_POINT('',(-1.62527129410949,5.16967978379962,-11.04));
#2657=CARTESIAN_POINT('',(-1.62527129410949,5.21645398934672,-11.0347637301666));
#2658=CARTESIAN_POINT('',(-1.62527129410949,5.25770312886562,-11.0252187809741));
#2659=CARTESIAN_POINT('',(-1.62527129410949,5.3096149725251,-11.0132065083304));
#2660=CARTESIAN_POINT('',(-1.62527129410949,5.36583663741457,-10.9907054672793));
#2661=CARTESIAN_POINT('',(-1.62527129410949,5.41083432553878,-10.9637259464902));
#2662=CARTESIAN_POINT('',(-1.62527129410949,5.42393858248561,-10.9558689523321));
#2663=CARTESIAN_POINT('',(-1.62527129410949,5.43708177691111,-10.9471871829452));
#2664=CARTESIAN_POINT('',(-1.62527129410949,5.44999999999994,-10.9377239502329));
#2665=CARTESIAN_POINT('',(-2.02527129410949,5.44999999999999,-10.9377239502329));
#2666=CARTESIAN_POINT('',(-1.62527129410949,5.44999999999999,-10.9377239502329));
#2667=CARTESIAN_POINT('',(-1.68450655336933,5.44999999999999,-10.9501218747837));
#2668=CARTESIAN_POINT('',(-1.74708668574775,5.44999999999999,-10.9562503225776));
#2669=CARTESIAN_POINT('',(-1.8043949437799,5.44999999999999,-10.9573771979899));
#2670=CARTESIAN_POINT('',(-1.86215763470082,5.44999999999999,-10.9585130090994));
#2671=CARTESIAN_POINT('',(-1.92172375765749,5.44999999999999,-10.9551672741286));
#2672=CARTESIAN_POINT('',(-1.98255037966778,5.44999999999999,-10.9455515964224));
#2673=CARTESIAN_POINT('',(-1.99690344760444,5.44999999999999,-10.9432826149992));
#2674=CARTESIAN_POINT('',(-2.01118289829312,5.44999999999999,-10.9406726478592));
#2675=CARTESIAN_POINT('',(-2.02527129410949,5.44999999999999,-10.9377239502329));
#2676=CARTESIAN_POINT('',(-2.02527129410949,5.12499999999999,-11.04));
#2677=CARTESIAN_POINT('',(-2.02527129410949,5.44999999999995,-10.9377239502329));
#2678=CARTESIAN_POINT('',(-2.02527129410949,5.41467403536804,-10.9636019538716));
#2679=CARTESIAN_POINT('',(-2.02527129410949,5.37787800942251,-10.9840877853013));
#2680=CARTESIAN_POINT('',(-2.02527129410949,5.33557625910446,-11.0009185485977));
#2681=CARTESIAN_POINT('',(-2.02527129410949,5.28023913085844,-11.022935748832));
#2682=CARTESIAN_POINT('',(-2.02527129410949,5.22652932227466,-11.0345405367928));
#2683=CARTESIAN_POINT('',(-2.02527129410949,5.16717775812638,-11.038581094066));
#2684=CARTESIAN_POINT('',(-2.02527129410949,5.15306677382146,-11.0395417467647));
#2685=CARTESIAN_POINT('',(-2.02527129410949,5.13892706142408,-11.04));
#2686=CARTESIAN_POINT('',(-2.02527129410949,5.12499999999999,-11.04));
#2687=CARTESIAN_POINT('',(-2.20027129410949,4.94999999999999,-11.04));
#2688=AXIS2_PLACEMENT_3D('',#3457,#3458,#3459);
#2689=CARTESIAN_POINT('',(-2.52527129410949,4.94999999999999,-10.9377239502329));
#2690=CARTESIAN_POINT('',(-2.20027129410949,4.94999999999999,-11.04));
#2691=CARTESIAN_POINT('',(-2.2449510779092,4.94999999999999,-11.04));
#2692=CARTESIAN_POINT('',(-2.29172528345638,4.94999999999999,-11.0347637301666));
#2693=CARTESIAN_POINT('',(-2.33297442297534,4.94999999999999,-11.025218780974));
#2694=CARTESIAN_POINT('',(-2.38488626663468,4.94999999999999,-11.0132065083304));
#2695=CARTESIAN_POINT('',(-2.44110793152407,4.94999999999999,-10.9907054672793));
#2696=CARTESIAN_POINT('',(-2.48610561964818,4.94999999999999,-10.9637259464903));
#2697=CARTESIAN_POINT('',(-2.49920987659504,4.94999999999999,-10.9558689523321));
#2698=CARTESIAN_POINT('',(-2.51235307102058,4.94999999999999,-10.9471871829452));
#2699=CARTESIAN_POINT('',(-2.52527129410945,4.94999999999999,-10.9377239502329));
#2700=CARTESIAN_POINT('',(-2.52527129410949,4.94999999999999,-10.9377239502329));
#2701=CARTESIAN_POINT('',(-2.52527129410949,4.89076474074018,-10.9501218747837));
#2702=CARTESIAN_POINT('',(-2.52527129410949,4.82818460836179,-10.9562503225776));
#2703=CARTESIAN_POINT('',(-2.52527129410949,4.77087635032967,-10.9573771979899));
#2704=CARTESIAN_POINT('',(-2.52527129410949,4.71311365940871,-10.9585130090994));
#2705=CARTESIAN_POINT('',(-2.52527129410949,4.65354753645203,-10.9551672741286));
#2706=CARTESIAN_POINT('',(-2.52527129410949,4.59272091444172,-10.9455515964224));
#2707=CARTESIAN_POINT('',(-2.52527129410949,4.57836784650505,-10.9432826149992));
#2708=CARTESIAN_POINT('',(-2.52527129410949,4.56408839581636,-10.9406726478592));
#2709=CARTESIAN_POINT('',(-2.52527129410949,4.54999999999999,-10.9377239502329));
#2710=COLOUR_RGB('',0.752941191196442,0.752941191196442,0.752941191196442);
#2711=CARTESIAN_POINT('',(7.27472870589051,-17.25,-10.9575823272122));
#2712=AXIS2_PLACEMENT_3D('',#3460,#3461,#3462);
#2713=CARTESIAN_POINT('',(8.67472870589051,-17.25,-10.9575823272123));
#2714=AXIS2_PLACEMENT_3D('',#3463,#3464,#3465);
#2715=CARTESIAN_POINT('',(8.67472870589051,-17.05,-10.9377239502329));
#2716=CARTESIAN_POINT('',(8.67472870589051,-17.45,-10.9377239502329));
#2717=CARTESIAN_POINT('',(8.67472870589051,-17.3907647407403,-10.9501218747836));
#2718=CARTESIAN_POINT('',(8.67472870589051,-17.328184608362,-10.9562503225776));
#2719=CARTESIAN_POINT('',(8.67472870589051,-17.27087635033,-10.9573771979899));
#2720=CARTESIAN_POINT('',(8.67472870589051,-17.2131136594089,-10.9585130090995));
#2721=CARTESIAN_POINT('',(8.67472870589051,-17.1535475364521,-10.9551672741286));
#2722=CARTESIAN_POINT('',(8.67472870589051,-17.0927209144417,-10.9455515964224));
#2723=CARTESIAN_POINT('',(8.67472870589051,-17.0783678465051,-10.9432826149992));
#2724=CARTESIAN_POINT('',(8.67472870589051,-17.0640883958164,-10.9406726478592));
#2725=CARTESIAN_POINT('',(8.67472870589051,-17.05,-10.9377239502329));
#2726=CARTESIAN_POINT('',(8.34972870589051,-17.05,-11.04));
#2727=CARTESIAN_POINT('',(8.67472870589046,-17.05,-10.9377239502329));
#2728=CARTESIAN_POINT('',(8.63940274125857,-17.05,-10.9636019538716));
#2729=CARTESIAN_POINT('',(8.60260671531306,-17.05,-10.9840877853012));
#2730=CARTESIAN_POINT('',(8.56030496499504,-17.05,-11.0009185485977));
#2731=CARTESIAN_POINT('',(8.50496783674898,-17.05,-11.022935748832));
#2732=CARTESIAN_POINT('',(8.45125802816514,-17.05,-11.0345405367928));
#2733=CARTESIAN_POINT('',(8.39190646401683,-17.05,-11.038581094066));
#2734=CARTESIAN_POINT('',(8.37779547971193,-17.05,-11.0395417467647));
#2735=CARTESIAN_POINT('',(8.36365576731457,-17.05,-11.04));
#2736=CARTESIAN_POINT('',(8.34972870589051,-17.05,-11.04));
#2737=CARTESIAN_POINT('',(8.17472870589051,-16.875,-11.04));
#2738=AXIS2_PLACEMENT_3D('',#3466,#3467,#3468);
#2739=CARTESIAN_POINT('',(8.17472870589051,-16.55,-10.9377239502329));
#2740=CARTESIAN_POINT('',(8.17472870589051,-16.875,-11.04));
#2741=CARTESIAN_POINT('',(8.17472870589051,-16.8303202162005,-11.04));
#2742=CARTESIAN_POINT('',(8.17472870589051,-16.7835460106536,-11.0347637301666));
#2743=CARTESIAN_POINT('',(8.17472870589051,-16.7422968711347,-11.0252187809742));
#2744=CARTESIAN_POINT('',(8.17472870589051,-16.690385027475,-11.0132065083305));
#2745=CARTESIAN_POINT('',(8.17472870589051,-16.6341633625854,-10.9907054672793));
#2746=CARTESIAN_POINT('',(8.17472870589051,-16.5891656744611,-10.9637259464901));
#2747=CARTESIAN_POINT('',(8.17472870589051,-16.5760614175143,-10.955868952332));
#2748=CARTESIAN_POINT('',(8.17472870589051,-16.5629182230888,-10.9471871829452));
#2749=CARTESIAN_POINT('',(8.17472870589051,-16.5500000000001,-10.9377239502329));
#2750=CARTESIAN_POINT('',(7.77472870589051,-16.55,-10.9377239502329));
#2751=CARTESIAN_POINT('',(8.17472870589051,-16.55,-10.9377239502329));
#2752=CARTESIAN_POINT('',(8.11549344663057,-16.55,-10.9501218747837));
#2753=CARTESIAN_POINT('',(8.05291331425204,-16.55,-10.9562503225777));
#2754=CARTESIAN_POINT('',(7.99560505621982,-16.55,-10.9573771979899));
#2755=CARTESIAN_POINT('',(7.93784236529902,-16.55,-10.9585130090994));
#2756=CARTESIAN_POINT('',(7.87827624234244,-16.55,-10.9551672741286));
#2757=CARTESIAN_POINT('',(7.81744962033226,-16.55,-10.9455515964224));
#2758=CARTESIAN_POINT('',(7.80309655239559,-16.55,-10.9432826149992));
#2759=CARTESIAN_POINT('',(7.78881710170689,-16.55,-10.9406726478592));
#2760=CARTESIAN_POINT('',(7.77472870589051,-16.55,-10.9377239502329));
#2761=CARTESIAN_POINT('',(7.77472870589051,-16.875,-11.04));
#2762=CARTESIAN_POINT('',(7.77472870589051,-16.5500000000001,-10.9377239502329));
#2763=CARTESIAN_POINT('',(7.77472870589051,-16.585325964632,-10.9636019538716));
#2764=CARTESIAN_POINT('',(7.77472870589051,-16.6221219905776,-10.9840877853013));
#2765=CARTESIAN_POINT('',(7.77472870589051,-16.6644237408957,-11.0009185485978));
#2766=CARTESIAN_POINT('',(7.77472870589051,-16.7197608691416,-11.022935748832));
#2767=CARTESIAN_POINT('',(7.77472870589051,-16.7734706777253,-11.0345405367927));
#2768=CARTESIAN_POINT('',(7.77472870589051,-16.8328222418735,-11.038581094066));
#2769=CARTESIAN_POINT('',(7.77472870589051,-16.8469332261785,-11.0395417467647));
#2770=CARTESIAN_POINT('',(7.77472870589051,-16.8610729385759,-11.04));
#2771=CARTESIAN_POINT('',(7.77472870589051,-16.875,-11.04));
#2772=CARTESIAN_POINT('',(7.5997287058905,-17.05,-11.04));
#2773=AXIS2_PLACEMENT_3D('',#3469,#3470,#3471);
#2774=CARTESIAN_POINT('',(7.27472870589051,-17.05,-10.9377239502329));
#2775=CARTESIAN_POINT('',(7.59972870589051,-17.05,-11.04));
#2776=CARTESIAN_POINT('',(7.55504892209096,-17.05,-11.04));
#2777=CARTESIAN_POINT('',(7.50827471654396,-17.05,-11.0347637301666));
#2778=CARTESIAN_POINT('',(7.46702557702513,-17.05,-11.0252187809742));
#2779=CARTESIAN_POINT('',(7.41511373336548,-17.05,-11.0132065083305));
#2780=CARTESIAN_POINT('',(7.35889206847591,-17.05,-10.9907054672793));
#2781=CARTESIAN_POINT('',(7.31389438035157,-17.05,-10.9637259464901));
#2782=CARTESIAN_POINT('',(7.3007901234048,-17.05,-10.955868952332));
#2783=CARTESIAN_POINT('',(7.28764692897934,-17.05,-10.9471871829452));
#2784=CARTESIAN_POINT('',(7.27472870589055,-17.05,-10.9377239502329));
#2785=CARTESIAN_POINT('',(7.27472870589051,-17.05,-10.9377239502329));
#2786=CARTESIAN_POINT('',(7.27472870589051,-17.1092352592598,-10.9501218747836));
#2787=CARTESIAN_POINT('',(7.27472870589051,-17.1718153916381,-10.9562503225776));
#2788=CARTESIAN_POINT('',(7.27472870589051,-17.2291236496702,-10.9573771979899));
#2789=CARTESIAN_POINT('',(7.27472870589051,-17.2868863405912,-10.9585130090994));
#2790=CARTESIAN_POINT('',(7.27472870589051,-17.3464524635479,-10.9551672741286));
#2791=CARTESIAN_POINT('',(7.27472870589051,-17.4072790855583,-10.9455515964224));
#2792=CARTESIAN_POINT('',(7.27472870589051,-17.421632153495,-10.9432826149992));
#2793=CARTESIAN_POINT('',(7.27472870589051,-17.4359116041837,-10.9406726478592));
#2794=CARTESIAN_POINT('',(7.27472870589051,-17.45,-10.9377239502329));
#2795=COLOUR_RGB('',0.501960813999176,0.501960813999176,0.0);
#2796=CARTESIAN_POINT('',(5.54972870589051,8.67361737988404E-16,12.06));
#2797=CARTESIAN_POINT('',(5.54972870589051,1.17046182077737E-15,14.56));
#2798=CARTESIAN_POINT('',(5.54972870589051,5.64261655199434E-16,13.31));
#2799=VECTOR('',#3472,1.0);
#2800=CARTESIAN_POINT('',(0.599728705890505,1.17046182077737E-15,12.06));
#2801=AXIS2_PLACEMENT_3D('',#3473,#3474,#3475);
#2802=CARTESIAN_POINT('',(0.599728705890505,1.17046182077737E-15,14.56));
#2803=CARTESIAN_POINT('',(0.599728705890505,1.17046182077737E-15,13.31));
#2804=VECTOR('',#3476,1.0);
#2805=AXIS2_PLACEMENT_3D('',#3477,#3478,#3479);
#2806=COLOUR_RGB('',0.501960813999176,0.501960813999176,0.0);
#2807=CARTESIAN_POINT('',(1.0997287058905,1.10922948082001E-15,15.06));
#2808=CARTESIAN_POINT('',(1.0997287058905,1.10922948082001E-15,15.06));
#2809=VECTOR('',#3480,1.0);
#2810=AXIS2_PLACEMENT_3D('',#3481,#3482,#3483);
#2811=CARTESIAN_POINT('',(5.04972870589051,6.25493995156801E-16,15.06));
#2812=CARTESIAN_POINT('',(5.04972870589051,6.25493995156801E-16,15.06));
#2813=VECTOR('',#3484,1.0);
#2814=AXIS2_PLACEMENT_3D('',#3485,#3486,#3487);
#2815=COLOUR_RGB('',0.501960813999176,0.501960813999176,0.0);
#2816=CARTESIAN_POINT('',(1.82472870589051,1.53080849893419E-16,15.06));
#2817=CARTESIAN_POINT('',(1.82472870589051,1.53080849893419E-16,10.96));
#2818=CARTESIAN_POINT('',(1.82472870589051,1.53080849893419E-16,15.06));
#2819=VECTOR('',#3488,1.0);
#2820=CARTESIAN_POINT('',(4.3247287058905,0.0,15.06));
#2821=AXIS2_PLACEMENT_3D('',#3489,#3490,#3491);
#2822=CARTESIAN_POINT('',(4.3247287058905,0.0,10.96));
#2823=CARTESIAN_POINT('',(4.3247287058905,-1.53080849893419E-16,15.06));
#2824=VECTOR('',#3492,1.0);
#2825=AXIS2_PLACEMENT_3D('',#3493,#3494,#3495);
#2826=COLOUR_RGB('',1.0,0.501960813999176,0.0);
#2827=CARTESIAN_POINT('',(0.474728705890506,-6.0,7.56));
#2828=CARTESIAN_POINT('',(0.474728705890504,-5.18459255872629,7.56));
#2829=CARTESIAN_POINT('',(0.474728705890505,-3.75614813968157,7.56));
#2830=VECTOR('',#3496,1.0);
#2831=CARTESIAN_POINT('',(-2.7252712941095,7.10295143505465E-16,7.56));
#2832=AXIS2_PLACEMENT_3D('',#3497,#3498,#3499);
#2833=CARTESIAN_POINT('',(3.0747287058905,5.8,7.56));
#2834=AXIS2_PLACEMENT_3D('',#3500,#3501,#3502);
#2835=CARTESIAN_POINT('',(-2.9252712941095,5.8,7.56));
#2836=CARTESIAN_POINT('',(3.07472870589051,5.8,7.56));
#2837=VECTOR('',#3503,1.0);
#2838=CARTESIAN_POINT('',(-2.9252712941095,-17.9,7.56));
#2839=CARTESIAN_POINT('',(-2.9252712941095,-4.085,7.56));
#2840=VECTOR('',#3504,1.0);
#2841=CARTESIAN_POINT('',(9.0747287058905,-17.9,7.56));
#2842=CARTESIAN_POINT('',(3.07472870589051,-17.9,7.56));
#2843=VECTOR('',#3505,1.0);
#2844=CARTESIAN_POINT('',(9.0747287058905,5.8,7.56));
#2845=CARTESIAN_POINT('',(9.0747287058905,-4.085,7.56));
#2846=VECTOR('',#3506,1.0);
#2847=CARTESIAN_POINT('',(3.07472870589051,5.8,7.56));
#2848=VECTOR('',#3507,1.0);
#2849=CARTESIAN_POINT('',(8.8747287058905,-7.10295143505465E-16,7.56));
#2850=AXIS2_PLACEMENT_3D('',#3508,#3509,#3510);
#2851=CARTESIAN_POINT('',(5.6747287058905,-5.18459255872629,7.56));
#2852=AXIS2_PLACEMENT_3D('',#3511,#3512,#3513);
#2853=CARTESIAN_POINT('',(5.6747287058905,-6.0,7.56));
#2854=CARTESIAN_POINT('',(5.6747287058905,-3.75614813968157,7.56));
#2855=VECTOR('',#3514,1.0);
#2856=AXIS2_PLACEMENT_3D('',#3515,#3516,#3517);
#2857=COLOUR_RGB('',0.501960813999176,0.501960813999176,0.0);
#2858=AXIS2_PLACEMENT_3D('',#3518,#3519,#3520);
#2859=AXIS2_PLACEMENT_3D('',#3521,#3522,#3523);
#2860=COLOUR_RGB('',0.501960813999176,0.501960813999176,0.0);
#2861=AXIS2_PLACEMENT_3D('',#3524,#3525,#3526);
#2862=COLOUR_RGB('',0.752941191196442,0.752941191196442,0.752941191196442);
#2863=CARTESIAN_POINT('',(7.27472870589051,-17.05,-10.54));
#2864=CARTESIAN_POINT('',(7.77472870589051,-17.05,-10.54));
#2865=CARTESIAN_POINT('',(8.67472870589051,-17.05,-10.54));
#2866=VECTOR('',#3527,1.0);
#2867=CARTESIAN_POINT('',(7.77472870589051,-16.55,-10.54));
#2868=CARTESIAN_POINT('',(7.77472870589051,-16.55,-10.54));
#2869=VECTOR('',#3528,1.0);
#2870=CARTESIAN_POINT('',(8.17472870589051,-16.55,-10.54));
#2871=CARTESIAN_POINT('',(8.17472870589051,-16.55,-10.54));
#2872=VECTOR('',#3529,1.0);
#2873=CARTESIAN_POINT('',(8.17472870589051,-17.05,-10.54));
#2874=CARTESIAN_POINT('',(8.17472870589051,-17.95,-10.54));
#2875=VECTOR('',#3530,1.0);
#2876=CARTESIAN_POINT('',(8.67472870589051,-17.05,-10.54));
#2877=CARTESIAN_POINT('',(8.67472870589051,-17.05,-10.54));
#2878=VECTOR('',#3531,1.0);
#2879=CARTESIAN_POINT('',(8.67472870589051,-17.45,-10.54));
#2880=CARTESIAN_POINT('',(8.67472870589051,-17.45,-10.54));
#2881=VECTOR('',#3532,1.0);
#2882=CARTESIAN_POINT('',(8.17472870589051,-17.45,-10.54));
#2883=CARTESIAN_POINT('',(7.27472870589051,-17.45,-10.54));
#2884=VECTOR('',#3533,1.0);
#2885=CARTESIAN_POINT('',(8.17472870589051,-17.95,-10.54));
#2886=CARTESIAN_POINT('',(8.17472870589051,-17.95,-10.54));
#2887=VECTOR('',#3534,1.0);
#2888=CARTESIAN_POINT('',(7.7747287058905,-17.95,-10.54));
#2889=CARTESIAN_POINT('',(7.7747287058905,-17.95,-10.54));
#2890=VECTOR('',#3535,1.0);
#2891=CARTESIAN_POINT('',(7.77472870589051,-17.45,-10.54));
#2892=CARTESIAN_POINT('',(7.77472870589051,-16.55,-10.54));
#2893=VECTOR('',#3536,1.0);
#2894=CARTESIAN_POINT('',(7.27472870589051,-17.45,-10.54));
#2895=CARTESIAN_POINT('',(7.27472870589051,-17.45,-10.54));
#2896=VECTOR('',#3537,1.0);
#2897=CARTESIAN_POINT('',(7.27472870589051,-17.05,-10.54));
#2898=VECTOR('',#3538,1.0);
#2899=COLOUR_RGB('',0.752941191196442,0.752941191196442,0.752941191196442);
#2900=CARTESIAN_POINT('',(-2.52527129410949,4.94999999999999,-10.32));
#2901=CARTESIAN_POINT('',(-2.02527129410949,4.94999999999999,-10.32));
#2902=CARTESIAN_POINT('',(-1.12527129410949,4.94999999999999,-10.32));
#2903=VECTOR('',#3539,1.0);
#2904=CARTESIAN_POINT('',(-2.02527129410949,5.44999999999999,-10.32));
#2905=CARTESIAN_POINT('',(-2.02527129410949,5.44999999999999,-10.32));
#2906=VECTOR('',#3540,1.0);
#2907=CARTESIAN_POINT('',(-1.62527129410949,5.44999999999999,-10.32));
#2908=CARTESIAN_POINT('',(-1.62527129410949,5.44999999999999,-10.32));
#2909=VECTOR('',#3541,1.0);
#2910=CARTESIAN_POINT('',(-1.62527129410949,4.94999999999999,-10.32));
#2911=CARTESIAN_POINT('',(-1.62527129410949,4.04999999999999,-10.32));
#2912=VECTOR('',#3542,1.0);
#2913=CARTESIAN_POINT('',(-1.12527129410949,4.94999999999999,-10.32));
#2914=CARTESIAN_POINT('',(-1.12527129410949,4.94999999999999,-10.32));
#2915=VECTOR('',#3543,1.0);
#2916=CARTESIAN_POINT('',(-1.12527129410949,4.54999999999999,-10.32));
#2917=CARTESIAN_POINT('',(-1.12527129410949,4.54999999999999,-10.32));
#2918=VECTOR('',#3544,1.0);
#2919=CARTESIAN_POINT('',(-1.62527129410949,4.54999999999999,-10.32));
#2920=CARTESIAN_POINT('',(-2.52527129410949,4.54999999999999,-10.32));
#2921=VECTOR('',#3545,1.0);
#2922=CARTESIAN_POINT('',(-1.62527129410949,4.04999999999999,-10.32));
#2923=CARTESIAN_POINT('',(-1.62527129410949,4.04999999999999,-10.32));
#2924=VECTOR('',#3546,1.0);
#2925=CARTESIAN_POINT('',(-2.02527129410949,4.04999999999999,-10.32));
#2926=CARTESIAN_POINT('',(-2.02527129410949,4.04999999999999,-10.32));
#2927=VECTOR('',#3547,1.0);
#2928=CARTESIAN_POINT('',(-2.02527129410949,4.54999999999999,-10.32));
#2929=CARTESIAN_POINT('',(-2.02527129410949,5.44999999999999,-10.32));
#2930=VECTOR('',#3548,1.0);
#2931=CARTESIAN_POINT('',(-2.52527129410949,4.54999999999999,-10.32));
#2932=CARTESIAN_POINT('',(-2.52527129410949,4.54999999999999,-10.32));
#2933=VECTOR('',#3549,1.0);
#2934=CARTESIAN_POINT('',(-2.52527129410949,4.94999999999999,-10.32));
#2935=VECTOR('',#3550,1.0);
#2936=COLOUR_RGB('',0.501960813999176,0.501960813999176,0.0);
#2937=COLOUR_RGB('',0.752941191196442,0.752941191196442,0.752941191196442);
#2938=CARTESIAN_POINT('',(7.77472870589051,-17.05,-11.04));
#2939=CARTESIAN_POINT('',(5.29972870589051,-17.05,-11.04));
#2940=VECTOR('',#3551,1.0);
#2941=CARTESIAN_POINT('',(7.77472870589051,-17.05,-10.54));
#2942=VECTOR('',#3552,1.0);
#2943=CARTESIAN_POINT('',(7.27472870589051,-17.05,-10.54));
#2944=VECTOR('',#3553,1.0);
#2945=COLOUR_RGB('',0.752941191196442,0.752941191196442,0.752941191196442);
#2946=CARTESIAN_POINT('',(7.77472870589053,-11.525,-11.04));
#2947=VECTOR('',#3554,1.0);
#2948=COLOUR_RGB('',0.752941191196442,0.752941191196442,0.752941191196442);
#2949=CARTESIAN_POINT('',(7.77472870589051,-16.55,-10.54));
#2950=VECTOR('',#3555,1.0);
#2951=COLOUR_RGB('',0.752941191196442,0.752941191196442,0.752941191196442);
#2952=CARTESIAN_POINT('',(8.17472870589051,-16.55,-10.54));
#2953=VECTOR('',#3556,1.0);
#2954=COLOUR_RGB('',0.752941191196442,0.752941191196442,0.752941191196442);
#2955=CARTESIAN_POINT('',(8.17472870589051,-17.05,-11.04));
#2956=CARTESIAN_POINT('',(8.17472870589053,-11.525,-11.04));
#2957=VECTOR('',#3557,1.0);
#2958=CARTESIAN_POINT('',(8.17472870589051,-17.05,-10.54));
#2959=VECTOR('',#3558,1.0);
#2960=COLOUR_RGB('',0.752941191196442,0.752941191196442,0.752941191196442);
#2961=CARTESIAN_POINT('',(5.74972870589051,-17.05,-11.04));
#2962=VECTOR('',#3559,1.0);
#2963=COLOUR_RGB('',0.752941191196442,0.752941191196442,0.752941191196442);
#2964=CARTESIAN_POINT('',(8.67472870589051,-17.05,-10.54));
#2965=VECTOR('',#3560,1.0);
#2966=COLOUR_RGB('',0.752941191196442,0.752941191196442,0.752941191196442);
#2967=CARTESIAN_POINT('',(8.67472870589051,-17.45,-10.9377239502329));
#2968=CARTESIAN_POINT('',(8.67472870589051,-17.45,-10.9377239502329));
#2969=CARTESIAN_POINT('',(8.67472870589051,-17.3907647407403,-10.9501218747836));
#2970=CARTESIAN_POINT('',(8.67472870589051,-17.328184608362,-10.9562503225776));
#2971=CARTESIAN_POINT('',(8.67472870589051,-17.27087635033,-10.9573771979899));
#2972=CARTESIAN_POINT('',(8.67472870589051,-17.2131136594089,-10.9585130090995));
#2973=CARTESIAN_POINT('',(8.67472870589051,-17.1535475364521,-10.9551672741286));
#2974=CARTESIAN_POINT('',(8.67472870589051,-17.0927209144417,-10.9455515964224));
#2975=CARTESIAN_POINT('',(8.67472870589051,-17.0783678465051,-10.9432826149992));
#2976=CARTESIAN_POINT('',(8.67472870589051,-17.0640883958164,-10.9406726478592));
#2977=CARTESIAN_POINT('',(8.67472870589051,-17.05,-10.9377239502329));
#2978=CARTESIAN_POINT('',(8.67472870589051,-17.45,-10.54));
#2979=VECTOR('',#3561,1.0);
#2980=COLOUR_RGB('',0.752941191196442,0.752941191196442,0.752941191196442);
#2981=CARTESIAN_POINT('',(8.17472870589051,-17.625,-11.04));
#2982=CARTESIAN_POINT('',(8.34972870589051,-17.45,-11.04));
#2983=AXIS2_PLACEMENT_3D('',#3562,#3563,#3564);
#2984=CARTESIAN_POINT('',(8.17472870589051,-17.45,-11.04));
#2985=CARTESIAN_POINT('',(8.17472870589053,-11.975,-11.04));
#2986=VECTOR('',#3565,1.0);
#2987=CARTESIAN_POINT('',(5.74972870589051,-17.45,-11.04));
#2988=VECTOR('',#3566,1.0);
#2989=COLOUR_RGB('',0.752941191196442,0.752941191196442,0.752941191196442);
#2990=CARTESIAN_POINT('',(8.17472870589051,-17.95,-10.9377239502329));
#2991=CARTESIAN_POINT('',(8.17472870589051,-17.95,-10.9377239502329));
#2992=CARTESIAN_POINT('',(8.17472870589051,-17.9146740353681,-10.9636019538716));
#2993=CARTESIAN_POINT('',(8.17472870589051,-17.8778780094226,-10.9840877853012));
#2994=CARTESIAN_POINT('',(8.17472870589051,-17.8355762591045,-11.0009185485977));
#2995=CARTESIAN_POINT('',(8.17472870589051,-17.7802391308585,-11.022935748832));
#2996=CARTESIAN_POINT('',(8.17472870589051,-17.7265293222747,-11.0345405367927));
#2997=CARTESIAN_POINT('',(8.17472870589051,-17.6671777581265,-11.038581094066));
#2998=CARTESIAN_POINT('',(8.17472870589051,-17.6530667738215,-11.0395417467647));
#2999=CARTESIAN_POINT('',(8.17472870589051,-17.6389270614241,-11.04));
#3000=CARTESIAN_POINT('',(8.17472870589051,-17.625,-11.04));
#3001=CARTESIAN_POINT('',(8.17472870589051,-17.95,-10.54));
#3002=VECTOR('',#3567,1.0);
#3003=CARTESIAN_POINT('',(8.17472870589051,-17.45,-10.54));
#3004=VECTOR('',#3568,1.0);
#3005=COLOUR_RGB('',0.752941191196442,0.752941191196442,0.752941191196442);
#3006=CARTESIAN_POINT('',(7.7747287058905,-17.625,-11.04));
#3007=CARTESIAN_POINT('',(7.7747287058905,-17.95,-10.9377239502329));
#3008=CARTESIAN_POINT('',(7.7747287058905,-17.625,-11.04));
#3009=CARTESIAN_POINT('',(7.7747287058905,-17.6696797838,-11.04));
#3010=CARTESIAN_POINT('',(7.7747287058905,-17.7164539893474,-11.0347637301665));
#3011=CARTESIAN_POINT('',(7.7747287058905,-17.7577031288666,-11.0252187809739));
#3012=CARTESIAN_POINT('',(7.7747287058905,-17.8096149725254,-11.0132065083302));
#3013=CARTESIAN_POINT('',(7.7747287058905,-17.8658366374145,-10.9907054672793));
#3014=CARTESIAN_POINT('',(7.7747287058905,-17.9108343255383,-10.9637259464905));
#3015=CARTESIAN_POINT('',(7.7747287058905,-17.9239385824853,-10.9558689523323));
#3016=CARTESIAN_POINT('',(7.7747287058905,-17.937081776911,-10.9471871829453));
#3017=CARTESIAN_POINT('',(7.7747287058905,-17.95,-10.9377239502329));
#3018=CARTESIAN_POINT('',(7.77472870589051,-17.45,-11.04));
#3019=CARTESIAN_POINT('',(7.77472870589052,-11.975,-11.04));
#3020=VECTOR('',#3569,1.0);
#3021=CARTESIAN_POINT('',(7.77472870589051,-17.45,-10.54));
#3022=VECTOR('',#3570,1.0);
#3023=CARTESIAN_POINT('',(7.7747287058905,-17.95,-10.54));
#3024=VECTOR('',#3571,1.0);
#3025=COLOUR_RGB('',0.752941191196442,0.752941191196442,0.752941191196442);
#3026=CARTESIAN_POINT('',(7.5997287058905,-17.45,-11.04));
#3027=AXIS2_PLACEMENT_3D('',#3572,#3573,#3574);
#3028=CARTESIAN_POINT('',(5.29972870589051,-17.45,-11.04));
#3029=VECTOR('',#3575,1.0);
#3030=COLOUR_RGB('',0.752941191196442,0.752941191196442,0.752941191196442);
#3031=CARTESIAN_POINT('',(7.27472870589051,-17.45,-10.9377239502329));
#3032=CARTESIAN_POINT('',(7.27472870589051,-17.45,-10.54));
#3033=VECTOR('',#3576,1.0);
#3034=CARTESIAN_POINT('',(7.27472870589051,-17.05,-10.9377239502329));
#3035=CARTESIAN_POINT('',(7.27472870589051,-17.1092352592598,-10.9501218747836));
#3036=CARTESIAN_POINT('',(7.27472870589051,-17.1718153916381,-10.9562503225776));
#3037=CARTESIAN_POINT('',(7.27472870589051,-17.2291236496702,-10.9573771979899));
#3038=CARTESIAN_POINT('',(7.27472870589051,-17.2868863405912,-10.9585130090994));
#3039=CARTESIAN_POINT('',(7.27472870589051,-17.3464524635479,-10.9551672741286));
#3040=CARTESIAN_POINT('',(7.27472870589051,-17.4072790855583,-10.9455515964224));
#3041=CARTESIAN_POINT('',(7.27472870589051,-17.421632153495,-10.9432826149992));
#3042=CARTESIAN_POINT('',(7.27472870589051,-17.4359116041837,-10.9406726478592));
#3043=CARTESIAN_POINT('',(7.27472870589051,-17.45,-10.9377239502329));
#3044=COLOUR_RGB('',0.752941191196442,0.752941191196442,0.752941191196442);
#3045=CARTESIAN_POINT('',(-2.02527129410949,4.94999999999999,-11.04));
#3046=CARTESIAN_POINT('',(-2.02527129410951,-0.750000000000001,-11.04));
#3047=VECTOR('',#3577,1.0);
#3048=CARTESIAN_POINT('',(-1.12527129410949,4.94999999999999,-11.04));
#3049=VECTOR('',#3578,1.0);
#3050=COLOUR_RGB('',0.752941191196442,0.752941191196442,0.752941191196442);
#3051=CARTESIAN_POINT('',(-2.02527129410949,5.44999999999999,-11.04));
#3052=VECTOR('',#3579,1.0);
#3053=CARTESIAN_POINT('',(-2.02527129410949,4.94999999999999,-11.04));
#3054=VECTOR('',#3580,1.0);
#3055=COLOUR_RGB('',0.752941191196442,0.752941191196442,0.752941191196442);
#3056=CARTESIAN_POINT('',(-1.62527129410949,4.94999999999999,-11.04));
#3057=CARTESIAN_POINT('',(-1.62527129410951,-0.750000000000003,-11.04));
#3058=VECTOR('',#3581,1.0);
#3059=CARTESIAN_POINT('',(-1.62527129410949,4.94999999999999,-11.04));
#3060=VECTOR('',#3582,1.0);
#3061=CARTESIAN_POINT('',(-1.62527129410949,5.44999999999999,-11.04));
#3062=VECTOR('',#3583,1.0);
#3063=COLOUR_RGB('',0.752941191196442,0.752941191196442,0.752941191196442);
#3064=CARTESIAN_POINT('',(-1.12527129410949,4.94999999999999,-11.04));
#3065=VECTOR('',#3584,1.0);
#3066=COLOUR_RGB('',0.752941191196442,0.752941191196442,0.752941191196442);
#3067=CARTESIAN_POINT('',(-1.12527129410949,4.54999999999999,-10.9377239502329));
#3068=CARTESIAN_POINT('',(-1.12527129410949,4.54999999999999,-10.9377239502329));
#3069=CARTESIAN_POINT('',(-1.12527129410949,4.60923525925978,-10.9501218747836));
#3070=CARTESIAN_POINT('',(-1.12527129410949,4.67181539163814,-10.9562503225776));
#3071=CARTESIAN_POINT('',(-1.12527129410949,4.72912364967025,-10.9573771979899));
#3072=CARTESIAN_POINT('',(-1.12527129410949,4.78688634059124,-10.9585130090994));
#3073=CARTESIAN_POINT('',(-1.12527129410949,4.84645246354794,-10.9551672741286));
#3074=CARTESIAN_POINT('',(-1.12527129410949,4.90727908555828,-10.9455515964224));
#3075=CARTESIAN_POINT('',(-1.12527129410949,4.92163215349494,-10.9432826149992));
#3076=CARTESIAN_POINT('',(-1.12527129410949,4.93591160418362,-10.9406726478592));
#3077=CARTESIAN_POINT('',(-1.12527129410949,4.94999999999999,-10.9377239502329));
#3078=CARTESIAN_POINT('',(-1.12527129410949,4.54999999999999,-11.04));
#3079=VECTOR('',#3585,1.0);
#3080=CARTESIAN_POINT('',(-1.12527129410949,4.94999999999999,-11.04));
#3081=VECTOR('',#3586,1.0);
#3082=COLOUR_RGB('',0.752941191196442,0.752941191196442,0.752941191196442);
#3083=CARTESIAN_POINT('',(-1.45027129410949,4.54999999999999,-11.04));
#3084=CARTESIAN_POINT('',(-1.45027129410949,4.54999999999999,-11.04));
#3085=CARTESIAN_POINT('',(-1.40559151031001,4.54999999999999,-11.04));
#3086=CARTESIAN_POINT('',(-1.35881730476307,4.54999999999999,-11.0347637301666));
#3087=CARTESIAN_POINT('',(-1.31756816524427,4.54999999999999,-11.0252187809742));
#3088=CARTESIAN_POINT('',(-1.26565632158453,4.54999999999999,-11.0132065083305));
#3089=CARTESIAN_POINT('',(-1.20943465669489,4.54999999999999,-10.9907054672793));
#3090=CARTESIAN_POINT('',(-1.16443696857048,4.54999999999999,-10.9637259464901));
#3091=CARTESIAN_POINT('',(-1.15133271162373,4.54999999999999,-10.955868952332));
#3092=CARTESIAN_POINT('',(-1.1381895171983,4.54999999999999,-10.9471871829452));
#3093=CARTESIAN_POINT('',(-1.12527129410953,4.54999999999999,-10.9377239502329));
#3094=CARTESIAN_POINT('',(-1.62527129410949,4.54999999999999,-11.04));
#3095=CARTESIAN_POINT('',(-2.52527129410949,4.54999999999999,-11.04));
#3096=VECTOR('',#3587,1.0);
#3097=CARTESIAN_POINT('',(-1.62527129410949,4.54999999999999,-11.04));
#3098=VECTOR('',#3588,1.0);
#3099=COLOUR_RGB('',0.752941191196442,0.752941191196442,0.752941191196442);
#3100=CARTESIAN_POINT('',(-1.62527129410949,4.37499999999999,-11.04));
#3101=AXIS2_PLACEMENT_3D('',#3589,#3590,#3591);
#3102=CARTESIAN_POINT('',(-1.62527129410951,-0.750000000000003,-11.04));
#3103=VECTOR('',#3592,1.0);
#3104=COLOUR_RGB('',0.752941191196442,0.752941191196442,0.752941191196442);
#3105=CARTESIAN_POINT('',(-1.62527129410949,4.04999999999999,-10.9377239502329));
#3106=CARTESIAN_POINT('',(-1.62527129410949,4.05000000000003,-10.9377239502329));
#3107=CARTESIAN_POINT('',(-1.62527129410949,4.08532596463194,-10.9636019538716));
#3108=CARTESIAN_POINT('',(-1.62527129410949,4.1221219905775,-10.9840877853013));
#3109=CARTESIAN_POINT('',(-1.62527129410949,4.16442374089556,-11.0009185485977));
#3110=CARTESIAN_POINT('',(-1.62527129410949,4.21976086914155,-11.022935748832));
#3111=CARTESIAN_POINT('',(-1.62527129410949,4.27347067772532,-11.0345405367928));
#3112=CARTESIAN_POINT('',(-1.62527129410949,4.33282224187357,-11.038581094066));
#3113=CARTESIAN_POINT('',(-1.62527129410949,4.3469332261785,-11.0395417467647));
#3114=CARTESIAN_POINT('',(-1.62527129410949,4.36107293857589,-11.04));
#3115=CARTESIAN_POINT('',(-1.62527129410949,4.37499999999999,-11.04));
#3116=CARTESIAN_POINT('',(-1.62527129410949,4.04999999999999,-11.04));
#3117=VECTOR('',#3593,1.0);
#3118=COLOUR_RGB('',0.752941191196442,0.752941191196442,0.752941191196442);
#3119=CARTESIAN_POINT('',(-2.02527129410949,4.04999999999999,-10.9377239502329));
#3120=CARTESIAN_POINT('',(-2.02527129410949,4.04999999999999,-10.9377239502329));
#3121=CARTESIAN_POINT('',(-1.96603603484967,4.04999999999999,-10.9501218747837));
#3122=CARTESIAN_POINT('',(-1.90345590247127,4.04999999999999,-10.9562503225776));
#3123=CARTESIAN_POINT('',(-1.84614764443913,4.04999999999999,-10.9573771979899));
#3124=CARTESIAN_POINT('',(-1.78838495351819,4.04999999999999,-10.9585130090994));
#3125=CARTESIAN_POINT('',(-1.72881883056152,4.04999999999999,-10.9551672741286));
#3126=CARTESIAN_POINT('',(-1.66799220855121,4.04999999999999,-10.9455515964224));
#3127=CARTESIAN_POINT('',(-1.65363914061455,4.04999999999999,-10.9432826149992));
#3128=CARTESIAN_POINT('',(-1.63935968992586,4.04999999999999,-10.9406726478592));
#3129=CARTESIAN_POINT('',(-1.62527129410949,4.04999999999999,-10.9377239502329));
#3130=CARTESIAN_POINT('',(-2.02527129410949,4.04999999999999,-11.04));
#3131=VECTOR('',#3594,1.0);
#3132=COLOUR_RGB('',0.752941191196442,0.752941191196442,0.752941191196442);
#3133=CARTESIAN_POINT('',(-2.02527129410949,4.37499999999999,-11.04));
#3134=CARTESIAN_POINT('',(-2.02527129410949,4.37499999999999,-11.04));
#3135=CARTESIAN_POINT('',(-2.02527129410949,4.33032021620044,-11.04));
#3136=CARTESIAN_POINT('',(-2.02527129410949,4.28354601065344,-11.0347637301666));
#3137=CARTESIAN_POINT('',(-2.02527129410949,4.2422968711346,-11.0252187809742));
#3138=CARTESIAN_POINT('',(-2.02527129410949,4.19038502747498,-11.0132065083305));
#3139=CARTESIAN_POINT('',(-2.02527129410949,4.13416336258542,-10.9907054672793));
#3140=CARTESIAN_POINT('',(-2.02527129410949,4.0891656744611,-10.9637259464902));
#3141=CARTESIAN_POINT('',(-2.02527129410949,4.07606141751431,-10.955868952332));
#3142=CARTESIAN_POINT('',(-2.02527129410949,4.06291822308884,-10.9471871829452));
#3143=CARTESIAN_POINT('',(-2.02527129410949,4.05000000000003,-10.9377239502329));
#3144=CARTESIAN_POINT('',(-2.02527129410949,4.54999999999999,-11.04));
#3145=CARTESIAN_POINT('',(-2.02527129410951,-0.750000000000001,-11.04));
#3146=VECTOR('',#3595,1.0);
#3147=CARTESIAN_POINT('',(-2.02527129410949,4.54999999999999,-11.04));
#3148=VECTOR('',#3596,1.0);
#3149=COLOUR_RGB('',0.752941191196442,0.752941191196442,0.752941191196442);
#3150=CARTESIAN_POINT('',(-2.20027129410949,4.54999999999999,-11.04));
#3151=AXIS2_PLACEMENT_3D('',#3597,#3598,#3599);
#3152=CARTESIAN_POINT('',(-2.52527129410949,4.54999999999999,-11.04));
#3153=VECTOR('',#3600,1.0);
#3154=COLOUR_RGB('',0.752941191196442,0.752941191196442,0.752941191196442);
#3155=CARTESIAN_POINT('',(-2.52527129410949,4.54999999999999,-10.9377239502329));
#3156=CARTESIAN_POINT('',(-2.52527129410945,4.54999999999999,-10.9377239502329));
#3157=CARTESIAN_POINT('',(-2.48994532947754,4.54999999999999,-10.9636019538716));
#3158=CARTESIAN_POINT('',(-2.453149303532,4.54999999999999,-10.9840877853013));
#3159=CARTESIAN_POINT('',(-2.41084755321394,4.54999999999999,-11.0009185485977));
#3160=CARTESIAN_POINT('',(-2.35551042496794,4.54999999999999,-11.022935748832));
#3161=CARTESIAN_POINT('',(-2.30180061638416,4.54999999999999,-11.0345405367928));
#3162=CARTESIAN_POINT('',(-2.24244905223589,4.54999999999999,-11.038581094066));
#3163=CARTESIAN_POINT('',(-2.22833806793097,4.54999999999999,-11.0395417467647));
#3164=CARTESIAN_POINT('',(-2.21419835553358,4.54999999999999,-11.04));
#3165=CARTESIAN_POINT('',(-2.20027129410949,4.54999999999999,-11.04));
#3166=CARTESIAN_POINT('',(-2.52527129410949,4.54999999999999,-11.04));
#3167=VECTOR('',#3601,1.0);
#3168=COLOUR_RGB('',0.752941191196442,0.752941191196442,0.752941191196442);
#3169=CARTESIAN_POINT('',(-2.52527129410949,4.94999999999999,-11.04));
#3170=VECTOR('',#3602,1.0);
#3171=CARTESIAN_POINT('',(-2.52527129410949,4.94999999999999,-10.9377239502329));
#3172=CARTESIAN_POINT('',(-2.52527129410949,4.89076474074018,-10.9501218747837));
#3173=CARTESIAN_POINT('',(-2.52527129410949,4.82818460836179,-10.9562503225776));
#3174=CARTESIAN_POINT('',(-2.52527129410949,4.77087635032967,-10.9573771979899));
#3175=CARTESIAN_POINT('',(-2.52527129410949,4.71311365940871,-10.9585130090994));
#3176=CARTESIAN_POINT('',(-2.52527129410949,4.65354753645203,-10.9551672741286));
#3177=CARTESIAN_POINT('',(-2.52527129410949,4.59272091444172,-10.9455515964224));
#3178=CARTESIAN_POINT('',(-2.52527129410949,4.57836784650505,-10.9432826149992));
#3179=CARTESIAN_POINT('',(-2.52527129410949,4.56408839581636,-10.9406726478592));
#3180=CARTESIAN_POINT('',(-2.52527129410949,4.54999999999999,-10.9377239502329));
#3181=COLOUR_RGB('',0.501960813999176,0.501960813999176,0.0);
#3182=AXIS2_PLACEMENT_3D('',#3603,#3604,#3605);
#3183=COLOUR_RGB('',0.752941191196442,0.752941191196442,0.752941191196442);
#3184=CARTESIAN_POINT('',(7.27472870589055,-17.45,-10.9377239502329));
#3185=CARTESIAN_POINT('',(7.31005467052245,-17.45,-10.9636019538716));
#3186=CARTESIAN_POINT('',(7.34685069646798,-17.45,-10.9840877853012));
#3187=CARTESIAN_POINT('',(7.38915244678602,-17.45,-11.0009185485977));
#3188=CARTESIAN_POINT('',(7.44448957503205,-17.45,-11.022935748832));
#3189=CARTESIAN_POINT('',(7.49819938361586,-17.45,-11.0345405367928));
#3190=CARTESIAN_POINT('',(7.55755094776416,-17.45,-11.038581094066));
#3191=CARTESIAN_POINT('',(7.57166193206906,-17.45,-11.0395417467647));
#3192=CARTESIAN_POINT('',(7.58580164446643,-17.45,-11.04));
#3193=CARTESIAN_POINT('',(7.5997287058905,-17.45,-11.04));
#3194=CARTESIAN_POINT('',(7.7747287058905,-17.95,-10.9377239502329));
#3195=CARTESIAN_POINT('',(7.83396396515031,-17.95,-10.9501218747837));
#3196=CARTESIAN_POINT('',(7.89654409752869,-17.95,-10.9562503225776));
#3197=CARTESIAN_POINT('',(7.95385235556082,-17.95,-10.9573771979899));
#3198=CARTESIAN_POINT('',(8.01161504648178,-17.95,-10.9585130090994));
#3199=CARTESIAN_POINT('',(8.07118116943847,-17.95,-10.9551672741286));
#3200=CARTESIAN_POINT('',(8.13200779144879,-17.95,-10.9455515964224));
#3201=CARTESIAN_POINT('',(8.14636085938545,-17.95,-10.9432826149992));
#3202=CARTESIAN_POINT('',(8.16064031007414,-17.95,-10.9406726478592));
#3203=CARTESIAN_POINT('',(8.17472870589051,-17.95,-10.9377239502329));
#3204=CARTESIAN_POINT('',(8.34972870589051,-17.45,-11.04));
#3205=CARTESIAN_POINT('',(8.39440848969007,-17.45,-11.04));
#3206=CARTESIAN_POINT('',(8.44118269523711,-17.45,-11.0347637301666));
#3207=CARTESIAN_POINT('',(8.48243183475596,-17.45,-11.0252187809741));
#3208=CARTESIAN_POINT('',(8.53434367841555,-17.45,-11.0132065083305));
#3209=CARTESIAN_POINT('',(8.59056534330511,-17.45,-10.9907054672793));
#3210=CARTESIAN_POINT('',(8.63556303142939,-17.45,-10.9637259464902));
#3211=CARTESIAN_POINT('',(8.64866728837618,-17.45,-10.955868952332));
#3212=CARTESIAN_POINT('',(8.66181048280166,-17.45,-10.9471871829452));
#3213=CARTESIAN_POINT('',(8.67472870589046,-17.45,-10.9377239502329));
#3214=AXIS2_PLACEMENT_3D('',#3606,#3607,#3608);
#3215=COLOUR_RGB('',1.0,0.501960813999176,0.0);
#3216=AXIS2_PLACEMENT_3D('',#3609,#3610,#3611);
#3217=COLOUR_RGB('',0.250980406999588,0.0,0.0);
#3218=AXIS2_PLACEMENT_3D('',#3612,#3613,#3614);
#3219=COLOUR_RGB('',1.0,0.0,0.0);
#3220=AXIS2_PLACEMENT_3D('',#3615,#3616,#3617);
#3221=COLOUR_RGB('',0.752941191196442,0.752941191196442,0.752941191196442);
#3222=AXIS2_PLACEMENT_3D('',#3618,#3619,#3620);
#3223=COLOUR_RGB('',0.501960813999176,0.501960813999176,0.0);
#3224=AXIS2_PLACEMENT_3D('',#3621,#3622,#3623);
#3225=COLOUR_RGB('',0.752941191196442,0.752941191196442,0.752941191196442);
#3226=CARTESIAN_POINT('',(8.63285103494492,-17.9,-10.04));
#3227=AXIS2_PLACEMENT_3D('',#3624,#3625,#3626);
#3228=CARTESIAN_POINT('',(7.31660637683608,-17.9,-10.04));
#3229=AXIS2_PLACEMENT_3D('',#3627,#3628,#3629);
#3230=AXIS2_PLACEMENT_3D('',#3630,#3631,#3632);
#3231=COLOUR_RGB('',1.0,0.501960813999176,0.0);
#3232=AXIS2_PLACEMENT_3D('',#3633,#3634,#3635);
#3233=COLOUR_RGB('',0.250980406999588,0.0,0.0);
#3234=AXIS2_PLACEMENT_3D('',#3636,#3637,#3638);
#3235=COLOUR_RGB('',1.0,0.0,0.0);
#3236=AXIS2_PLACEMENT_3D('',#3639,#3640,#3641);
#3237=COLOUR_RGB('',0.752941191196442,0.752941191196442,0.752941191196442);
#3238=AXIS2_PLACEMENT_3D('',#3642,#3643,#3644);
#3239=COLOUR_RGB('',0.501960813999176,0.501960813999176,0.0);
#3240=AXIS2_PLACEMENT_3D('',#3645,#3646,#3647);
#3241=COLOUR_RGB('',0.0,0.0,0.0);
#3242=EDGE_CURVE('',#3648,#3649,#3650,.T.);
#3243=EDGE_CURVE('3:1031',#3648,#3651,#3652,.T.);
#3244=EDGE_CURVE('3:1022',#3651,#3653,#3654,.T.);
#3245=EDGE_CURVE('3:1025',#3653,#3649,#3655,.T.);
#3246=EDGE_CURVE('',#3656,#3657,#3658,.T.);
#3247=EDGE_CURVE('3:1055',#3656,#3659,#3660,.T.);
#3248=EDGE_CURVE('3:1049',#3659,#3661,#3662,.T.);
#3249=EDGE_CURVE('3:1046',#3661,#3657,#3663,.T.);
#3250=EDGE_CURVE('',#3664,#3665,#3666,.T.);
#3251=EDGE_CURVE('3:1043',#3664,#3667,#3668,.T.);
#3252=EDGE_CURVE('14:794',#3667,#3669,#3670,.T.);
#3253=EDGE_CURVE('14:785',#3669,#3665,#3671,.T.);
#3254=EDGE_CURVE('',#3672,#3673,#3674,.T.);
#3255=EDGE_CURVE('3:1067',#3672,#3675,#3676,.T.);
#3256=EDGE_CURVE('3:1064',#3675,#3677,#3678,.T.);
#3257=EDGE_CURVE('14:773',#3677,#3673,#3679,.T.);
#3258=EDGE_CURVE('',#3680,#3681,#3682,.T.);
#3259=EDGE_CURVE('4:3626',#3680,#3683,#3684,.T.);
#3260=EDGE_CURVE('',#3685,#3683,#3686,.T.);
#3261=EDGE_CURVE('4:3335',#3685,#3681,#3687,.F.);
#3262=EDGE_CURVE('',#3688,#3689,#3690,.T.);
#3263=EDGE_CURVE('4:3901',#3688,#3691,#3692,.T.);
#3264=EDGE_CURVE('',#3693,#3691,#3694,.T.);
#3265=EDGE_CURVE('4:3338',#3693,#3689,#3695,.F.);
#3266=EDGE_CURVE('',#3696,#3697,#3698,.T.);
#3267=EDGE_CURVE('3:8980',#3696,#3699,#3700,.T.);
#3268=EDGE_CURVE('3:2909',#3699,#3701,#3702,.T.);
#3269=EDGE_CURVE('3:2912',#3697,#3701,#3703,.T.);
#3270=EDGE_CURVE('',#3704,#3705,#3706,.T.);
#3271=EDGE_CURVE('3:6271',#3704,#3707,#3708,.T.);
#3272=EDGE_CURVE('3:4383',#3707,#3709,#3710,.T.);
#3273=EDGE_CURVE('3:2903',#3705,#3709,#3711,.T.);
#3274=EDGE_CURVE('',#3712,#3713,#3714,.T.);
#3275=EDGE_CURVE('3:2873',#3712,#3715,#3716,.F.);
#3276=EDGE_CURVE('3:2888',#3715,#3717,#3718,.T.);
#3277=EDGE_CURVE('3:2894',#3713,#3717,#3719,.T.);
#3278=EDGE_CURVE('',#3720,#3721,#3722,.T.);
#3279=EDGE_CURVE('3:2876',#3720,#3723,#3724,.F.);
#3280=EDGE_CURVE('3:2879',#3723,#3725,#3726,.T.);
#3281=EDGE_CURVE('3:2885',#3721,#3725,#3727,.T.);
#3282=EDGE_CURVE('',#3728,#1777,#3729,.T.);
#3283=EDGE_CURVE('19:17296',#1775,#3730,#3731,.T.);
#3284=EDGE_CURVE('19:16441',#3730,#3728,#3732,.F.);
#3285=EDGE_CURVE('',#1790,#3733,#3734,.T.);
#3286=EDGE_CURVE('19:16441',#3728,#3733,#3735,.F.);
#3287=EDGE_CURVE('',#3736,#3737,#3738,.T.);
#3288=EDGE_CURVE('19:17635',#3739,#3736,#3740,.T.);
#3289=EDGE_CURVE('',#3741,#3739,#3742,.T.);
#3290=EDGE_CURVE('19:17638',#3741,#3737,#3743,.T.);
#3291=EDGE_CURVE('19:17638',#3737,#3741,#3744,.T.);
#3292=EDGE_CURVE('19:17635',#3736,#3739,#3745,.T.);
#3293=EDGE_CURVE('19:17305',#3730,#3746,#3747,.T.);
#3294=EDGE_CURVE('19:16515',#3746,#3748,#3749,.T.);
#3295=EDGE_CURVE('19:17080',#3748,#3750,#3751,.T.);
#3296=EDGE_CURVE('19:16441',#3733,#3750,#3752,.F.);
#3297=EDGE_CURVE('19:17290',#3746,#1774,#3753,.T.);
#3298=EDGE_CURVE('19:17077',#3750,#1792,#3754,.T.);
#3299=EDGE_CURVE('19:17065',#3748,#1794,#3755,.T.);
#3300=EDGE_CURVE('18:7504',#1976,#1978,#3756,.T.);
#3301=EDGE_CURVE('3:2885',#3757,#3721,#3758,.T.);
#3302=EDGE_CURVE('3:2882',#3757,#3759,#3760,.T.);
#3303=EDGE_CURVE('3:2876',#3759,#3720,#3761,.F.);
#3304=EDGE_CURVE('3:2517',#3762,#3723,#3763,.T.);
#3305=EDGE_CURVE('3:2485',#3764,#3762,#3765,.F.);
#3306=EDGE_CURVE('3:2520',#3764,#3725,#3766,.T.);
#3307=EDGE_CURVE('3:2891',#3767,#3768,#3769,.T.);
#3308=EDGE_CURVE('3:2570',#3767,#3770,#3771,.T.);
#3309=EDGE_CURVE('3:2500',#3772,#3770,#3773,.F.);
#3310=EDGE_CURVE('3:2567',#3768,#3772,#3774,.T.);
#3311=EDGE_CURVE('3:2894',#3767,#3713,#3775,.T.);
#3312=EDGE_CURVE('3:2873',#3768,#3712,#3776,.F.);
#3313=EDGE_CURVE('3:2903',#3777,#3705,#3778,.T.);
#3314=EDGE_CURVE('3:2900',#3777,#3779,#3780,.T.);
#3315=EDGE_CURVE('3:6271',#3779,#3704,#3781,.T.);
#3316=EDGE_CURVE('18:3937',#3782,#3707,#3783,.T.);
#3317=EDGE_CURVE('18:3927',#3782,#3709,#3784,.T.);
#3318=EDGE_CURVE('3:2912',#3785,#3697,#3786,.T.);
#3319=EDGE_CURVE('3:4390',#3785,#3787,#3788,.T.);
#3320=EDGE_CURVE('3:8980',#3787,#3696,#3789,.T.);
#3321=EDGE_CURVE('18:3957',#3790,#3785,#3791,.F.);
#3322=EDGE_CURVE('18:3944',#3787,#3790,#3792,.T.);
#3323=EDGE_CURVE('18:3947',#3790,#3793,#3794,.T.);
#3324=EDGE_CURVE('18:3954',#3795,#3790,#3796,.F.);
#3325=EDGE_CURVE('18:3920',#3793,#3795,#3797,.T.);
#3326=EDGE_CURVE('18:3924',#3798,#3782,#3799,.T.);
#3327=EDGE_CURVE('18:3934',#3800,#3782,#3801,.T.);
#3328=EDGE_CURVE('18:3917',#3798,#3800,#3802,.T.);
#3329=EDGE_CURVE('4:3338',#3689,#3693,#3803,.F.);
#3330=EDGE_CURVE('4:3901',#3691,#3688,#3804,.T.);
#3331=EDGE_CURVE('3:591',#3651,#3805,#3806,.T.);
#3332=EDGE_CURVE('3:1034',#3807,#3805,#3808,.T.);
#3333=EDGE_CURVE('3:597',#3807,#3653,#3809,.F.);
#3334=EDGE_CURVE('3:1052',#3810,#3811,#3812,.T.);
#3335=EDGE_CURVE('3:548',#3810,#3677,#3813,.F.);
#3336=EDGE_CURVE('3:542',#3675,#3811,#3814,.T.);
#3337=EDGE_CURVE('4:3335',#3681,#3685,#3815,.F.);
#3338=EDGE_CURVE('4:3626',#3683,#3680,#3816,.T.);
#3339=EDGE_CURVE('14:773',#3673,#3817,#3818,.T.);
#3340=EDGE_CURVE('14:782',#3817,#3819,#3820,.T.);
#3341=EDGE_CURVE('3:1067',#3819,#3672,#3821,.T.);
#3342=EDGE_CURVE('3:2321',#3798,#3822,#3823,.T.);
#3343=EDGE_CURVE('3:2298',#3824,#3822,#3825,.F.);
#3344=EDGE_CURVE('3:2550',#3777,#3824,#3826,.T.);
#3345=EDGE_CURVE('3:2494',#3824,#3827,#3828,.T.);
#3346=EDGE_CURVE('3:6268',#3827,#3779,#3829,.T.);
#3347=EDGE_CURVE('3:2577',#3830,#3715,#3831,.T.);
#3348=EDGE_CURVE('3:2503',#3830,#3832,#3833,.T.);
#3349=EDGE_CURVE('3:2580',#3832,#3717,#3834,.T.);
#3350=EDGE_CURVE('18:7498',#3835,#1976,#3836,.T.);
#3351=EDGE_CURVE('18:7501',#1978,#3770,#3837,.T.);
#3352=EDGE_CURVE('14:637',#3835,#3832,#3838,.F.);
#3353=EDGE_CURVE('14:785',#3665,#3807,#3839,.T.);
#3354=EDGE_CURVE('3:1043',#3805,#3664,#3840,.T.);
#3355=EDGE_CURVE('3:1031',#3841,#3648,#3842,.T.);
#3356=EDGE_CURVE('3:1489',#3843,#3841,#3844,.T.);
#3357=EDGE_CURVE('3:1579',#3843,#3845,#3846,.T.);
#3358=EDGE_CURVE('3:1467',#3667,#3845,#3847,.T.);
#3359=EDGE_CURVE('3:1565',#3843,#3848,#3849,.T.);
#3360=EDGE_CURVE('3:2311',#3764,#3848,#3850,.T.);
#3361=EDGE_CURVE('3:2308',#3772,#3762,#3851,.T.);
#3362=EDGE_CURVE('3:1562',#3835,#3845,#3852,.T.);
#3363=EDGE_CURVE('3:2337',#3853,#3848,#3854,.F.);
#3364=EDGE_CURVE('3:2510',#3757,#3853,#3855,.T.);
#3365=EDGE_CURVE('3:2482',#3853,#3856,#3857,.T.);
#3366=EDGE_CURVE('3:2507',#3759,#3856,#3858,.T.);
#3367=EDGE_CURVE('3:2334',#3859,#3856,#3860,.F.);
#3368=EDGE_CURVE('3:2324',#3859,#3861,#3862,.F.);
#3369=EDGE_CURVE('3:2295',#3830,#3861,#3863,.F.);
#3370=EDGE_CURVE('3:8986',#3864,#3859,#3865,.F.);
#3371=EDGE_CURVE('3:8983',#3699,#3864,#3866,.T.);
#3372=EDGE_CURVE('3:3127',#3793,#3800,#3867,.T.);
#3373=EDGE_CURVE('3:6265',#3861,#3827,#3868,.F.);
#3374=EDGE_CURVE('3:2488',#3864,#3869,#3870,.T.);
#3375=EDGE_CURVE('3:2527',#3701,#3869,#3871,.F.);
#3376=EDGE_CURVE('3:2318',#3872,#3795,#3873,.T.);
#3377=EDGE_CURVE('14:262',#3872,#3869,#3874,.F.);
#3378=EDGE_CURVE('3:1556',#3872,#3875,#3876,.F.);
#3379=EDGE_CURVE('3:1572',#3875,#3877,#3878,.F.);
#3380=EDGE_CURVE('3:1559',#3877,#3822,#3879,.F.);
#3381=EDGE_CURVE('3:1055',#3811,#3656,#3880,.T.);
#3382=EDGE_CURVE('3:1476',#3877,#3819,#3881,.T.);
#3383=EDGE_CURVE('3:1483',#3659,#3875,#3882,.T.);
#3384=EDGE_CURVE('3:1046',#3657,#3810,#3883,.T.);
#3385=EDGE_CURVE('14:647',#3884,#3669,#3885,.F.);
#3386=EDGE_CURVE('3:618',#3886,#3884,#3887,.F.);
#3387=EDGE_CURVE('14:269',#3888,#3886,#3889,.F.);
#3388=EDGE_CURVE('3:1025',#3649,#3888,#3890,.T.);
#3389=EDGE_CURVE('3:1028',#3888,#3841,#3891,.T.);
#3390=EDGE_CURVE('14:272',#3892,#3661,#3893,.F.);
#3391=EDGE_CURVE('3:435',#3892,#3894,#3895,.F.);
#3392=EDGE_CURVE('14:644',#3817,#3894,#3896,.F.);
#3393=EDGE_CURVE('2:5041',#3894,#1787,#3897,.T.);
#3394=EDGE_CURVE('2:5035',#3884,#1785,#3898,.F.);
#3395=EDGE_CURVE('2:5047',#3886,#1783,#3899,.T.);
#3396=EDGE_CURVE('2:5056',#3892,#1781,#3900,.F.);
#3397=DIRECTION('',(0.0,0.0,1.0));
#3398=CARTESIAN_POINT('',(3.07472870589051,8.67361737988404E-16,11.06));
#3399=DIRECTION('',(0.0,0.0,1.0));
#3400=DIRECTION('',(1.0,0.0,-0.0));
#3401=DIRECTION('',(-0.0,-0.0,-1.0));
#3402=CARTESIAN_POINT('',(3.07472870589051,8.67361737988404E-16,12.06));
#3403=DIRECTION('',(0.0,0.0,-1.0));
#3404=DIRECTION('',(1.0,0.0,0.0));
#3405=DIRECTION('',(0.0,0.0,-1.0));
#3406=CARTESIAN_POINT('',(-1.82527129410949,4.74999999999999,-10.04));
#3407=DIRECTION('',(0.0,0.0,-1.0));
#3408=DIRECTION('',(-1.0,1.34628128587909E-31,0.0));
#3409=CARTESIAN_POINT('',(-1.82527129410949,4.74999999999999,-10.04));
#3410=DIRECTION('',(0.0,0.0,-1.0));
#3411=DIRECTION('',(-1.0,1.34628128587909E-31,0.0));
#3412=DIRECTION('',(-0.0,-0.0,1.0));
#3413=CARTESIAN_POINT('',(-1.82527129410949,4.74999999999999,-10.54));
#3414=DIRECTION('',(0.0,0.0,-1.0));
#3415=DIRECTION('',(1.0,-1.34628128587909E-31,0.0));
#3416=DIRECTION('',(-7.09409014975812E-32,0.526939668861675,-0.84990269171238));
#3417=CARTESIAN_POINT('',(3.07472870589051,3.24999999999999,-11.59));
#3418=DIRECTION('',(7.09409014975812E-32,-0.526939668861675,0.849902691712379));
#3419=DIRECTION('',(-1.0,5.98649783001416E-32,1.20585726270593E-31));
#3420=DIRECTION('',(7.09409014975812E-32,-0.526939668861675,0.84990269171238));
#3421=CARTESIAN_POINT('',(3.07472870589051,4.30387933772334,-13.2898053834248));
#3422=DIRECTION('',(7.09409014975812E-32,-0.526939668861675,0.849902691712379));
#3423=DIRECTION('',(-1.0,5.98649783001416E-32,1.20585726270593E-31));
#3424=DIRECTION('',(-7.09409014975812E-32,0.526939668861675,-0.84990269171238));
#3425=CARTESIAN_POINT('',(1.77472870589049,3.24999999999999,-11.59));
#3426=DIRECTION('',(7.09409014975812E-32,-0.526939668861675,0.849902691712379));
#3427=DIRECTION('',(-1.0,5.98649783001416E-32,1.20585726270593E-31));
#3428=DIRECTION('',(7.09409014975812E-32,-0.526939668861675,0.84990269171238));
#3429=CARTESIAN_POINT('',(1.77472870589049,4.30387933772334,-13.2898053834248));
#3430=DIRECTION('',(7.09409014975812E-32,-0.526939668861675,0.849902691712379));
#3431=DIRECTION('',(-1.0,5.98649783001416E-32,1.20585726270593E-31));
#3432=DIRECTION('',(-7.09409014975812E-32,0.526939668861675,-0.84990269171238));
#3433=CARTESIAN_POINT('',(4.3747287058905,3.24999999999999,-11.59));
#3434=DIRECTION('',(7.09409014975812E-32,-0.526939668861675,0.84990269171238));
#3435=DIRECTION('',(-1.0,5.98649783001416E-32,1.20585726270593E-31));
#3436=DIRECTION('',(7.09409014975812E-32,-0.526939668861675,0.84990269171238));
#3437=CARTESIAN_POINT('',(4.3747287058905,4.30387933772334,-13.2898053834248));
#3438=DIRECTION('',(7.09409014975812E-32,-0.526939668861675,0.84990269171238));
#3439=DIRECTION('',(-1.0,5.98649783001416E-32,1.20585726270593E-31));
#3440=DIRECTION('',(0.0,0.0,-1.0));
#3441=CARTESIAN_POINT('',(7.97472870589051,-17.25,-10.04));
#3442=DIRECTION('',(0.0,0.0,-1.0));
#3443=DIRECTION('',(-1.0,1.34628128587909E-31,0.0));
#3444=DIRECTION('',(-0.0,-0.0,1.0));
#3445=CARTESIAN_POINT('',(7.97472870589051,-17.25,-10.54));
#3446=DIRECTION('',(0.0,0.0,-1.0));
#3447=DIRECTION('',(1.0,-1.34628128587909E-31,0.0));
#3448=CARTESIAN_POINT('',(-2.25027129410949,4.74999999999999,-10.54));
#3449=DIRECTION('',(-0.0,-1.0,-0.0));
#3450=DIRECTION('',(-1.0,0.0,0.0));
#3451=CARTESIAN_POINT('',(-1.40027129410949,4.74999999999999,-10.54));
#3452=DIRECTION('',(0.0,-1.0,-0.0));
#3453=DIRECTION('',(1.0,0.0,0.0));
#3454=CARTESIAN_POINT('',(-1.82527129410949,4.74999999999999,-11.04));
#3455=DIRECTION('',(0.0,0.0,1.0));
#3456=DIRECTION('',(1.0,-1.34628128587909E-31,0.0));
#3457=CARTESIAN_POINT('',(-1.82527129410949,4.74999999999999,-11.04));
#3458=DIRECTION('',(0.0,0.0,1.0));
#3459=DIRECTION('',(1.0,-1.34628128587909E-31,0.0));
#3460=CARTESIAN_POINT('',(7.54972870589051,-17.25,-10.54));
#3461=DIRECTION('',(-0.0,-1.0,-0.0));
#3462=DIRECTION('',(-1.0,0.0,0.0));
#3463=CARTESIAN_POINT('',(8.39972870589051,-17.25,-10.54));
#3464=DIRECTION('',(0.0,-1.0,-0.0));
#3465=DIRECTION('',(1.0,0.0,0.0));
#3466=CARTESIAN_POINT('',(7.97472870589051,-17.25,-11.04));
#3467=DIRECTION('',(0.0,0.0,1.0));
#3468=DIRECTION('',(1.0,-1.34628128587909E-31,0.0));
#3469=CARTESIAN_POINT('',(7.97472870589051,-17.25,-11.04));
#3470=DIRECTION('',(0.0,0.0,1.0));
#3471=DIRECTION('',(1.0,-1.34628128587909E-31,0.0));
#3472=DIRECTION('',(0.0,0.0,1.0));
#3473=CARTESIAN_POINT('',(3.07472870589051,8.67361737988404E-16,12.06));
#3474=DIRECTION('',(0.0,0.0,1.0));
#3475=DIRECTION('',(1.0,0.0,-0.0));
#3476=DIRECTION('',(-0.0,-0.0,-1.0));
#3477=CARTESIAN_POINT('',(3.07472870589051,8.67361737988404E-16,14.56));
#3478=DIRECTION('',(0.0,0.0,1.0));
#3479=DIRECTION('',(-1.0,0.0,0.0));
#3480=DIRECTION('',(0.707106781186547,-8.65956056235493E-17,0.707106781186548));
#3481=CARTESIAN_POINT('',(3.07472870589051,8.67361737988404E-16,14.56));
#3482=DIRECTION('',(0.0,0.0,1.0));
#3483=DIRECTION('',(-1.0,0.0,0.0));
#3484=DIRECTION('',(0.707106781186548,-8.65956056235493E-17,-0.707106781186548));
#3485=CARTESIAN_POINT('',(3.07472870589051,8.67361737988404E-16,15.06));
#3486=DIRECTION('',(-0.0,0.0,-1.0));
#3487=DIRECTION('',(-1.0,0.0,0.0));
#3488=DIRECTION('',(-0.0,0.0,-1.0));
#3489=CARTESIAN_POINT('',(3.07472870589051,0.0,15.06));
#3490=DIRECTION('',(0.0,0.0,1.0));
#3491=DIRECTION('',(1.0,0.0,-0.0));
#3492=DIRECTION('',(-0.0,0.0,1.0));
#3493=CARTESIAN_POINT('',(3.07472870589051,0.0,10.96));
#3494=DIRECTION('',(0.0,0.0,-1.0));
#3495=DIRECTION('',(1.0,0.0,0.0));
#3496=DIRECTION('',(0.0,1.0,0.0));
#3497=CARTESIAN_POINT('',(3.0747287058905,0.0,7.56));
#3498=DIRECTION('',(0.0,-0.0,1.0));
#3499=DIRECTION('',(1.0,0.0,0.0));
#3500=CARTESIAN_POINT('',(3.0747287058905,0.0,7.56));
#3501=DIRECTION('',(0.0,-0.0,1.0));
#3502=DIRECTION('',(1.0,0.0,0.0));
#3503=DIRECTION('',(-1.0,0.0,-0.0));
#3504=DIRECTION('',(-0.0,-1.0,-0.0));
#3505=DIRECTION('',(1.0,0.0,0.0));
#3506=DIRECTION('',(-0.0,1.0,0.0));
#3507=DIRECTION('',(-1.0,0.0,-0.0));
#3508=CARTESIAN_POINT('',(3.0747287058905,0.0,7.56));
#3509=DIRECTION('',(0.0,-0.0,1.0));
#3510=DIRECTION('',(1.0,0.0,0.0));
#3511=CARTESIAN_POINT('',(3.0747287058905,0.0,7.56));
#3512=DIRECTION('',(0.0,-0.0,1.0));
#3513=DIRECTION('',(1.0,0.0,0.0));
#3514=DIRECTION('',(0.0,-1.0,0.0));
#3515=CARTESIAN_POINT('',(3.0747287058905,-6.0,7.56));
#3516=DIRECTION('',(0.0,0.0,-1.0));
#3517=DIRECTION('',(1.0,0.0,0.0));
#3518=CARTESIAN_POINT('',(3.07472870589051,0.0,10.96));
#3519=DIRECTION('',(0.0,0.0,-1.0));
#3520=DIRECTION('',(1.0,0.0,0.0));
#3521=CARTESIAN_POINT('',(3.07472870589051,0.0,15.06));
#3522=DIRECTION('',(0.0,0.0,1.0));
#3523=DIRECTION('',(1.0,0.0,-0.0));
#3524=CARTESIAN_POINT('',(3.07472870589051,8.67361737988404E-16,15.06));
#3525=DIRECTION('',(-0.0,0.0,-1.0));
#3526=DIRECTION('',(-1.0,0.0,0.0));
#3527=DIRECTION('',(1.0,-1.34628128587909E-31,0.0));
#3528=DIRECTION('',(3.49148336110938E-15,1.0,0.0));
#3529=DIRECTION('',(1.0,-3.49148336110938E-15,0.0));
#3530=DIRECTION('',(-3.49148336110938E-15,-1.0,-0.0));
#3531=DIRECTION('',(1.0,-1.34628128587909E-31,0.0));
#3532=DIRECTION('',(1.34628128587912E-31,-1.0,0.0));
#3533=DIRECTION('',(-1.0,1.34628128587909E-31,0.0));
#3534=DIRECTION('',(-3.49148336110938E-15,-1.0,-0.0));
#3535=DIRECTION('',(-1.0,3.49148336110938E-15,0.0));
#3536=DIRECTION('',(3.49148336110938E-15,1.0,0.0));
#3537=DIRECTION('',(-1.0,1.34628128587909E-31,0.0));
#3538=DIRECTION('',(-1.34628128587912E-31,1.0,0.0));
#3539=DIRECTION('',(1.0,-1.34628128587909E-31,0.0));
#3540=DIRECTION('',(3.49148336110938E-15,1.0,0.0));
#3541=DIRECTION('',(1.0,-3.49148336110938E-15,0.0));
#3542=DIRECTION('',(-3.49148336110938E-15,-1.0,-0.0));
#3543=DIRECTION('',(1.0,-1.34628128587909E-31,0.0));
#3544=DIRECTION('',(1.34628128587912E-31,-1.0,0.0));
#3545=DIRECTION('',(-1.0,1.34628128587909E-31,0.0));
#3546=DIRECTION('',(-3.49148336110938E-15,-1.0,-0.0));
#3547=DIRECTION('',(-1.0,3.49148336110938E-15,0.0));
#3548=DIRECTION('',(3.49148336110938E-15,1.0,0.0));
#3549=DIRECTION('',(-1.0,1.34628128587909E-31,0.0));
#3550=DIRECTION('',(-1.34628128587912E-31,1.0,0.0));
#3551=DIRECTION('',(-1.0,1.34628128587909E-31,0.0));
#3552=DIRECTION('',(0.0,0.0,-1.0));
#3553=DIRECTION('',(0.0,0.0,-1.0));
#3554=DIRECTION('',(-3.49148336110938E-15,-1.0,-0.0));
#3555=DIRECTION('',(0.0,0.0,-1.0));
#3556=DIRECTION('',(0.0,0.0,-1.0));
#3557=DIRECTION('',(3.49148336110938E-15,1.0,0.0));
#3558=DIRECTION('',(0.0,0.0,-1.0));
#3559=DIRECTION('',(-1.0,1.34628128587909E-31,0.0));
#3560=DIRECTION('',(0.0,0.0,-1.0));
#3561=DIRECTION('',(0.0,0.0,-1.0));
#3562=CARTESIAN_POINT('',(7.97472870589051,-17.25,-11.04));
#3563=DIRECTION('',(0.0,0.0,1.0));
#3564=DIRECTION('',(1.0,-1.34628128587909E-31,0.0));
#3565=DIRECTION('',(3.49148336110938E-15,1.0,0.0));
#3566=DIRECTION('',(1.0,-1.34628128587909E-31,0.0));
#3567=DIRECTION('',(0.0,0.0,-1.0));
#3568=DIRECTION('',(0.0,0.0,-1.0));
#3569=DIRECTION('',(-3.49148336110938E-15,-1.0,-0.0));
#3570=DIRECTION('',(0.0,0.0,-1.0));
#3571=DIRECTION('',(0.0,0.0,-1.0));
#3572=CARTESIAN_POINT('',(7.97472870589051,-17.25,-11.04));
#3573=DIRECTION('',(0.0,0.0,1.0));
#3574=DIRECTION('',(1.0,-1.34628128587909E-31,0.0));
#3575=DIRECTION('',(1.0,-1.34628128587909E-31,0.0));
#3576=DIRECTION('',(0.0,0.0,-1.0));
#3577=DIRECTION('',(-3.49148336110938E-15,-1.0,-0.0));
#3578=DIRECTION('',(-1.0,1.34628128587909E-31,0.0));
#3579=DIRECTION('',(0.0,0.0,1.0));
#3580=DIRECTION('',(0.0,0.0,1.0));
#3581=DIRECTION('',(3.49148336110938E-15,1.0,0.0));
#3582=DIRECTION('',(0.0,0.0,-1.0));
#3583=DIRECTION('',(0.0,0.0,1.0));
#3584=DIRECTION('',(-1.0,1.34628128587909E-31,0.0));
#3585=DIRECTION('',(0.0,0.0,1.0));
#3586=DIRECTION('',(0.0,0.0,1.0));
#3587=DIRECTION('',(1.0,-1.34628128587909E-31,0.0));
#3588=DIRECTION('',(0.0,0.0,1.0));
#3589=CARTESIAN_POINT('',(-1.82527129410949,4.74999999999999,-11.04));
#3590=DIRECTION('',(0.0,0.0,1.0));
#3591=DIRECTION('',(1.0,-1.34628128587909E-31,0.0));
#3592=DIRECTION('',(3.49148336110938E-15,1.0,0.0));
#3593=DIRECTION('',(0.0,0.0,1.0));
#3594=DIRECTION('',(0.0,0.0,1.0));
#3595=DIRECTION('',(-3.49148336110938E-15,-1.0,-0.0));
#3596=DIRECTION('',(0.0,0.0,-1.0));
#3597=CARTESIAN_POINT('',(-1.82527129410949,4.74999999999999,-11.04));
#3598=DIRECTION('',(0.0,0.0,1.0));
#3599=DIRECTION('',(1.0,-1.34628128587909E-31,0.0));
#3600=DIRECTION('',(1.0,-1.34628128587909E-31,0.0));
#3601=DIRECTION('',(0.0,0.0,1.0));
#3602=DIRECTION('',(0.0,0.0,1.0));
#3603=CARTESIAN_POINT('',(3.07472870589051,8.67361737988404E-16,12.06));
#3604=DIRECTION('',(0.0,0.0,1.0));
#3605=DIRECTION('',(1.0,0.0,-0.0));
#3606=CARTESIAN_POINT('',(7.97472870589051,-17.25,-10.54));
#3607=DIRECTION('',(0.0,0.0,-1.0));
#3608=DIRECTION('',(1.0,-1.34628128587909E-31,0.0));
#3609=CARTESIAN_POINT('',(4.3747287058905,4.30387933772334,-13.2898053834248));
#3610=DIRECTION('',(7.09409014975812E-32,-0.526939668861675,0.84990269171238));
#3611=DIRECTION('',(-1.0,5.98649783001416E-32,1.20585726270593E-31));
#3612=CARTESIAN_POINT('',(1.77472870589049,4.30387933772334,-13.2898053834248));
#3613=DIRECTION('',(7.09409014975812E-32,-0.526939668861675,0.849902691712379));
#3614=DIRECTION('',(-1.0,5.98649783001416E-32,1.20585726270593E-31));
#3615=CARTESIAN_POINT('',(3.07472870589051,4.30387933772334,-13.2898053834248));
#3616=DIRECTION('',(7.09409014975812E-32,-0.526939668861675,0.849902691712379));
#3617=DIRECTION('',(-1.0,5.98649783001416E-32,1.20585726270593E-31));
#3618=CARTESIAN_POINT('',(-1.82527129410949,4.74999999999999,-10.54));
#3619=DIRECTION('',(0.0,0.0,-1.0));
#3620=DIRECTION('',(1.0,-1.34628128587909E-31,0.0));
#3621=CARTESIAN_POINT('',(3.07472870589051,8.67361737988404E-16,12.06));
#3622=DIRECTION('',(0.0,0.0,-1.0));
#3623=DIRECTION('',(1.0,0.0,0.0));
#3624=CARTESIAN_POINT('',(7.97472870589051,-17.25,-10.04));
#3625=DIRECTION('',(0.0,0.0,-1.0));
#3626=DIRECTION('',(-1.0,1.34628128587909E-31,0.0));
#3627=CARTESIAN_POINT('',(7.97472870589051,-17.25,-10.04));
#3628=DIRECTION('',(0.0,0.0,-1.0));
#3629=DIRECTION('',(-1.0,1.34628128587909E-31,0.0));
#3630=CARTESIAN_POINT('',(7.97472870589051,-17.25,-10.04));
#3631=DIRECTION('',(0.0,0.0,-1.0));
#3632=DIRECTION('',(-1.0,1.34628128587909E-31,0.0));
#3633=CARTESIAN_POINT('',(4.3747287058905,3.24999999999999,-11.59));
#3634=DIRECTION('',(7.09409014975812E-32,-0.526939668861675,0.84990269171238));
#3635=DIRECTION('',(-1.0,5.98649783001416E-32,1.20585726270593E-31));
#3636=CARTESIAN_POINT('',(1.77472870589049,3.24999999999999,-11.59));
#3637=DIRECTION('',(7.09409014975812E-32,-0.526939668861675,0.849902691712379));
#3638=DIRECTION('',(-1.0,5.98649783001416E-32,1.20585726270593E-31));
#3639=CARTESIAN_POINT('',(3.07472870589051,3.24999999999999,-11.59));
#3640=DIRECTION('',(7.09409014975812E-32,-0.526939668861675,0.849902691712379));
#3641=DIRECTION('',(-1.0,5.98649783001416E-32,1.20585726270593E-31));
#3642=CARTESIAN_POINT('',(-1.82527129410949,4.74999999999999,-10.04));
#3643=DIRECTION('',(0.0,0.0,-1.0));
#3644=DIRECTION('',(-1.0,1.34628128587909E-31,0.0));
#3645=CARTESIAN_POINT('',(3.07472870589051,8.67361737988404E-16,11.06));
#3646=DIRECTION('',(0.0,0.0,1.0));
#3647=DIRECTION('',(1.0,0.0,-0.0));
#3648=VERTEX_POINT('',#3901);
#3649=VERTEX_POINT('',#3902);
#3650=LINE('',#3903,#3904);
#3651=VERTEX_POINT('',#3905);
#3652=CIRCLE('',#3906,1.0);
#3653=VERTEX_POINT('',#3907);
#3654=LINE('',#3908,#3909);
#3655=CIRCLE('',#3910,1.0);
#3656=VERTEX_POINT('',#3911);
#3657=VERTEX_POINT('',#3912);
#3658=LINE('',#3913,#3914);
#3659=VERTEX_POINT('',#3915);
#3660=CIRCLE('',#3916,1.0);
#3661=VERTEX_POINT('',#3917);
#3662=LINE('',#3918,#3919);
#3663=CIRCLE('',#3920,1.0);
#3664=VERTEX_POINT('',#3921);
#3665=VERTEX_POINT('',#3922);
#3666=LINE('',#3923,#3924);
#3667=VERTEX_POINT('',#3925);
#3668=CIRCLE('',#3926,1.0);
#3669=VERTEX_POINT('',#3927);
#3670=LINE('',#3928,#3929);
#3671=CIRCLE('',#3930,1.0);
#3672=VERTEX_POINT('',#3931);
#3673=VERTEX_POINT('',#3932);
#3674=LINE('',#3933,#3934);
#3675=VERTEX_POINT('',#3935);
#3676=CIRCLE('',#3936,1.0);
#3677=VERTEX_POINT('',#3937);
#3678=LINE('',#3938,#3939);
#3679=CIRCLE('',#3940,1.0);
#3680=VERTEX_POINT('',#3941);
#3681=VERTEX_POINT('',#3942);
#3682=LINE('',#3943,#3944);
#3683=VERTEX_POINT('',#3945);
#3684=CIRCLE('',#3946,1.3);
#3685=VERTEX_POINT('',#3947);
#3686=LINE('',#3948,#3949);
#3687=CIRCLE('',#3950,1.3);
#3688=VERTEX_POINT('',#3951);
#3689=VERTEX_POINT('',#3952);
#3690=LINE('',#3953,#3954);
#3691=VERTEX_POINT('',#3955);
#3692=CIRCLE('',#3956,1.3);
#3693=VERTEX_POINT('',#3957);
#3694=LINE('',#3958,#3959);
#3695=CIRCLE('',#3960,1.3);
#3696=VERTEX_POINT('',#3961);
#3697=VERTEX_POINT('',#3962);
#3698=LINE('',#3963,#3964);
#3699=VERTEX_POINT('',#3965);
#3700=ELLIPSE('',#3966,1.17660528640662,1.0);
#3701=VERTEX_POINT('',#3967);
#3702=LINE('',#3968,#3969);
#3703=CIRCLE('',#3970,1.0);
#3704=VERTEX_POINT('',#3971);
#3705=VERTEX_POINT('',#3972);
#3706=LINE('',#3973,#3974);
#3707=VERTEX_POINT('',#3975);
#3708=ELLIPSE('',#3976,1.17660528640662,1.0);
#3709=VERTEX_POINT('',#3977);
#3710=LINE('',#3978,#3979);
#3711=CIRCLE('',#3980,1.0);
#3712=VERTEX_POINT('',#3981);
#3713=VERTEX_POINT('',#3982);
#3714=LINE('',#3983,#3984);
#3715=VERTEX_POINT('',#3985);
#3716=CIRCLE('',#3986,1.0);
#3717=VERTEX_POINT('',#3987);
#3718=LINE('',#3988,#3989);
#3719=CIRCLE('',#3990,1.0);
#3720=VERTEX_POINT('',#3991);
#3721=VERTEX_POINT('',#3992);
#3722=LINE('',#3993,#3994);
#3723=VERTEX_POINT('',#3995);
#3724=CIRCLE('',#3996,1.0);
#3725=VERTEX_POINT('',#3997);
#3726=LINE('',#3998,#3999);
#3727=CIRCLE('',#4000,1.0);
#3728=VERTEX_POINT('',#4001);
#3729=LINE('',#4002,#4003);
#3730=VERTEX_POINT('',#4004);
#3731=LINE('',#4005,#4006);
#3732=CIRCLE('',#4007,5.8);
#3733=VERTEX_POINT('',#4008);
#3734=LINE('',#4009,#4010);
#3735=CIRCLE('',#4011,5.8);
#3736=VERTEX_POINT('',#4012);
#3737=VERTEX_POINT('',#4013);
#3738=LINE('',#4014,#4015);
#3739=VERTEX_POINT('',#4016);
#3740=CIRCLE('',#4017,1.0);
#3741=VERTEX_POINT('',#4018);
#3742=LINE('',#4019,#4020);
#3743=CIRCLE('',#4021,1.0);
#3744=CIRCLE('',#4022,1.0);
#3745=CIRCLE('',#4023,1.0);
#3746=VERTEX_POINT('',#4024);
#3747=LINE('',#4025,#4026);
#3748=VERTEX_POINT('',#4027);
#3749=CIRCLE('',#4028,2.6);
#3750=VERTEX_POINT('',#4029);
#3751=LINE('',#4030,#4031);
#3752=CIRCLE('',#4032,5.8);
#3753=LINE('',#4033,#4034);
#3754=LINE('',#4035,#4036);
#3755=LINE('',#4037,#4038);
#3756=LINE('',#4039,#4040);
#3757=VERTEX_POINT('',#4041);
#3758=CIRCLE('',#4042,1.0);
#3759=VERTEX_POINT('',#4043);
#3760=LINE('',#4044,#4045);
#3761=CIRCLE('',#4046,1.0);
#3762=VERTEX_POINT('',#4047);
#3763=LINE('',#4048,#4049);
#3764=VERTEX_POINT('',#4050);
#3765=LINE('',#4051,#4052);
#3766=LINE('',#4053,#4054);
#3767=VERTEX_POINT('',#4055);
#3768=VERTEX_POINT('',#4056);
#3769=LINE('',#4057,#4058);
#3770=VERTEX_POINT('',#4059);
#3771=LINE('',#4060,#4061);
#3772=VERTEX_POINT('',#4062);
#3773=LINE('',#4063,#4064);
#3774=LINE('',#4065,#4066);
#3775=CIRCLE('',#4067,1.0);
#3776=CIRCLE('',#4068,1.0);
#3777=VERTEX_POINT('',#4069);
#3778=CIRCLE('',#4070,1.0);
#3779=VERTEX_POINT('',#4071);
#3780=LINE('',#4072,#4073);
#3781=ELLIPSE('',#4074,1.17660528640662,1.0);
#3782=VERTEX_POINT('',#4075);
#3783=LINE('',#4076,#4077);
#3784=LINE('',#4078,#4079);
#3785=VERTEX_POINT('',#4080);
#3786=CIRCLE('',#4081,1.0);
#3787=VERTEX_POINT('',#4082);
#3788=LINE('',#4083,#4084);
#3789=ELLIPSE('',#4085,1.17660528640662,1.0);
#3790=VERTEX_POINT('',#4086);
#3791=LINE('',#4087,#4088);
#3792=LINE('',#4089,#4090);
#3793=VERTEX_POINT('',#4091);
#3794=LINE('',#4092,#4093);
#3795=VERTEX_POINT('',#4094);
#3796=LINE('',#4095,#4096);
#3797=LINE('',#4097,#4098);
#3798=VERTEX_POINT('',#4099);
#3799=LINE('',#4100,#4101);
#3800=VERTEX_POINT('',#4102);
#3801=LINE('',#4103,#4104);
#3802=LINE('',#4105,#4106);
#3803=CIRCLE('',#4107,1.3);
#3804=CIRCLE('',#4108,1.3);
#3805=VERTEX_POINT('',#4109);
#3806=LINE('',#4110,#4111);
#3807=VERTEX_POINT('',#4112);
#3808=LINE('',#4113,#4114);
#3809=LINE('',#4115,#4116);
#3810=VERTEX_POINT('',#4117);
#3811=VERTEX_POINT('',#4118);
#3812=LINE('',#4119,#4120);
#3813=LINE('',#4121,#4122);
#3814=LINE('',#4123,#4124);
#3815=CIRCLE('',#4125,1.3);
#3816=CIRCLE('',#4126,1.3);
#3817=VERTEX_POINT('',#4127);
#3818=CIRCLE('',#4128,1.0);
#3819=VERTEX_POINT('',#4129);
#3820=LINE('',#4130,#4131);
#3821=CIRCLE('',#4132,1.0);
#3822=VERTEX_POINT('',#4133);
#3823=LINE('',#4134,#4135);
#3824=VERTEX_POINT('',#4136);
#3825=LINE('',#4137,#4138);
#3826=LINE('',#4139,#4140);
#3827=VERTEX_POINT('',#4141);
#3828=LINE('',#4142,#4143);
#3829=LINE('',#4144,#4145);
#3830=VERTEX_POINT('',#4146);
#3831=LINE('',#4147,#4148);
#3832=VERTEX_POINT('',#4149);
#3833=LINE('',#4150,#4151);
#3834=LINE('',#4152,#4153);
#3835=VERTEX_POINT('',#4154);
#3836=LINE('',#4155,#4156);
#3837=LINE('',#4157,#4158);
#3838=LINE('',#4159,#4160);
#3839=CIRCLE('',#4161,1.0);
#3840=CIRCLE('',#4162,1.0);
#3841=VERTEX_POINT('',#4163);
#3842=CIRCLE('',#4164,1.0);
#3843=VERTEX_POINT('',#4165);
#3844=LINE('',#4166,#4167);
#3845=VERTEX_POINT('',#4168);
#3846=LINE('',#4169,#4170);
#3847=LINE('',#4171,#4172);
#3848=VERTEX_POINT('',#4173);
#3849=LINE('',#4174,#4175);
#3850=LINE('',#4176,#4177);
#3851=LINE('',#4178,#4179);
#3852=LINE('',#4180,#4181);
#3853=VERTEX_POINT('',#4182);
#3854=LINE('',#4183,#4184);
#3855=LINE('',#4185,#4186);
#3856=VERTEX_POINT('',#4187);
#3857=LINE('',#4188,#4189);
#3858=LINE('',#4190,#4191);
#3859=VERTEX_POINT('',#4192);
#3860=LINE('',#4193,#4194);
#3861=VERTEX_POINT('',#4195);
#3862=LINE('',#4196,#4197);
#3863=LINE('',#4198,#4199);
#3864=VERTEX_POINT('',#4200);
#3865=LINE('',#4201,#4202);
#3866=LINE('',#4203,#4204);
#3867=LINE('',#4205,#4206);
#3868=LINE('',#4207,#4208);
#3869=VERTEX_POINT('',#4209);
#3870=LINE('',#4210,#4211);
#3871=LINE('',#4212,#4213);
#3872=VERTEX_POINT('',#4214);
#3873=LINE('',#4215,#4216);
#3874=LINE('',#4217,#4218);
#3875=VERTEX_POINT('',#4219);
#3876=LINE('',#4220,#4221);
#3877=VERTEX_POINT('',#4222);
#3878=LINE('',#4223,#4224);
#3879=LINE('',#4225,#4226);
#3880=CIRCLE('',#4227,1.0);
#3881=LINE('',#4228,#4229);
#3882=LINE('',#4230,#4231);
#3883=CIRCLE('',#4232,1.0);
#3884=VERTEX_POINT('',#4233);
#3885=LINE('',#4234,#4235);
#3886=VERTEX_POINT('',#4236);
#3887=LINE('',#4237,#4238);
#3888=VERTEX_POINT('',#4239);
#3889=LINE('',#4240,#4241);
#3890=CIRCLE('',#4242,1.0);
#3891=LINE('',#4243,#4244);
#3892=VERTEX_POINT('',#4245);
#3893=LINE('',#4246,#4247);
#3894=VERTEX_POINT('',#4248);
#3895=LINE('',#4249,#4250);
#3896=LINE('',#4251,#4252);
#3897=LINE('',#4253,#4254);
#3898=LINE('',#4255,#4256);
#3899=LINE('',#4257,#4258);
#3900=LINE('',#4259,#4260);
#3901=CARTESIAN_POINT('',(-2.63237807529605,-21.8071067811865,2.46));
#3902=CARTESIAN_POINT('',(-2.63237807529605,-21.8071067811865,4.06));
#3903=CARTESIAN_POINT('',(-2.63237807529605,-21.8071067811865,3.76));
#3904=VECTOR('',#4261,1.0);
#3905=CARTESIAN_POINT('',(-1.9252712941095,-22.1,2.46));
#3906=AXIS2_PLACEMENT_3D('',#4262,#4263,#4264);
#3907=CARTESIAN_POINT('',(-1.9252712941095,-22.1,4.06));
#3908=CARTESIAN_POINT('',(-1.9252712941095,-22.1,3.76));
#3909=VECTOR('',#4265,1.0);
#3910=AXIS2_PLACEMENT_3D('',#4266,#4267,#4268);
#3911=CARTESIAN_POINT('',(-2.63237807529605,9.70710678118655,2.46));
#3912=CARTESIAN_POINT('',(-2.63237807529605,9.70710678118655,4.06));
#3913=CARTESIAN_POINT('',(-2.63237807529605,9.70710678118655,3.76));
#3914=VECTOR('',#4269,1.0);
#3915=CARTESIAN_POINT('',(-2.9252712941095,9.0,2.46));
#3916=AXIS2_PLACEMENT_3D('',#4270,#4271,#4272);
#3917=CARTESIAN_POINT('',(-2.9252712941095,9.0,4.06));
#3918=CARTESIAN_POINT('',(-2.9252712941095,9.0,3.76));
#3919=VECTOR('',#4273,1.0);
#3920=AXIS2_PLACEMENT_3D('',#4274,#4275,#4276);
#3921=CARTESIAN_POINT('',(8.78183548707705,-21.8071067811865,2.46));
#3922=CARTESIAN_POINT('',(8.78183548707705,-21.8071067811865,4.06));
#3923=CARTESIAN_POINT('',(8.78183548707705,-21.8071067811865,3.76));
#3924=VECTOR('',#4277,1.0);
#3925=CARTESIAN_POINT('',(9.0747287058905,-21.1,2.46));
#3926=AXIS2_PLACEMENT_3D('',#4278,#4279,#4280);
#3927=CARTESIAN_POINT('',(9.0747287058905,-21.1,4.06));
#3928=CARTESIAN_POINT('',(9.0747287058905,-21.1,3.76));
#3929=VECTOR('',#4281,1.0);
#3930=AXIS2_PLACEMENT_3D('',#4282,#4283,#4284);
#3931=CARTESIAN_POINT('',(8.78183548707705,9.70710678118654,2.46));
#3932=CARTESIAN_POINT('',(8.78183548707705,9.70710678118654,4.06));
#3933=CARTESIAN_POINT('',(8.78183548707705,9.70710678118654,3.76));
#3934=VECTOR('',#4285,1.0);
#3935=CARTESIAN_POINT('',(8.0747287058905,10.0,2.46));
#3936=AXIS2_PLACEMENT_3D('',#4286,#4287,#4288);
#3937=CARTESIAN_POINT('',(8.0747287058905,10.0,4.06));
#3938=CARTESIAN_POINT('',(8.0747287058905,10.0,3.76));
#3939=VECTOR('',#4289,1.0);
#3940=AXIS2_PLACEMENT_3D('',#4290,#4291,#4292);
#3941=CARTESIAN_POINT('',(4.3747287058905,7.75,2.46));
#3942=CARTESIAN_POINT('',(4.3747287058905,7.75,4.06));
#3943=CARTESIAN_POINT('',(4.3747287058905,7.75,3.75999999999999));
#3944=VECTOR('',#4293,1.0);
#3945=CARTESIAN_POINT('',(1.7747287058905,7.75,2.46));
#3946=AXIS2_PLACEMENT_3D('',#4294,#4295,#4296);
#3947=CARTESIAN_POINT('',(1.7747287058905,7.75,4.06));
#3948=CARTESIAN_POINT('',(1.7747287058905,7.75,3.75999999999999));
#3949=VECTOR('',#4297,1.0);
#3950=AXIS2_PLACEMENT_3D('',#4298,#4299,#4300);
#3951=CARTESIAN_POINT('',(4.3747287058905,-19.85,2.46));
#3952=CARTESIAN_POINT('',(4.3747287058905,-19.85,4.06));
#3953=CARTESIAN_POINT('',(4.3747287058905,-19.85,3.76));
#3954=VECTOR('',#4301,1.0);
#3955=CARTESIAN_POINT('',(1.7747287058905,-19.85,2.46));
#3956=AXIS2_PLACEMENT_3D('',#4302,#4303,#4304);
#3957=CARTESIAN_POINT('',(1.7747287058905,-19.85,4.06));
#3958=CARTESIAN_POINT('',(1.7747287058905,-19.85,3.76));
#3959=VECTOR('',#4305,1.0);
#3960=AXIS2_PLACEMENT_3D('',#4306,#4307,#4308);
#3961=CARTESIAN_POINT('',(-1.11816451292294,4.04289321881344,-11.0984062043357));
#3962=CARTESIAN_POINT('',(-1.11816451292294,4.04289321881345,-10.04));
#3963=CARTESIAN_POINT('',(-1.11816451292294,4.04289321881345,-10.66));
#3964=VECTOR('',#4309,1.0);
#3965=CARTESIAN_POINT('',(-1.82527129410949,3.74999999999999,-11.28));
#3966=AXIS2_PLACEMENT_3D('',#4310,#4311,#4312);
#3967=CARTESIAN_POINT('',(-1.82527129410949,3.74999999999999,-10.04));
#3968=CARTESIAN_POINT('',(-1.82527129410949,3.74999999999999,-13.14));
#3969=VECTOR('',#4313,1.0);
#3970=AXIS2_PLACEMENT_3D('',#4314,#4315,#4316);
#3971=CARTESIAN_POINT('',(7.26762192470395,4.04289321881345,-11.0984062043357));
#3972=CARTESIAN_POINT('',(7.26762192470395,4.04289321881345,-10.04));
#3973=CARTESIAN_POINT('',(7.26762192470396,4.04289321881345,-10.66));
#3974=VECTOR('',#4317,1.0);
#3975=CARTESIAN_POINT('',(6.97472870589051,4.74999999999999,-10.66));
#3976=AXIS2_PLACEMENT_3D('',#4318,#4319,#4320);
#3977=CARTESIAN_POINT('',(6.97472870589051,4.74999999999999,-10.04));
#3978=CARTESIAN_POINT('',(6.97472870589051,4.74999999999999,-13.14));
#3979=VECTOR('',#4321,1.0);
#3980=AXIS2_PLACEMENT_3D('',#4322,#4323,#4324);
#3981=CARTESIAN_POINT('',(7.26762192470397,-16.5428932188135,-13.14));
#3982=CARTESIAN_POINT('',(7.26762192470397,-16.5428932188135,-10.04));
#3983=CARTESIAN_POINT('',(7.26762192470396,-16.5428932188135,-11.59));
#3984=VECTOR('',#4325,1.0);
#3985=CARTESIAN_POINT('',(7.97472870589051,-16.25,-13.14));
#3986=AXIS2_PLACEMENT_3D('',#4326,#4327,#4328);
#3987=CARTESIAN_POINT('',(7.97472870589051,-16.25,-10.04));
#3988=CARTESIAN_POINT('',(7.97472870589051,-16.25,-13.14));
#3989=VECTOR('',#4329,1.0);
#3990=AXIS2_PLACEMENT_3D('',#4330,#4331,#4332);
#3991=CARTESIAN_POINT('',(-1.11816451292295,-16.5428932188135,-13.14));
#3992=CARTESIAN_POINT('',(-1.11816451292295,-16.5428932188135,-10.04));
#3993=CARTESIAN_POINT('',(-1.11816451292295,-16.5428932188135,-11.59));
#3994=VECTOR('',#4333,1.0);
#3995=CARTESIAN_POINT('',(-0.825271294109492,-17.25,-13.14));
#3996=AXIS2_PLACEMENT_3D('',#4334,#4335,#4336);
#3997=CARTESIAN_POINT('',(-0.825271294109492,-17.25,-10.04));
#3998=CARTESIAN_POINT('',(-0.825271294109492,-17.25,-13.14));
#3999=VECTOR('',#4337,1.0);
#4000=AXIS2_PLACEMENT_3D('',#4338,#4339,#4340);
#4001=CARTESIAN_POINT('',(-2.7252712941095,7.10295143505465E-16,11.06));
#4002=CARTESIAN_POINT('',(-2.7252712941095,7.10295143505465E-16,7.56));
#4003=VECTOR('',#4341,1.0);
#4004=CARTESIAN_POINT('',(0.474728705890504,-5.18459255872629,11.06));
#4005=CARTESIAN_POINT('',(0.474728705890505,-5.18459255872629,9.31));
#4006=VECTOR('',#4342,1.0);
#4007=AXIS2_PLACEMENT_3D('',#4343,#4344,#4345);
#4008=CARTESIAN_POINT('',(8.8747287058905,-7.10295143505465E-16,11.06));
#4009=CARTESIAN_POINT('',(8.8747287058905,-7.10295143505465E-16,7.56));
#4010=VECTOR('',#4346,1.0);
#4011=AXIS2_PLACEMENT_3D('',#4347,#4348,#4349);
#4012=CARTESIAN_POINT('',(2.0747287058905,-6.0,12.06));
#4013=CARTESIAN_POINT('',(2.0747287058905,-6.0,11.06));
#4014=CARTESIAN_POINT('',(2.0747287058905,-6.0,11.06));
#4015=VECTOR('',#4350,1.0);
#4016=CARTESIAN_POINT('',(4.0747287058905,-6.0,12.06));
#4017=AXIS2_PLACEMENT_3D('',#4351,#4352,#4353);
#4018=CARTESIAN_POINT('',(4.0747287058905,-6.0,11.06));
#4019=CARTESIAN_POINT('',(4.0747287058905,-6.0,11.06));
#4020=VECTOR('',#4354,1.0);
#4021=AXIS2_PLACEMENT_3D('',#4355,#4356,#4357);
#4022=AXIS2_PLACEMENT_3D('',#4358,#4359,#4360);
#4023=AXIS2_PLACEMENT_3D('',#4361,#4362,#4363);
#4024=CARTESIAN_POINT('',(0.474728705890505,-6.0,11.06));
#4025=CARTESIAN_POINT('',(0.474728705890505,-5.18459255872629,11.06));
#4026=VECTOR('',#4364,1.0);
#4027=CARTESIAN_POINT('',(5.6747287058905,-6.0,11.06));
#4028=AXIS2_PLACEMENT_3D('',#4365,#4366,#4367);
#4029=CARTESIAN_POINT('',(5.6747287058905,-5.18459255872629,11.06));
#4030=CARTESIAN_POINT('',(5.6747287058905,-6.0,11.06));
#4031=VECTOR('',#4368,1.0);
#4032=AXIS2_PLACEMENT_3D('',#4369,#4370,#4371);
#4033=CARTESIAN_POINT('',(0.474728705890505,-6.0,9.31));
#4034=VECTOR('',#4372,1.0);
#4035=CARTESIAN_POINT('',(5.6747287058905,-5.18459255872629,9.31));
#4036=VECTOR('',#4373,1.0);
#4037=CARTESIAN_POINT('',(5.6747287058905,-6.0,9.31));
#4038=VECTOR('',#4374,1.0);
#4039=CARTESIAN_POINT('',(3.07472870589051,-17.9,-10.04));
#4040=VECTOR('',#4375,1.0);
#4041=CARTESIAN_POINT('',(-1.82527129410949,-16.25,-10.04));
#4042=AXIS2_PLACEMENT_3D('',#4376,#4377,#4378);
#4043=CARTESIAN_POINT('',(-1.82527129410949,-16.25,-13.14));
#4044=CARTESIAN_POINT('',(-1.82527129410949,-16.25,-13.14));
#4045=VECTOR('',#4379,1.0);
#4046=AXIS2_PLACEMENT_3D('',#4380,#4381,#4382);
#4047=CARTESIAN_POINT('',(-0.825271294109492,-17.9,-13.14));
#4048=CARTESIAN_POINT('',(-0.825271294109492,-8.25000000000001,-13.14));
#4049=VECTOR('',#4383,1.0);
#4050=CARTESIAN_POINT('',(-0.825271294109492,-17.9,-10.04));
#4051=CARTESIAN_POINT('',(-0.825271294109492,-17.9,-6.965));
#4052=VECTOR('',#4384,1.0);
#4053=CARTESIAN_POINT('',(-0.825271294109492,-11.75,-10.04));
#4054=VECTOR('',#4385,1.0);
#4055=CARTESIAN_POINT('',(6.9747287058905,-17.25,-10.04));
#4056=CARTESIAN_POINT('',(6.9747287058905,-17.25,-13.14));
#4057=CARTESIAN_POINT('',(6.9747287058905,-17.25,-13.14));
#4058=VECTOR('',#4386,1.0);
#4059=CARTESIAN_POINT('',(6.9747287058905,-17.9,-10.04));
#4060=CARTESIAN_POINT('',(6.9747287058905,-11.75,-10.04));
#4061=VECTOR('',#4387,1.0);
#4062=CARTESIAN_POINT('',(6.9747287058905,-17.9,-13.14));
#4063=CARTESIAN_POINT('',(6.9747287058905,-17.9,-6.965));
#4064=VECTOR('',#4388,1.0);
#4065=CARTESIAN_POINT('',(6.9747287058905,-8.25000000000001,-13.14));
#4066=VECTOR('',#4389,1.0);
#4067=AXIS2_PLACEMENT_3D('',#4390,#4391,#4392);
#4068=AXIS2_PLACEMENT_3D('',#4393,#4394,#4395);
#4069=CARTESIAN_POINT('',(7.97472870589051,3.74999999999999,-10.04));
#4070=AXIS2_PLACEMENT_3D('',#4396,#4397,#4398);
#4071=CARTESIAN_POINT('',(7.97472870589051,3.74999999999999,-11.28));
#4072=CARTESIAN_POINT('',(7.97472870589051,3.74999999999999,-13.14));
#4073=VECTOR('',#4399,1.0);
#4074=AXIS2_PLACEMENT_3D('',#4400,#4401,#4402);
#4075=CARTESIAN_POINT('',(6.97472870589051,5.74999999999999,-10.04));
#4076=CARTESIAN_POINT('',(6.97472870589051,2.19466917075989,-12.2443051141289));
#4077=VECTOR('',#4403,1.0);
#4078=CARTESIAN_POINT('',(6.97472870589051,-0.75000000000001,-10.04));
#4079=VECTOR('',#4404,1.0);
#4080=CARTESIAN_POINT('',(-0.825271294109492,4.74999999999999,-10.04));
#4081=AXIS2_PLACEMENT_3D('',#4405,#4406,#4407);
#4082=CARTESIAN_POINT('',(-0.825271294109492,4.74999999999999,-10.66));
#4083=CARTESIAN_POINT('',(-0.825271294109492,4.74999999999999,-13.14));
#4084=VECTOR('',#4408,1.0);
#4085=AXIS2_PLACEMENT_3D('',#4409,#4410,#4411);
#4086=CARTESIAN_POINT('',(-0.825271294109492,5.74999999999999,-10.04));
#4087=CARTESIAN_POINT('',(-0.825271294109492,-0.75000000000001,-10.04));
#4088=VECTOR('',#4412,1.0);
#4089=CARTESIAN_POINT('',(-0.825271294109492,2.19466917075989,-12.2443051141289));
#4090=VECTOR('',#4413,1.0);
#4091=CARTESIAN_POINT('',(-0.825271294109492,5.8,-10.009));
#4092=CARTESIAN_POINT('',(-0.825271294109492,2.19466917075989,-12.2443051141289));
#4093=VECTOR('',#4414,1.0);
#4094=CARTESIAN_POINT('',(-0.825271294109492,5.8,-10.04));
#4095=CARTESIAN_POINT('',(-0.825271294109492,-0.75000000000001,-10.04));
#4096=VECTOR('',#4415,1.0);
#4097=CARTESIAN_POINT('',(-0.825271294109492,5.8,-6.965));
#4098=VECTOR('',#4416,1.0);
#4099=CARTESIAN_POINT('',(6.97472870589051,5.8,-10.04));
#4100=CARTESIAN_POINT('',(6.97472870589051,-0.75000000000001,-10.04));
#4101=VECTOR('',#4417,1.0);
#4102=CARTESIAN_POINT('',(6.97472870589051,5.8,-10.009));
#4103=CARTESIAN_POINT('',(6.97472870589051,2.19466917075989,-12.2443051141289));
#4104=VECTOR('',#4418,1.0);
#4105=CARTESIAN_POINT('',(6.97472870589051,5.8,-6.965));
#4106=VECTOR('',#4419,1.0);
#4107=AXIS2_PLACEMENT_3D('',#4420,#4421,#4422);
#4108=AXIS2_PLACEMENT_3D('',#4423,#4424,#4425);
#4109=CARTESIAN_POINT('',(8.0747287058905,-22.1,2.46));
#4110=CARTESIAN_POINT('',(2.82472870589051,-22.1,2.46));
#4111=VECTOR('',#4426,1.0);
#4112=CARTESIAN_POINT('',(8.0747287058905,-22.1,4.06));
#4113=CARTESIAN_POINT('',(8.0747287058905,-22.1,3.76));
#4114=VECTOR('',#4427,1.0);
#4115=CARTESIAN_POINT('',(2.82472870589051,-22.1,4.06));
#4116=VECTOR('',#4428,1.0);
#4117=CARTESIAN_POINT('',(-1.9252712941095,10.0,4.06));
#4118=CARTESIAN_POINT('',(-1.9252712941095,10.0,2.46));
#4119=CARTESIAN_POINT('',(-1.9252712941095,10.0,3.76));
#4120=VECTOR('',#4429,1.0);
#4121=CARTESIAN_POINT('',(3.07472870589051,10.0,4.06));
#4122=VECTOR('',#4430,1.0);
#4123=CARTESIAN_POINT('',(3.07472870589051,10.0,2.46));
#4124=VECTOR('',#4431,1.0);
#4125=AXIS2_PLACEMENT_3D('',#4432,#4433,#4434);
#4126=AXIS2_PLACEMENT_3D('',#4435,#4436,#4437);
#4127=CARTESIAN_POINT('',(9.0747287058905,9.0,4.06));
#4128=AXIS2_PLACEMENT_3D('',#4438,#4439,#4440);
#4129=CARTESIAN_POINT('',(9.0747287058905,9.0,2.46));
#4130=CARTESIAN_POINT('',(9.0747287058905,9.0,3.76));
#4131=VECTOR('',#4441,1.0);
#4132=AXIS2_PLACEMENT_3D('',#4442,#4443,#4444);
#4133=CARTESIAN_POINT('',(9.0747287058905,5.8,-10.04));
#4134=CARTESIAN_POINT('',(3.07472870589051,5.8,-10.04));
#4135=VECTOR('',#4445,1.0);
#4136=CARTESIAN_POINT('',(9.0747287058905,3.75,-10.04));
#4137=CARTESIAN_POINT('',(9.0747287058905,-6.25000000000001,-10.04));
#4138=VECTOR('',#4446,1.0);
#4139=CARTESIAN_POINT('',(5.52472870589051,3.74999999999999,-10.04));
#4140=VECTOR('',#4447,1.0);
#4141=CARTESIAN_POINT('',(9.0747287058905,3.75,-11.28));
#4142=CARTESIAN_POINT('',(9.0747287058905,3.75,-6.115));
#4143=VECTOR('',#4448,1.0);
#4144=CARTESIAN_POINT('',(7.47472870589051,3.74999999999999,-11.28));
#4145=VECTOR('',#4449,1.0);
#4146=CARTESIAN_POINT('',(9.0747287058905,-16.25,-13.14));
#4147=CARTESIAN_POINT('',(5.52472870589051,-16.25,-13.14));
#4148=VECTOR('',#4450,1.0);
#4149=CARTESIAN_POINT('',(9.0747287058905,-16.25,-10.04));
#4150=CARTESIAN_POINT('',(9.0747287058905,-16.25,-6.115));
#4151=VECTOR('',#4451,1.0);
#4152=CARTESIAN_POINT('',(5.52472870589051,-16.25,-10.04));
#4153=VECTOR('',#4452,1.0);
#4154=CARTESIAN_POINT('',(9.0747287058905,-17.9,-10.04));
#4155=CARTESIAN_POINT('',(3.07472870589051,-17.9,-10.04));
#4156=VECTOR('',#4453,1.0);
#4157=CARTESIAN_POINT('',(3.07472870589051,-17.9,-10.04));
#4158=VECTOR('',#4454,1.0);
#4159=CARTESIAN_POINT('',(9.0747287058905,-6.25000000000001,-10.04));
#4160=VECTOR('',#4455,1.0);
#4161=AXIS2_PLACEMENT_3D('',#4456,#4457,#4458);
#4162=AXIS2_PLACEMENT_3D('',#4459,#4460,#4461);
#4163=CARTESIAN_POINT('',(-2.9252712941095,-21.1,2.46));
#4164=AXIS2_PLACEMENT_3D('',#4462,#4463,#4464);
#4165=CARTESIAN_POINT('',(-2.9252712941095,-17.9,2.46));
#4166=CARTESIAN_POINT('',(-2.9252712941095,-6.25,2.46));
#4167=VECTOR('',#4465,1.0);
#4168=CARTESIAN_POINT('',(9.0747287058905,-17.9,2.46));
#4169=CARTESIAN_POINT('',(3.07472870589051,-17.9,2.46));
#4170=VECTOR('',#4466,1.0);
#4171=CARTESIAN_POINT('',(9.0747287058905,-6.25,2.46));
#4172=VECTOR('',#4467,1.0);
#4173=CARTESIAN_POINT('',(-2.9252712941095,-17.9,-10.04));
#4174=CARTESIAN_POINT('',(-2.9252712941095,-17.9,2.91));
#4175=VECTOR('',#4468,1.0);
#4176=CARTESIAN_POINT('',(3.07472870589051,-17.9,-10.04));
#4177=VECTOR('',#4469,1.0);
#4178=CARTESIAN_POINT('',(3.07472870589051,-17.9,-13.14));
#4179=VECTOR('',#4470,1.0);
#4180=CARTESIAN_POINT('',(9.0747287058905,-17.9,2.91));
#4181=VECTOR('',#4471,1.0);
#4182=CARTESIAN_POINT('',(-2.9252712941095,-16.25,-10.04));
#4183=CARTESIAN_POINT('',(-2.9252712941095,-6.25,-10.04));
#4184=VECTOR('',#4472,1.0);
#4185=CARTESIAN_POINT('',(0.624728705890507,-16.25,-10.04));
#4186=VECTOR('',#4473,1.0);
#4187=CARTESIAN_POINT('',(-2.9252712941095,-16.25,-13.14));
#4188=CARTESIAN_POINT('',(-2.9252712941095,-16.25,-6.115));
#4189=VECTOR('',#4474,1.0);
#4190=CARTESIAN_POINT('',(0.624728705890507,-16.25,-13.14));
#4191=VECTOR('',#4475,1.0);
#4192=CARTESIAN_POINT('',(-2.9252712941095,0.74999999999999,-13.14));
#4193=CARTESIAN_POINT('',(-2.9252712941095,-6.25,-13.14));
#4194=VECTOR('',#4476,1.0);
#4195=CARTESIAN_POINT('',(9.0747287058905,0.74999999999999,-13.14));
#4196=CARTESIAN_POINT('',(3.07472870589051,0.74999999999999,-13.14));
#4197=VECTOR('',#4477,1.0);
#4198=CARTESIAN_POINT('',(9.0747287058905,-6.25000000000001,-13.14));
#4199=VECTOR('',#4478,1.0);
#4200=CARTESIAN_POINT('',(-2.9252712941095,3.75,-11.28));
#4201=CARTESIAN_POINT('',(-2.9252712941095,2.00613984397572,-12.361193296735));
#4202=VECTOR('',#4479,1.0);
#4203=CARTESIAN_POINT('',(-1.32527129410949,3.74999999999999,-11.28));
#4204=VECTOR('',#4480,1.0);
#4205=CARTESIAN_POINT('',(3.07472870589051,5.8,-10.009));
#4206=VECTOR('',#4481,1.0);
#4207=CARTESIAN_POINT('',(9.0747287058905,2.00613984397572,-12.361193296735));
#4208=VECTOR('',#4482,1.0);
#4209=CARTESIAN_POINT('',(-2.9252712941095,3.75,-10.04));
#4210=CARTESIAN_POINT('',(-2.9252712941095,3.75,-6.115));
#4211=VECTOR('',#4483,1.0);
#4212=CARTESIAN_POINT('',(0.624728705890507,3.74999999999999,-10.04));
#4213=VECTOR('',#4484,1.0);
#4214=CARTESIAN_POINT('',(-2.9252712941095,5.8,-10.04));
#4215=CARTESIAN_POINT('',(3.07472870589051,5.8,-10.04));
#4216=VECTOR('',#4485,1.0);
#4217=CARTESIAN_POINT('',(-2.9252712941095,-6.25,-10.04));
#4218=VECTOR('',#4486,1.0);
#4219=CARTESIAN_POINT('',(-2.9252712941095,5.8,2.46));
#4220=CARTESIAN_POINT('',(-2.9252712941095,5.8,2.91));
#4221=VECTOR('',#4487,1.0);
#4222=CARTESIAN_POINT('',(9.0747287058905,5.8,2.46));
#4223=CARTESIAN_POINT('',(3.07472870589051,5.8,2.46));
#4224=VECTOR('',#4488,1.0);
#4225=CARTESIAN_POINT('',(9.0747287058905,5.8,2.91));
#4226=VECTOR('',#4489,1.0);
#4227=AXIS2_PLACEMENT_3D('',#4490,#4491,#4492);
#4228=CARTESIAN_POINT('',(9.0747287058905,-6.25,2.46));
#4229=VECTOR('',#4493,1.0);
#4230=CARTESIAN_POINT('',(-2.9252712941095,-6.25,2.46));
#4231=VECTOR('',#4494,1.0);
#4232=AXIS2_PLACEMENT_3D('',#4495,#4496,#4497);
#4233=CARTESIAN_POINT('',(9.0747287058905,-17.9,4.06));
#4234=CARTESIAN_POINT('',(9.0747287058905,-6.25,4.06));
#4235=VECTOR('',#4498,1.0);
#4236=CARTESIAN_POINT('',(-2.9252712941095,-17.9,4.06));
#4237=CARTESIAN_POINT('',(3.07472870589051,-17.9,4.06));
#4238=VECTOR('',#4499,1.0);
#4239=CARTESIAN_POINT('',(-2.9252712941095,-21.1,4.06));
#4240=CARTESIAN_POINT('',(-2.9252712941095,-6.25,4.06));
#4241=VECTOR('',#4500,1.0);
#4242=AXIS2_PLACEMENT_3D('',#4501,#4502,#4503);
#4243=CARTESIAN_POINT('',(-2.9252712941095,-21.1,3.76));
#4244=VECTOR('',#4504,1.0);
#4245=CARTESIAN_POINT('',(-2.9252712941095,5.8,4.06));
#4246=CARTESIAN_POINT('',(-2.9252712941095,-6.25,4.06));
#4247=VECTOR('',#4505,1.0);
#4248=CARTESIAN_POINT('',(9.0747287058905,5.8,4.06));
#4249=CARTESIAN_POINT('',(3.07472870589051,5.8,4.06));
#4250=VECTOR('',#4506,1.0);
#4251=CARTESIAN_POINT('',(9.0747287058905,-6.25,4.06));
#4252=VECTOR('',#4507,1.0);
#4253=CARTESIAN_POINT('',(9.0747287058905,5.8,3.76));
#4254=VECTOR('',#4508,1.0);
#4255=CARTESIAN_POINT('',(9.0747287058905,-17.9,3.76));
#4256=VECTOR('',#4509,1.0);
#4257=CARTESIAN_POINT('',(-2.9252712941095,-17.9,3.76));
#4258=VECTOR('',#4510,1.0);
#4259=CARTESIAN_POINT('',(-2.9252712941095,5.8,3.76));
#4260=VECTOR('',#4511,1.0);
#4261=DIRECTION('',(0.0,0.0,1.0));
#4262=CARTESIAN_POINT('',(-1.9252712941095,-21.1,2.46));
#4263=DIRECTION('',(0.0,0.0,1.0));
#4264=DIRECTION('',(-0.707106781186547,-0.707106781186548,0.0));
#4265=DIRECTION('',(0.0,0.0,1.0));
#4266=CARTESIAN_POINT('',(-1.9252712941095,-21.1,4.06));
#4267=DIRECTION('',(-0.0,0.0,-1.0));
#4268=DIRECTION('',(-0.707106781186547,-0.707106781186548,0.0));
#4269=DIRECTION('',(0.0,0.0,1.0));
#4270=CARTESIAN_POINT('',(-1.9252712941095,9.0,2.46));
#4271=DIRECTION('',(0.0,-0.0,1.0));
#4272=DIRECTION('',(-0.707106781186547,0.707106781186548,0.0));
#4273=DIRECTION('',(0.0,0.0,1.0));
#4274=CARTESIAN_POINT('',(-1.9252712941095,9.0,4.06));
#4275=DIRECTION('',(0.0,0.0,-1.0));
#4276=DIRECTION('',(-0.707106781186547,0.707106781186548,0.0));
#4277=DIRECTION('',(0.0,0.0,1.0));
#4278=CARTESIAN_POINT('',(8.0747287058905,-21.1,2.46));
#4279=DIRECTION('',(-0.0,0.0,1.0));
#4280=DIRECTION('',(0.707106781186547,-0.707106781186547,0.0));
#4281=DIRECTION('',(-0.0,0.0,1.0));
#4282=CARTESIAN_POINT('',(8.0747287058905,-21.1,4.06));
#4283=DIRECTION('',(0.0,-0.0,-1.0));
#4284=DIRECTION('',(0.707106781186547,-0.707106781186547,0.0));
#4285=DIRECTION('',(0.0,0.0,1.0));
#4286=CARTESIAN_POINT('',(8.0747287058905,9.0,2.46));
#4287=DIRECTION('',(0.0,-0.0,1.0));
#4288=DIRECTION('',(0.707106781186547,0.707106781186547,0.0));
#4289=DIRECTION('',(0.0,-0.0,1.0));
#4290=CARTESIAN_POINT('',(8.0747287058905,9.0,4.06));
#4291=DIRECTION('',(0.0,0.0,-1.0));
#4292=DIRECTION('',(0.707106781186547,0.707106781186547,0.0));
#4293=DIRECTION('',(-0.0,-0.0,1.0));
#4294=CARTESIAN_POINT('',(3.0747287058905,7.75,2.46));
#4295=DIRECTION('',(0.0,0.0,-1.0));
#4296=DIRECTION('',(1.0,-1.34628128587909E-31,0.0));
#4297=DIRECTION('',(-0.0,0.0,-1.0));
#4298=CARTESIAN_POINT('',(3.0747287058905,7.75,4.06));
#4299=DIRECTION('',(0.0,-0.0,-1.0));
#4300=DIRECTION('',(1.0,-1.34628128587909E-31,0.0));
#4301=DIRECTION('',(-0.0,-0.0,1.0));
#4302=CARTESIAN_POINT('',(3.0747287058905,-19.85,2.46));
#4303=DIRECTION('',(0.0,0.0,-1.0));
#4304=DIRECTION('',(1.0,-1.34628128587909E-31,0.0));
#4305=DIRECTION('',(-0.0,0.0,-1.0));
#4306=CARTESIAN_POINT('',(3.0747287058905,-19.85,4.06));
#4307=DIRECTION('',(0.0,-0.0,-1.0));
#4308=DIRECTION('',(1.0,-1.34628128587909E-31,0.0));
#4309=DIRECTION('',(-0.0,-0.0,1.0));
#4310=CARTESIAN_POINT('',(-1.82527129410949,4.74999999999999,-10.66));
#4311=DIRECTION('',(-6.99339068999591E-32,0.526939668861675,-0.84990269171238));
#4312=DIRECTION('',(1.84293268951168E-16,-0.84990269171238,-0.526939668861675));
#4313=DIRECTION('',(0.0,0.0,1.0));
#4314=CARTESIAN_POINT('',(-1.82527129410949,4.74999999999999,-10.04));
#4315=DIRECTION('',(0.0,0.0,-1.0));
#4316=DIRECTION('',(0.707106781186548,-0.707106781186547,0.0));
#4317=DIRECTION('',(-0.0,-0.0,1.0));
#4318=CARTESIAN_POINT('',(7.97472870589051,4.74999999999999,-10.66));
#4319=DIRECTION('',(-7.49291859642419E-32,0.526939668861675,-0.84990269171238));
#4320=DIRECTION('',(9.21466344755841E-17,-0.84990269171238,-0.526939668861675));
#4321=DIRECTION('',(0.0,0.0,1.0));
#4322=CARTESIAN_POINT('',(7.97472870589051,4.74999999999999,-10.04));
#4323=DIRECTION('',(-0.0,0.0,-1.0));
#4324=DIRECTION('',(-0.707106781186548,-0.707106781186547,0.0));
#4325=DIRECTION('',(-0.0,-0.0,1.0));
#4326=CARTESIAN_POINT('',(7.97472870589051,-17.25,-13.14));
#4327=DIRECTION('',(0.0,0.0,1.0));
#4328=DIRECTION('',(-0.707106781186547,0.707106781186547,0.0));
#4329=DIRECTION('',(0.0,0.0,1.0));
#4330=CARTESIAN_POINT('',(7.97472870589051,-17.25,-10.04));
#4331=DIRECTION('',(0.0,0.0,-1.0));
#4332=DIRECTION('',(-0.707106781186547,0.707106781186547,0.0));
#4333=DIRECTION('',(-0.0,-0.0,1.0));
#4334=CARTESIAN_POINT('',(-1.82527129410949,-17.25,-13.14));
#4335=DIRECTION('',(0.0,-0.0,1.0));
#4336=DIRECTION('',(0.707106781186547,0.707106781186548,0.0));
#4337=DIRECTION('',(0.0,0.0,1.0));
#4338=CARTESIAN_POINT('',(-1.82527129410949,-17.25,-10.04));
#4339=DIRECTION('',(0.0,0.0,-1.0));
#4340=DIRECTION('',(0.707106781186547,0.707106781186548,0.0));
#4341=DIRECTION('',(-0.0,-0.0,-1.0));
#4342=DIRECTION('',(0.0,0.0,1.0));
#4343=CARTESIAN_POINT('',(3.0747287058905,0.0,11.06));
#4344=DIRECTION('',(0.0,0.0,1.0));
#4345=DIRECTION('',(1.0,0.0,0.0));
#4346=DIRECTION('',(0.0,0.0,1.0));
#4347=CARTESIAN_POINT('',(3.0747287058905,0.0,11.06));
#4348=DIRECTION('',(0.0,0.0,1.0));
#4349=DIRECTION('',(1.0,0.0,0.0));
#4350=DIRECTION('',(-0.0,-0.0,-1.0));
#4351=CARTESIAN_POINT('',(3.0747287058905,-6.0,12.06));
#4352=DIRECTION('',(0.0,0.0,1.0));
#4353=DIRECTION('',(1.0,0.0,-0.0));
#4354=DIRECTION('',(0.0,0.0,1.0));
#4355=CARTESIAN_POINT('',(3.0747287058905,-6.0,11.06));
#4356=DIRECTION('',(0.0,0.0,1.0));
#4357=DIRECTION('',(1.0,0.0,-0.0));
#4358=CARTESIAN_POINT('',(3.0747287058905,-6.0,11.06));
#4359=DIRECTION('',(0.0,0.0,1.0));
#4360=DIRECTION('',(1.0,0.0,-0.0));
#4361=CARTESIAN_POINT('',(3.0747287058905,-6.0,12.06));
#4362=DIRECTION('',(0.0,0.0,1.0));
#4363=DIRECTION('',(1.0,0.0,-0.0));
#4364=DIRECTION('',(0.0,-1.0,0.0));
#4365=CARTESIAN_POINT('',(3.0747287058905,-6.0,11.06));
#4366=DIRECTION('',(0.0,0.0,1.0));
#4367=DIRECTION('',(1.0,0.0,-0.0));
#4368=DIRECTION('',(0.0,1.0,0.0));
#4369=CARTESIAN_POINT('',(3.0747287058905,0.0,11.06));
#4370=DIRECTION('',(0.0,0.0,1.0));
#4371=DIRECTION('',(1.0,0.0,0.0));
#4372=DIRECTION('',(-0.0,0.0,-1.0));
#4373=DIRECTION('',(-0.0,-0.0,-1.0));
#4374=DIRECTION('',(0.0,0.0,-1.0));
#4375=DIRECTION('',(-1.0,-0.0,-0.0));
#4376=CARTESIAN_POINT('',(-1.82527129410949,-17.25,-10.04));
#4377=DIRECTION('',(0.0,0.0,-1.0));
#4378=DIRECTION('',(0.707106781186547,0.707106781186548,0.0));
#4379=DIRECTION('',(0.0,0.0,-1.0));
#4380=CARTESIAN_POINT('',(-1.82527129410949,-17.25,-13.14));
#4381=DIRECTION('',(0.0,-0.0,1.0));
#4382=DIRECTION('',(0.707106781186547,0.707106781186548,0.0));
#4383=DIRECTION('',(-1.34628128587912E-31,1.0,0.0));
#4384=DIRECTION('',(0.0,0.0,1.0));
#4385=DIRECTION('',(-1.34628128587912E-31,1.0,0.0));
#4386=DIRECTION('',(0.0,0.0,-1.0));
#4387=DIRECTION('',(1.34628128587912E-31,-1.0,0.0));
#4388=DIRECTION('',(0.0,0.0,-1.0));
#4389=DIRECTION('',(1.34628128587912E-31,-1.0,0.0));
#4390=CARTESIAN_POINT('',(7.97472870589051,-17.25,-10.04));
#4391=DIRECTION('',(0.0,0.0,-1.0));
#4392=DIRECTION('',(-0.707106781186547,0.707106781186547,0.0));
#4393=CARTESIAN_POINT('',(7.97472870589051,-17.25,-13.14));
#4394=DIRECTION('',(0.0,0.0,1.0));
#4395=DIRECTION('',(-0.707106781186547,0.707106781186547,0.0));
#4396=CARTESIAN_POINT('',(7.97472870589051,4.74999999999999,-10.04));
#4397=DIRECTION('',(-0.0,0.0,-1.0));
#4398=DIRECTION('',(-0.707106781186548,-0.707106781186547,0.0));
#4399=DIRECTION('',(0.0,0.0,-1.0));
#4400=CARTESIAN_POINT('',(7.97472870589051,4.74999999999999,-10.66));
#4401=DIRECTION('',(-7.49291859642419E-32,0.526939668861675,-0.84990269171238));
#4402=DIRECTION('',(9.21466344755841E-17,-0.84990269171238,-0.526939668861675));
#4403=DIRECTION('',(1.14420808867066E-31,-0.84990269171238,-0.526939668861675));
#4404=DIRECTION('',(1.34628128587912E-31,-1.0,0.0));
#4405=CARTESIAN_POINT('',(-1.82527129410949,4.74999999999999,-10.04));
#4406=DIRECTION('',(0.0,0.0,-1.0));
#4407=DIRECTION('',(0.707106781186548,-0.707106781186547,0.0));
#4408=DIRECTION('',(0.0,0.0,-1.0));
#4409=CARTESIAN_POINT('',(-1.82527129410949,4.74999999999999,-10.66));
#4410=DIRECTION('',(-6.99339068999591E-32,0.526939668861675,-0.84990269171238));
#4411=DIRECTION('',(1.84293268951168E-16,-0.84990269171238,-0.526939668861675));
#4412=DIRECTION('',(-1.34628128587912E-31,1.0,0.0));
#4413=DIRECTION('',(-1.14420808867066E-31,0.84990269171238,0.526939668861675));
#4414=DIRECTION('',(-1.14420808867066E-31,0.84990269171238,0.526939668861675));
#4415=DIRECTION('',(-1.34628128587912E-31,1.0,0.0));
#4416=DIRECTION('',(0.0,0.0,-1.0));
#4417=DIRECTION('',(1.34628128587912E-31,-1.0,0.0));
#4418=DIRECTION('',(1.14420808867066E-31,-0.84990269171238,-0.526939668861675));
#4419=DIRECTION('',(0.0,-0.0,1.0));
#4420=CARTESIAN_POINT('',(3.0747287058905,-19.85,4.06));
#4421=DIRECTION('',(0.0,-0.0,-1.0));
#4422=DIRECTION('',(1.0,-1.34628128587909E-31,0.0));
#4423=CARTESIAN_POINT('',(3.0747287058905,-19.85,2.46));
#4424=DIRECTION('',(0.0,0.0,-1.0));
#4425=DIRECTION('',(1.0,-1.34628128587909E-31,0.0));
#4426=DIRECTION('',(1.0,0.0,0.0));
#4427=DIRECTION('',(-0.0,-0.0,-1.0));
#4428=DIRECTION('',(1.0,-0.0,-0.0));
#4429=DIRECTION('',(-0.0,-0.0,-1.0));
#4430=DIRECTION('',(-1.0,-0.0,0.0));
#4431=DIRECTION('',(-1.0,0.0,-0.0));
#4432=CARTESIAN_POINT('',(3.0747287058905,7.75,4.06));
#4433=DIRECTION('',(0.0,-0.0,-1.0));
#4434=DIRECTION('',(1.0,-1.34628128587909E-31,0.0));
#4435=CARTESIAN_POINT('',(3.0747287058905,7.75,2.46));
#4436=DIRECTION('',(0.0,0.0,-1.0));
#4437=DIRECTION('',(1.0,-1.34628128587909E-31,0.0));
#4438=CARTESIAN_POINT('',(8.0747287058905,9.0,4.06));
#4439=DIRECTION('',(0.0,0.0,-1.0));
#4440=DIRECTION('',(0.707106781186547,0.707106781186547,0.0));
#4441=DIRECTION('',(-0.0,0.0,-1.0));
#4442=CARTESIAN_POINT('',(8.0747287058905,9.0,2.46));
#4443=DIRECTION('',(0.0,-0.0,1.0));
#4444=DIRECTION('',(0.707106781186547,0.707106781186547,0.0));
#4445=DIRECTION('',(1.0,0.0,0.0));
#4446=DIRECTION('',(0.0,-1.0,0.0));
#4447=DIRECTION('',(1.0,-1.34628128587909E-31,0.0));
#4448=DIRECTION('',(0.0,0.0,-1.0));
#4449=DIRECTION('',(-1.0,1.34628128587909E-31,0.0));
#4450=DIRECTION('',(-1.0,1.34628128587909E-31,0.0));
#4451=DIRECTION('',(0.0,0.0,1.0));
#4452=DIRECTION('',(-1.0,1.34628128587909E-31,0.0));
#4453=DIRECTION('',(-1.0,-0.0,-0.0));
#4454=DIRECTION('',(-1.0,-0.0,-0.0));
#4455=DIRECTION('',(0.0,-1.0,0.0));
#4456=CARTESIAN_POINT('',(8.0747287058905,-21.1,4.06));
#4457=DIRECTION('',(0.0,-0.0,-1.0));
#4458=DIRECTION('',(0.707106781186547,-0.707106781186547,0.0));
#4459=CARTESIAN_POINT('',(8.0747287058905,-21.1,2.46));
#4460=DIRECTION('',(-0.0,0.0,1.0));
#4461=DIRECTION('',(0.707106781186547,-0.707106781186547,0.0));
#4462=CARTESIAN_POINT('',(-1.9252712941095,-21.1,2.46));
#4463=DIRECTION('',(0.0,0.0,1.0));
#4464=DIRECTION('',(-0.707106781186547,-0.707106781186548,0.0));
#4465=DIRECTION('',(-0.0,-1.0,-0.0));
#4466=DIRECTION('',(1.0,0.0,0.0));
#4467=DIRECTION('',(-0.0,1.0,0.0));
#4468=DIRECTION('',(-0.0,-0.0,-1.0));
#4469=DIRECTION('',(-1.0,-0.0,-0.0));
#4470=DIRECTION('',(-1.0,-0.0,-0.0));
#4471=DIRECTION('',(-0.0,0.0,1.0));
#4472=DIRECTION('',(0.0,1.0,0.0));
#4473=DIRECTION('',(-1.0,1.34628128587909E-31,0.0));
#4474=DIRECTION('',(0.0,0.0,-1.0));
#4475=DIRECTION('',(-1.0,1.34628128587909E-31,0.0));
#4476=DIRECTION('',(0.0,1.0,0.0));
#4477=DIRECTION('',(-1.0,1.34628128587909E-31,0.0));
#4478=DIRECTION('',(0.0,-1.0,0.0));
#4479=DIRECTION('',(0.0,0.84990269171238,0.526939668861675));
#4480=DIRECTION('',(-1.0,1.34628128587909E-31,0.0));
#4481=DIRECTION('',(1.0,0.0,-8.34694397245052E-32));
#4482=DIRECTION('',(0.0,-0.84990269171238,-0.526939668861675));
#4483=DIRECTION('',(0.0,-0.0,1.0));
#4484=DIRECTION('',(1.0,-1.34628128587909E-31,0.0));
#4485=DIRECTION('',(1.0,0.0,0.0));
#4486=DIRECTION('',(0.0,1.0,0.0));
#4487=DIRECTION('',(0.0,0.0,-1.0));
#4488=DIRECTION('',(-1.0,0.0,-0.0));
#4489=DIRECTION('',(0.0,-0.0,1.0));
#4490=CARTESIAN_POINT('',(-1.9252712941095,9.0,2.46));
#4491=DIRECTION('',(0.0,-0.0,1.0));
#4492=DIRECTION('',(-0.707106781186547,0.707106781186548,0.0));
#4493=DIRECTION('',(-0.0,1.0,0.0));
#4494=DIRECTION('',(-0.0,-1.0,-0.0));
#4495=CARTESIAN_POINT('',(-1.9252712941095,9.0,4.06));
#4496=DIRECTION('',(0.0,0.0,-1.0));
#4497=DIRECTION('',(-0.707106781186547,0.707106781186548,0.0));
#4498=DIRECTION('',(-0.0,1.0,0.0));
#4499=DIRECTION('',(-1.0,0.0,0.0));
#4500=DIRECTION('',(-0.0,-1.0,0.0));
#4501=CARTESIAN_POINT('',(-1.9252712941095,-21.1,4.06));
#4502=DIRECTION('',(-0.0,0.0,-1.0));
#4503=DIRECTION('',(-0.707106781186547,-0.707106781186548,0.0));
#4504=DIRECTION('',(-0.0,-0.0,-1.0));
#4505=DIRECTION('',(-0.0,-1.0,0.0));
#4506=DIRECTION('',(-1.0,-0.0,0.0));
#4507=DIRECTION('',(-0.0,1.0,0.0));
#4508=DIRECTION('',(0.0,-0.0,1.0));
#4509=DIRECTION('',(0.0,-0.0,-1.0));
#4510=DIRECTION('',(0.0,0.0,1.0));
#4511=DIRECTION('',(0.0,0.0,-1.0));
#4512=PRESENTATION_LAYER_ASSIGNMENT('9','Layer0',(#193));
ENDSEC;
END-ISO-10303-21;
